Season,Round,EventName,Circuit,SessionType,EventDate,DriverNumber,Abbreviation,DriverId,TeamName,TeamId,FirstName,LastName,HeadshotUrl,Position,ClassifiedPosition,GridPosition,Q1,Q2,Q3,Time,Status,Points,Laps,AirTemp_mean,TrackTemp_mean,Humidity_mean,WindSpeed_mean,Rainfall
2025,1,Australian Grand Prix,Melbourne,Q,2025-03-16,4,NOR,norris,McLaren,mclaren,Lando,Norris,https://media.formula1.com/d_driver_fallback_image.png/content/dam/fom-website/drivers/L/LANNOR01_Lando_Norris/lannor01.png.transform/1col/image.png,1.0,,,0 days 00:01:15.912000,0 days 00:01:15.415000,0 days 00:01:15.096000,,,,,30.3,40.5,46.1,0.8,False
2025,1,Australian Grand Prix,Melbourne,Q,2025-03-16,81,PIA,piastri,McLaren,mclaren,Oscar,Piastri,https://media.formula1.com/d_driver_fallback_image.png/content/dam/fom-website/drivers/O/OSCPIA01_Oscar_Piastri/oscpia01.png.transform/1col/image.png,2.0,,,0 days 00:01:16.062000,0 days 00:01:15.468000,0 days 00:01:15.180000,,,,,30.3,40.5,46.1,0.8,False
2025,1,Australian Grand Prix,Melbourne,Q,2025-03-16,1,VER,max_verstappen,Red Bull Racing,red_bull,Max,Verstappen,https://media.formula1.com/d_driver_fallback_image.png/content/dam/fom-website/drivers/M/MAXVER01_Max_Verstappen/maxver01.png.transform/1col/image.png,3.0,,,0 days 00:01:16.018000,0 days 00:01:15.565000,0 days 00:01:15.481000,,,,,30.3,40.5,46.1,0.8,False
2025,1,Australian Grand Prix,Melbourne,Q,2025-03-16,63,RUS,russell,Mercedes,mercedes,George,Russell,https://media.formula1.com/d_driver_fallback_image.png/content/dam/fom-website/drivers/G/GEORUS01_George_Russell/georus01.png.transform/1col/image.png,4.0,,,0 days 00:01:15.971000,0 days 00:01:15.798000,0 days 00:01:15.546000,,,,,30.3,40.5,46.1,0.8,False
2025,1,Australian Grand Prix,Melbourne,Q,2025-03-16,22,TSU,tsunoda,Racing Bulls,rb,Yuki,Tsunoda,https://media.formula1.com/d_driver_fallback_image.png/content/dam/fom-website/drivers/Y/YUKTSU01_Yuki_Tsunoda/yuktsu01.png.transform/1col/image.png,5.0,,,0 days 00:01:16.225000,0 days 00:01:16.009000,0 days 00:01:15.670000,,,,,30.3,40.5,46.1,0.8,False
2025,1,Australian Grand Prix,Melbourne,Q,2025-03-16,23,ALB,albon,Williams,williams,Alexander,Albon,https://media.formula1.com/d_driver_fallback_image.png/content/dam/fom-website/drivers/A/ALEALB01_Alexander_Albon/alealb01.png.transform/1col/image.png,6.0,,,0 days 00:01:16.245000,0 days 00:01:16.017000,0 days 00:01:15.737000,,,,,30.3,40.5,46.1,0.8,False
2025,1,Australian Grand Prix,Melbourne,Q,2025-03-16,16,LEC,leclerc,Ferrari,ferrari,Charles,Leclerc,https://media.formula1.com/d_driver_fallback_image.png/content/dam/fom-website/drivers/C/CHALEC01_Charles_Leclerc/chalec01.png.transform/1col/image.png,7.0,,,0 days 00:01:16.029000,0 days 00:01:15.827000,0 days 00:01:15.755000,,,,,30.3,40.5,46.1,0.8,False
2025,1,Australian Grand Prix,Melbourne,Q,2025-03-16,44,HAM,hamilton,Ferrari,ferrari,Lewis,Hamilton,https://media.formula1.com/d_driver_fallback_image.png/content/dam/fom-website/drivers/L/LEWHAM01_Lewis_Hamilton/lewham01.png.transform/1col/image.png,8.0,,,0 days 00:01:16.213000,0 days 00:01:15.919000,0 days 00:01:15.973000,,,,,30.3,40.5,46.1,0.8,False
2025,1,Australian Grand Prix,Melbourne,Q,2025-03-16,10,GAS,gasly,Alpine,alpine,Pierre,Gasly,https://media.formula1.com/d_driver_fallback_image.png/content/dam/fom-website/drivers/P/PIEGAS01_Pierre_Gasly/piegas01.png.transform/1col/image.png,9.0,,,0 days 00:01:16.328000,0 days 00:01:16.112000,0 days 00:01:15.980000,,,,,30.3,40.5,46.1,0.8,False
2025,1,Australian Grand Prix,Melbourne,Q,2025-03-16,55,SAI,sainz,Williams,williams,Carlos,Sainz,https://media.formula1.com/d_driver_fallback_image.png/content/dam/fom-website/drivers/C/CARSAI01_Carlos_Sainz/carsai01.png.transform/1col/image.png,10.0,,,0 days 00:01:16.360000,0 days 00:01:15.931000,0 days 00:01:16.062000,,,,,30.3,40.5,46.1,0.8,False
2025,1,Australian Grand Prix,Melbourne,Q,2025-03-16,6,HAD,hadjar,Racing Bulls,rb,Isack,Hadjar,https://media.formula1.com/d_driver_fallback_image.png/content/dam/fom-website/drivers/I/ISAHAD01_Isack_Hadjar/isahad01.png.transform/1col/image.png,11.0,,,0 days 00:01:16.354000,0 days 00:01:16.175000,,,,,,30.3,40.5,46.1,0.8,False
2025,1,Australian Grand Prix,Melbourne,Q,2025-03-16,14,ALO,alonso,Aston Martin,aston_martin,Fernando,Alonso,https://media.formula1.com/d_driver_fallback_image.png/content/dam/fom-website/drivers/F/FERALO01_Fernando_Alonso/feralo01.png.transform/1col/image.png,12.0,,,0 days 00:01:16.288000,0 days 00:01:16.453000,,,,,,30.3,40.5,46.1,0.8,False
2025,1,Australian Grand Prix,Melbourne,Q,2025-03-16,18,STR,stroll,Aston Martin,aston_martin,Lance,Stroll,https://media.formula1.com/d_driver_fallback_image.png/content/dam/fom-website/drivers/L/LANSTR01_Lance_Stroll/lanstr01.png.transform/1col/image.png,13.0,,,0 days 00:01:16.369000,0 days 00:01:16.483000,,,,,,30.3,40.5,46.1,0.8,False
2025,1,Australian Grand Prix,Melbourne,Q,2025-03-16,7,DOO,doohan,Alpine,alpine,Jack,Doohan,https://media.formula1.com/d_driver_fallback_image.png/content/dam/fom-website/drivers/J/JACDOO01_Jack_Doohan/jacdoo01.png.transform/1col/image.png,14.0,,,0 days 00:01:16.315000,0 days 00:01:16.863000,,,,,,30.3,40.5,46.1,0.8,False
2025,1,Australian Grand Prix,Melbourne,Q,2025-03-16,5,BOR,bortoleto,Kick Sauber,sauber,Gabriel,Bortoleto,https://media.formula1.com/d_driver_fallback_image.png/content/dam/fom-website/drivers/G/GABBOR01_Gabriel_Bortoleto/gabbor01.png.transform/1col/image.png,15.0,,,0 days 00:01:16.516000,0 days 00:01:17.520000,,,,,,30.3,40.5,46.1,0.8,False
2025,1,Australian Grand Prix,Melbourne,Q,2025-03-16,12,ANT,antonelli,Mercedes,mercedes,Andrea Kimi,Antonelli,https://media.formula1.com/d_driver_fallback_image.png/content/dam/fom-website/drivers/A/ANDANT01_Andrea%20Kimi_Antonelli/andant01.png.transform/1col/image.png,16.0,,,0 days 00:01:16.525000,,,,,,,30.3,40.5,46.1,0.8,False
2025,1,Australian Grand Prix,Melbourne,Q,2025-03-16,27,HUL,hulkenberg,Kick Sauber,sauber,Nico,Hulkenberg,https://media.formula1.com/d_driver_fallback_image.png/content/dam/fom-website/drivers/N/NICHUL01_Nico_Hulkenberg/nichul01.png.transform/1col/image.png,17.0,,,0 days 00:01:16.579000,,,,,,,30.3,40.5,46.1,0.8,False
2025,1,Australian Grand Prix,Melbourne,Q,2025-03-16,30,LAW,lawson,Red Bull Racing,red_bull,Liam,Lawson,https://media.formula1.com/d_driver_fallback_image.png/content/dam/fom-website/drivers/L/LIALAW01_Liam_Lawson/lialaw01.png.transform/1col/image.png,18.0,,,0 days 00:01:17.094000,,,,,,,30.3,40.5,46.1,0.8,False
2025,1,Australian Grand Prix,Melbourne,Q,2025-03-16,31,OCO,ocon,Haas F1 Team,haas,Esteban,Ocon,https://media.formula1.com/d_driver_fallback_image.png/content/dam/fom-website/drivers/E/ESTOCO01_Esteban_Ocon/estoco01.png.transform/1col/image.png,19.0,,,0 days 00:01:17.147000,,,,,,,30.3,40.5,46.1,0.8,False
2025,1,Australian Grand Prix,Melbourne,Q,2025-03-16,87,BEA,bearman,Haas F1 Team,haas,Oliver,Bearman,https://media.formula1.com/d_driver_fallback_image.png/content/dam/fom-website/drivers/O/OLIBEA01_Oliver_Bearman/olibea01.png.transform/1col/image.png,20.0,,,,,,,,,,30.3,40.5,46.1,0.8,False
2025,2,Chinese Grand Prix,Shanghai,Q,2025-03-23,81,PIA,piastri,McLaren,mclaren,Oscar,Piastri,https://media.formula1.com/d_driver_fallback_image.png/content/dam/fom-website/drivers/O/OSCPIA01_Oscar_Piastri/oscpia01.png.transform/1col/image.png,1.0,,,0 days 00:01:31.591000,0 days 00:01:31.200000,0 days 00:01:30.641000,,,,,26.1,38.7,13.8,2.3,False
2025,2,Chinese Grand Prix,Shanghai,Q,2025-03-23,63,RUS,russell,Mercedes,mercedes,George,Russell,https://media.formula1.com/d_driver_fallback_image.png/content/dam/fom-website/drivers/G/GEORUS01_George_Russell/georus01.png.transform/1col/image.png,2.0,,,0 days 00:01:31.295000,0 days 00:01:31.307000,0 days 00:01:30.723000,,,,,26.1,38.7,13.8,2.3,False
2025,2,Chinese Grand Prix,Shanghai,Q,2025-03-23,4,NOR,norris,McLaren,mclaren,Lando,Norris,https://media.formula1.com/d_driver_fallback_image.png/content/dam/fom-website/drivers/L/LANNOR01_Lando_Norris/lannor01.png.transform/1col/image.png,3.0,,,0 days 00:01:30.983000,0 days 00:01:30.787000,0 days 00:01:30.793000,,,,,26.1,38.7,13.8,2.3,False
2025,2,Chinese Grand Prix,Shanghai,Q,2025-03-23,1,VER,max_verstappen,Red Bull Racing,red_bull,Max,Verstappen,https://media.formula1.com/d_driver_fallback_image.png/content/dam/fom-website/drivers/M/MAXVER01_Max_Verstappen/maxver01.png.transform/1col/image.png,4.0,,,0 days 00:01:31.424000,0 days 00:01:31.142000,0 days 00:01:30.817000,,,,,26.1,38.7,13.8,2.3,False
2025,2,Chinese Grand Prix,Shanghai,Q,2025-03-23,44,HAM,hamilton,Ferrari,ferrari,Lewis,Hamilton,https://media.formula1.com/d_driver_fallback_image.png/content/dam/fom-website/drivers/L/LEWHAM01_Lewis_Hamilton/lewham01.png.transform/1col/image.png,5.0,,,0 days 00:01:31.690000,0 days 00:01:31.501000,0 days 00:01:30.927000,,,,,26.1,38.7,13.8,2.3,False
2025,2,Chinese Grand Prix,Shanghai,Q,2025-03-23,16,LEC,leclerc,Ferrari,ferrari,Charles,Leclerc,https://media.formula1.com/d_driver_fallback_image.png/content/dam/fom-website/drivers/C/CHALEC01_Charles_Leclerc/chalec01.png.transform/1col/image.png,6.0,,,0 days 00:01:31.579000,0 days 00:01:31.450000,0 days 00:01:31.021000,,,,,26.1,38.7,13.8,2.3,False
2025,2,Chinese Grand Prix,Shanghai,Q,2025-03-23,6,HAD,hadjar,Racing Bulls,rb,Isack,Hadjar,https://media.formula1.com/d_driver_fallback_image.png/content/dam/fom-website/drivers/I/ISAHAD01_Isack_Hadjar/isahad01.png.transform/1col/image.png,7.0,,,0 days 00:01:31.162000,0 days 00:01:31.253000,0 days 00:01:31.079000,,,,,26.1,38.7,13.8,2.3,False
2025,2,Chinese Grand Prix,Shanghai,Q,2025-03-23,12,ANT,antonelli,Mercedes,mercedes,Andrea Kimi,Antonelli,https://media.formula1.com/d_driver_fallback_image.png/content/dam/fom-website/drivers/A/ANDANT01_Andrea%20Kimi_Antonelli/andant01.png.transform/1col/image.png,8.0,,,0 days 00:01:31.676000,0 days 00:01:31.590000,0 days 00:01:31.103000,,,,,26.1,38.7,13.8,2.3,False
2025,2,Chinese Grand Prix,Shanghai,Q,2025-03-23,22,TSU,tsunoda,Racing Bulls,rb,Yuki,Tsunoda,https://media.formula1.com/d_driver_fallback_image.png/content/dam/fom-website/drivers/Y/YUKTSU01_Yuki_Tsunoda/yuktsu01.png.transform/1col/image.png,9.0,,,0 days 00:01:31.238000,0 days 00:01:31.260000,0 days 00:01:31.638000,,,,,26.1,38.7,13.8,2.3,False
2025,2,Chinese Grand Prix,Shanghai,Q,2025-03-23,23,ALB,albon,Williams,williams,Alexander,Albon,https://media.formula1.com/d_driver_fallback_image.png/content/dam/fom-website/drivers/A/ALEALB01_Alexander_Albon/alealb01.png.transform/1col/image.png,10.0,,,0 days 00:01:31.503000,0 days 00:01:31.595000,0 days 00:01:31.706000,,,,,26.1,38.7,13.8,2.3,False
2025,2,Chinese Grand Prix,Shanghai,Q,2025-03-23,31,OCO,ocon,Haas F1 Team,haas,Esteban,Ocon,https://media.formula1.com/d_driver_fallback_image.png/content/dam/fom-website/drivers/E/ESTOCO01_Esteban_Ocon/estoco01.png.transform/1col/image.png,11.0,,,0 days 00:01:31.876000,0 days 00:01:31.625000,,,,,,26.1,38.7,13.8,2.3,False
2025,2,Chinese Grand Prix,Shanghai,Q,2025-03-23,27,HUL,hulkenberg,Kick Sauber,sauber,Nico,Hulkenberg,https://media.formula1.com/d_driver_fallback_image.png/content/dam/fom-website/drivers/N/NICHUL01_Nico_Hulkenberg/nichul01.png.transform/1col/image.png,12.0,,,0 days 00:01:31.921000,0 days 00:01:31.632000,,,,,,26.1,38.7,13.8,2.3,False
2025,2,Chinese Grand Prix,Shanghai,Q,2025-03-23,14,ALO,alonso,Aston Martin,aston_martin,Fernando,Alonso,https://media.formula1.com/d_driver_fallback_image.png/content/dam/fom-website/drivers/F/FERALO01_Fernando_Alonso/feralo01.png.transform/1col/image.png,13.0,,,0 days 00:01:31.719000,0 days 00:01:31.688000,,,,,,26.1,38.7,13.8,2.3,False
2025,2,Chinese Grand Prix,Shanghai,Q,2025-03-23,18,STR,stroll,Aston Martin,aston_martin,Lance,Stroll,https://media.formula1.com/d_driver_fallback_image.png/content/dam/fom-website/drivers/L/LANSTR01_Lance_Stroll/lanstr01.png.transform/1col/image.png,14.0,,,0 days 00:01:31.923000,0 days 00:01:31.773000,,,,,,26.1,38.7,13.8,2.3,False
2025,2,Chinese Grand Prix,Shanghai,Q,2025-03-23,55,SAI,sainz,Williams,williams,Carlos,Sainz,https://media.formula1.com/d_driver_fallback_image.png/content/dam/fom-website/drivers/C/CARSAI01_Carlos_Sainz/carsai01.png.transform/1col/image.png,15.0,,,0 days 00:01:31.628000,0 days 00:01:31.840000,,,,,,26.1,38.7,13.8,2.3,False
2025,2,Chinese Grand Prix,Shanghai,Q,2025-03-23,10,GAS,gasly,Alpine,alpine,Pierre,Gasly,https://media.formula1.com/d_driver_fallback_image.png/content/dam/fom-website/drivers/P/PIEGAS01_Pierre_Gasly/piegas01.png.transform/1col/image.png,16.0,,,0 days 00:01:31.992000,,,,,,,26.1,38.7,13.8,2.3,False
2025,2,Chinese Grand Prix,Shanghai,Q,2025-03-23,87,BEA,bearman,Haas F1 Team,haas,Oliver,Bearman,https://media.formula1.com/d_driver_fallback_image.png/content/dam/fom-website/drivers/O/OLIBEA01_Oliver_Bearman/olibea01.png.transform/1col/image.png,17.0,,,0 days 00:01:32.018000,,,,,,,26.1,38.7,13.8,2.3,False
2025,2,Chinese Grand Prix,Shanghai,Q,2025-03-23,7,DOO,doohan,Alpine,alpine,Jack,Doohan,https://media.formula1.com/d_driver_fallback_image.png/content/dam/fom-website/drivers/J/JACDOO01_Jack_Doohan/jacdoo01.png.transform/1col/image.png,18.0,,,0 days 00:01:32.092000,,,,,,,26.1,38.7,13.8,2.3,False
2025,2,Chinese Grand Prix,Shanghai,Q,2025-03-23,5,BOR,bortoleto,Kick Sauber,sauber,Gabriel,Bortoleto,https://media.formula1.com/d_driver_fallback_image.png/content/dam/fom-website/drivers/G/GABBOR01_Gabriel_Bortoleto/gabbor01.png.transform/1col/image.png,19.0,,,0 days 00:01:32.141000,,,,,,,26.1,38.7,13.8,2.3,False
2025,2,Chinese Grand Prix,Shanghai,Q,2025-03-23,30,LAW,lawson,Red Bull Racing,red_bull,Liam,Lawson,https://media.formula1.com/d_driver_fallback_image.png/content/dam/fom-website/drivers/L/LIALAW01_Liam_Lawson/lialaw01.png.transform/1col/image.png,20.0,,,0 days 00:01:32.174000,,,,,,,26.1,38.7,13.8,2.3,False
2025,3,Japanese Grand Prix,Suzuka,Q,2025-04-06,1,VER,max_verstappen,Red Bull Racing,red_bull,Max,Verstappen,https://media.formula1.com/d_driver_fallback_image.png/content/dam/fom-website/drivers/M/MAXVER01_Max_Verstappen/maxver01.png.transform/1col/image.png,1.0,,,0 days 00:01:27.943000,0 days 00:01:27.502000,0 days 00:01:26.983000,,,,,14.7,32.1,58.6,3.0,False
2025,3,Japanese Grand Prix,Suzuka,Q,2025-04-06,4,NOR,norris,McLaren,mclaren,Lando,Norris,https://media.formula1.com/d_driver_fallback_image.png/content/dam/fom-website/drivers/L/LANNOR01_Lando_Norris/lannor01.png.transform/1col/image.png,2.0,,,0 days 00:01:27.845000,0 days 00:01:27.146000,0 days 00:01:26.995000,,,,,14.7,32.1,58.6,3.0,False
2025,3,Japanese Grand Prix,Suzuka,Q,2025-04-06,81,PIA,piastri,McLaren,mclaren,Oscar,Piastri,https://media.formula1.com/d_driver_fallback_image.png/content/dam/fom-website/drivers/O/OSCPIA01_Oscar_Piastri/oscpia01.png.transform/1col/image.png,3.0,,,0 days 00:01:27.687000,0 days 00:01:27.507000,0 days 00:01:27.027000,,,,,14.7,32.1,58.6,3.0,False
2025,3,Japanese Grand Prix,Suzuka,Q,2025-04-06,16,LEC,leclerc,Ferrari,ferrari,Charles,Leclerc,https://media.formula1.com/d_driver_fallback_image.png/content/dam/fom-website/drivers/C/CHALEC01_Charles_Leclerc/chalec01.png.transform/1col/image.png,4.0,,,0 days 00:01:27.920000,0 days 00:01:27.555000,0 days 00:01:27.299000,,,,,14.7,32.1,58.6,3.0,False
2025,3,Japanese Grand Prix,Suzuka,Q,2025-04-06,63,RUS,russell,Mercedes,mercedes,George,Russell,https://media.formula1.com/d_driver_fallback_image.png/content/dam/fom-website/drivers/G/GEORUS01_George_Russell/georus01.png.transform/1col/image.png,5.0,,,0 days 00:01:27.843000,0 days 00:01:27.400000,0 days 00:01:27.318000,,,,,14.7,32.1,58.6,3.0,False
2025,3,Japanese Grand Prix,Suzuka,Q,2025-04-06,12,ANT,antonelli,Mercedes,mercedes,Kimi,Antonelli,https://media.formula1.com/d_driver_fallback_image.png/content/dam/fom-website/drivers/A/ANDANT01_Andrea%20Kimi_Antonelli/andant01.png.transform/1col/image.png,6.0,,,0 days 00:01:27.968000,0 days 00:01:27.639000,0 days 00:01:27.555000,,,,,14.7,32.1,58.6,3.0,False
2025,3,Japanese Grand Prix,Suzuka,Q,2025-04-06,6,HAD,hadjar,Racing Bulls,rb,Isack,Hadjar,https://media.formula1.com/d_driver_fallback_image.png/content/dam/fom-website/drivers/I/ISAHAD01_Isack_Hadjar/isahad01.png.transform/1col/image.png,7.0,,,0 days 00:01:28.278000,0 days 00:01:27.775000,0 days 00:01:27.569000,,,,,14.7,32.1,58.6,3.0,False
2025,3,Japanese Grand Prix,Suzuka,Q,2025-04-06,44,HAM,hamilton,Ferrari,ferrari,Lewis,Hamilton,https://media.formula1.com/d_driver_fallback_image.png/content/dam/fom-website/drivers/L/LEWHAM01_Lewis_Hamilton/lewham01.png.transform/1col/image.png,8.0,,,0 days 00:01:27.942000,0 days 00:01:27.610000,0 days 00:01:27.610000,,,,,14.7,32.1,58.6,3.0,False
2025,3,Japanese Grand Prix,Suzuka,Q,2025-04-06,23,ALB,albon,Williams,williams,Alexander,Albon,https://media.formula1.com/d_driver_fallback_image.png/content/dam/fom-website/drivers/A/ALEALB01_Alexander_Albon/alealb01.png.transform/1col/image.png,9.0,,,0 days 00:01:28.218000,0 days 00:01:27.783000,0 days 00:01:27.615000,,,,,14.7,32.1,58.6,3.0,False
2025,3,Japanese Grand Prix,Suzuka,Q,2025-04-06,87,BEA,bearman,Haas F1 Team,haas,Oliver,Bearman,https://media.formula1.com/d_driver_fallback_image.png/content/dam/fom-website/drivers/O/OLIBEA01_Oliver_Bearman/olibea01.png.transform/1col/image.png,10.0,,,0 days 00:01:28.228000,0 days 00:01:27.711000,0 days 00:01:27.867000,,,,,14.7,32.1,58.6,3.0,False
2025,3,Japanese Grand Prix,Suzuka,Q,2025-04-06,10,GAS,gasly,Alpine,alpine,Pierre,Gasly,https://media.formula1.com/d_driver_fallback_image.png/content/dam/fom-website/drivers/P/PIEGAS01_Pierre_Gasly/piegas01.png.transform/1col/image.png,11.0,,,0 days 00:01:28.186000,0 days 00:01:27.822000,,,,,,14.7,32.1,58.6,3.0,False
2025,3,Japanese Grand Prix,Suzuka,Q,2025-04-06,55,SAI,sainz,Williams,williams,Carlos,Sainz,https://media.formula1.com/d_driver_fallback_image.png/content/dam/fom-website/drivers/C/CARSAI01_Carlos_Sainz/carsai01.png.transform/1col/image.png,12.0,,,0 days 00:01:28.209000,0 days 00:01:27.836000,,,,,,14.7,32.1,58.6,3.0,False
2025,3,Japanese Grand Prix,Suzuka,Q,2025-04-06,14,ALO,alonso,Aston Martin,aston_martin,Fernando,Alonso,https://media.formula1.com/d_driver_fallback_image.png/content/dam/fom-website/drivers/F/FERALO01_Fernando_Alonso/feralo01.png.transform/1col/image.png,13.0,,,0 days 00:01:28.337000,0 days 00:01:27.897000,,,,,,14.7,32.1,58.6,3.0,False
2025,3,Japanese Grand Prix,Suzuka,Q,2025-04-06,30,LAW,lawson,Racing Bulls,rb,Liam,Lawson,https://media.formula1.com/d_driver_fallback_image.png/content/dam/fom-website/drivers/L/LIALAW01_Liam_Lawson/lialaw01.png.transform/1col/image.png,14.0,,,0 days 00:01:28.554000,0 days 00:01:27.906000,,,,,,14.7,32.1,58.6,3.0,False
2025,3,Japanese Grand Prix,Suzuka,Q,2025-04-06,22,TSU,tsunoda,Red Bull Racing,red_bull,Yuki,Tsunoda,https://media.formula1.com/d_driver_fallback_image.png/content/dam/fom-website/drivers/Y/YUKTSU01_Yuki_Tsunoda/yuktsu01.png.transform/1col/image.png,15.0,,,0 days 00:01:27.967000,0 days 00:01:28,,,,,,14.7,32.1,58.6,3.0,False
2025,3,Japanese Grand Prix,Suzuka,Q,2025-04-06,27,HUL,hulkenberg,Kick Sauber,sauber,Nico,Hulkenberg,https://media.formula1.com/d_driver_fallback_image.png/content/dam/fom-website/drivers/N/NICHUL01_Nico_Hulkenberg/nichul01.png.transform/1col/image.png,16.0,,,0 days 00:01:28.570000,,,,,,,14.7,32.1,58.6,3.0,False
2025,3,Japanese Grand Prix,Suzuka,Q,2025-04-06,5,BOR,bortoleto,Kick Sauber,sauber,Gabriel,Bortoleto,https://media.formula1.com/d_driver_fallback_image.png/content/dam/fom-website/drivers/G/GABBOR01_Gabriel_Bortoleto/gabbor01.png.transform/1col/image.png,17.0,,,0 days 00:01:28.622000,,,,,,,14.7,32.1,58.6,3.0,False
2025,3,Japanese Grand Prix,Suzuka,Q,2025-04-06,31,OCO,ocon,Haas F1 Team,haas,Esteban,Ocon,https://media.formula1.com/d_driver_fallback_image.png/content/dam/fom-website/drivers/E/ESTOCO01_Esteban_Ocon/estoco01.png.transform/1col/image.png,18.0,,,0 days 00:01:28.696000,,,,,,,14.7,32.1,58.6,3.0,False
2025,3,Japanese Grand Prix,Suzuka,Q,2025-04-06,7,DOO,doohan,Alpine,alpine,Jack,Doohan,https://media.formula1.com/d_driver_fallback_image.png/content/dam/fom-website/drivers/J/JACDOO01_Jack_Doohan/jacdoo01.png.transform/1col/image.png,19.0,,,0 days 00:01:28.877000,,,,,,,14.7,32.1,58.6,3.0,False
2025,3,Japanese Grand Prix,Suzuka,Q,2025-04-06,18,STR,stroll,Aston Martin,aston_martin,Lance,Stroll,https://media.formula1.com/d_driver_fallback_image.png/content/dam/fom-website/drivers/L/LANSTR01_Lance_Stroll/lanstr01.png.transform/1col/image.png,20.0,,,0 days 00:01:29.271000,,,,,,,14.7,32.1,58.6,3.0,False
2025,4,Bahrain Grand Prix,Sakhir,Q,2025-04-13,81,PIA,piastri,McLaren,mclaren,Oscar,Piastri,https://media.formula1.com/d_driver_fallback_image.png/content/dam/fom-website/drivers/O/OSCPIA01_Oscar_Piastri/oscpia01.png.transform/1col/image.png,1.0,,,0 days 00:01:31.392000,0 days 00:01:30.454000,0 days 00:01:29.841000,,,,,26.3,30.9,57.1,3.1,False
2025,4,Bahrain Grand Prix,Sakhir,Q,2025-04-13,63,RUS,russell,Mercedes,mercedes,George,Russell,https://media.formula1.com/d_driver_fallback_image.png/content/dam/fom-website/drivers/G/GEORUS01_George_Russell/georus01.png.transform/1col/image.png,2.0,,,0 days 00:01:31.494000,0 days 00:01:30.664000,0 days 00:01:30.009000,,,,,26.3,30.9,57.1,3.1,False
2025,4,Bahrain Grand Prix,Sakhir,Q,2025-04-13,16,LEC,leclerc,Ferrari,ferrari,Charles,Leclerc,https://media.formula1.com/d_driver_fallback_image.png/content/dam/fom-website/drivers/C/CHALEC01_Charles_Leclerc/chalec01.png.transform/1col/image.png,3.0,,,0 days 00:01:31.454000,0 days 00:01:30.724000,0 days 00:01:30.175000,,,,,26.3,30.9,57.1,3.1,False
2025,4,Bahrain Grand Prix,Sakhir,Q,2025-04-13,12,ANT,antonelli,Mercedes,mercedes,Kimi,Antonelli,https://media.formula1.com/d_driver_fallback_image.png/content/dam/fom-website/drivers/A/ANDANT01_Andrea%20Kimi_Antonelli/andant01.png.transform/1col/image.png,4.0,,,0 days 00:01:31.415000,0 days 00:01:30.716000,0 days 00:01:30.213000,,,,,26.3,30.9,57.1,3.1,False
2025,4,Bahrain Grand Prix,Sakhir,Q,2025-04-13,10,GAS,gasly,Alpine,alpine,Pierre,Gasly,https://media.formula1.com/d_driver_fallback_image.png/content/dam/fom-website/drivers/P/PIEGAS01_Pierre_Gasly/piegas01.png.transform/1col/image.png,5.0,,,0 days 00:01:31.462000,0 days 00:01:30.643000,0 days 00:01:30.216000,,,,,26.3,30.9,57.1,3.1,False
2025,4,Bahrain Grand Prix,Sakhir,Q,2025-04-13,4,NOR,norris,McLaren,mclaren,Lando,Norris,https://media.formula1.com/d_driver_fallback_image.png/content/dam/fom-website/drivers/L/LANNOR01_Lando_Norris/lannor01.png.transform/1col/image.png,6.0,,,0 days 00:01:31.107000,0 days 00:01:30.560000,0 days 00:01:30.267000,,,,,26.3,30.9,57.1,3.1,False
2025,4,Bahrain Grand Prix,Sakhir,Q,2025-04-13,1,VER,max_verstappen,Red Bull Racing,red_bull,Max,Verstappen,https://media.formula1.com/d_driver_fallback_image.png/content/dam/fom-website/drivers/M/MAXVER01_Max_Verstappen/maxver01.png.transform/1col/image.png,7.0,,,0 days 00:01:31.303000,0 days 00:01:31.019000,0 days 00:01:30.423000,,,,,26.3,30.9,57.1,3.1,False
2025,4,Bahrain Grand Prix,Sakhir,Q,2025-04-13,55,SAI,sainz,Williams,williams,Carlos,Sainz,https://media.formula1.com/d_driver_fallback_image.png/content/dam/fom-website/drivers/C/CARSAI01_Carlos_Sainz/carsai01.png.transform/1col/image.png,8.0,,,0 days 00:01:31.591000,0 days 00:01:30.844000,0 days 00:01:30.680000,,,,,26.3,30.9,57.1,3.1,False
2025,4,Bahrain Grand Prix,Sakhir,Q,2025-04-13,44,HAM,hamilton,Ferrari,ferrari,Lewis,Hamilton,https://media.formula1.com/d_driver_fallback_image.png/content/dam/fom-website/drivers/L/LEWHAM01_Lewis_Hamilton/lewham01.png.transform/1col/image.png,9.0,,,0 days 00:01:31.219000,0 days 00:01:31.009000,0 days 00:01:30.772000,,,,,26.3,30.9,57.1,3.1,False
2025,4,Bahrain Grand Prix,Sakhir,Q,2025-04-13,22,TSU,tsunoda,Red Bull Racing,red_bull,Yuki,Tsunoda,https://media.formula1.com/d_driver_fallback_image.png/content/dam/fom-website/drivers/Y/YUKTSU01_Yuki_Tsunoda/yuktsu01.png.transform/1col/image.png,10.0,,,0 days 00:01:31.751000,0 days 00:01:31.228000,0 days 00:01:31.303000,,,,,26.3,30.9,57.1,3.1,False
2025,4,Bahrain Grand Prix,Sakhir,Q,2025-04-13,7,DOO,doohan,Alpine,alpine,Jack,Doohan,https://media.formula1.com/d_driver_fallback_image.png/content/dam/fom-website/drivers/J/JACDOO01_Jack_Doohan/jacdoo01.png.transform/1col/image.png,11.0,,,0 days 00:01:31.414000,0 days 00:01:31.245000,,,,,,26.3,30.9,57.1,3.1,False
2025,4,Bahrain Grand Prix,Sakhir,Q,2025-04-13,6,HAD,hadjar,Racing Bulls,rb,Isack,Hadjar,https://media.formula1.com/d_driver_fallback_image.png/content/dam/fom-website/drivers/I/ISAHAD01_Isack_Hadjar/isahad01.png.transform/1col/image.png,12.0,,,0 days 00:01:31.591000,0 days 00:01:31.271000,,,,,,26.3,30.9,57.1,3.1,False
2025,4,Bahrain Grand Prix,Sakhir,Q,2025-04-13,14,ALO,alonso,Aston Martin,aston_martin,Fernando,Alonso,https://media.formula1.com/d_driver_fallback_image.png/content/dam/fom-website/drivers/F/FERALO01_Fernando_Alonso/feralo01.png.transform/1col/image.png,13.0,,,0 days 00:01:31.634000,0 days 00:01:31.886000,,,,,,26.3,30.9,57.1,3.1,False
2025,4,Bahrain Grand Prix,Sakhir,Q,2025-04-13,31,OCO,ocon,Haas F1 Team,haas,Esteban,Ocon,https://media.formula1.com/d_driver_fallback_image.png/content/dam/fom-website/drivers/E/ESTOCO01_Esteban_Ocon/estoco01.png.transform/1col/image.png,14.0,,,0 days 00:01:31.594000,,,,,,,26.3,30.9,57.1,3.1,False
2025,4,Bahrain Grand Prix,Sakhir,Q,2025-04-13,23,ALB,albon,Williams,williams,Alexander,Albon,https://media.formula1.com/d_driver_fallback_image.png/content/dam/fom-website/drivers/A/ALEALB01_Alexander_Albon/alealb01.png.transform/1col/image.png,15.0,,,0 days 00:01:32.040000,,,,,,,26.3,30.9,57.1,3.1,False
2025,4,Bahrain Grand Prix,Sakhir,Q,2025-04-13,27,HUL,hulkenberg,Kick Sauber,sauber,Nico,Hulkenberg,https://media.formula1.com/d_driver_fallback_image.png/content/dam/fom-website/drivers/N/NICHUL01_Nico_Hulkenberg/nichul01.png.transform/1col/image.png,16.0,,,0 days 00:01:32.067000,,,,,,,26.3,30.9,57.1,3.1,False
2025,4,Bahrain Grand Prix,Sakhir,Q,2025-04-13,30,LAW,lawson,Racing Bulls,rb,Liam,Lawson,https://media.formula1.com/d_driver_fallback_image.png/content/dam/fom-website/drivers/L/LIALAW01_Liam_Lawson/lialaw01.png.transform/1col/image.png,17.0,,,0 days 00:01:32.165000,,,,,,,26.3,30.9,57.1,3.1,False
2025,4,Bahrain Grand Prix,Sakhir,Q,2025-04-13,5,BOR,bortoleto,Kick Sauber,sauber,Gabriel,Bortoleto,https://media.formula1.com/d_driver_fallback_image.png/content/dam/fom-website/drivers/G/GABBOR01_Gabriel_Bortoleto/gabbor01.png.transform/1col/image.png,18.0,,,0 days 00:01:32.186000,,,,,,,26.3,30.9,57.1,3.1,False
2025,4,Bahrain Grand Prix,Sakhir,Q,2025-04-13,18,STR,stroll,Aston Martin,aston_martin,Lance,Stroll,https://media.formula1.com/d_driver_fallback_image.png/content/dam/fom-website/drivers/L/LANSTR01_Lance_Stroll/lanstr01.png.transform/1col/image.png,19.0,,,0 days 00:01:32.283000,,,,,,,26.3,30.9,57.1,3.1,False
2025,4,Bahrain Grand Prix,Sakhir,Q,2025-04-13,87,BEA,bearman,Haas F1 Team,haas,Oliver,Bearman,https://media.formula1.com/d_driver_fallback_image.png/content/dam/fom-website/drivers/O/OLIBEA01_Oliver_Bearman/olibea01.png.transform/1col/image.png,20.0,,,0 days 00:01:32.373000,,,,,,,26.3,30.9,57.1,3.1,False
2025,5,Saudi Arabian Grand Prix,Jeddah,Q,2025-04-20,1,VER,max_verstappen,Red Bull Racing,red_bull,Max,Verstappen,https://media.formula1.com/d_driver_fallback_image.png/content/dam/fom-website/drivers/M/MAXVER01_Max_Verstappen/maxver01.png.transform/1col/image.png,1.0,,,0 days 00:01:27.778000,0 days 00:01:27.529000,0 days 00:01:27.294000,,,,,29.6,37.2,57.6,0.9,False
2025,5,Saudi Arabian Grand Prix,Jeddah,Q,2025-04-20,81,PIA,piastri,McLaren,mclaren,Oscar,Piastri,https://media.formula1.com/d_driver_fallback_image.png/content/dam/fom-website/drivers/O/OSCPIA01_Oscar_Piastri/oscpia01.png.transform/1col/image.png,2.0,,,0 days 00:01:27.901000,0 days 00:01:27.545000,0 days 00:01:27.304000,,,,,29.6,37.2,57.6,0.9,False
2025,5,Saudi Arabian Grand Prix,Jeddah,Q,2025-04-20,63,RUS,russell,Mercedes,mercedes,George,Russell,https://media.formula1.com/d_driver_fallback_image.png/content/dam/fom-website/drivers/G/GEORUS01_George_Russell/georus01.png.transform/1col/image.png,3.0,,,0 days 00:01:28.282000,0 days 00:01:27.599000,0 days 00:01:27.407000,,,,,29.6,37.2,57.6,0.9,False
2025,5,Saudi Arabian Grand Prix,Jeddah,Q,2025-04-20,16,LEC,leclerc,Ferrari,ferrari,Charles,Leclerc,https://media.formula1.com/d_driver_fallback_image.png/content/dam/fom-website/drivers/C/CHALEC01_Charles_Leclerc/chalec01.png.transform/1col/image.png,4.0,,,0 days 00:01:28.552000,0 days 00:01:27.866000,0 days 00:01:27.670000,,,,,29.6,37.2,57.6,0.9,False
2025,5,Saudi Arabian Grand Prix,Jeddah,Q,2025-04-20,12,ANT,antonelli,Mercedes,mercedes,Kimi,Antonelli,https://media.formula1.com/d_driver_fallback_image.png/content/dam/fom-website/drivers/A/ANDANT01_Andrea%20Kimi_Antonelli/andant01.png.transform/1col/image.png,5.0,,,0 days 00:01:28.128000,0 days 00:01:27.798000,0 days 00:01:27.866000,,,,,29.6,37.2,57.6,0.9,False
2025,5,Saudi Arabian Grand Prix,Jeddah,Q,2025-04-20,55,SAI,sainz,Williams,williams,Carlos,Sainz,https://media.formula1.com/d_driver_fallback_image.png/content/dam/fom-website/drivers/C/CARSAI01_Carlos_Sainz/carsai01.png.transform/1col/image.png,6.0,,,0 days 00:01:28.354000,0 days 00:01:28.024000,0 days 00:01:28.164000,,,,,29.6,37.2,57.6,0.9,False
2025,5,Saudi Arabian Grand Prix,Jeddah,Q,2025-04-20,44,HAM,hamilton,Ferrari,ferrari,Lewis,Hamilton,https://media.formula1.com/d_driver_fallback_image.png/content/dam/fom-website/drivers/L/LEWHAM01_Lewis_Hamilton/lewham01.png.transform/1col/image.png,7.0,,,0 days 00:01:28.372000,0 days 00:01:28.102000,0 days 00:01:28.201000,,,,,29.6,37.2,57.6,0.9,False
2025,5,Saudi Arabian Grand Prix,Jeddah,Q,2025-04-20,22,TSU,tsunoda,Red Bull Racing,red_bull,Yuki,Tsunoda,https://media.formula1.com/d_driver_fallback_image.png/content/dam/fom-website/drivers/Y/YUKTSU01_Yuki_Tsunoda/yuktsu01.png.transform/1col/image.png,8.0,,,0 days 00:01:28.226000,0 days 00:01:27.990000,0 days 00:01:28.204000,,,,,29.6,37.2,57.6,0.9,False
2025,5,Saudi Arabian Grand Prix,Jeddah,Q,2025-04-20,10,GAS,gasly,Alpine,alpine,Pierre,Gasly,https://media.formula1.com/d_driver_fallback_image.png/content/dam/fom-website/drivers/P/PIEGAS01_Pierre_Gasly/piegas01.png.transform/1col/image.png,9.0,,,0 days 00:01:28.421000,0 days 00:01:28.025000,0 days 00:01:28.367000,,,,,29.6,37.2,57.6,0.9,False
2025,5,Saudi Arabian Grand Prix,Jeddah,Q,2025-04-20,4,NOR,norris,McLaren,mclaren,Lando,Norris,https://media.formula1.com/d_driver_fallback_image.png/content/dam/fom-website/drivers/L/LANNOR01_Lando_Norris/lannor01.png.transform/1col/image.png,10.0,,,0 days 00:01:27.805000,0 days 00:01:27.481000,,,,,,29.6,37.2,57.6,0.9,False
2025,5,Saudi Arabian Grand Prix,Jeddah,Q,2025-04-20,23,ALB,albon,Williams,williams,Alexander,Albon,https://media.formula1.com/d_driver_fallback_image.png/content/dam/fom-website/drivers/A/ALEALB01_Alexander_Albon/alealb01.png.transform/1col/image.png,11.0,,,0 days 00:01:28.279000,0 days 00:01:28.109000,,,,,,29.6,37.2,57.6,0.9,False
2025,5,Saudi Arabian Grand Prix,Jeddah,Q,2025-04-20,30,LAW,lawson,Racing Bulls,rb,Liam,Lawson,https://media.formula1.com/d_driver_fallback_image.png/content/dam/fom-website/drivers/L/LIALAW01_Liam_Lawson/lialaw01.png.transform/1col/image.png,12.0,,,0 days 00:01:28.561000,0 days 00:01:28.191000,,,,,,29.6,37.2,57.6,0.9,False
2025,5,Saudi Arabian Grand Prix,Jeddah,Q,2025-04-20,14,ALO,alonso,Aston Martin,aston_martin,Fernando,Alonso,https://media.formula1.com/d_driver_fallback_image.png/content/dam/fom-website/drivers/F/FERALO01_Fernando_Alonso/feralo01.png.transform/1col/image.png,13.0,,,0 days 00:01:28.548000,0 days 00:01:28.303000,,,,,,29.6,37.2,57.6,0.9,False
2025,5,Saudi Arabian Grand Prix,Jeddah,Q,2025-04-20,6,HAD,hadjar,Racing Bulls,rb,Isack,Hadjar,https://media.formula1.com/d_driver_fallback_image.png/content/dam/fom-website/drivers/I/ISAHAD01_Isack_Hadjar/isahad01.png.transform/1col/image.png,14.0,,,0 days 00:01:28.571000,0 days 00:01:28.418000,,,,,,29.6,37.2,57.6,0.9,False
2025,5,Saudi Arabian Grand Prix,Jeddah,Q,2025-04-20,87,BEA,bearman,Haas F1 Team,haas,Oliver,Bearman,https://media.formula1.com/d_driver_fallback_image.png/content/dam/fom-website/drivers/O/OLIBEA01_Oliver_Bearman/olibea01.png.transform/1col/image.png,15.0,,,0 days 00:01:28.536000,0 days 00:01:28.648000,,,,,,29.6,37.2,57.6,0.9,False
2025,5,Saudi Arabian Grand Prix,Jeddah,Q,2025-04-20,18,STR,stroll,Aston Martin,aston_martin,Lance,Stroll,https://media.formula1.com/d_driver_fallback_image.png/content/dam/fom-website/drivers/L/LANSTR01_Lance_Stroll/lanstr01.png.transform/1col/image.png,16.0,,,0 days 00:01:28.645000,,,,,,,29.6,37.2,57.6,0.9,False
2025,5,Saudi Arabian Grand Prix,Jeddah,Q,2025-04-20,7,DOO,doohan,Alpine,alpine,Jack,Doohan,https://media.formula1.com/d_driver_fallback_image.png/content/dam/fom-website/drivers/J/JACDOO01_Jack_Doohan/jacdoo01.png.transform/1col/image.png,17.0,,,0 days 00:01:28.739000,,,,,,,29.6,37.2,57.6,0.9,False
2025,5,Saudi Arabian Grand Prix,Jeddah,Q,2025-04-20,27,HUL,hulkenberg,Kick Sauber,sauber,Nico,Hulkenberg,https://media.formula1.com/d_driver_fallback_image.png/content/dam/fom-website/drivers/N/NICHUL01_Nico_Hulkenberg/nichul01.png.transform/1col/image.png,18.0,,,0 days 00:01:28.782000,,,,,,,29.6,37.2,57.6,0.9,False
2025,5,Saudi Arabian Grand Prix,Jeddah,Q,2025-04-20,31,OCO,ocon,Haas F1 Team,haas,Esteban,Ocon,https://media.formula1.com/d_driver_fallback_image.png/content/dam/fom-website/drivers/E/ESTOCO01_Esteban_Ocon/estoco01.png.transform/1col/image.png,19.0,,,0 days 00:01:29.092000,,,,,,,29.6,37.2,57.6,0.9,False
2025,5,Saudi Arabian Grand Prix,Jeddah,Q,2025-04-20,5,BOR,bortoleto,Kick Sauber,sauber,Gabriel,Bortoleto,https://media.formula1.com/d_driver_fallback_image.png/content/dam/fom-website/drivers/G/GABBOR01_Gabriel_Bortoleto/gabbor01.png.transform/1col/image.png,20.0,,,0 days 00:01:29.462000,,,,,,,29.6,37.2,57.6,0.9,False
2025,6,Miami Grand Prix,Miami Gardens,Q,2025-05-04,1,VER,max_verstappen,Red Bull Racing,red_bull,Max,Verstappen,https://media.formula1.com/d_driver_fallback_image.png/content/dam/fom-website/drivers/M/MAXVER01_Max_Verstappen/maxver01.png.transform/1col/image.png,1.0,,,0 days 00:01:26.870000,0 days 00:01:26.643000,0 days 00:01:26.204000,,,,,28.0,41.0,63.1,2.5,False
2025,6,Miami Grand Prix,Miami Gardens,Q,2025-05-04,4,NOR,norris,McLaren,mclaren,Lando,Norris,https://media.formula1.com/d_driver_fallback_image.png/content/dam/fom-website/drivers/L/LANNOR01_Lando_Norris/lannor01.png.transform/1col/image.png,2.0,,,0 days 00:01:26.955000,0 days 00:01:26.499000,0 days 00:01:26.269000,,,,,28.0,41.0,63.1,2.5,False
2025,6,Miami Grand Prix,Miami Gardens,Q,2025-05-04,12,ANT,antonelli,Mercedes,mercedes,Kimi,Antonelli,https://media.formula1.com/d_driver_fallback_image.png/content/dam/fom-website/drivers/A/ANDANT01_Andrea%20Kimi_Antonelli/andant01.png.transform/1col/image.png,3.0,,,0 days 00:01:27.077000,0 days 00:01:26.606000,0 days 00:01:26.271000,,,,,28.0,41.0,63.1,2.5,False
2025,6,Miami Grand Prix,Miami Gardens,Q,2025-05-04,81,PIA,piastri,McLaren,mclaren,Oscar,Piastri,https://media.formula1.com/d_driver_fallback_image.png/content/dam/fom-website/drivers/O/OSCPIA01_Oscar_Piastri/oscpia01.png.transform/1col/image.png,4.0,,,0 days 00:01:27.006000,0 days 00:01:26.269000,0 days 00:01:26.375000,,,,,28.0,41.0,63.1,2.5,False
2025,6,Miami Grand Prix,Miami Gardens,Q,2025-05-04,63,RUS,russell,Mercedes,mercedes,George,Russell,https://media.formula1.com/d_driver_fallback_image.png/content/dam/fom-website/drivers/G/GEORUS01_George_Russell/georus01.png.transform/1col/image.png,5.0,,,0 days 00:01:27.014000,0 days 00:01:26.575000,0 days 00:01:26.385000,,,,,28.0,41.0,63.1,2.5,False
2025,6,Miami Grand Prix,Miami Gardens,Q,2025-05-04,55,SAI,sainz,Williams,williams,Carlos,Sainz,https://media.formula1.com/d_driver_fallback_image.png/content/dam/fom-website/drivers/C/CARSAI01_Carlos_Sainz/carsai01.png.transform/1col/image.png,6.0,,,0 days 00:01:27.098000,0 days 00:01:26.847000,0 days 00:01:26.569000,,,,,28.0,41.0,63.1,2.5,False
2025,6,Miami Grand Prix,Miami Gardens,Q,2025-05-04,23,ALB,albon,Williams,williams,Alexander,Albon,https://media.formula1.com/d_driver_fallback_image.png/content/dam/fom-website/drivers/A/ALEALB01_Alexander_Albon/alealb01.png.transform/1col/image.png,7.0,,,0 days 00:01:27.042000,0 days 00:01:26.855000,0 days 00:01:26.682000,,,,,28.0,41.0,63.1,2.5,False
2025,6,Miami Grand Prix,Miami Gardens,Q,2025-05-04,16,LEC,leclerc,Ferrari,ferrari,Charles,Leclerc,https://media.formula1.com/d_driver_fallback_image.png/content/dam/fom-website/drivers/C/CHALEC01_Charles_Leclerc/chalec01.png.transform/1col/image.png,8.0,,,0 days 00:01:27.417000,0 days 00:01:26.948000,0 days 00:01:26.754000,,,,,28.0,41.0,63.1,2.5,False
2025,6,Miami Grand Prix,Miami Gardens,Q,2025-05-04,31,OCO,ocon,Haas F1 Team,haas,Esteban,Ocon,https://media.formula1.com/d_driver_fallback_image.png/content/dam/fom-website/drivers/E/ESTOCO01_Esteban_Ocon/estoco01.png.transform/1col/image.png,9.0,,,0 days 00:01:27.450000,0 days 00:01:26.967000,0 days 00:01:26.824000,,,,,28.0,41.0,63.1,2.5,False
2025,6,Miami Grand Prix,Miami Gardens,Q,2025-05-04,22,TSU,tsunoda,Red Bull Racing,red_bull,Yuki,Tsunoda,https://media.formula1.com/d_driver_fallback_image.png/content/dam/fom-website/drivers/Y/YUKTSU01_Yuki_Tsunoda/yuktsu01.png.transform/1col/image.png,10.0,,,0 days 00:01:27.298000,0 days 00:01:26.959000,0 days 00:01:26.943000,,,,,28.0,41.0,63.1,2.5,False
2025,6,Miami Grand Prix,Miami Gardens,Q,2025-05-04,6,HAD,hadjar,Racing Bulls,rb,Isack,Hadjar,https://media.formula1.com/d_driver_fallback_image.png/content/dam/fom-website/drivers/I/ISAHAD01_Isack_Hadjar/isahad01.png.transform/1col/image.png,11.0,,,0 days 00:01:27.301000,0 days 00:01:26.987000,,,,,,28.0,41.0,63.1,2.5,False
2025,6,Miami Grand Prix,Miami Gardens,Q,2025-05-04,44,HAM,hamilton,Ferrari,ferrari,Lewis,Hamilton,https://media.formula1.com/d_driver_fallback_image.png/content/dam/fom-website/drivers/L/LEWHAM01_Lewis_Hamilton/lewham01.png.transform/1col/image.png,12.0,,,0 days 00:01:27.279000,0 days 00:01:27.006000,,,,,,28.0,41.0,63.1,2.5,False
2025,6,Miami Grand Prix,Miami Gardens,Q,2025-05-04,5,BOR,bortoleto,Kick Sauber,sauber,Gabriel,Bortoleto,https://media.formula1.com/d_driver_fallback_image.png/content/dam/fom-website/drivers/G/GABBOR01_Gabriel_Bortoleto/gabbor01.png.transform/1col/image.png,13.0,,,0 days 00:01:27.343000,0 days 00:01:27.151000,,,,,,28.0,41.0,63.1,2.5,False
2025,6,Miami Grand Prix,Miami Gardens,Q,2025-05-04,7,DOO,doohan,Alpine,alpine,Jack,Doohan,https://media.formula1.com/d_driver_fallback_image.png/content/dam/fom-website/drivers/J/JACDOO01_Jack_Doohan/jacdoo01.png.transform/1col/image.png,14.0,,,0 days 00:01:27.422000,0 days 00:01:27.186000,,,,,,28.0,41.0,63.1,2.5,False
2025,6,Miami Grand Prix,Miami Gardens,Q,2025-05-04,30,LAW,lawson,Racing Bulls,rb,Liam,Lawson,https://media.formula1.com/d_driver_fallback_image.png/content/dam/fom-website/drivers/L/LIALAW01_Liam_Lawson/lialaw01.png.transform/1col/image.png,15.0,,,0 days 00:01:27.444000,0 days 00:01:27.363000,,,,,,28.0,41.0,63.1,2.5,False
2025,6,Miami Grand Prix,Miami Gardens,Q,2025-05-04,27,HUL,hulkenberg,Kick Sauber,sauber,Nico,Hulkenberg,https://media.formula1.com/d_driver_fallback_image.png/content/dam/fom-website/drivers/N/NICHUL01_Nico_Hulkenberg/nichul01.png.transform/1col/image.png,16.0,,,0 days 00:01:27.473000,,,,,,,28.0,41.0,63.1,2.5,False
2025,6,Miami Grand Prix,Miami Gardens,Q,2025-05-04,14,ALO,alonso,Aston Martin,aston_martin,Fernando,Alonso,https://media.formula1.com/d_driver_fallback_image.png/content/dam/fom-website/drivers/F/FERALO01_Fernando_Alonso/feralo01.png.transform/1col/image.png,17.0,,,0 days 00:01:27.604000,,,,,,,28.0,41.0,63.1,2.5,False
2025,6,Miami Grand Prix,Miami Gardens,Q,2025-05-04,10,GAS,gasly,Alpine,alpine,Pierre,Gasly,https://media.formula1.com/d_driver_fallback_image.png/content/dam/fom-website/drivers/P/PIEGAS01_Pierre_Gasly/piegas01.png.transform/1col/image.png,18.0,,,0 days 00:01:27.710000,,,,,,,28.0,41.0,63.1,2.5,False
2025,6,Miami Grand Prix,Miami Gardens,Q,2025-05-04,18,STR,stroll,Aston Martin,aston_martin,Lance,Stroll,https://media.formula1.com/d_driver_fallback_image.png/content/dam/fom-website/drivers/L/LANSTR01_Lance_Stroll/lanstr01.png.transform/1col/image.png,19.0,,,0 days 00:01:27.830000,,,,,,,28.0,41.0,63.1,2.5,False
2025,6,Miami Grand Prix,Miami Gardens,Q,2025-05-04,87,BEA,bearman,Haas F1 Team,haas,Oliver,Bearman,https://media.formula1.com/d_driver_fallback_image.png/content/dam/fom-website/drivers/O/OLIBEA01_Oliver_Bearman/olibea01.png.transform/1col/image.png,20.0,,,0 days 00:01:27.999000,,,,,,,28.0,41.0,63.1,2.5,False
2025,7,Emilia Romagna Grand Prix,Imola,Q,2025-05-18,81,PIA,piastri,McLaren,mclaren,Oscar,Piastri,https://media.formula1.com/d_driver_fallback_image.png/content/dam/fom-website/drivers/O/OSCPIA01_Oscar_Piastri/oscpia01.png.transform/1col/image.png,1.0,,,0 days 00:01:15.500000,0 days 00:01:15.214000,0 days 00:01:14.670000,,,,,22.8,39.4,30.4,2.0,False
2025,7,Emilia Romagna Grand Prix,Imola,Q,2025-05-18,1,VER,max_verstappen,Red Bull Racing,red_bull,Max,Verstappen,https://media.formula1.com/d_driver_fallback_image.png/content/dam/fom-website/drivers/M/MAXVER01_Max_Verstappen/maxver01.png.transform/1col/image.png,2.0,,,0 days 00:01:15.175000,0 days 00:01:15.394000,0 days 00:01:14.704000,,,,,22.8,39.4,30.4,2.0,False
2025,7,Emilia Romagna Grand Prix,Imola,Q,2025-05-18,63,RUS,russell,Mercedes,mercedes,George,Russell,https://media.formula1.com/d_driver_fallback_image.png/content/dam/fom-website/drivers/G/GEORUS01_George_Russell/georus01.png.transform/1col/image.png,3.0,,,0 days 00:01:15.852000,0 days 00:01:15.334000,0 days 00:01:14.807000,,,,,22.8,39.4,30.4,2.0,False
2025,7,Emilia Romagna Grand Prix,Imola,Q,2025-05-18,4,NOR,norris,McLaren,mclaren,Lando,Norris,https://media.formula1.com/d_driver_fallback_image.png/content/dam/fom-website/drivers/L/LANNOR01_Lando_Norris/lannor01.png.transform/1col/image.png,4.0,,,0 days 00:01:15.894000,0 days 00:01:15.261000,0 days 00:01:14.962000,,,,,22.8,39.4,30.4,2.0,False
2025,7,Emilia Romagna Grand Prix,Imola,Q,2025-05-18,14,ALO,alonso,Aston Martin,aston_martin,Fernando,Alonso,https://media.formula1.com/d_driver_fallback_image.png/content/dam/fom-website/drivers/F/FERALO01_Fernando_Alonso/feralo01.png.transform/1col/image.png,5.0,,,0 days 00:01:15.695000,0 days 00:01:15.442000,0 days 00:01:15.431000,,,,,22.8,39.4,30.4,2.0,False
2025,7,Emilia Romagna Grand Prix,Imola,Q,2025-05-18,55,SAI,sainz,Williams,williams,Carlos,Sainz,https://media.formula1.com/d_driver_fallback_image.png/content/dam/fom-website/drivers/C/CARSAI01_Carlos_Sainz/carsai01.png.transform/1col/image.png,6.0,,,0 days 00:01:15.987000,0 days 00:01:15.198000,0 days 00:01:15.432000,,,,,22.8,39.4,30.4,2.0,False
2025,7,Emilia Romagna Grand Prix,Imola,Q,2025-05-18,23,ALB,albon,Williams,williams,Alexander,Albon,https://media.formula1.com/d_driver_fallback_image.png/content/dam/fom-website/drivers/A/ALEALB01_Alexander_Albon/alealb01.png.transform/1col/image.png,7.0,,,0 days 00:01:16.123000,0 days 00:01:15.521000,0 days 00:01:15.473000,,,,,22.8,39.4,30.4,2.0,False
2025,7,Emilia Romagna Grand Prix,Imola,Q,2025-05-18,18,STR,stroll,Aston Martin,aston_martin,Lance,Stroll,https://media.formula1.com/d_driver_fallback_image.png/content/dam/fom-website/drivers/L/LANSTR01_Lance_Stroll/lanstr01.png.transform/1col/image.png,8.0,,,0 days 00:01:15.817000,0 days 00:01:15.497000,0 days 00:01:15.581000,,,,,22.8,39.4,30.4,2.0,False
2025,7,Emilia Romagna Grand Prix,Imola,Q,2025-05-18,6,HAD,hadjar,Racing Bulls,rb,Isack,Hadjar,https://media.formula1.com/d_driver_fallback_image.png/content/dam/fom-website/drivers/I/ISAHAD01_Isack_Hadjar/isahad01.png.transform/1col/image.png,9.0,,,0 days 00:01:16.253000,0 days 00:01:15.510000,0 days 00:01:15.746000,,,,,22.8,39.4,30.4,2.0,False
2025,7,Emilia Romagna Grand Prix,Imola,Q,2025-05-18,10,GAS,gasly,Alpine,alpine,Pierre,Gasly,https://media.formula1.com/d_driver_fallback_image.png/content/dam/fom-website/drivers/P/PIEGAS01_Pierre_Gasly/piegas01.png.transform/1col/image.png,10.0,,,0 days 00:01:15.937000,0 days 00:01:15.505000,0 days 00:01:15.787000,,,,,22.8,39.4,30.4,2.0,False
2025,7,Emilia Romagna Grand Prix,Imola,Q,2025-05-18,16,LEC,leclerc,Ferrari,ferrari,Charles,Leclerc,https://media.formula1.com/d_driver_fallback_image.png/content/dam/fom-website/drivers/C/CHALEC01_Charles_Leclerc/chalec01.png.transform/1col/image.png,11.0,,,0 days 00:01:16.108000,0 days 00:01:15.604000,,,,,,22.8,39.4,30.4,2.0,False
2025,7,Emilia Romagna Grand Prix,Imola,Q,2025-05-18,44,HAM,hamilton,Ferrari,ferrari,Lewis,Hamilton,https://media.formula1.com/d_driver_fallback_image.png/content/dam/fom-website/drivers/L/LEWHAM01_Lewis_Hamilton/lewham01.png.transform/1col/image.png,12.0,,,0 days 00:01:16.163000,0 days 00:01:15.765000,,,,,,22.8,39.4,30.4,2.0,False
2025,7,Emilia Romagna Grand Prix,Imola,Q,2025-05-18,12,ANT,antonelli,Mercedes,mercedes,Kimi,Antonelli,https://media.formula1.com/d_driver_fallback_image.png/content/dam/fom-website/drivers/A/ANDANT01_Andrea%20Kimi_Antonelli/andant01.png.transform/1col/image.png,13.0,,,0 days 00:01:15.943000,0 days 00:01:15.772000,,,,,,22.8,39.4,30.4,2.0,False
2025,7,Emilia Romagna Grand Prix,Imola,Q,2025-05-18,5,BOR,bortoleto,Kick Sauber,sauber,Gabriel,Bortoleto,https://media.formula1.com/d_driver_fallback_image.png/content/dam/fom-website/drivers/G/GABBOR01_Gabriel_Bortoleto/gabbor01.png.transform/1col/image.png,14.0,,,0 days 00:01:16.340000,0 days 00:01:16.260000,,,,,,22.8,39.4,30.4,2.0,False
2025,7,Emilia Romagna Grand Prix,Imola,Q,2025-05-18,43,COL,colapinto,Alpine,alpine,Franco,Colapinto,None,15.0,,,0 days 00:01:16.256000,,,,,,,22.8,39.4,30.4,2.0,False
2025,7,Emilia Romagna Grand Prix,Imola,Q,2025-05-18,30,LAW,lawson,Racing Bulls,rb,Liam,Lawson,https://media.formula1.com/d_driver_fallback_image.png/content/dam/fom-website/drivers/L/LIALAW01_Liam_Lawson/lialaw01.png.transform/1col/image.png,16.0,,,0 days 00:01:16.379000,,,,,,,22.8,39.4,30.4,2.0,False
2025,7,Emilia Romagna Grand Prix,Imola,Q,2025-05-18,27,HUL,hulkenberg,Kick Sauber,sauber,Nico,Hulkenberg,https://media.formula1.com/d_driver_fallback_image.png/content/dam/fom-website/drivers/N/NICHUL01_Nico_Hulkenberg/nichul01.png.transform/1col/image.png,17.0,,,0 days 00:01:16.518000,,,,,,,22.8,39.4,30.4,2.0,False
2025,7,Emilia Romagna Grand Prix,Imola,Q,2025-05-18,31,OCO,ocon,Haas F1 Team,haas,Esteban,Ocon,https://media.formula1.com/d_driver_fallback_image.png/content/dam/fom-website/drivers/E/ESTOCO01_Esteban_Ocon/estoco01.png.transform/1col/image.png,18.0,,,0 days 00:01:16.613000,,,,,,,22.8,39.4,30.4,2.0,False
2025,7,Emilia Romagna Grand Prix,Imola,Q,2025-05-18,87,BEA,bearman,Haas F1 Team,haas,Oliver,Bearman,https://media.formula1.com/d_driver_fallback_image.png/content/dam/fom-website/drivers/O/OLIBEA01_Oliver_Bearman/olibea01.png.transform/1col/image.png,19.0,,,0 days 00:01:16.918000,,,,,,,22.8,39.4,30.4,2.0,False
2025,7,Emilia Romagna Grand Prix,Imola,Q,2025-05-18,22,TSU,tsunoda,Red Bull Racing,red_bull,Yuki,Tsunoda,https://media.formula1.com/d_driver_fallback_image.png/content/dam/fom-website/drivers/Y/YUKTSU01_Yuki_Tsunoda/yuktsu01.png.transform/1col/image.png,20.0,,,,,,,,,,22.8,39.4,30.4,2.0,False
2025,8,Monaco Grand Prix,Monaco,Q,2025-05-25,4,NOR,norris,McLaren,mclaren,Lando,Norris,https://media.formula1.com/d_driver_fallback_image.png/content/dam/fom-website/drivers/L/LANNOR01_Lando_Norris/lannor01.png.transform/1col/image.png,1.0,,,0 days 00:01:11.285000,0 days 00:01:10.570000,0 days 00:01:09.954000,,,,,21.1,40.3,59.4,0.9,False
2025,8,Monaco Grand Prix,Monaco,Q,2025-05-25,16,LEC,leclerc,Ferrari,ferrari,Charles,Leclerc,https://media.formula1.com/d_driver_fallback_image.png/content/dam/fom-website/drivers/C/CHALEC01_Charles_Leclerc/chalec01.png.transform/1col/image.png,2.0,,,0 days 00:01:11.229000,0 days 00:01:10.581000,0 days 00:01:10.063000,,,,,21.1,40.3,59.4,0.9,False
2025,8,Monaco Grand Prix,Monaco,Q,2025-05-25,81,PIA,piastri,McLaren,mclaren,Oscar,Piastri,https://media.formula1.com/d_driver_fallback_image.png/content/dam/fom-website/drivers/O/OSCPIA01_Oscar_Piastri/oscpia01.png.transform/1col/image.png,3.0,,,0 days 00:01:11.308000,0 days 00:01:10.858000,0 days 00:01:10.129000,,,,,21.1,40.3,59.4,0.9,False
2025,8,Monaco Grand Prix,Monaco,Q,2025-05-25,44,HAM,hamilton,Ferrari,ferrari,Lewis,Hamilton,https://media.formula1.com/d_driver_fallback_image.png/content/dam/fom-website/drivers/L/LEWHAM01_Lewis_Hamilton/lewham01.png.transform/1col/image.png,4.0,,,0 days 00:01:11.575000,0 days 00:01:10.883000,0 days 00:01:10.382000,,,,,21.1,40.3,59.4,0.9,False
2025,8,Monaco Grand Prix,Monaco,Q,2025-05-25,1,VER,max_verstappen,Red Bull Racing,red_bull,Max,Verstappen,https://media.formula1.com/d_driver_fallback_image.png/content/dam/fom-website/drivers/M/MAXVER01_Max_Verstappen/maxver01.png.transform/1col/image.png,5.0,,,0 days 00:01:11.431000,0 days 00:01:10.875000,0 days 00:01:10.669000,,,,,21.1,40.3,59.4,0.9,False
2025,8,Monaco Grand Prix,Monaco,Q,2025-05-25,6,HAD,hadjar,Racing Bulls,rb,Isack,Hadjar,https://media.formula1.com/d_driver_fallback_image.png/content/dam/fom-website/drivers/I/ISAHAD01_Isack_Hadjar/isahad01.png.transform/1col/image.png,6.0,,,0 days 00:01:11.811000,0 days 00:01:11.040000,0 days 00:01:10.923000,,,,,21.1,40.3,59.4,0.9,False
2025,8,Monaco Grand Prix,Monaco,Q,2025-05-25,14,ALO,alonso,Aston Martin,aston_martin,Fernando,Alonso,https://media.formula1.com/d_driver_fallback_image.png/content/dam/fom-website/drivers/F/FERALO01_Fernando_Alonso/feralo01.png.transform/1col/image.png,7.0,,,0 days 00:01:11.674000,0 days 00:01:11.182000,0 days 00:01:10.924000,,,,,21.1,40.3,59.4,0.9,False
2025,8,Monaco Grand Prix,Monaco,Q,2025-05-25,31,OCO,ocon,Haas F1 Team,haas,Esteban,Ocon,https://media.formula1.com/d_driver_fallback_image.png/content/dam/fom-website/drivers/E/ESTOCO01_Esteban_Ocon/estoco01.png.transform/1col/image.png,8.0,,,0 days 00:01:11.839000,0 days 00:01:11.262000,0 days 00:01:10.942000,,,,,21.1,40.3,59.4,0.9,False
2025,8,Monaco Grand Prix,Monaco,Q,2025-05-25,30,LAW,lawson,Racing Bulls,rb,Liam,Lawson,https://media.formula1.com/d_driver_fallback_image.png/content/dam/fom-website/drivers/L/LIALAW01_Liam_Lawson/lialaw01.png.transform/1col/image.png,9.0,,,0 days 00:01:11.818000,0 days 00:01:11.250000,0 days 00:01:11.129000,,,,,21.1,40.3,59.4,0.9,False
2025,8,Monaco Grand Prix,Monaco,Q,2025-05-25,23,ALB,albon,Williams,williams,Alexander,Albon,https://media.formula1.com/d_driver_fallback_image.png/content/dam/fom-website/drivers/A/ALEALB01_Alexander_Albon/alealb01.png.transform/1col/image.png,10.0,,,0 days 00:01:11.629000,0 days 00:01:10.732000,0 days 00:01:11.213000,,,,,21.1,40.3,59.4,0.9,False
2025,8,Monaco Grand Prix,Monaco,Q,2025-05-25,55,SAI,sainz,Williams,williams,Carlos,Sainz,https://media.formula1.com/d_driver_fallback_image.png/content/dam/fom-website/drivers/C/CARSAI01_Carlos_Sainz/carsai01.png.transform/1col/image.png,11.0,,,0 days 00:01:11.707000,0 days 00:01:11.362000,,,,,,21.1,40.3,59.4,0.9,False
2025,8,Monaco Grand Prix,Monaco,Q,2025-05-25,22,TSU,tsunoda,Red Bull Racing,red_bull,Yuki,Tsunoda,https://media.formula1.com/d_driver_fallback_image.png/content/dam/fom-website/drivers/Y/YUKTSU01_Yuki_Tsunoda/yuktsu01.png.transform/1col/image.png,12.0,,,0 days 00:01:11.800000,0 days 00:01:11.415000,,,,,,21.1,40.3,59.4,0.9,False
2025,8,Monaco Grand Prix,Monaco,Q,2025-05-25,27,HUL,hulkenberg,Kick Sauber,sauber,Nico,Hulkenberg,https://media.formula1.com/d_driver_fallback_image.png/content/dam/fom-website/drivers/N/NICHUL01_Nico_Hulkenberg/nichul01.png.transform/1col/image.png,13.0,,,0 days 00:01:11.871000,0 days 00:01:11.596000,,,,,,21.1,40.3,59.4,0.9,False
2025,8,Monaco Grand Prix,Monaco,Q,2025-05-25,63,RUS,russell,Mercedes,mercedes,George,Russell,https://media.formula1.com/d_driver_fallback_image.png/content/dam/fom-website/drivers/G/GEORUS01_George_Russell/georus01.png.transform/1col/image.png,14.0,,,0 days 00:01:11.507000,,,,,,,21.1,40.3,59.4,0.9,False
2025,8,Monaco Grand Prix,Monaco,Q,2025-05-25,12,ANT,antonelli,Mercedes,mercedes,Kimi,Antonelli,https://media.formula1.com/d_driver_fallback_image.png/content/dam/fom-website/drivers/A/ANDANT01_Andrea%20Kimi_Antonelli/andant01.png.transform/1col/image.png,15.0,,,0 days 00:01:11.880000,,,,,,,21.1,40.3,59.4,0.9,False
2025,8,Monaco Grand Prix,Monaco,Q,2025-05-25,5,BOR,bortoleto,Kick Sauber,sauber,Gabriel,Bortoleto,https://media.formula1.com/d_driver_fallback_image.png/content/dam/fom-website/drivers/G/GABBOR01_Gabriel_Bortoleto/gabbor01.png.transform/1col/image.png,16.0,,,0 days 00:01:11.902000,,,,,,,21.1,40.3,59.4,0.9,False
2025,8,Monaco Grand Prix,Monaco,Q,2025-05-25,87,BEA,bearman,Haas F1 Team,haas,Oliver,Bearman,https://media.formula1.com/d_driver_fallback_image.png/content/dam/fom-website/drivers/O/OLIBEA01_Oliver_Bearman/olibea01.png.transform/1col/image.png,17.0,,,0 days 00:01:11.979000,,,,,,,21.1,40.3,59.4,0.9,False
2025,8,Monaco Grand Prix,Monaco,Q,2025-05-25,10,GAS,gasly,Alpine,alpine,Pierre,Gasly,https://media.formula1.com/d_driver_fallback_image.png/content/dam/fom-website/drivers/P/PIEGAS01_Pierre_Gasly/piegas01.png.transform/1col/image.png,18.0,,,0 days 00:01:11.994000,,,,,,,21.1,40.3,59.4,0.9,False
2025,8,Monaco Grand Prix,Monaco,Q,2025-05-25,18,STR,stroll,Aston Martin,aston_martin,Lance,Stroll,https://media.formula1.com/d_driver_fallback_image.png/content/dam/fom-website/drivers/L/LANSTR01_Lance_Stroll/lanstr01.png.transform/1col/image.png,19.0,,,0 days 00:01:12.563000,,,,,,,21.1,40.3,59.4,0.9,False
2025,8,Monaco Grand Prix,Monaco,Q,2025-05-25,43,COL,colapinto,Alpine,alpine,Franco,Colapinto,None,20.0,,,0 days 00:01:12.597000,,,,,,,21.1,40.3,59.4,0.9,False
2025,9,Spanish Grand Prix,Barcelona,Q,2025-06-01,81,PIA,piastri,McLaren,mclaren,Oscar,Piastri,https://media.formula1.com/d_driver_fallback_image.png/content/dam/fom-website/drivers/O/OSCPIA01_Oscar_Piastri/oscpia01.png.transform/1col/image.png,1.0,,,0 days 00:01:12.551000,0 days 00:01:11.998000,0 days 00:01:11.546000,,,,,29.1,46.8,37.1,1.6,False
2025,9,Spanish Grand Prix,Barcelona,Q,2025-06-01,4,NOR,norris,McLaren,mclaren,Lando,Norris,https://media.formula1.com/d_driver_fallback_image.png/content/dam/fom-website/drivers/L/LANNOR01_Lando_Norris/lannor01.png.transform/1col/image.png,2.0,,,0 days 00:01:12.799000,0 days 00:01:12.056000,0 days 00:01:11.755000,,,,,29.1,46.8,37.1,1.6,False
2025,9,Spanish Grand Prix,Barcelona,Q,2025-06-01,1,VER,max_verstappen,Red Bull Racing,red_bull,Max,Verstappen,https://media.formula1.com/d_driver_fallback_image.png/content/dam/fom-website/drivers/M/MAXVER01_Max_Verstappen/maxver01.png.transform/1col/image.png,3.0,,,0 days 00:01:12.798000,0 days 00:01:12.358000,0 days 00:01:11.848000,,,,,29.1,46.8,37.1,1.6,False
2025,9,Spanish Grand Prix,Barcelona,Q,2025-06-01,63,RUS,russell,Mercedes,mercedes,George,Russell,https://media.formula1.com/d_driver_fallback_image.png/content/dam/fom-website/drivers/G/GEORUS01_George_Russell/georus01.png.transform/1col/image.png,4.0,,,0 days 00:01:12.806000,0 days 00:01:12.407000,0 days 00:01:11.848000,,,,,29.1,46.8,37.1,1.6,False
2025,9,Spanish Grand Prix,Barcelona,Q,2025-06-01,44,HAM,hamilton,Ferrari,ferrari,Lewis,Hamilton,https://media.formula1.com/d_driver_fallback_image.png/content/dam/fom-website/drivers/L/LEWHAM01_Lewis_Hamilton/lewham01.png.transform/1col/image.png,5.0,,,0 days 00:01:13.058000,0 days 00:01:12.447000,0 days 00:01:12.045000,,,,,29.1,46.8,37.1,1.6,False
2025,9,Spanish Grand Prix,Barcelona,Q,2025-06-01,12,ANT,antonelli,Mercedes,mercedes,Kimi,Antonelli,https://media.formula1.com/d_driver_fallback_image.png/content/dam/fom-website/drivers/A/ANDANT01_Andrea%20Kimi_Antonelli/andant01.png.transform/1col/image.png,6.0,,,0 days 00:01:12.815000,0 days 00:01:12.585000,0 days 00:01:12.111000,,,,,29.1,46.8,37.1,1.6,False
2025,9,Spanish Grand Prix,Barcelona,Q,2025-06-01,16,LEC,leclerc,Ferrari,ferrari,Charles,Leclerc,https://media.formula1.com/d_driver_fallback_image.png/content/dam/fom-website/drivers/C/CHALEC01_Charles_Leclerc/chalec01.png.transform/1col/image.png,7.0,,,0 days 00:01:13.014000,0 days 00:01:12.495000,0 days 00:01:12.131000,,,,,29.1,46.8,37.1,1.6,False
2025,9,Spanish Grand Prix,Barcelona,Q,2025-06-01,10,GAS,gasly,Alpine,alpine,Pierre,Gasly,https://media.formula1.com/d_driver_fallback_image.png/content/dam/fom-website/drivers/P/PIEGAS01_Pierre_Gasly/piegas01.png.transform/1col/image.png,8.0,,,0 days 00:01:13.081000,0 days 00:01:12.611000,0 days 00:01:12.199000,,,,,29.1,46.8,37.1,1.6,False
2025,9,Spanish Grand Prix,Barcelona,Q,2025-06-01,6,HAD,hadjar,Racing Bulls,rb,Isack,Hadjar,https://media.formula1.com/d_driver_fallback_image.png/content/dam/fom-website/drivers/I/ISAHAD01_Isack_Hadjar/isahad01.png.transform/1col/image.png,9.0,,,0 days 00:01:13.139000,0 days 00:01:12.461000,0 days 00:01:12.252000,,,,,29.1,46.8,37.1,1.6,False
2025,9,Spanish Grand Prix,Barcelona,Q,2025-06-01,14,ALO,alonso,Aston Martin,aston_martin,Fernando,Alonso,https://media.formula1.com/d_driver_fallback_image.png/content/dam/fom-website/drivers/F/FERALO01_Fernando_Alonso/feralo01.png.transform/1col/image.png,10.0,,,0 days 00:01:13.102000,0 days 00:01:12.523000,0 days 00:01:12.284000,,,,,29.1,46.8,37.1,1.6,False
2025,9,Spanish Grand Prix,Barcelona,Q,2025-06-01,23,ALB,albon,Williams,williams,Alexander,Albon,https://media.formula1.com/d_driver_fallback_image.png/content/dam/fom-website/drivers/A/ALEALB01_Alexander_Albon/alealb01.png.transform/1col/image.png,11.0,,,0 days 00:01:13.044000,0 days 00:01:12.641000,,,,,,29.1,46.8,37.1,1.6,False
2025,9,Spanish Grand Prix,Barcelona,Q,2025-06-01,5,BOR,bortoleto,Kick Sauber,sauber,Gabriel,Bortoleto,https://media.formula1.com/d_driver_fallback_image.png/content/dam/fom-website/drivers/G/GABBOR01_Gabriel_Bortoleto/gabbor01.png.transform/1col/image.png,12.0,,,0 days 00:01:13.045000,0 days 00:01:12.756000,,,,,,29.1,46.8,37.1,1.6,False
2025,9,Spanish Grand Prix,Barcelona,Q,2025-06-01,30,LAW,lawson,Racing Bulls,rb,Liam,Lawson,https://media.formula1.com/d_driver_fallback_image.png/content/dam/fom-website/drivers/L/LIALAW01_Liam_Lawson/lialaw01.png.transform/1col/image.png,13.0,,,0 days 00:01:13.039000,0 days 00:01:12.763000,,,,,,29.1,46.8,37.1,1.6,False
2025,9,Spanish Grand Prix,Barcelona,Q,2025-06-01,18,STR,stroll,Aston Martin,aston_martin,Lance,Stroll,https://media.formula1.com/d_driver_fallback_image.png/content/dam/fom-website/drivers/L/LANSTR01_Lance_Stroll/lanstr01.png.transform/1col/image.png,14.0,,,0 days 00:01:13.038000,0 days 00:01:13.058000,,,,,,29.1,46.8,37.1,1.6,False
2025,9,Spanish Grand Prix,Barcelona,Q,2025-06-01,87,BEA,bearman,Haas F1 Team,haas,Oliver,Bearman,https://media.formula1.com/d_driver_fallback_image.png/content/dam/fom-website/drivers/O/OLIBEA01_Oliver_Bearman/olibea01.png.transform/1col/image.png,15.0,,,0 days 00:01:13.074000,0 days 00:01:13.315000,,,,,,29.1,46.8,37.1,1.6,False
2025,9,Spanish Grand Prix,Barcelona,Q,2025-06-01,27,HUL,hulkenberg,Kick Sauber,sauber,Nico,Hulkenberg,https://media.formula1.com/d_driver_fallback_image.png/content/dam/fom-website/drivers/N/NICHUL01_Nico_Hulkenberg/nichul01.png.transform/1col/image.png,16.0,,,0 days 00:01:13.190000,,,,,,,29.1,46.8,37.1,1.6,False
2025,9,Spanish Grand Prix,Barcelona,Q,2025-06-01,31,OCO,ocon,Haas F1 Team,haas,Esteban,Ocon,https://media.formula1.com/d_driver_fallback_image.png/content/dam/fom-website/drivers/E/ESTOCO01_Esteban_Ocon/estoco01.png.transform/1col/image.png,17.0,,,0 days 00:01:13.201000,,,,,,,29.1,46.8,37.1,1.6,False
2025,9,Spanish Grand Prix,Barcelona,Q,2025-06-01,55,SAI,sainz,Williams,williams,Carlos,Sainz,https://media.formula1.com/d_driver_fallback_image.png/content/dam/fom-website/drivers/C/CARSAI01_Carlos_Sainz/carsai01.png.transform/1col/image.png,18.0,,,0 days 00:01:13.203000,,,,,,,29.1,46.8,37.1,1.6,False
2025,9,Spanish Grand Prix,Barcelona,Q,2025-06-01,43,COL,colapinto,Alpine,alpine,Franco,Colapinto,None,19.0,,,0 days 00:01:13.334000,,,,,,,29.1,46.8,37.1,1.6,False
2025,9,Spanish Grand Prix,Barcelona,Q,2025-06-01,22,TSU,tsunoda,Red Bull Racing,red_bull,Yuki,Tsunoda,https://media.formula1.com/d_driver_fallback_image.png/content/dam/fom-website/drivers/Y/YUKTSU01_Yuki_Tsunoda/yuktsu01.png.transform/1col/image.png,20.0,,,0 days 00:01:13.385000,,,,,,,29.1,46.8,37.1,1.6,False
2025,10,Canadian Grand Prix,Montréal,Q,2025-06-15,63,RUS,russell,Mercedes,mercedes,George,Russell,https://media.formula1.com/d_driver_fallback_image.png/content/dam/fom-website/drivers/G/GEORUS01_George_Russell/georus01.png.transform/1col/image.png,1.0,,,0 days 00:01:12.075000,0 days 00:01:11.570000,0 days 00:01:10.899000,,,,,21.3,43.1,30.7,2.3,False
2025,10,Canadian Grand Prix,Montréal,Q,2025-06-15,1,VER,max_verstappen,Red Bull Racing,red_bull,Max,Verstappen,https://media.formula1.com/d_driver_fallback_image.png/content/dam/fom-website/drivers/M/MAXVER01_Max_Verstappen/maxver01.png.transform/1col/image.png,2.0,,,0 days 00:01:12.054000,0 days 00:01:11.638000,0 days 00:01:11.059000,,,,,21.3,43.1,30.7,2.3,False
2025,10,Canadian Grand Prix,Montréal,Q,2025-06-15,81,PIA,piastri,McLaren,mclaren,Oscar,Piastri,https://media.formula1.com/d_driver_fallback_image.png/content/dam/fom-website/drivers/O/OSCPIA01_Oscar_Piastri/oscpia01.png.transform/1col/image.png,3.0,,,0 days 00:01:11.939000,0 days 00:01:11.715000,0 days 00:01:11.120000,,,,,21.3,43.1,30.7,2.3,False
2025,10,Canadian Grand Prix,Montréal,Q,2025-06-15,12,ANT,antonelli,Mercedes,mercedes,Kimi,Antonelli,https://media.formula1.com/d_driver_fallback_image.png/content/dam/fom-website/drivers/A/ANDANT01_Andrea%20Kimi_Antonelli/andant01.png.transform/1col/image.png,4.0,,,0 days 00:01:12.279000,0 days 00:01:11.974000,0 days 00:01:11.391000,,,,,21.3,43.1,30.7,2.3,False
2025,10,Canadian Grand Prix,Montréal,Q,2025-06-15,44,HAM,hamilton,Ferrari,ferrari,Lewis,Hamilton,https://media.formula1.com/d_driver_fallback_image.png/content/dam/fom-website/drivers/L/LEWHAM01_Lewis_Hamilton/lewham01.png.transform/1col/image.png,5.0,,,0 days 00:01:11.952000,0 days 00:01:11.885000,0 days 00:01:11.526000,,,,,21.3,43.1,30.7,2.3,False
2025,10,Canadian Grand Prix,Montréal,Q,2025-06-15,14,ALO,alonso,Aston Martin,aston_martin,Fernando,Alonso,https://media.formula1.com/d_driver_fallback_image.png/content/dam/fom-website/drivers/F/FERALO01_Fernando_Alonso/feralo01.png.transform/1col/image.png,6.0,,,0 days 00:01:12.073000,0 days 00:01:11.805000,0 days 00:01:11.586000,,,,,21.3,43.1,30.7,2.3,False
2025,10,Canadian Grand Prix,Montréal,Q,2025-06-15,4,NOR,norris,McLaren,mclaren,Lando,Norris,https://media.formula1.com/d_driver_fallback_image.png/content/dam/fom-website/drivers/L/LANNOR01_Lando_Norris/lannor01.png.transform/1col/image.png,7.0,,,0 days 00:01:11.826000,0 days 00:01:11.599000,0 days 00:01:11.625000,,,,,21.3,43.1,30.7,2.3,False
2025,10,Canadian Grand Prix,Montréal,Q,2025-06-15,16,LEC,leclerc,Ferrari,ferrari,Charles,Leclerc,https://media.formula1.com/d_driver_fallback_image.png/content/dam/fom-website/drivers/C/CHALEC01_Charles_Leclerc/chalec01.png.transform/1col/image.png,8.0,,,0 days 00:01:12.038000,0 days 00:01:11.626000,0 days 00:01:11.682000,,,,,21.3,43.1,30.7,2.3,False
2025,10,Canadian Grand Prix,Montréal,Q,2025-06-15,6,HAD,hadjar,Racing Bulls,rb,Isack,Hadjar,https://media.formula1.com/d_driver_fallback_image.png/content/dam/fom-website/drivers/I/ISAHAD01_Isack_Hadjar/isahad01.png.transform/1col/image.png,9.0,,,0 days 00:01:12.211000,0 days 00:01:12.003000,0 days 00:01:11.867000,,,,,21.3,43.1,30.7,2.3,False
2025,10,Canadian Grand Prix,Montréal,Q,2025-06-15,23,ALB,albon,Williams,williams,Alexander,Albon,https://media.formula1.com/d_driver_fallback_image.png/content/dam/fom-website/drivers/A/ALEALB01_Alexander_Albon/alealb01.png.transform/1col/image.png,10.0,,,0 days 00:01:12.090000,0 days 00:01:11.892000,0 days 00:01:11.907000,,,,,21.3,43.1,30.7,2.3,False
2025,10,Canadian Grand Prix,Montréal,Q,2025-06-15,22,TSU,tsunoda,Red Bull Racing,red_bull,Yuki,Tsunoda,https://media.formula1.com/d_driver_fallback_image.png/content/dam/fom-website/drivers/Y/YUKTSU01_Yuki_Tsunoda/yuktsu01.png.transform/1col/image.png,11.0,,,0 days 00:01:12.334000,0 days 00:01:12.102000,,,,,,21.3,43.1,30.7,2.3,False
2025,10,Canadian Grand Prix,Montréal,Q,2025-06-15,43,COL,colapinto,Alpine,alpine,Franco,Colapinto,None,12.0,,,0 days 00:01:12.234000,0 days 00:01:12.142000,,,,,,21.3,43.1,30.7,2.3,False
2025,10,Canadian Grand Prix,Montréal,Q,2025-06-15,27,HUL,hulkenberg,Kick Sauber,sauber,Nico,Hulkenberg,https://media.formula1.com/d_driver_fallback_image.png/content/dam/fom-website/drivers/N/NICHUL01_Nico_Hulkenberg/nichul01.png.transform/1col/image.png,13.0,,,0 days 00:01:12.323000,0 days 00:01:12.183000,,,,,,21.3,43.1,30.7,2.3,False
2025,10,Canadian Grand Prix,Montréal,Q,2025-06-15,87,BEA,bearman,Haas F1 Team,haas,Oliver,Bearman,https://media.formula1.com/d_driver_fallback_image.png/content/dam/fom-website/drivers/O/OLIBEA01_Oliver_Bearman/olibea01.png.transform/1col/image.png,14.0,,,0 days 00:01:12.306000,0 days 00:01:12.340000,,,,,,21.3,43.1,30.7,2.3,False
2025,10,Canadian Grand Prix,Montréal,Q,2025-06-15,31,OCO,ocon,Haas F1 Team,haas,Esteban,Ocon,https://media.formula1.com/d_driver_fallback_image.png/content/dam/fom-website/drivers/E/ESTOCO01_Esteban_Ocon/estoco01.png.transform/1col/image.png,15.0,,,0 days 00:01:12.378000,0 days 00:01:12.634000,,,,,,21.3,43.1,30.7,2.3,False
2025,10,Canadian Grand Prix,Montréal,Q,2025-06-15,5,BOR,bortoleto,Kick Sauber,sauber,Gabriel,Bortoleto,https://media.formula1.com/d_driver_fallback_image.png/content/dam/fom-website/drivers/G/GABBOR01_Gabriel_Bortoleto/gabbor01.png.transform/1col/image.png,16.0,,,0 days 00:01:12.385000,,,,,,,21.3,43.1,30.7,2.3,False
2025,10,Canadian Grand Prix,Montréal,Q,2025-06-15,55,SAI,sainz,Williams,williams,Carlos,Sainz,https://media.formula1.com/d_driver_fallback_image.png/content/dam/fom-website/drivers/C/CARSAI01_Carlos_Sainz/carsai01.png.transform/1col/image.png,17.0,,,0 days 00:01:12.398000,,,,,,,21.3,43.1,30.7,2.3,False
2025,10,Canadian Grand Prix,Montréal,Q,2025-06-15,18,STR,stroll,Aston Martin,aston_martin,Lance,Stroll,https://media.formula1.com/d_driver_fallback_image.png/content/dam/fom-website/drivers/L/LANSTR01_Lance_Stroll/lanstr01.png.transform/1col/image.png,18.0,,,0 days 00:01:12.517000,,,,,,,21.3,43.1,30.7,2.3,False
2025,10,Canadian Grand Prix,Montréal,Q,2025-06-15,30,LAW,lawson,Racing Bulls,rb,Liam,Lawson,https://media.formula1.com/d_driver_fallback_image.png/content/dam/fom-website/drivers/L/LIALAW01_Liam_Lawson/lialaw01.png.transform/1col/image.png,19.0,,,0 days 00:01:12.525000,,,,,,,21.3,43.1,30.7,2.3,False
2025,10,Canadian Grand Prix,Montréal,Q,2025-06-15,10,GAS,gasly,Alpine,alpine,Pierre,Gasly,https://media.formula1.com/d_driver_fallback_image.png/content/dam/fom-website/drivers/P/PIEGAS01_Pierre_Gasly/piegas01.png.transform/1col/image.png,20.0,,,0 days 00:01:12.667000,,,,,,,21.3,43.1,30.7,2.3,False
2025,11,Austrian Grand Prix,Spielberg,Q,2025-06-29,4,NOR,norris,McLaren,mclaren,Lando,Norris,https://media.formula1.com/d_driver_fallback_image.png/content/dam/fom-website/drivers/L/LANNOR01_Lando_Norris/lannor01.png.transform/1col/image.png,1.0,,,0 days 00:01:04.672000,0 days 00:01:04.410000,0 days 00:01:03.971000,,,,,27.8,47.2,33.9,1.4,False
2025,11,Austrian Grand Prix,Spielberg,Q,2025-06-29,16,LEC,leclerc,Ferrari,ferrari,Charles,Leclerc,https://media.formula1.com/d_driver_fallback_image.png/content/dam/fom-website/drivers/C/CHALEC01_Charles_Leclerc/chalec01.png.transform/1col/image.png,2.0,,,0 days 00:01:05.197000,0 days 00:01:04.734000,0 days 00:01:04.492000,,,,,27.8,47.2,33.9,1.4,False
2025,11,Austrian Grand Prix,Spielberg,Q,2025-06-29,81,PIA,piastri,McLaren,mclaren,Oscar,Piastri,https://media.formula1.com/d_driver_fallback_image.png/content/dam/fom-website/drivers/O/OSCPIA01_Oscar_Piastri/oscpia01.png.transform/1col/image.png,3.0,,,0 days 00:01:04.966000,0 days 00:01:04.556000,0 days 00:01:04.554000,,,,,27.8,47.2,33.9,1.4,False
2025,11,Austrian Grand Prix,Spielberg,Q,2025-06-29,44,HAM,hamilton,Ferrari,ferrari,Lewis,Hamilton,https://media.formula1.com/d_driver_fallback_image.png/content/dam/fom-website/drivers/L/LEWHAM01_Lewis_Hamilton/lewham01.png.transform/1col/image.png,4.0,,,0 days 00:01:05.115000,0 days 00:01:04.896000,0 days 00:01:04.582000,,,,,27.8,47.2,33.9,1.4,False
2025,11,Austrian Grand Prix,Spielberg,Q,2025-06-29,63,RUS,russell,Mercedes,mercedes,George,Russell,https://media.formula1.com/d_driver_fallback_image.png/content/dam/fom-website/drivers/G/GEORUS01_George_Russell/georus01.png.transform/1col/image.png,5.0,,,0 days 00:01:05.189000,0 days 00:01:04.860000,0 days 00:01:04.763000,,,,,27.8,47.2,33.9,1.4,False
2025,11,Austrian Grand Prix,Spielberg,Q,2025-06-29,30,LAW,lawson,Racing Bulls,rb,Liam,Lawson,https://media.formula1.com/d_driver_fallback_image.png/content/dam/fom-website/drivers/L/LIALAW01_Liam_Lawson/lialaw01.png.transform/1col/image.png,6.0,,,0 days 00:01:05.017000,0 days 00:01:05.041000,0 days 00:01:04.926000,,,,,27.8,47.2,33.9,1.4,False
2025,11,Austrian Grand Prix,Spielberg,Q,2025-06-29,1,VER,max_verstappen,Red Bull Racing,red_bull,Max,Verstappen,https://media.formula1.com/d_driver_fallback_image.png/content/dam/fom-website/drivers/M/MAXVER01_Max_Verstappen/maxver01.png.transform/1col/image.png,7.0,,,0 days 00:01:05.106000,0 days 00:01:04.836000,0 days 00:01:04.929000,,,,,27.8,47.2,33.9,1.4,False
2025,11,Austrian Grand Prix,Spielberg,Q,2025-06-29,5,BOR,bortoleto,Kick Sauber,sauber,Gabriel,Bortoleto,https://media.formula1.com/d_driver_fallback_image.png/content/dam/fom-website/drivers/G/GABBOR01_Gabriel_Bortoleto/gabbor01.png.transform/1col/image.png,8.0,,,0 days 00:01:05.123000,0 days 00:01:04.846000,0 days 00:01:05.132000,,,,,27.8,47.2,33.9,1.4,False
2025,11,Austrian Grand Prix,Spielberg,Q,2025-06-29,12,ANT,antonelli,Mercedes,mercedes,Kimi,Antonelli,https://media.formula1.com/d_driver_fallback_image.png/content/dam/fom-website/drivers/A/ANDANT01_Andrea%20Kimi_Antonelli/andant01.png.transform/1col/image.png,9.0,,,0 days 00:01:05.178000,0 days 00:01:05.052000,0 days 00:01:05.276000,,,,,27.8,47.2,33.9,1.4,False
2025,11,Austrian Grand Prix,Spielberg,Q,2025-06-29,10,GAS,gasly,Alpine,alpine,Pierre,Gasly,https://media.formula1.com/d_driver_fallback_image.png/content/dam/fom-website/drivers/P/PIEGAS01_Pierre_Gasly/piegas01.png.transform/1col/image.png,10.0,,,0 days 00:01:05.054000,0 days 00:01:04.846000,0 days 00:01:05.649000,,,,,27.8,47.2,33.9,1.4,False
2025,11,Austrian Grand Prix,Spielberg,Q,2025-06-29,14,ALO,alonso,Aston Martin,aston_martin,Fernando,Alonso,https://media.formula1.com/d_driver_fallback_image.png/content/dam/fom-website/drivers/F/FERALO01_Fernando_Alonso/feralo01.png.transform/1col/image.png,11.0,,,0 days 00:01:05.197000,0 days 00:01:05.128000,,,,,,27.8,47.2,33.9,1.4,False
2025,11,Austrian Grand Prix,Spielberg,Q,2025-06-29,23,ALB,albon,Williams,williams,Alexander,Albon,https://media.formula1.com/d_driver_fallback_image.png/content/dam/fom-website/drivers/A/ALEALB01_Alexander_Albon/alealb01.png.transform/1col/image.png,12.0,,,0 days 00:01:05.143000,0 days 00:01:05.205000,,,,,,27.8,47.2,33.9,1.4,False
2025,11,Austrian Grand Prix,Spielberg,Q,2025-06-29,6,HAD,hadjar,Racing Bulls,rb,Isack,Hadjar,https://media.formula1.com/d_driver_fallback_image.png/content/dam/fom-website/drivers/I/ISAHAD01_Isack_Hadjar/isahad01.png.transform/1col/image.png,13.0,,,0 days 00:01:05.063000,0 days 00:01:05.226000,,,,,,27.8,47.2,33.9,1.4,False
2025,11,Austrian Grand Prix,Spielberg,Q,2025-06-29,43,COL,colapinto,Alpine,alpine,Franco,Colapinto,None,14.0,,,0 days 00:01:05.278000,0 days 00:01:05.288000,,,,,,27.8,47.2,33.9,1.4,False
2025,11,Austrian Grand Prix,Spielberg,Q,2025-06-29,87,BEA,bearman,Haas F1 Team,haas,Oliver,Bearman,https://media.formula1.com/d_driver_fallback_image.png/content/dam/fom-website/drivers/O/OLIBEA01_Oliver_Bearman/olibea01.png.transform/1col/image.png,15.0,,,0 days 00:01:05.218000,0 days 00:01:05.312000,,,,,,27.8,47.2,33.9,1.4,False
2025,11,Austrian Grand Prix,Spielberg,Q,2025-06-29,18,STR,stroll,Aston Martin,aston_martin,Lance,Stroll,https://media.formula1.com/d_driver_fallback_image.png/content/dam/fom-website/drivers/L/LANSTR01_Lance_Stroll/lanstr01.png.transform/1col/image.png,16.0,,,0 days 00:01:05.329000,,,,,,,27.8,47.2,33.9,1.4,False
2025,11,Austrian Grand Prix,Spielberg,Q,2025-06-29,31,OCO,ocon,Haas F1 Team,haas,Esteban,Ocon,https://media.formula1.com/d_driver_fallback_image.png/content/dam/fom-website/drivers/E/ESTOCO01_Esteban_Ocon/estoco01.png.transform/1col/image.png,17.0,,,0 days 00:01:05.364000,,,,,,,27.8,47.2,33.9,1.4,False
2025,11,Austrian Grand Prix,Spielberg,Q,2025-06-29,22,TSU,tsunoda,Red Bull Racing,red_bull,Yuki,Tsunoda,https://media.formula1.com/d_driver_fallback_image.png/content/dam/fom-website/drivers/Y/YUKTSU01_Yuki_Tsunoda/yuktsu01.png.transform/1col/image.png,18.0,,,0 days 00:01:05.369000,,,,,,,27.8,47.2,33.9,1.4,False
2025,11,Austrian Grand Prix,Spielberg,Q,2025-06-29,55,SAI,sainz,Williams,williams,Carlos,Sainz,https://media.formula1.com/d_driver_fallback_image.png/content/dam/fom-website/drivers/C/CARSAI01_Carlos_Sainz/carsai01.png.transform/1col/image.png,19.0,,,0 days 00:01:05.582000,,,,,,,27.8,47.2,33.9,1.4,False
2025,11,Austrian Grand Prix,Spielberg,Q,2025-06-29,27,HUL,hulkenberg,Kick Sauber,sauber,Nico,Hulkenberg,https://media.formula1.com/d_driver_fallback_image.png/content/dam/fom-website/drivers/N/NICHUL01_Nico_Hulkenberg/nichul01.png.transform/1col/image.png,20.0,,,0 days 00:01:05.606000,,,,,,,27.8,47.2,33.9,1.4,False
2025,12,British Grand Prix,Silverstone,Q,2025-07-06,1,VER,max_verstappen,Red Bull Racing,red_bull,Max,Verstappen,https://media.formula1.com/d_driver_fallback_image.png/content/dam/fom-website/drivers/M/MAXVER01_Max_Verstappen/maxver01.png.transform/1col/image.png,1.0,,,0 days 00:01:25.886000,0 days 00:01:25.316000,0 days 00:01:24.892000,,,,,20.2,27.4,72.8,4.0,False
2025,12,British Grand Prix,Silverstone,Q,2025-07-06,81,PIA,piastri,McLaren,mclaren,Oscar,Piastri,https://media.formula1.com/d_driver_fallback_image.png/content/dam/fom-website/drivers/O/OSCPIA01_Oscar_Piastri/oscpia01.png.transform/1col/image.png,2.0,,,0 days 00:01:25.963000,0 days 00:01:25.316000,0 days 00:01:24.995000,,,,,20.2,27.4,72.8,4.0,False
2025,12,British Grand Prix,Silverstone,Q,2025-07-06,4,NOR,norris,McLaren,mclaren,Lando,Norris,https://media.formula1.com/d_driver_fallback_image.png/content/dam/fom-website/drivers/L/LANNOR01_Lando_Norris/lannor01.png.transform/1col/image.png,3.0,,,0 days 00:01:26.123000,0 days 00:01:25.231000,0 days 00:01:25.010000,,,,,20.2,27.4,72.8,4.0,False
2025,12,British Grand Prix,Silverstone,Q,2025-07-06,63,RUS,russell,Mercedes,mercedes,George,Russell,https://media.formula1.com/d_driver_fallback_image.png/content/dam/fom-website/drivers/G/GEORUS01_George_Russell/georus01.png.transform/1col/image.png,4.0,,,0 days 00:01:26.236000,0 days 00:01:25.637000,0 days 00:01:25.029000,,,,,20.2,27.4,72.8,4.0,False
2025,12,British Grand Prix,Silverstone,Q,2025-07-06,44,HAM,hamilton,Ferrari,ferrari,Lewis,Hamilton,https://media.formula1.com/d_driver_fallback_image.png/content/dam/fom-website/drivers/L/LEWHAM01_Lewis_Hamilton/lewham01.png.transform/1col/image.png,5.0,,,0 days 00:01:26.296000,0 days 00:01:25.084000,0 days 00:01:25.095000,,,,,20.2,27.4,72.8,4.0,False
2025,12,British Grand Prix,Silverstone,Q,2025-07-06,16,LEC,leclerc,Ferrari,ferrari,Charles,Leclerc,https://media.formula1.com/d_driver_fallback_image.png/content/dam/fom-website/drivers/C/CHALEC01_Charles_Leclerc/chalec01.png.transform/1col/image.png,6.0,,,0 days 00:01:26.186000,0 days 00:01:25.133000,0 days 00:01:25.121000,,,,,20.2,27.4,72.8,4.0,False
2025,12,British Grand Prix,Silverstone,Q,2025-07-06,12,ANT,antonelli,Mercedes,mercedes,Kimi,Antonelli,https://media.formula1.com/d_driver_fallback_image.png/content/dam/fom-website/drivers/A/ANDANT01_Andrea%20Kimi_Antonelli/andant01.png.transform/1col/image.png,7.0,,,0 days 00:01:26.265000,0 days 00:01:25.620000,0 days 00:01:25.374000,,,,,20.2,27.4,72.8,4.0,False
2025,12,British Grand Prix,Silverstone,Q,2025-07-06,87,BEA,bearman,Haas F1 Team,haas,Oliver,Bearman,https://media.formula1.com/d_driver_fallback_image.png/content/dam/fom-website/drivers/O/OLIBEA01_Oliver_Bearman/olibea01.png.transform/1col/image.png,8.0,,,0 days 00:01:26.005000,0 days 00:01:25.534000,0 days 00:01:25.471000,,,,,20.2,27.4,72.8,4.0,False
2025,12,British Grand Prix,Silverstone,Q,2025-07-06,14,ALO,alonso,Aston Martin,aston_martin,Fernando,Alonso,https://media.formula1.com/d_driver_fallback_image.png/content/dam/fom-website/drivers/F/FERALO01_Fernando_Alonso/feralo01.png.transform/1col/image.png,9.0,,,0 days 00:01:26.108000,0 days 00:01:25.593000,0 days 00:01:25.621000,,,,,20.2,27.4,72.8,4.0,False
2025,12,British Grand Prix,Silverstone,Q,2025-07-06,10,GAS,gasly,Alpine,alpine,Pierre,Gasly,https://media.formula1.com/d_driver_fallback_image.png/content/dam/fom-website/drivers/P/PIEGAS01_Pierre_Gasly/piegas01.png.transform/1col/image.png,10.0,,,0 days 00:01:26.328000,0 days 00:01:25.711000,0 days 00:01:25.785000,,,,,20.2,27.4,72.8,4.0,False
2025,12,British Grand Prix,Silverstone,Q,2025-07-06,55,SAI,sainz,Williams,williams,Carlos,Sainz,https://media.formula1.com/d_driver_fallback_image.png/content/dam/fom-website/drivers/C/CARSAI01_Carlos_Sainz/carsai01.png.transform/1col/image.png,11.0,,,0 days 00:01:26.175000,0 days 00:01:25.746000,,,,,,20.2,27.4,72.8,4.0,False
2025,12,British Grand Prix,Silverstone,Q,2025-07-06,22,TSU,tsunoda,Red Bull Racing,red_bull,Yuki,Tsunoda,https://media.formula1.com/d_driver_fallback_image.png/content/dam/fom-website/drivers/Y/YUKTSU01_Yuki_Tsunoda/yuktsu01.png.transform/1col/image.png,12.0,,,0 days 00:01:26.275000,0 days 00:01:25.826000,,,,,,20.2,27.4,72.8,4.0,False
2025,12,British Grand Prix,Silverstone,Q,2025-07-06,6,HAD,hadjar,Racing Bulls,rb,Isack,Hadjar,https://media.formula1.com/d_driver_fallback_image.png/content/dam/fom-website/drivers/I/ISAHAD01_Isack_Hadjar/isahad01.png.transform/1col/image.png,13.0,,,0 days 00:01:26.177000,0 days 00:01:25.864000,,,,,,20.2,27.4,72.8,4.0,False
2025,12,British Grand Prix,Silverstone,Q,2025-07-06,23,ALB,albon,Williams,williams,Alexander,Albon,https://media.formula1.com/d_driver_fallback_image.png/content/dam/fom-website/drivers/A/ALEALB01_Alexander_Albon/alealb01.png.transform/1col/image.png,14.0,,,0 days 00:01:26.093000,0 days 00:01:25.889000,,,,,,20.2,27.4,72.8,4.0,False
2025,12,British Grand Prix,Silverstone,Q,2025-07-06,31,OCO,ocon,Haas F1 Team,haas,Esteban,Ocon,https://media.formula1.com/d_driver_fallback_image.png/content/dam/fom-website/drivers/E/ESTOCO01_Esteban_Ocon/estoco01.png.transform/1col/image.png,15.0,,,0 days 00:01:26.136000,0 days 00:01:25.950000,,,,,,20.2,27.4,72.8,4.0,False
2025,12,British Grand Prix,Silverstone,Q,2025-07-06,30,LAW,lawson,Racing Bulls,rb,Liam,Lawson,https://media.formula1.com/d_driver_fallback_image.png/content/dam/fom-website/drivers/L/LIALAW01_Liam_Lawson/lialaw01.png.transform/1col/image.png,16.0,,,0 days 00:01:26.440000,,,,,,,20.2,27.4,72.8,4.0,False
2025,12,British Grand Prix,Silverstone,Q,2025-07-06,5,BOR,bortoleto,Kick Sauber,sauber,Gabriel,Bortoleto,https://media.formula1.com/d_driver_fallback_image.png/content/dam/fom-website/drivers/G/GABBOR01_Gabriel_Bortoleto/gabbor01.png.transform/1col/image.png,17.0,,,0 days 00:01:26.446000,,,,,,,20.2,27.4,72.8,4.0,False
2025,12,British Grand Prix,Silverstone,Q,2025-07-06,18,STR,stroll,Aston Martin,aston_martin,Lance,Stroll,https://media.formula1.com/d_driver_fallback_image.png/content/dam/fom-website/drivers/L/LANSTR01_Lance_Stroll/lanstr01.png.transform/1col/image.png,18.0,,,0 days 00:01:26.504000,,,,,,,20.2,27.4,72.8,4.0,False
2025,12,British Grand Prix,Silverstone,Q,2025-07-06,27,HUL,hulkenberg,Kick Sauber,sauber,Nico,Hulkenberg,https://media.formula1.com/d_driver_fallback_image.png/content/dam/fom-website/drivers/N/NICHUL01_Nico_Hulkenberg/nichul01.png.transform/1col/image.png,19.0,,,0 days 00:01:26.574000,,,,,,,20.2,27.4,72.8,4.0,False
2025,12,British Grand Prix,Silverstone,Q,2025-07-06,43,COL,colapinto,Alpine,alpine,Franco,Colapinto,None,20.0,,,0 days 00:01:27.060000,,,,,,,20.2,27.4,72.8,4.0,False
2025,13,Belgian Grand Prix,Spa-Francorchamps,Q,2025-07-27,4,NOR,norris,McLaren,mclaren,Lando,Norris,https://media.formula1.com/d_driver_fallback_image.png/content/dam/fom-website/drivers/L/LANNOR01_Lando_Norris/lannor01.png.transform/1col/image.png,1.0,,,0 days 00:01:41.010000,0 days 00:01:40.715000,0 days 00:01:40.562000,,,,,22.6,37.7,54.2,1.4,False
2025,13,Belgian Grand Prix,Spa-Francorchamps,Q,2025-07-27,81,PIA,piastri,McLaren,mclaren,Oscar,Piastri,https://media.formula1.com/d_driver_fallback_image.png/content/dam/fom-website/drivers/O/OSCPIA01_Oscar_Piastri/oscpia01.png.transform/1col/image.png,2.0,,,0 days 00:01:41.201000,0 days 00:01:40.626000,0 days 00:01:40.647000,,,,,22.6,37.7,54.2,1.4,False
2025,13,Belgian Grand Prix,Spa-Francorchamps,Q,2025-07-27,16,LEC,leclerc,Ferrari,ferrari,Charles,Leclerc,https://media.formula1.com/d_driver_fallback_image.png/content/dam/fom-website/drivers/C/CHALEC01_Charles_Leclerc/chalec01.png.transform/1col/image.png,3.0,,,0 days 00:01:41.635000,0 days 00:01:41.084000,0 days 00:01:40.900000,,,,,22.6,37.7,54.2,1.4,False
2025,13,Belgian Grand Prix,Spa-Francorchamps,Q,2025-07-27,1,VER,max_verstappen,Red Bull Racing,red_bull,Max,Verstappen,https://media.formula1.com/d_driver_fallback_image.png/content/dam/fom-website/drivers/M/MAXVER01_Max_Verstappen/maxver01.png.transform/1col/image.png,4.0,,,0 days 00:01:41.334000,0 days 00:01:40.951000,0 days 00:01:40.903000,,,,,22.6,37.7,54.2,1.4,False
2025,13,Belgian Grand Prix,Spa-Francorchamps,Q,2025-07-27,23,ALB,albon,Williams,williams,Alexander,Albon,https://media.formula1.com/d_driver_fallback_image.png/content/dam/fom-website/drivers/A/ALEALB01_Alexander_Albon/alealb01.png.transform/1col/image.png,5.0,,,0 days 00:01:41.772000,0 days 00:01:41.505000,0 days 00:01:41.201000,,,,,22.6,37.7,54.2,1.4,False
2025,13,Belgian Grand Prix,Spa-Francorchamps,Q,2025-07-27,63,RUS,russell,Mercedes,mercedes,George,Russell,https://media.formula1.com/d_driver_fallback_image.png/content/dam/fom-website/drivers/G/GEORUS01_George_Russell/georus01.png.transform/1col/image.png,6.0,,,0 days 00:01:41.784000,0 days 00:01:41.254000,0 days 00:01:41.260000,,,,,22.6,37.7,54.2,1.4,False
2025,13,Belgian Grand Prix,Spa-Francorchamps,Q,2025-07-27,22,TSU,tsunoda,Red Bull Racing,red_bull,Yuki,Tsunoda,https://media.formula1.com/d_driver_fallback_image.png/content/dam/fom-website/drivers/Y/YUKTSU01_Yuki_Tsunoda/yuktsu01.png.transform/1col/image.png,7.0,,,0 days 00:01:41.840000,0 days 00:01:41.245000,0 days 00:01:41.284000,,,,,22.6,37.7,54.2,1.4,False
2025,13,Belgian Grand Prix,Spa-Francorchamps,Q,2025-07-27,6,HAD,hadjar,Racing Bulls,rb,Isack,Hadjar,https://media.formula1.com/d_driver_fallback_image.png/content/dam/fom-website/drivers/I/ISAHAD01_Isack_Hadjar/isahad01.png.transform/1col/image.png,8.0,,,0 days 00:01:41.572000,0 days 00:01:41.281000,0 days 00:01:41.310000,,,,,22.6,37.7,54.2,1.4,False
2025,13,Belgian Grand Prix,Spa-Francorchamps,Q,2025-07-27,30,LAW,lawson,Racing Bulls,rb,Liam,Lawson,https://media.formula1.com/d_driver_fallback_image.png/content/dam/fom-website/drivers/L/LIALAW01_Liam_Lawson/lialaw01.png.transform/1col/image.png,9.0,,,0 days 00:01:41.748000,0 days 00:01:41.297000,0 days 00:01:41.328000,,,,,22.6,37.7,54.2,1.4,False
2025,13,Belgian Grand Prix,Spa-Francorchamps,Q,2025-07-27,5,BOR,bortoleto,Kick Sauber,sauber,Gabriel,Bortoleto,https://media.formula1.com/d_driver_fallback_image.png/content/dam/fom-website/drivers/G/GABBOR01_Gabriel_Bortoleto/gabbor01.png.transform/1col/image.png,10.0,,,0 days 00:01:41.908000,0 days 00:01:41.336000,0 days 00:01:42.387000,,,,,22.6,37.7,54.2,1.4,False
2025,13,Belgian Grand Prix,Spa-Francorchamps,Q,2025-07-27,31,OCO,ocon,Haas F1 Team,haas,Esteban,Ocon,https://media.formula1.com/d_driver_fallback_image.png/content/dam/fom-website/drivers/E/ESTOCO01_Esteban_Ocon/estoco01.png.transform/1col/image.png,11.0,,,0 days 00:01:41.884000,0 days 00:01:41.525000,,,,,,22.6,37.7,54.2,1.4,False
2025,13,Belgian Grand Prix,Spa-Francorchamps,Q,2025-07-27,87,BEA,bearman,Haas F1 Team,haas,Oliver,Bearman,https://media.formula1.com/d_driver_fallback_image.png/content/dam/fom-website/drivers/O/OLIBEA01_Oliver_Bearman/olibea01.png.transform/1col/image.png,12.0,,,0 days 00:01:41.617000,0 days 00:01:41.617000,,,,,,22.6,37.7,54.2,1.4,False
2025,13,Belgian Grand Prix,Spa-Francorchamps,Q,2025-07-27,10,GAS,gasly,Alpine,alpine,Pierre,Gasly,https://media.formula1.com/d_driver_fallback_image.png/content/dam/fom-website/drivers/P/PIEGAS01_Pierre_Gasly/piegas01.png.transform/1col/image.png,13.0,,,0 days 00:01:41.800000,0 days 00:01:41.633000,,,,,,22.6,37.7,54.2,1.4,False
2025,13,Belgian Grand Prix,Spa-Francorchamps,Q,2025-07-27,27,HUL,hulkenberg,Kick Sauber,sauber,Nico,Hulkenberg,https://media.formula1.com/d_driver_fallback_image.png/content/dam/fom-website/drivers/N/NICHUL01_Nico_Hulkenberg/nichul01.png.transform/1col/image.png,14.0,,,0 days 00:01:41.844000,0 days 00:01:41.707000,,,,,,22.6,37.7,54.2,1.4,False
2025,13,Belgian Grand Prix,Spa-Francorchamps,Q,2025-07-27,55,SAI,sainz,Williams,williams,Carlos,Sainz,https://media.formula1.com/d_driver_fallback_image.png/content/dam/fom-website/drivers/C/CARSAI01_Carlos_Sainz/carsai01.png.transform/1col/image.png,15.0,,,0 days 00:01:41.691000,0 days 00:01:41.758000,,,,,,22.6,37.7,54.2,1.4,False
2025,13,Belgian Grand Prix,Spa-Francorchamps,Q,2025-07-27,44,HAM,hamilton,Ferrari,ferrari,Lewis,Hamilton,https://media.formula1.com/d_driver_fallback_image.png/content/dam/fom-website/drivers/L/LEWHAM01_Lewis_Hamilton/lewham01.png.transform/1col/image.png,16.0,,,0 days 00:01:41.939000,,,,,,,22.6,37.7,54.2,1.4,False
2025,13,Belgian Grand Prix,Spa-Francorchamps,Q,2025-07-27,43,COL,colapinto,Alpine,alpine,Franco,Colapinto,None,17.0,,,0 days 00:01:42.022000,,,,,,,22.6,37.7,54.2,1.4,False
2025,13,Belgian Grand Prix,Spa-Francorchamps,Q,2025-07-27,12,ANT,antonelli,Mercedes,mercedes,Kimi,Antonelli,https://media.formula1.com/d_driver_fallback_image.png/content/dam/fom-website/drivers/A/ANDANT01_Andrea%20Kimi_Antonelli/andant01.png.transform/1col/image.png,18.0,,,0 days 00:01:42.139000,,,,,,,22.6,37.7,54.2,1.4,False
2025,13,Belgian Grand Prix,Spa-Francorchamps,Q,2025-07-27,14,ALO,alonso,Aston Martin,aston_martin,Fernando,Alonso,https://media.formula1.com/d_driver_fallback_image.png/content/dam/fom-website/drivers/F/FERALO01_Fernando_Alonso/feralo01.png.transform/1col/image.png,19.0,,,0 days 00:01:42.385000,,,,,,,22.6,37.7,54.2,1.4,False
2025,13,Belgian Grand Prix,Spa-Francorchamps,Q,2025-07-27,18,STR,stroll,Aston Martin,aston_martin,Lance,Stroll,https://media.formula1.com/d_driver_fallback_image.png/content/dam/fom-website/drivers/L/LANSTR01_Lance_Stroll/lanstr01.png.transform/1col/image.png,20.0,,,0 days 00:01:42.502000,,,,,,,22.6,37.7,54.2,1.4,False
2025,14,Hungarian Grand Prix,Budapest,Q,2025-08-03,16,LEC,leclerc,Ferrari,ferrari,Charles,Leclerc,https://media.formula1.com/d_driver_fallback_image.png/content/dam/fom-website/drivers/C/CHALEC01_Charles_Leclerc/chalec01.png.transform/1col/image.png,1.0,,,0 days 00:01:15.582000,0 days 00:01:15.455000,0 days 00:01:15.372000,,,,,28.1,42.5,37.2,2.0,False
2025,14,Hungarian Grand Prix,Budapest,Q,2025-08-03,81,PIA,piastri,McLaren,mclaren,Oscar,Piastri,https://media.formula1.com/d_driver_fallback_image.png/content/dam/fom-website/drivers/O/OSCPIA01_Oscar_Piastri/oscpia01.png.transform/1col/image.png,2.0,,,0 days 00:01:15.211000,0 days 00:01:14.941000,0 days 00:01:15.398000,,,,,28.1,42.5,37.2,2.0,False
2025,14,Hungarian Grand Prix,Budapest,Q,2025-08-03,4,NOR,norris,McLaren,mclaren,Lando,Norris,https://media.formula1.com/d_driver_fallback_image.png/content/dam/fom-website/drivers/L/LANNOR01_Lando_Norris/lannor01.png.transform/1col/image.png,3.0,,,0 days 00:01:15.523000,0 days 00:01:14.890000,0 days 00:01:15.413000,,,,,28.1,42.5,37.2,2.0,False
2025,14,Hungarian Grand Prix,Budapest,Q,2025-08-03,63,RUS,russell,Mercedes,mercedes,George,Russell,https://media.formula1.com/d_driver_fallback_image.png/content/dam/fom-website/drivers/G/GEORUS01_George_Russell/georus01.png.transform/1col/image.png,4.0,,,0 days 00:01:15.627000,0 days 00:01:15.201000,0 days 00:01:15.425000,,,,,28.1,42.5,37.2,2.0,False
2025,14,Hungarian Grand Prix,Budapest,Q,2025-08-03,14,ALO,alonso,Aston Martin,aston_martin,Fernando,Alonso,https://media.formula1.com/d_driver_fallback_image.png/content/dam/fom-website/drivers/F/FERALO01_Fernando_Alonso/feralo01.png.transform/1col/image.png,5.0,,,0 days 00:01:15.281000,0 days 00:01:15.395000,0 days 00:01:15.481000,,,,,28.1,42.5,37.2,2.0,False
2025,14,Hungarian Grand Prix,Budapest,Q,2025-08-03,18,STR,stroll,Aston Martin,aston_martin,Lance,Stroll,https://media.formula1.com/d_driver_fallback_image.png/content/dam/fom-website/drivers/L/LANSTR01_Lance_Stroll/lanstr01.png.transform/1col/image.png,6.0,,,0 days 00:01:15.673000,0 days 00:01:15.129000,0 days 00:01:15.498000,,,,,28.1,42.5,37.2,2.0,False
2025,14,Hungarian Grand Prix,Budapest,Q,2025-08-03,5,BOR,bortoleto,Kick Sauber,sauber,Gabriel,Bortoleto,https://media.formula1.com/d_driver_fallback_image.png/content/dam/fom-website/drivers/G/GABBOR01_Gabriel_Bortoleto/gabbor01.png.transform/1col/image.png,7.0,,,0 days 00:01:15.586000,0 days 00:01:15.687000,0 days 00:01:15.725000,,,,,28.1,42.5,37.2,2.0,False
2025,14,Hungarian Grand Prix,Budapest,Q,2025-08-03,1,VER,max_verstappen,Red Bull Racing,red_bull,Max,Verstappen,https://media.formula1.com/d_driver_fallback_image.png/content/dam/fom-website/drivers/M/MAXVER01_Max_Verstappen/maxver01.png.transform/1col/image.png,8.0,,,0 days 00:01:15.736000,0 days 00:01:15.547000,0 days 00:01:15.728000,,,,,28.1,42.5,37.2,2.0,False
2025,14,Hungarian Grand Prix,Budapest,Q,2025-08-03,30,LAW,lawson,Racing Bulls,rb,Liam,Lawson,https://media.formula1.com/d_driver_fallback_image.png/content/dam/fom-website/drivers/L/LIALAW01_Liam_Lawson/lialaw01.png.transform/1col/image.png,9.0,,,0 days 00:01:15.849000,0 days 00:01:15.630000,0 days 00:01:15.821000,,,,,28.1,42.5,37.2,2.0,False
2025,14,Hungarian Grand Prix,Budapest,Q,2025-08-03,6,HAD,hadjar,Racing Bulls,rb,Isack,Hadjar,https://media.formula1.com/d_driver_fallback_image.png/content/dam/fom-website/drivers/I/ISAHAD01_Isack_Hadjar/isahad01.png.transform/1col/image.png,10.0,,,0 days 00:01:15.516000,0 days 00:01:15.469000,0 days 00:01:15.915000,,,,,28.1,42.5,37.2,2.0,False
2025,14,Hungarian Grand Prix,Budapest,Q,2025-08-03,87,BEA,bearman,Haas F1 Team,haas,Oliver,Bearman,https://media.formula1.com/d_driver_fallback_image.png/content/dam/fom-website/drivers/O/OLIBEA01_Oliver_Bearman/olibea01.png.transform/1col/image.png,11.0,,,0 days 00:01:15.750000,0 days 00:01:15.694000,,,,,,28.1,42.5,37.2,2.0,False
2025,14,Hungarian Grand Prix,Budapest,Q,2025-08-03,44,HAM,hamilton,Ferrari,ferrari,Lewis,Hamilton,https://media.formula1.com/d_driver_fallback_image.png/content/dam/fom-website/drivers/L/LEWHAM01_Lewis_Hamilton/lewham01.png.transform/1col/image.png,12.0,,,0 days 00:01:15.733000,0 days 00:01:15.702000,,,,,,28.1,42.5,37.2,2.0,False
2025,14,Hungarian Grand Prix,Budapest,Q,2025-08-03,55,SAI,sainz,Williams,williams,Carlos,Sainz,https://media.formula1.com/d_driver_fallback_image.png/content/dam/fom-website/drivers/C/CARSAI01_Carlos_Sainz/carsai01.png.transform/1col/image.png,13.0,,,0 days 00:01:15.652000,0 days 00:01:15.781000,,,,,,28.1,42.5,37.2,2.0,False
2025,14,Hungarian Grand Prix,Budapest,Q,2025-08-03,43,COL,colapinto,Alpine,alpine,Franco,Colapinto,None,14.0,,,0 days 00:01:15.875000,0 days 00:01:16.159000,,,,,,28.1,42.5,37.2,2.0,False
2025,14,Hungarian Grand Prix,Budapest,Q,2025-08-03,12,ANT,antonelli,Mercedes,mercedes,Kimi,Antonelli,https://media.formula1.com/d_driver_fallback_image.png/content/dam/fom-website/drivers/A/ANDANT01_Andrea%20Kimi_Antonelli/andant01.png.transform/1col/image.png,15.0,,,0 days 00:01:15.782000,0 days 00:01:16.386000,,,,,,28.1,42.5,37.2,2.0,False
2025,14,Hungarian Grand Prix,Budapest,Q,2025-08-03,22,TSU,tsunoda,Red Bull Racing,red_bull,Yuki,Tsunoda,https://media.formula1.com/d_driver_fallback_image.png/content/dam/fom-website/drivers/Y/YUKTSU01_Yuki_Tsunoda/yuktsu01.png.transform/1col/image.png,16.0,,,0 days 00:01:15.899000,,,,,,,28.1,42.5,37.2,2.0,False
2025,14,Hungarian Grand Prix,Budapest,Q,2025-08-03,10,GAS,gasly,Alpine,alpine,Pierre,Gasly,https://media.formula1.com/d_driver_fallback_image.png/content/dam/fom-website/drivers/P/PIEGAS01_Pierre_Gasly/piegas01.png.transform/1col/image.png,17.0,,,0 days 00:01:15.966000,,,,,,,28.1,42.5,37.2,2.0,False
2025,14,Hungarian Grand Prix,Budapest,Q,2025-08-03,31,OCO,ocon,Haas F1 Team,haas,Esteban,Ocon,https://media.formula1.com/d_driver_fallback_image.png/content/dam/fom-website/drivers/E/ESTOCO01_Esteban_Ocon/estoco01.png.transform/1col/image.png,18.0,,,0 days 00:01:16.023000,,,,,,,28.1,42.5,37.2,2.0,False
2025,14,Hungarian Grand Prix,Budapest,Q,2025-08-03,27,HUL,hulkenberg,Kick Sauber,sauber,Nico,Hulkenberg,https://media.formula1.com/d_driver_fallback_image.png/content/dam/fom-website/drivers/N/NICHUL01_Nico_Hulkenberg/nichul01.png.transform/1col/image.png,19.0,,,0 days 00:01:16.081000,,,,,,,28.1,42.5,37.2,2.0,False
2025,14,Hungarian Grand Prix,Budapest,Q,2025-08-03,23,ALB,albon,Williams,williams,Alexander,Albon,https://media.formula1.com/d_driver_fallback_image.png/content/dam/fom-website/drivers/A/ALEALB01_Alexander_Albon/alealb01.png.transform/1col/image.png,20.0,,,0 days 00:01:16.223000,,,,,,,28.1,42.5,37.2,2.0,False
2025,15,Dutch Grand Prix,Zandvoort,Q,2025-08-31,81,PIA,piastri,McLaren,mclaren,Oscar,Piastri,https://media.formula1.com/d_driver_fallback_image.png/content/dam/fom-website/drivers/O/OSCPIA01_Oscar_Piastri/oscpia01.png.transform/1col/image.png,1.0,,,0 days 00:01:09.338000,0 days 00:01:08.964000,0 days 00:01:08.662000,,,,,20.6,34.2,64.5,4.0,False
2025,15,Dutch Grand Prix,Zandvoort,Q,2025-08-31,4,NOR,norris,McLaren,mclaren,Lando,Norris,https://media.formula1.com/d_driver_fallback_image.png/content/dam/fom-website/drivers/L/LANNOR01_Lando_Norris/lannor01.png.transform/1col/image.png,2.0,,,0 days 00:01:09.469000,0 days 00:01:08.874000,0 days 00:01:08.674000,,,,,20.6,34.2,64.5,4.0,False
2025,15,Dutch Grand Prix,Zandvoort,Q,2025-08-31,1,VER,max_verstappen,Red Bull Racing,red_bull,Max,Verstappen,https://media.formula1.com/d_driver_fallback_image.png/content/dam/fom-website/drivers/M/MAXVER01_Max_Verstappen/maxver01.png.transform/1col/image.png,3.0,,,0 days 00:01:09.696000,0 days 00:01:09.122000,0 days 00:01:08.925000,,,,,20.6,34.2,64.5,4.0,False
2025,15,Dutch Grand Prix,Zandvoort,Q,2025-08-31,6,HAD,hadjar,Racing Bulls,rb,Isack,Hadjar,https://media.formula1.com/d_driver_fallback_image.png/content/dam/fom-website/drivers/I/ISAHAD01_Isack_Hadjar/isahad01.png.transform/1col/image.png,4.0,,,0 days 00:01:09.966000,0 days 00:01:09.439000,0 days 00:01:09.208000,,,,,20.6,34.2,64.5,4.0,False
2025,15,Dutch Grand Prix,Zandvoort,Q,2025-08-31,63,RUS,russell,Mercedes,mercedes,George,Russell,https://media.formula1.com/d_driver_fallback_image.png/content/dam/fom-website/drivers/G/GEORUS01_George_Russell/georus01.png.transform/1col/image.png,5.0,,,0 days 00:01:09.676000,0 days 00:01:09.313000,0 days 00:01:09.255000,,,,,20.6,34.2,64.5,4.0,False
2025,15,Dutch Grand Prix,Zandvoort,Q,2025-08-31,16,LEC,leclerc,Ferrari,ferrari,Charles,Leclerc,https://media.formula1.com/d_driver_fallback_image.png/content/dam/fom-website/drivers/C/CHALEC01_Charles_Leclerc/chalec01.png.transform/1col/image.png,6.0,,,0 days 00:01:09.906000,0 days 00:01:09.304000,0 days 00:01:09.340000,,,,,20.6,34.2,64.5,4.0,False
2025,15,Dutch Grand Prix,Zandvoort,Q,2025-08-31,44,HAM,hamilton,Ferrari,ferrari,Lewis,Hamilton,https://media.formula1.com/d_driver_fallback_image.png/content/dam/fom-website/drivers/L/LEWHAM01_Lewis_Hamilton/lewham01.png.transform/1col/image.png,7.0,,,0 days 00:01:09.900000,0 days 00:01:09.261000,0 days 00:01:09.390000,,,,,20.6,34.2,64.5,4.0,False
2025,15,Dutch Grand Prix,Zandvoort,Q,2025-08-31,30,LAW,lawson,Racing Bulls,rb,Liam,Lawson,https://media.formula1.com/d_driver_fallback_image.png/content/dam/fom-website/drivers/L/LIALAW01_Liam_Lawson/lialaw01.png.transform/1col/image.png,8.0,,,0 days 00:01:09.779000,0 days 00:01:09.383000,0 days 00:01:09.500000,,,,,20.6,34.2,64.5,4.0,False
2025,15,Dutch Grand Prix,Zandvoort,Q,2025-08-31,55,SAI,sainz,Williams,williams,Carlos,Sainz,https://media.formula1.com/d_driver_fallback_image.png/content/dam/fom-website/drivers/C/CARSAI01_Carlos_Sainz/carsai01.png.transform/1col/image.png,9.0,,,0 days 00:01:09.980000,0 days 00:01:09.472000,0 days 00:01:09.505000,,,,,20.6,34.2,64.5,4.0,False
2025,15,Dutch Grand Prix,Zandvoort,Q,2025-08-31,14,ALO,alonso,Aston Martin,aston_martin,Fernando,Alonso,https://media.formula1.com/d_driver_fallback_image.png/content/dam/fom-website/drivers/F/FERALO01_Fernando_Alonso/feralo01.png.transform/1col/image.png,10.0,,,0 days 00:01:09.950000,0 days 00:01:09.366000,0 days 00:01:09.630000,,,,,20.6,34.2,64.5,4.0,False
2025,15,Dutch Grand Prix,Zandvoort,Q,2025-08-31,12,ANT,antonelli,Mercedes,mercedes,Kimi,Antonelli,https://media.formula1.com/d_driver_fallback_image.png/content/dam/fom-website/drivers/A/ANDANT01_Andrea%20Kimi_Antonelli/andant01.png.transform/1col/image.png,11.0,,,0 days 00:01:09.845000,0 days 00:01:09.493000,,,,,,20.6,34.2,64.5,4.0,False
2025,15,Dutch Grand Prix,Zandvoort,Q,2025-08-31,22,TSU,tsunoda,Red Bull Racing,red_bull,Yuki,Tsunoda,https://media.formula1.com/d_driver_fallback_image.png/content/dam/fom-website/drivers/Y/YUKTSU01_Yuki_Tsunoda/yuktsu01.png.transform/1col/image.png,12.0,,,0 days 00:01:09.954000,0 days 00:01:09.622000,,,,,,20.6,34.2,64.5,4.0,False
2025,15,Dutch Grand Prix,Zandvoort,Q,2025-08-31,5,BOR,bortoleto,Kick Sauber,sauber,Gabriel,Bortoleto,https://media.formula1.com/d_driver_fallback_image.png/content/dam/fom-website/drivers/G/GABBOR01_Gabriel_Bortoleto/gabbor01.png.transform/1col/image.png,13.0,,,0 days 00:01:10.037000,0 days 00:01:09.622000,,,,,,20.6,34.2,64.5,4.0,False
2025,15,Dutch Grand Prix,Zandvoort,Q,2025-08-31,10,GAS,gasly,Alpine,alpine,Pierre,Gasly,https://media.formula1.com/d_driver_fallback_image.png/content/dam/fom-website/drivers/P/PIEGAS01_Pierre_Gasly/piegas01.png.transform/1col/image.png,14.0,,,0 days 00:01:09.894000,0 days 00:01:09.637000,,,,,,20.6,34.2,64.5,4.0,False
2025,15,Dutch Grand Prix,Zandvoort,Q,2025-08-31,23,ALB,albon,Williams,williams,Alexander,Albon,https://media.formula1.com/d_driver_fallback_image.png/content/dam/fom-website/drivers/A/ALEALB01_Alexander_Albon/alealb01.png.transform/1col/image.png,15.0,,,0 days 00:01:09.792000,0 days 00:01:09.652000,,,,,,20.6,34.2,64.5,4.0,False
2025,15,Dutch Grand Prix,Zandvoort,Q,2025-08-31,43,COL,colapinto,Alpine,alpine,Franco,Colapinto,None,16.0,,,0 days 00:01:10.104000,,,,,,,20.6,34.2,64.5,4.0,False
2025,15,Dutch Grand Prix,Zandvoort,Q,2025-08-31,27,HUL,hulkenberg,Kick Sauber,sauber,Nico,Hulkenberg,https://media.formula1.com/d_driver_fallback_image.png/content/dam/fom-website/drivers/N/NICHUL01_Nico_Hulkenberg/nichul01.png.transform/1col/image.png,17.0,,,0 days 00:01:10.195000,,,,,,,20.6,34.2,64.5,4.0,False
2025,15,Dutch Grand Prix,Zandvoort,Q,2025-08-31,31,OCO,ocon,Haas F1 Team,haas,Esteban,Ocon,https://media.formula1.com/d_driver_fallback_image.png/content/dam/fom-website/drivers/E/ESTOCO01_Esteban_Ocon/estoco01.png.transform/1col/image.png,18.0,,,0 days 00:01:10.197000,,,,,,,20.6,34.2,64.5,4.0,False
2025,15,Dutch Grand Prix,Zandvoort,Q,2025-08-31,87,BEA,bearman,Haas F1 Team,haas,Oliver,Bearman,https://media.formula1.com/d_driver_fallback_image.png/content/dam/fom-website/drivers/O/OLIBEA01_Oliver_Bearman/olibea01.png.transform/1col/image.png,19.0,,,0 days 00:01:10.262000,,,,,,,20.6,34.2,64.5,4.0,False
2025,15,Dutch Grand Prix,Zandvoort,Q,2025-08-31,18,STR,stroll,Aston Martin,aston_martin,Lance,Stroll,https://media.formula1.com/d_driver_fallback_image.png/content/dam/fom-website/drivers/L/LANSTR01_Lance_Stroll/lanstr01.png.transform/1col/image.png,20.0,,,,,,,,,,20.6,34.2,64.5,4.0,False
2025,16,Italian Grand Prix,Monza,Q,2025-09-07,1,VER,max_verstappen,Red Bull Racing,red_bull,Max,Verstappen,https://media.formula1.com/d_driver_fallback_image.png/content/dam/fom-website/drivers/M/MAXVER01_Max_Verstappen/maxver01.png.transform/1col/image.png,1.0,,,0 days 00:01:19.455000,0 days 00:01:19.140000,0 days 00:01:18.792000,,,,,26.6,42.8,35.8,1.6,False
2025,16,Italian Grand Prix,Monza,Q,2025-09-07,4,NOR,norris,McLaren,mclaren,Lando,Norris,https://media.formula1.com/d_driver_fallback_image.png/content/dam/fom-website/drivers/L/LANNOR01_Lando_Norris/lannor01.png.transform/1col/image.png,2.0,,,0 days 00:01:19.517000,0 days 00:01:19.293000,0 days 00:01:18.869000,,,,,26.6,42.8,35.8,1.6,False
2025,16,Italian Grand Prix,Monza,Q,2025-09-07,81,PIA,piastri,McLaren,mclaren,Oscar,Piastri,https://media.formula1.com/d_driver_fallback_image.png/content/dam/fom-website/drivers/O/OSCPIA01_Oscar_Piastri/oscpia01.png.transform/1col/image.png,3.0,,,0 days 00:01:19.711000,0 days 00:01:19.286000,0 days 00:01:18.982000,,,,,26.6,42.8,35.8,1.6,False
2025,16,Italian Grand Prix,Monza,Q,2025-09-07,16,LEC,leclerc,Ferrari,ferrari,Charles,Leclerc,https://media.formula1.com/d_driver_fallback_image.png/content/dam/fom-website/drivers/C/CHALEC01_Charles_Leclerc/chalec01.png.transform/1col/image.png,4.0,,,0 days 00:01:19.689000,0 days 00:01:19.310000,0 days 00:01:19.007000,,,,,26.6,42.8,35.8,1.6,False
2025,16,Italian Grand Prix,Monza,Q,2025-09-07,44,HAM,hamilton,Ferrari,ferrari,Lewis,Hamilton,https://media.formula1.com/d_driver_fallback_image.png/content/dam/fom-website/drivers/L/LEWHAM01_Lewis_Hamilton/lewham01.png.transform/1col/image.png,5.0,,,0 days 00:01:19.765000,0 days 00:01:19.371000,0 days 00:01:19.124000,,,,,26.6,42.8,35.8,1.6,False
2025,16,Italian Grand Prix,Monza,Q,2025-09-07,63,RUS,russell,Mercedes,mercedes,George,Russell,https://media.formula1.com/d_driver_fallback_image.png/content/dam/fom-website/drivers/G/GEORUS01_George_Russell/georus01.png.transform/1col/image.png,6.0,,,0 days 00:01:19.414000,0 days 00:01:19.287000,0 days 00:01:19.157000,,,,,26.6,42.8,35.8,1.6,False
2025,16,Italian Grand Prix,Monza,Q,2025-09-07,12,ANT,antonelli,Mercedes,mercedes,Kimi,Antonelli,https://media.formula1.com/d_driver_fallback_image.png/content/dam/fom-website/drivers/A/ANDANT01_Andrea%20Kimi_Antonelli/andant01.png.transform/1col/image.png,7.0,,,0 days 00:01:19.747000,0 days 00:01:19.245000,0 days 00:01:19.200000,,,,,26.6,42.8,35.8,1.6,False
2025,16,Italian Grand Prix,Monza,Q,2025-09-07,5,BOR,bortoleto,Kick Sauber,sauber,Gabriel,Bortoleto,https://media.formula1.com/d_driver_fallback_image.png/content/dam/fom-website/drivers/G/GABBOR01_Gabriel_Bortoleto/gabbor01.png.transform/1col/image.png,8.0,,,0 days 00:01:19.688000,0 days 00:01:19.323000,0 days 00:01:19.390000,,,,,26.6,42.8,35.8,1.6,False
2025,16,Italian Grand Prix,Monza,Q,2025-09-07,14,ALO,alonso,Aston Martin,aston_martin,Fernando,Alonso,https://media.formula1.com/d_driver_fallback_image.png/content/dam/fom-website/drivers/F/FERALO01_Fernando_Alonso/feralo01.png.transform/1col/image.png,9.0,,,0 days 00:01:19.658000,0 days 00:01:19.362000,0 days 00:01:19.424000,,,,,26.6,42.8,35.8,1.6,False
2025,16,Italian Grand Prix,Monza,Q,2025-09-07,22,TSU,tsunoda,Red Bull Racing,red_bull,Yuki,Tsunoda,https://media.formula1.com/d_driver_fallback_image.png/content/dam/fom-website/drivers/Y/YUKTSU01_Yuki_Tsunoda/yuktsu01.png.transform/1col/image.png,10.0,,,0 days 00:01:19.619000,0 days 00:01:19.433000,0 days 00:01:19.519000,,,,,26.6,42.8,35.8,1.6,False
2025,16,Italian Grand Prix,Monza,Q,2025-09-07,87,BEA,bearman,Haas F1 Team,haas,Oliver,Bearman,https://media.formula1.com/d_driver_fallback_image.png/content/dam/fom-website/drivers/O/OLIBEA01_Oliver_Bearman/olibea01.png.transform/1col/image.png,11.0,,,0 days 00:01:19.688000,0 days 00:01:19.446000,,,,,,26.6,42.8,35.8,1.6,False
2025,16,Italian Grand Prix,Monza,Q,2025-09-07,27,HUL,hulkenberg,Kick Sauber,sauber,Nico,Hulkenberg,https://media.formula1.com/d_driver_fallback_image.png/content/dam/fom-website/drivers/N/NICHUL01_Nico_Hulkenberg/nichul01.png.transform/1col/image.png,12.0,,,0 days 00:01:19.777000,0 days 00:01:19.498000,,,,,,26.6,42.8,35.8,1.6,False
2025,16,Italian Grand Prix,Monza,Q,2025-09-07,55,SAI,sainz,Williams,williams,Carlos,Sainz,https://media.formula1.com/d_driver_fallback_image.png/content/dam/fom-website/drivers/C/CARSAI01_Carlos_Sainz/carsai01.png.transform/1col/image.png,13.0,,,0 days 00:01:19.644000,0 days 00:01:19.528000,,,,,,26.6,42.8,35.8,1.6,False
2025,16,Italian Grand Prix,Monza,Q,2025-09-07,23,ALB,albon,Williams,williams,Alexander,Albon,https://media.formula1.com/d_driver_fallback_image.png/content/dam/fom-website/drivers/A/ALEALB01_Alexander_Albon/alealb01.png.transform/1col/image.png,14.0,,,0 days 00:01:19.837000,0 days 00:01:19.583000,,,,,,26.6,42.8,35.8,1.6,False
2025,16,Italian Grand Prix,Monza,Q,2025-09-07,31,OCO,ocon,Haas F1 Team,haas,Esteban,Ocon,https://media.formula1.com/d_driver_fallback_image.png/content/dam/fom-website/drivers/E/ESTOCO01_Esteban_Ocon/estoco01.png.transform/1col/image.png,15.0,,,0 days 00:01:19.816000,0 days 00:01:19.707000,,,,,,26.6,42.8,35.8,1.6,False
2025,16,Italian Grand Prix,Monza,Q,2025-09-07,6,HAD,hadjar,Racing Bulls,rb,Isack,Hadjar,https://media.formula1.com/d_driver_fallback_image.png/content/dam/fom-website/drivers/I/ISAHAD01_Isack_Hadjar/isahad01.png.transform/1col/image.png,16.0,,,0 days 00:01:19.917000,,,,,,,26.6,42.8,35.8,1.6,False
2025,16,Italian Grand Prix,Monza,Q,2025-09-07,18,STR,stroll,Aston Martin,aston_martin,Lance,Stroll,https://media.formula1.com/d_driver_fallback_image.png/content/dam/fom-website/drivers/L/LANSTR01_Lance_Stroll/lanstr01.png.transform/1col/image.png,17.0,,,0 days 00:01:19.948000,,,,,,,26.6,42.8,35.8,1.6,False
2025,16,Italian Grand Prix,Monza,Q,2025-09-07,43,COL,colapinto,Alpine,alpine,Franco,Colapinto,None,18.0,,,0 days 00:01:19.992000,,,,,,,26.6,42.8,35.8,1.6,False
2025,16,Italian Grand Prix,Monza,Q,2025-09-07,10,GAS,gasly,Alpine,alpine,Pierre,Gasly,https://media.formula1.com/d_driver_fallback_image.png/content/dam/fom-website/drivers/P/PIEGAS01_Pierre_Gasly/piegas01.png.transform/1col/image.png,19.0,,,0 days 00:01:20.103000,,,,,,,26.6,42.8,35.8,1.6,False
2025,16,Italian Grand Prix,Monza,Q,2025-09-07,30,LAW,lawson,Racing Bulls,rb,Liam,Lawson,https://media.formula1.com/d_driver_fallback_image.png/content/dam/fom-website/drivers/L/LIALAW01_Liam_Lawson/lialaw01.png.transform/1col/image.png,20.0,,,0 days 00:01:20.279000,,,,,,,26.6,42.8,35.8,1.6,False
2025,17,Azerbaijan Grand Prix,Baku,Q,2025-09-21,1,VER,max_verstappen,Red Bull Racing,red_bull,Max,Verstappen,https://media.formula1.com/d_driver_fallback_image.png/content/dam/fom-website/drivers/M/MAXVER01_Max_Verstappen/maxver01.png.transform/1col/image.png,1.0,,,0 days 00:01:41.331000,0 days 00:01:41.255000,0 days 00:01:41.117000,,,,,20.7,26.1,59.5,2.3,True
2025,17,Azerbaijan Grand Prix,Baku,Q,2025-09-21,55,SAI,sainz,Williams,williams,Carlos,Sainz,https://media.formula1.com/d_driver_fallback_image.png/content/dam/fom-website/drivers/C/CARSAI01_Carlos_Sainz/carsai01.png.transform/1col/image.png,2.0,,,0 days 00:01:42.635000,0 days 00:01:41.675000,0 days 00:01:41.595000,,,,,20.7,26.1,59.5,2.3,True
2025,17,Azerbaijan Grand Prix,Baku,Q,2025-09-21,30,LAW,lawson,Racing Bulls,rb,Liam,Lawson,https://media.formula1.com/d_driver_fallback_image.png/content/dam/fom-website/drivers/L/LIALAW01_Liam_Lawson/lialaw01.png.transform/1col/image.png,3.0,,,0 days 00:01:42.257000,0 days 00:01:41.537000,0 days 00:01:41.707000,,,,,20.7,26.1,59.5,2.3,True
2025,17,Azerbaijan Grand Prix,Baku,Q,2025-09-21,12,ANT,antonelli,Mercedes,mercedes,Kimi,Antonelli,https://media.formula1.com/d_driver_fallback_image.png/content/dam/fom-website/drivers/A/ANDANT01_Andrea%20Kimi_Antonelli/andant01.png.transform/1col/image.png,4.0,,,0 days 00:01:42.247000,0 days 00:01:41.464000,0 days 00:01:41.717000,,,,,20.7,26.1,59.5,2.3,True
2025,17,Azerbaijan Grand Prix,Baku,Q,2025-09-21,63,RUS,russell,Mercedes,mercedes,George,Russell,https://media.formula1.com/d_driver_fallback_image.png/content/dam/fom-website/drivers/G/GEORUS01_George_Russell/georus01.png.transform/1col/image.png,5.0,,,0 days 00:01:41.646000,0 days 00:01:41.455000,0 days 00:01:42.070000,,,,,20.7,26.1,59.5,2.3,True
2025,17,Azerbaijan Grand Prix,Baku,Q,2025-09-21,22,TSU,tsunoda,Red Bull Racing,red_bull,Yuki,Tsunoda,https://media.formula1.com/d_driver_fallback_image.png/content/dam/fom-website/drivers/Y/YUKTSU01_Yuki_Tsunoda/yuktsu01.png.transform/1col/image.png,6.0,,,0 days 00:01:42.347000,0 days 00:01:41.788000,0 days 00:01:42.143000,,,,,20.7,26.1,59.5,2.3,True
2025,17,Azerbaijan Grand Prix,Baku,Q,2025-09-21,4,NOR,norris,McLaren,mclaren,Lando,Norris,https://media.formula1.com/d_driver_fallback_image.png/content/dam/fom-website/drivers/L/LANNOR01_Lando_Norris/lannor01.png.transform/1col/image.png,7.0,,,0 days 00:01:41.322000,0 days 00:01:41.396000,0 days 00:01:42.239000,,,,,20.7,26.1,59.5,2.3,True
2025,17,Azerbaijan Grand Prix,Baku,Q,2025-09-21,6,HAD,hadjar,Racing Bulls,rb,Isack,Hadjar,https://media.formula1.com/d_driver_fallback_image.png/content/dam/fom-website/drivers/I/ISAHAD01_Isack_Hadjar/isahad01.png.transform/1col/image.png,8.0,,,0 days 00:01:41.656000,0 days 00:01:41.647000,0 days 00:01:42.372000,,,,,20.7,26.1,59.5,2.3,True
2025,17,Azerbaijan Grand Prix,Baku,Q,2025-09-21,81,PIA,piastri,McLaren,mclaren,Oscar,Piastri,https://media.formula1.com/d_driver_fallback_image.png/content/dam/fom-website/drivers/O/OSCPIA01_Oscar_Piastri/oscpia01.png.transform/1col/image.png,9.0,,,0 days 00:01:41.839000,0 days 00:01:41.414000,,,,,,20.7,26.1,59.5,2.3,True
2025,17,Azerbaijan Grand Prix,Baku,Q,2025-09-21,16,LEC,leclerc,Ferrari,ferrari,Charles,Leclerc,https://media.formula1.com/d_driver_fallback_image.png/content/dam/fom-website/drivers/C/CHALEC01_Charles_Leclerc/chalec01.png.transform/1col/image.png,10.0,,,0 days 00:01:41.458000,0 days 00:01:41.519000,,,,,,20.7,26.1,59.5,2.3,True
2025,17,Azerbaijan Grand Prix,Baku,Q,2025-09-21,14,ALO,alonso,Aston Martin,aston_martin,Fernando,Alonso,https://media.formula1.com/d_driver_fallback_image.png/content/dam/fom-website/drivers/F/FERALO01_Fernando_Alonso/feralo01.png.transform/1col/image.png,11.0,,,0 days 00:01:42.211000,0 days 00:01:41.857000,,,,,,20.7,26.1,59.5,2.3,True
2025,17,Azerbaijan Grand Prix,Baku,Q,2025-09-21,44,HAM,hamilton,Ferrari,ferrari,Lewis,Hamilton,https://media.formula1.com/d_driver_fallback_image.png/content/dam/fom-website/drivers/L/LEWHAM01_Lewis_Hamilton/lewham01.png.transform/1col/image.png,12.0,,,0 days 00:01:41.821000,0 days 00:01:42.183000,,,,,,20.7,26.1,59.5,2.3,True
2025,17,Azerbaijan Grand Prix,Baku,Q,2025-09-21,5,BOR,bortoleto,Kick Sauber,sauber,Gabriel,Bortoleto,https://media.formula1.com/d_driver_fallback_image.png/content/dam/fom-website/drivers/G/GABBOR01_Gabriel_Bortoleto/gabbor01.png.transform/1col/image.png,13.0,,,0 days 00:01:42.511000,0 days 00:01:42.277000,,,,,,20.7,26.1,59.5,2.3,True
2025,17,Azerbaijan Grand Prix,Baku,Q,2025-09-21,18,STR,stroll,Aston Martin,aston_martin,Lance,Stroll,https://media.formula1.com/d_driver_fallback_image.png/content/dam/fom-website/drivers/L/LANSTR01_Lance_Stroll/lanstr01.png.transform/1col/image.png,14.0,,,0 days 00:01:42.101000,0 days 00:01:43.061000,,,,,,20.7,26.1,59.5,2.3,True
2025,17,Azerbaijan Grand Prix,Baku,Q,2025-09-21,87,BEA,bearman,Haas F1 Team,haas,Oliver,Bearman,https://media.formula1.com/d_driver_fallback_image.png/content/dam/fom-website/drivers/O/OLIBEA01_Oliver_Bearman/olibea01.png.transform/1col/image.png,15.0,,,0 days 00:01:42.666000,,,,,,,20.7,26.1,59.5,2.3,True
2025,17,Azerbaijan Grand Prix,Baku,Q,2025-09-21,43,COL,colapinto,Alpine,alpine,Franco,Colapinto,None,16.0,,,0 days 00:01:42.779000,,,,,,,20.7,26.1,59.5,2.3,True
2025,17,Azerbaijan Grand Prix,Baku,Q,2025-09-21,27,HUL,hulkenberg,Kick Sauber,sauber,Nico,Hulkenberg,https://media.formula1.com/d_driver_fallback_image.png/content/dam/fom-website/drivers/N/NICHUL01_Nico_Hulkenberg/nichul01.png.transform/1col/image.png,17.0,,,0 days 00:01:42.916000,,,,,,,20.7,26.1,59.5,2.3,True
2025,17,Azerbaijan Grand Prix,Baku,Q,2025-09-21,10,GAS,gasly,Alpine,alpine,Pierre,Gasly,https://media.formula1.com/d_driver_fallback_image.png/content/dam/fom-website/drivers/P/PIEGAS01_Pierre_Gasly/piegas01.png.transform/1col/image.png,18.0,,,0 days 00:01:43.139000,,,,,,,20.7,26.1,59.5,2.3,True
2025,17,Azerbaijan Grand Prix,Baku,Q,2025-09-21,23,ALB,albon,Williams,williams,Alexander,Albon,https://media.formula1.com/d_driver_fallback_image.png/content/dam/fom-website/drivers/A/ALEALB01_Alexander_Albon/alealb01.png.transform/1col/image.png,19.0,,,0 days 00:01:43.778000,,,,,,,20.7,26.1,59.5,2.3,True
2025,17,Azerbaijan Grand Prix,Baku,Q,2025-09-21,31,OCO,ocon,Haas F1 Team,haas,Esteban,Ocon,https://media.formula1.com/d_driver_fallback_image.png/content/dam/fom-website/drivers/E/ESTOCO01_Esteban_Ocon/estoco01.png.transform/1col/image.png,20.0,,,,,,,,,,20.7,26.1,59.5,2.3,True
2025,18,Singapore Grand Prix,Marina Bay,Q,2025-10-05,63,RUS,russell,Mercedes,mercedes,George,Russell,https://media.formula1.com/d_driver_fallback_image.png/content/dam/fom-website/drivers/G/GEORUS01_George_Russell/georus01.png.transform/1col/image.png,1.0,,,0 days 00:01:29.928000,0 days 00:01:29.562000,0 days 00:01:29.158000,,,,,29.9,35.0,69.1,1.6,False
2025,18,Singapore Grand Prix,Marina Bay,Q,2025-10-05,1,VER,max_verstappen,Red Bull Racing,red_bull,Max,Verstappen,https://media.formula1.com/d_driver_fallback_image.png/content/dam/fom-website/drivers/M/MAXVER01_Max_Verstappen/maxver01.png.transform/1col/image.png,2.0,,,0 days 00:01:30.028000,0 days 00:01:29.572000,0 days 00:01:29.340000,,,,,29.9,35.0,69.1,1.6,False
2025,18,Singapore Grand Prix,Marina Bay,Q,2025-10-05,81,PIA,piastri,McLaren,mclaren,Oscar,Piastri,https://media.formula1.com/d_driver_fallback_image.png/content/dam/fom-website/drivers/O/OSCPIA01_Oscar_Piastri/oscpia01.png.transform/1col/image.png,3.0,,,0 days 00:01:30.313000,0 days 00:01:29.813000,0 days 00:01:29.524000,,,,,29.9,35.0,69.1,1.6,False
2025,18,Singapore Grand Prix,Marina Bay,Q,2025-10-05,12,ANT,antonelli,Mercedes,mercedes,Kimi,Antonelli,https://media.formula1.com/d_driver_fallback_image.png/content/dam/fom-website/drivers/A/ANDANT01_Andrea%20Kimi_Antonelli/andant01.png.transform/1col/image.png,4.0,,,0 days 00:01:30.036000,0 days 00:01:29.649000,0 days 00:01:29.537000,,,,,29.9,35.0,69.1,1.6,False
2025,18,Singapore Grand Prix,Marina Bay,Q,2025-10-05,4,NOR,norris,McLaren,mclaren,Lando,Norris,https://media.formula1.com/d_driver_fallback_image.png/content/dam/fom-website/drivers/L/LANNOR01_Lando_Norris/lannor01.png.transform/1col/image.png,5.0,,,0 days 00:01:29.932000,0 days 00:01:29.809000,0 days 00:01:29.586000,,,,,29.9,35.0,69.1,1.6,False
2025,18,Singapore Grand Prix,Marina Bay,Q,2025-10-05,44,HAM,hamilton,Ferrari,ferrari,Lewis,Hamilton,https://media.formula1.com/d_driver_fallback_image.png/content/dam/fom-website/drivers/L/LEWHAM01_Lewis_Hamilton/lewham01.png.transform/1col/image.png,6.0,,,0 days 00:01:29.765000,0 days 00:01:29.936000,0 days 00:01:29.688000,,,,,29.9,35.0,69.1,1.6,False
2025,18,Singapore Grand Prix,Marina Bay,Q,2025-10-05,16,LEC,leclerc,Ferrari,ferrari,Charles,Leclerc,https://media.formula1.com/d_driver_fallback_image.png/content/dam/fom-website/drivers/C/CHALEC01_Charles_Leclerc/chalec01.png.transform/1col/image.png,7.0,,,0 days 00:01:30.370000,0 days 00:01:29.914000,0 days 00:01:29.784000,,,,,29.9,35.0,69.1,1.6,False
2025,18,Singapore Grand Prix,Marina Bay,Q,2025-10-05,6,HAD,hadjar,Racing Bulls,rb,Isack,Hadjar,https://media.formula1.com/d_driver_fallback_image.png/content/dam/fom-website/drivers/I/ISAHAD01_Isack_Hadjar/isahad01.png.transform/1col/image.png,8.0,,,0 days 00:01:30.214000,0 days 00:01:30.016000,0 days 00:01:29.846000,,,,,29.9,35.0,69.1,1.6,False
2025,18,Singapore Grand Prix,Marina Bay,Q,2025-10-05,87,BEA,bearman,Haas F1 Team,haas,Oliver,Bearman,https://media.formula1.com/d_driver_fallback_image.png/content/dam/fom-website/drivers/O/OLIBEA01_Oliver_Bearman/olibea01.png.transform/1col/image.png,9.0,,,0 days 00:01:30.420000,0 days 00:01:30.076000,0 days 00:01:29.868000,,,,,29.9,35.0,69.1,1.6,False
2025,18,Singapore Grand Prix,Marina Bay,Q,2025-10-05,14,ALO,alonso,Aston Martin,aston_martin,Fernando,Alonso,https://media.formula1.com/d_driver_fallback_image.png/content/dam/fom-website/drivers/F/FERALO01_Fernando_Alonso/feralo01.png.transform/1col/image.png,10.0,,,0 days 00:01:30.745000,0 days 00:01:30.054000,0 days 00:01:29.955000,,,,,29.9,35.0,69.1,1.6,False
2025,18,Singapore Grand Prix,Marina Bay,Q,2025-10-05,27,HUL,hulkenberg,Kick Sauber,sauber,Nico,Hulkenberg,https://media.formula1.com/d_driver_fallback_image.png/content/dam/fom-website/drivers/N/NICHUL01_Nico_Hulkenberg/nichul01.png.transform/1col/image.png,11.0,,,0 days 00:01:30.715000,0 days 00:01:30.141000,,,,,,29.9,35.0,69.1,1.6,False
2025,18,Singapore Grand Prix,Marina Bay,Q,2025-10-05,30,LAW,lawson,Racing Bulls,rb,Liam,Lawson,https://media.formula1.com/d_driver_fallback_image.png/content/dam/fom-website/drivers/L/LIALAW01_Liam_Lawson/lialaw01.png.transform/1col/image.png,12.0,,,0 days 00:01:30.681000,0 days 00:01:30.320000,,,,,,29.9,35.0,69.1,1.6,False
2025,18,Singapore Grand Prix,Marina Bay,Q,2025-10-05,22,TSU,tsunoda,Red Bull Racing,red_bull,Yuki,Tsunoda,https://media.formula1.com/d_driver_fallback_image.png/content/dam/fom-website/drivers/Y/YUKTSU01_Yuki_Tsunoda/yuktsu01.png.transform/1col/image.png,13.0,,,0 days 00:01:30.574000,0 days 00:01:30.353000,,,,,,29.9,35.0,69.1,1.6,False
2025,18,Singapore Grand Prix,Marina Bay,Q,2025-10-05,5,BOR,bortoleto,Kick Sauber,sauber,Gabriel,Bortoleto,https://media.formula1.com/d_driver_fallback_image.png/content/dam/fom-website/drivers/G/GABBOR01_Gabriel_Bortoleto/gabbor01.png.transform/1col/image.png,14.0,,,0 days 00:01:30.820000,,,,,,,29.9,35.0,69.1,1.6,False
2025,18,Singapore Grand Prix,Marina Bay,Q,2025-10-05,18,STR,stroll,Aston Martin,aston_martin,Lance,Stroll,https://media.formula1.com/d_driver_fallback_image.png/content/dam/fom-website/drivers/L/LANSTR01_Lance_Stroll/lanstr01.png.transform/1col/image.png,15.0,,,0 days 00:01:30.949000,,,,,,,29.9,35.0,69.1,1.6,False
2025,18,Singapore Grand Prix,Marina Bay,Q,2025-10-05,43,COL,colapinto,Alpine,alpine,Franco,Colapinto,None,16.0,,,0 days 00:01:30.982000,,,,,,,29.9,35.0,69.1,1.6,False
2025,18,Singapore Grand Prix,Marina Bay,Q,2025-10-05,31,OCO,ocon,Haas F1 Team,haas,Esteban,Ocon,https://media.formula1.com/d_driver_fallback_image.png/content/dam/fom-website/drivers/E/ESTOCO01_Esteban_Ocon/estoco01.png.transform/1col/image.png,17.0,,,0 days 00:01:30.989000,,,,,,,29.9,35.0,69.1,1.6,False
2025,18,Singapore Grand Prix,Marina Bay,Q,2025-10-05,10,GAS,gasly,Alpine,alpine,Pierre,Gasly,https://media.formula1.com/d_driver_fallback_image.png/content/dam/fom-website/drivers/P/PIEGAS01_Pierre_Gasly/piegas01.png.transform/1col/image.png,18.0,,,0 days 00:01:31.261000,,,,,,,29.9,35.0,69.1,1.6,False
2025,18,Singapore Grand Prix,Marina Bay,Q,2025-10-05,23,ALB,albon,Williams,williams,Alexander,Albon,https://media.formula1.com/d_driver_fallback_image.png/content/dam/fom-website/drivers/A/ALEALB01_Alexander_Albon/alealb01.png.transform/1col/image.png,19.0,,,,,,,,,,29.9,35.0,69.1,1.6,False
2025,18,Singapore Grand Prix,Marina Bay,Q,2025-10-05,55,SAI,sainz,Williams,williams,Carlos,Sainz,https://media.formula1.com/d_driver_fallback_image.png/content/dam/fom-website/drivers/C/CARSAI01_Carlos_Sainz/carsai01.png.transform/1col/image.png,20.0,,,,,,,,,,29.9,35.0,69.1,1.6,False
2025,19,United States Grand Prix,Austin,Q,2025-10-19,1,VER,max_verstappen,Red Bull Racing,red_bull,Max,Verstappen,https://media.formula1.com/d_driver_fallback_image.png/content/dam/fom-website/drivers/M/MAXVER01_Max_Verstappen/maxver01.png.transform/1col/image.png,1.0,,,0 days 00:01:33.207000,0 days 00:01:32.701000,0 days 00:01:32.510000,,,,,33.9,45.7,36.3,1.9,False
2025,19,United States Grand Prix,Austin,Q,2025-10-19,4,NOR,norris,McLaren,mclaren,Lando,Norris,https://media.formula1.com/d_driver_fallback_image.png/content/dam/fom-website/drivers/L/LANNOR01_Lando_Norris/lannor01.png.transform/1col/image.png,2.0,,,0 days 00:01:33.843000,0 days 00:01:32.876000,0 days 00:01:32.801000,,,,,33.9,45.7,36.3,1.9,False
2025,19,United States Grand Prix,Austin,Q,2025-10-19,16,LEC,leclerc,Ferrari,ferrari,Charles,Leclerc,https://media.formula1.com/d_driver_fallback_image.png/content/dam/fom-website/drivers/C/CHALEC01_Charles_Leclerc/chalec01.png.transform/1col/image.png,3.0,,,0 days 00:01:33.525000,0 days 00:01:32.869000,0 days 00:01:32.807000,,,,,33.9,45.7,36.3,1.9,False
2025,19,United States Grand Prix,Austin,Q,2025-10-19,63,RUS,russell,Mercedes,mercedes,George,Russell,https://media.formula1.com/d_driver_fallback_image.png/content/dam/fom-website/drivers/G/GEORUS01_George_Russell/georus01.png.transform/1col/image.png,4.0,,,0 days 00:01:33.311000,0 days 00:01:33.058000,0 days 00:01:32.826000,,,,,33.9,45.7,36.3,1.9,False
2025,19,United States Grand Prix,Austin,Q,2025-10-19,44,HAM,hamilton,Ferrari,ferrari,Lewis,Hamilton,https://media.formula1.com/d_driver_fallback_image.png/content/dam/fom-website/drivers/L/LEWHAM01_Lewis_Hamilton/lewham01.png.transform/1col/image.png,5.0,,,0 days 00:01:33.685000,0 days 00:01:32.914000,0 days 00:01:32.912000,,,,,33.9,45.7,36.3,1.9,False
2025,19,United States Grand Prix,Austin,Q,2025-10-19,81,PIA,piastri,McLaren,mclaren,Oscar,Piastri,https://media.formula1.com/d_driver_fallback_image.png/content/dam/fom-website/drivers/O/OSCPIA01_Oscar_Piastri/oscpia01.png.transform/1col/image.png,6.0,,,0 days 00:01:33.746000,0 days 00:01:33.228000,0 days 00:01:33.084000,,,,,33.9,45.7,36.3,1.9,False
2025,19,United States Grand Prix,Austin,Q,2025-10-19,12,ANT,antonelli,Mercedes,mercedes,Kimi,Antonelli,https://media.formula1.com/d_driver_fallback_image.png/content/dam/fom-website/drivers/A/ANDANT01_Andrea%20Kimi_Antonelli/andant01.png.transform/1col/image.png,7.0,,,0 days 00:01:33.501000,0 days 00:01:33.044000,0 days 00:01:33.114000,,,,,33.9,45.7,36.3,1.9,False
2025,19,United States Grand Prix,Austin,Q,2025-10-19,87,BEA,bearman,Haas F1 Team,haas,Oliver,Bearman,https://media.formula1.com/d_driver_fallback_image.png/content/dam/fom-website/drivers/O/OLIBEA01_Oliver_Bearman/olibea01.png.transform/1col/image.png,8.0,,,0 days 00:01:33.921000,0 days 00:01:33.238000,0 days 00:01:33.139000,,,,,33.9,45.7,36.3,1.9,False
2025,19,United States Grand Prix,Austin,Q,2025-10-19,55,SAI,sainz,Williams,williams,Carlos,Sainz,https://media.formula1.com/d_driver_fallback_image.png/content/dam/fom-website/drivers/C/CARSAI01_Carlos_Sainz/carsai01.png.transform/1col/image.png,9.0,,,0 days 00:01:33.739000,0 days 00:01:33.124000,0 days 00:01:33.150000,,,,,33.9,45.7,36.3,1.9,False
2025,19,United States Grand Prix,Austin,Q,2025-10-19,14,ALO,alonso,Aston Martin,aston_martin,Fernando,Alonso,https://media.formula1.com/d_driver_fallback_image.png/content/dam/fom-website/drivers/F/FERALO01_Fernando_Alonso/feralo01.png.transform/1col/image.png,10.0,,,0 days 00:01:33.741000,0 days 00:01:33.237000,0 days 00:01:33.160000,,,,,33.9,45.7,36.3,1.9,False
2025,19,United States Grand Prix,Austin,Q,2025-10-19,27,HUL,hulkenberg,Kick Sauber,sauber,Nico,Hulkenberg,https://media.formula1.com/d_driver_fallback_image.png/content/dam/fom-website/drivers/N/NICHUL01_Nico_Hulkenberg/nichul01.png.transform/1col/image.png,11.0,,,0 days 00:01:33.551000,0 days 00:01:33.334000,,,,,,33.9,45.7,36.3,1.9,False
2025,19,United States Grand Prix,Austin,Q,2025-10-19,30,LAW,lawson,Racing Bulls,rb,Liam,Lawson,https://media.formula1.com/d_driver_fallback_image.png/content/dam/fom-website/drivers/L/LIALAW01_Liam_Lawson/lialaw01.png.transform/1col/image.png,12.0,,,0 days 00:01:33.549000,0 days 00:01:33.360000,,,,,,33.9,45.7,36.3,1.9,False
2025,19,United States Grand Prix,Austin,Q,2025-10-19,22,TSU,tsunoda,Red Bull Racing,red_bull,Yuki,Tsunoda,https://media.formula1.com/d_driver_fallback_image.png/content/dam/fom-website/drivers/Y/YUKTSU01_Yuki_Tsunoda/yuktsu01.png.transform/1col/image.png,13.0,,,0 days 00:01:33.935000,0 days 00:01:33.466000,,,,,,33.9,45.7,36.3,1.9,False
2025,19,United States Grand Prix,Austin,Q,2025-10-19,10,GAS,gasly,Alpine,alpine,Pierre,Gasly,https://media.formula1.com/d_driver_fallback_image.png/content/dam/fom-website/drivers/P/PIEGAS01_Pierre_Gasly/piegas01.png.transform/1col/image.png,14.0,,,0 days 00:01:33.599000,0 days 00:01:33.651000,,,,,,33.9,45.7,36.3,1.9,False
2025,19,United States Grand Prix,Austin,Q,2025-10-19,43,COL,colapinto,Alpine,alpine,Franco,Colapinto,None,15.0,,,0 days 00:01:34.039000,0 days 00:01:34.044000,,,,,,33.9,45.7,36.3,1.9,False
2025,19,United States Grand Prix,Austin,Q,2025-10-19,5,BOR,bortoleto,Kick Sauber,sauber,Gabriel,Bortoleto,https://media.formula1.com/d_driver_fallback_image.png/content/dam/fom-website/drivers/G/GABBOR01_Gabriel_Bortoleto/gabbor01.png.transform/1col/image.png,16.0,,,0 days 00:01:34.125000,,,,,,,33.9,45.7,36.3,1.9,False
2025,19,United States Grand Prix,Austin,Q,2025-10-19,31,OCO,ocon,Haas F1 Team,haas,Esteban,Ocon,https://media.formula1.com/d_driver_fallback_image.png/content/dam/fom-website/drivers/E/ESTOCO01_Esteban_Ocon/estoco01.png.transform/1col/image.png,17.0,,,0 days 00:01:34.136000,,,,,,,33.9,45.7,36.3,1.9,False
2025,19,United States Grand Prix,Austin,Q,2025-10-19,18,STR,stroll,Aston Martin,aston_martin,Lance,Stroll,https://media.formula1.com/d_driver_fallback_image.png/content/dam/fom-website/drivers/L/LANSTR01_Lance_Stroll/lanstr01.png.transform/1col/image.png,18.0,,,0 days 00:01:34.540000,,,,,,,33.9,45.7,36.3,1.9,False
2025,19,United States Grand Prix,Austin,Q,2025-10-19,23,ALB,albon,Williams,williams,Alexander,Albon,https://media.formula1.com/d_driver_fallback_image.png/content/dam/fom-website/drivers/A/ALEALB01_Alexander_Albon/alealb01.png.transform/1col/image.png,19.0,,,0 days 00:01:34.690000,,,,,,,33.9,45.7,36.3,1.9,False
2025,19,United States Grand Prix,Austin,Q,2025-10-19,6,HAD,hadjar,Racing Bulls,rb,Isack,Hadjar,https://media.formula1.com/d_driver_fallback_image.png/content/dam/fom-website/drivers/I/ISAHAD01_Isack_Hadjar/isahad01.png.transform/1col/image.png,20.0,,,,,,,,,,33.9,45.7,36.3,1.9,False
2025,20,Mexico City Grand Prix,Mexico City,Q,2025-10-26,4,NOR,norris,McLaren,mclaren,Lando,Norris,https://media.formula1.com/d_driver_fallback_image.png/content/dam/fom-website/drivers/L/LANNOR01_Lando_Norris/lannor01.png.transform/1col/image.png,1.0,,,0 days 00:01:16.899000,0 days 00:01:16.252000,0 days 00:01:15.586000,,,,,26.2,46.0,27.5,2.0,False
2025,20,Mexico City Grand Prix,Mexico City,Q,2025-10-26,16,LEC,leclerc,Ferrari,ferrari,Charles,Leclerc,https://media.formula1.com/d_driver_fallback_image.png/content/dam/fom-website/drivers/C/CHALEC01_Charles_Leclerc/chalec01.png.transform/1col/image.png,2.0,,,0 days 00:01:17.024000,0 days 00:01:16.658000,0 days 00:01:15.848000,,,,,26.2,46.0,27.5,2.0,False
2025,20,Mexico City Grand Prix,Mexico City,Q,2025-10-26,44,HAM,hamilton,Ferrari,ferrari,Lewis,Hamilton,https://media.formula1.com/d_driver_fallback_image.png/content/dam/fom-website/drivers/L/LEWHAM01_Lewis_Hamilton/lewham01.png.transform/1col/image.png,3.0,,,0 days 00:01:16.736000,0 days 00:01:16.458000,0 days 00:01:15.938000,,,,,26.2,46.0,27.5,2.0,False
2025,20,Mexico City Grand Prix,Mexico City,Q,2025-10-26,63,RUS,russell,Mercedes,mercedes,George,Russell,https://media.formula1.com/d_driver_fallback_image.png/content/dam/fom-website/drivers/G/GEORUS01_George_Russell/georus01.png.transform/1col/image.png,4.0,,,0 days 00:01:16.895000,0 days 00:01:16.537000,0 days 00:01:16.034000,,,,,26.2,46.0,27.5,2.0,False
2025,20,Mexico City Grand Prix,Mexico City,Q,2025-10-26,1,VER,max_verstappen,Red Bull Racing,red_bull,Max,Verstappen,https://media.formula1.com/d_driver_fallback_image.png/content/dam/fom-website/drivers/M/MAXVER01_Max_Verstappen/maxver01.png.transform/1col/image.png,5.0,,,0 days 00:01:17.076000,0 days 00:01:16.605000,0 days 00:01:16.070000,,,,,26.2,46.0,27.5,2.0,False
2025,20,Mexico City Grand Prix,Mexico City,Q,2025-10-26,12,ANT,antonelli,Mercedes,mercedes,Kimi,Antonelli,https://media.formula1.com/d_driver_fallback_image.png/content/dam/fom-website/drivers/A/ANDANT01_Andrea%20Kimi_Antonelli/andant01.png.transform/1col/image.png,6.0,,,0 days 00:01:17.291000,0 days 00:01:16.773000,0 days 00:01:16.118000,,,,,26.2,46.0,27.5,2.0,False
2025,20,Mexico City Grand Prix,Mexico City,Q,2025-10-26,55,SAI,sainz,Williams,williams,Carlos,Sainz,https://media.formula1.com/d_driver_fallback_image.png/content/dam/fom-website/drivers/C/CARSAI01_Carlos_Sainz/carsai01.png.transform/1col/image.png,7.0,,,0 days 00:01:17.171000,0 days 00:01:16.607000,0 days 00:01:16.172000,,,,,26.2,46.0,27.5,2.0,False
2025,20,Mexico City Grand Prix,Mexico City,Q,2025-10-26,81,PIA,piastri,McLaren,mclaren,Oscar,Piastri,https://media.formula1.com/d_driver_fallback_image.png/content/dam/fom-website/drivers/O/OSCPIA01_Oscar_Piastri/oscpia01.png.transform/1col/image.png,8.0,,,0 days 00:01:17.158000,0 days 00:01:16.737000,0 days 00:01:16.174000,,,,,26.2,46.0,27.5,2.0,False
2025,20,Mexico City Grand Prix,Mexico City,Q,2025-10-26,6,HAD,hadjar,Racing Bulls,rb,Isack,Hadjar,https://media.formula1.com/d_driver_fallback_image.png/content/dam/fom-website/drivers/I/ISAHAD01_Isack_Hadjar/isahad01.png.transform/1col/image.png,9.0,,,0 days 00:01:16.733000,0 days 00:01:16.804000,0 days 00:01:16.252000,,,,,26.2,46.0,27.5,2.0,False
2025,20,Mexico City Grand Prix,Mexico City,Q,2025-10-26,87,BEA,bearman,Haas F1 Team,haas,Oliver,Bearman,https://media.formula1.com/d_driver_fallback_image.png/content/dam/fom-website/drivers/O/OLIBEA01_Oliver_Bearman/olibea01.png.transform/1col/image.png,10.0,,,0 days 00:01:17.040000,0 days 00:01:16.787000,0 days 00:01:16.460000,,,,,26.2,46.0,27.5,2.0,False
2025,20,Mexico City Grand Prix,Mexico City,Q,2025-10-26,22,TSU,tsunoda,Red Bull Racing,red_bull,Yuki,Tsunoda,https://media.formula1.com/d_driver_fallback_image.png/content/dam/fom-website/drivers/Y/YUKTSU01_Yuki_Tsunoda/yuktsu01.png.transform/1col/image.png,11.0,,,0 days 00:01:17.234000,0 days 00:01:16.816000,,,,,,26.2,46.0,27.5,2.0,False
2025,20,Mexico City Grand Prix,Mexico City,Q,2025-10-26,31,OCO,ocon,Haas F1 Team,haas,Esteban,Ocon,https://media.formula1.com/d_driver_fallback_image.png/content/dam/fom-website/drivers/E/ESTOCO01_Esteban_Ocon/estoco01.png.transform/1col/image.png,12.0,,,0 days 00:01:16.948000,0 days 00:01:16.837000,,,,,,26.2,46.0,27.5,2.0,False
2025,20,Mexico City Grand Prix,Mexico City,Q,2025-10-26,27,HUL,hulkenberg,Kick Sauber,sauber,Nico,Hulkenberg,https://media.formula1.com/d_driver_fallback_image.png/content/dam/fom-website/drivers/N/NICHUL01_Nico_Hulkenberg/nichul01.png.transform/1col/image.png,13.0,,,0 days 00:01:17.251000,0 days 00:01:17.016000,,,,,,26.2,46.0,27.5,2.0,False
2025,20,Mexico City Grand Prix,Mexico City,Q,2025-10-26,14,ALO,alonso,Aston Martin,aston_martin,Fernando,Alonso,https://media.formula1.com/d_driver_fallback_image.png/content/dam/fom-website/drivers/F/FERALO01_Fernando_Alonso/feralo01.png.transform/1col/image.png,14.0,,,0 days 00:01:17.232000,0 days 00:01:17.103000,,,,,,26.2,46.0,27.5,2.0,False
2025,20,Mexico City Grand Prix,Mexico City,Q,2025-10-26,30,LAW,lawson,Racing Bulls,rb,Liam,Lawson,https://media.formula1.com/d_driver_fallback_image.png/content/dam/fom-website/drivers/L/LIALAW01_Liam_Lawson/lialaw01.png.transform/1col/image.png,15.0,,,0 days 00:01:16.961000,0 days 00:01:18.072000,,,,,,26.2,46.0,27.5,2.0,False
2025,20,Mexico City Grand Prix,Mexico City,Q,2025-10-26,5,BOR,bortoleto,Kick Sauber,sauber,Gabriel,Bortoleto,https://media.formula1.com/d_driver_fallback_image.png/content/dam/fom-website/drivers/G/GABBOR01_Gabriel_Bortoleto/gabbor01.png.transform/1col/image.png,16.0,,,0 days 00:01:17.412000,,,,,,,26.2,46.0,27.5,2.0,False
2025,20,Mexico City Grand Prix,Mexico City,Q,2025-10-26,23,ALB,albon,Williams,williams,Alexander,Albon,https://media.formula1.com/d_driver_fallback_image.png/content/dam/fom-website/drivers/A/ALEALB01_Alexander_Albon/alealb01.png.transform/1col/image.png,17.0,,,0 days 00:01:17.490000,,,,,,,26.2,46.0,27.5,2.0,False
2025,20,Mexico City Grand Prix,Mexico City,Q,2025-10-26,10,GAS,gasly,Alpine,alpine,Pierre,Gasly,https://media.formula1.com/d_driver_fallback_image.png/content/dam/fom-website/drivers/P/PIEGAS01_Pierre_Gasly/piegas01.png.transform/1col/image.png,18.0,,,0 days 00:01:17.546000,,,,,,,26.2,46.0,27.5,2.0,False
2025,20,Mexico City Grand Prix,Mexico City,Q,2025-10-26,18,STR,stroll,Aston Martin,aston_martin,Lance,Stroll,https://media.formula1.com/d_driver_fallback_image.png/content/dam/fom-website/drivers/L/LANSTR01_Lance_Stroll/lanstr01.png.transform/1col/image.png,19.0,,,0 days 00:01:17.606000,,,,,,,26.2,46.0,27.5,2.0,False
2025,20,Mexico City Grand Prix,Mexico City,Q,2025-10-26,43,COL,colapinto,Alpine,alpine,Franco,Colapinto,None,20.0,,,0 days 00:01:17.670000,,,,,,,26.2,46.0,27.5,2.0,False
2025,21,São Paulo Grand Prix,São Paulo,Q,2025-11-09,4,NOR,norris,McLaren,mclaren,Lando,Norris,https://media.formula1.com/d_driver_fallback_image.png/content/dam/fom-website/drivers/L/LANNOR01_Lando_Norris/lannor01.png.transform/1col/image.png,1.0,,,0 days 00:01:09.656000,0 days 00:01:09.616000,0 days 00:01:09.511000,,,,,26.0,40.3,56.5,1.5,False
2025,21,São Paulo Grand Prix,São Paulo,Q,2025-11-09,12,ANT,antonelli,Mercedes,mercedes,Kimi,Antonelli,https://media.formula1.com/d_driver_fallback_image.png/content/dam/fom-website/drivers/A/ANDANT01_Andrea%20Kimi_Antonelli/andant01.png.transform/1col/image.png,2.0,,,0 days 00:01:10.192000,0 days 00:01:09.774000,0 days 00:01:09.685000,,,,,26.0,40.3,56.5,1.5,False
2025,21,São Paulo Grand Prix,São Paulo,Q,2025-11-09,16,LEC,leclerc,Ferrari,ferrari,Charles,Leclerc,https://media.formula1.com/d_driver_fallback_image.png/content/dam/fom-website/drivers/C/CHALEC01_Charles_Leclerc/chalec01.png.transform/1col/image.png,3.0,,,0 days 00:01:09.934000,0 days 00:01:09.801000,0 days 00:01:09.805000,,,,,26.0,40.3,56.5,1.5,False
2025,21,São Paulo Grand Prix,São Paulo,Q,2025-11-09,81,PIA,piastri,McLaren,mclaren,Oscar,Piastri,https://media.formula1.com/d_driver_fallback_image.png/content/dam/fom-website/drivers/O/OSCPIA01_Oscar_Piastri/oscpia01.png.transform/1col/image.png,4.0,,,0 days 00:01:09.928000,0 days 00:01:09.835000,0 days 00:01:09.886000,,,,,26.0,40.3,56.5,1.5,False
2025,21,São Paulo Grand Prix,São Paulo,Q,2025-11-09,6,HAD,hadjar,Racing Bulls,rb,Isack,Hadjar,https://media.formula1.com/d_driver_fallback_image.png/content/dam/fom-website/drivers/I/ISAHAD01_Isack_Hadjar/isahad01.png.transform/1col/image.png,5.0,,,0 days 00:01:10.083000,0 days 00:01:09.970000,0 days 00:01:09.931000,,,,,26.0,40.3,56.5,1.5,False
2025,21,São Paulo Grand Prix,São Paulo,Q,2025-11-09,63,RUS,russell,Mercedes,mercedes,George,Russell,https://media.formula1.com/d_driver_fallback_image.png/content/dam/fom-website/drivers/G/GEORUS01_George_Russell/georus01.png.transform/1col/image.png,6.0,,,0 days 00:01:09.935000,0 days 00:01:09.880000,0 days 00:01:09.942000,,,,,26.0,40.3,56.5,1.5,False
2025,21,São Paulo Grand Prix,São Paulo,Q,2025-11-09,30,LAW,lawson,Racing Bulls,rb,Liam,Lawson,https://media.formula1.com/d_driver_fallback_image.png/content/dam/fom-website/drivers/L/LIALAW01_Liam_Lawson/lialaw01.png.transform/1col/image.png,7.0,,,0 days 00:01:10.108000,0 days 00:01:09.950000,0 days 00:01:09.962000,,,,,26.0,40.3,56.5,1.5,False
2025,21,São Paulo Grand Prix,São Paulo,Q,2025-11-09,87,BEA,bearman,Haas F1 Team,haas,Oliver,Bearman,https://media.formula1.com/d_driver_fallback_image.png/content/dam/fom-website/drivers/O/OLIBEA01_Oliver_Bearman/olibea01.png.transform/1col/image.png,8.0,,,0 days 00:01:09.891000,0 days 00:01:09.755000,0 days 00:01:09.977000,,,,,26.0,40.3,56.5,1.5,False
2025,21,São Paulo Grand Prix,São Paulo,Q,2025-11-09,10,GAS,gasly,Alpine,alpine,Pierre,Gasly,https://media.formula1.com/d_driver_fallback_image.png/content/dam/fom-website/drivers/P/PIEGAS01_Pierre_Gasly/piegas01.png.transform/1col/image.png,9.0,,,0 days 00:01:09.885000,0 days 00:01:09.857000,0 days 00:01:10.002000,,,,,26.0,40.3,56.5,1.5,False
2025,21,São Paulo Grand Prix,São Paulo,Q,2025-11-09,27,HUL,hulkenberg,Kick Sauber,sauber,Nico,Hulkenberg,https://media.formula1.com/d_driver_fallback_image.png/content/dam/fom-website/drivers/N/NICHUL01_Nico_Hulkenberg/nichul01.png.transform/1col/image.png,10.0,,,0 days 00:01:10.337000,0 days 00:01:09.985000,0 days 00:01:10.039000,,,,,26.0,40.3,56.5,1.5,False
2025,21,São Paulo Grand Prix,São Paulo,Q,2025-11-09,14,ALO,alonso,Aston Martin,aston_martin,Fernando,Alonso,https://media.formula1.com/d_driver_fallback_image.png/content/dam/fom-website/drivers/F/FERALO01_Fernando_Alonso/feralo01.png.transform/1col/image.png,11.0,,,0 days 00:01:10.181000,0 days 00:01:10.001000,,,,,,26.0,40.3,56.5,1.5,False
2025,21,São Paulo Grand Prix,São Paulo,Q,2025-11-09,23,ALB,albon,Williams,williams,Alexander,Albon,https://media.formula1.com/d_driver_fallback_image.png/content/dam/fom-website/drivers/A/ALEALB01_Alexander_Albon/alealb01.png.transform/1col/image.png,12.0,,,0 days 00:01:10.115000,0 days 00:01:10.053000,,,,,,26.0,40.3,56.5,1.5,False
2025,21,São Paulo Grand Prix,São Paulo,Q,2025-11-09,44,HAM,hamilton,Ferrari,ferrari,Lewis,Hamilton,https://media.formula1.com/d_driver_fallback_image.png/content/dam/fom-website/drivers/L/LEWHAM01_Lewis_Hamilton/lewham01.png.transform/1col/image.png,13.0,,,0 days 00:01:10.016000,0 days 00:01:10.100000,,,,,,26.0,40.3,56.5,1.5,False
2025,21,São Paulo Grand Prix,São Paulo,Q,2025-11-09,18,STR,stroll,Aston Martin,aston_martin,Lance,Stroll,https://media.formula1.com/d_driver_fallback_image.png/content/dam/fom-website/drivers/L/LANSTR01_Lance_Stroll/lanstr01.png.transform/1col/image.png,14.0,,,0 days 00:01:10.041000,0 days 00:01:10.161000,,,,,,26.0,40.3,56.5,1.5,False
2025,21,São Paulo Grand Prix,São Paulo,Q,2025-11-09,55,SAI,sainz,Williams,williams,Carlos,Sainz,https://media.formula1.com/d_driver_fallback_image.png/content/dam/fom-website/drivers/C/CARSAI01_Carlos_Sainz/carsai01.png.transform/1col/image.png,15.0,,,0 days 00:01:10.184000,0 days 00:01:10.472000,,,,,,26.0,40.3,56.5,1.5,False
2025,21,São Paulo Grand Prix,São Paulo,Q,2025-11-09,1,VER,max_verstappen,Red Bull Racing,red_bull,Max,Verstappen,https://media.formula1.com/d_driver_fallback_image.png/content/dam/fom-website/drivers/M/MAXVER01_Max_Verstappen/maxver01.png.transform/1col/image.png,16.0,,,0 days 00:01:10.403000,,,,,,,26.0,40.3,56.5,1.5,False
2025,21,São Paulo Grand Prix,São Paulo,Q,2025-11-09,31,OCO,ocon,Haas F1 Team,haas,Esteban,Ocon,https://media.formula1.com/d_driver_fallback_image.png/content/dam/fom-website/drivers/E/ESTOCO01_Esteban_Ocon/estoco01.png.transform/1col/image.png,17.0,,,0 days 00:01:10.438000,,,,,,,26.0,40.3,56.5,1.5,False
2025,21,São Paulo Grand Prix,São Paulo,Q,2025-11-09,43,COL,colapinto,Alpine,alpine,Franco,Colapinto,None,18.0,,,0 days 00:01:10.632000,,,,,,,26.0,40.3,56.5,1.5,False
2025,21,São Paulo Grand Prix,São Paulo,Q,2025-11-09,22,TSU,tsunoda,Red Bull Racing,red_bull,Yuki,Tsunoda,https://media.formula1.com/d_driver_fallback_image.png/content/dam/fom-website/drivers/Y/YUKTSU01_Yuki_Tsunoda/yuktsu01.png.transform/1col/image.png,19.0,,,0 days 00:01:10.711000,,,,,,,26.0,40.3,56.5,1.5,False
2025,21,São Paulo Grand Prix,São Paulo,Q,2025-11-09,5,BOR,nan,Kick Sauber,nan,Gabriel,Bortoleto,https://media.formula1.com/d_driver_fallback_image.png/content/dam/fom-website/drivers/G/GABBOR01_Gabriel_Bortoleto/gabbor01.png.transform/1col/image.png,,,,,,,,,,,26.0,40.3,56.5,1.5,False
2025,22,Las Vegas Grand Prix,Las Vegas,Q,2025-11-22,4,NOR,norris,McLaren,mclaren,Lando,Norris,https://media.formula1.com/d_driver_fallback_image.png/content/dam/fom-website/drivers/L/LANNOR01_Lando_Norris/lannor01.png.transform/1col/image.png,1.0,,,0 days 00:01:55.473000,0 days 00:01:51.379000,0 days 00:01:47.934000,,,,,11.7,12.5,65.5,1.6,True
2025,22,Las Vegas Grand Prix,Las Vegas,Q,2025-11-22,1,VER,max_verstappen,Red Bull Racing,red_bull,Max,Verstappen,https://media.formula1.com/d_driver_fallback_image.png/content/dam/fom-website/drivers/M/MAXVER01_Max_Verstappen/maxver01.png.transform/1col/image.png,2.0,,,0 days 00:01:53.458000,0 days 00:01:51.593000,0 days 00:01:48.257000,,,,,11.7,12.5,65.5,1.6,True
2025,22,Las Vegas Grand Prix,Las Vegas,Q,2025-11-22,55,SAI,sainz,Williams,williams,Carlos,Sainz,https://media.formula1.com/d_driver_fallback_image.png/content/dam/fom-website/drivers/C/CARSAI01_Carlos_Sainz/carsai01.png.transform/1col/image.png,3.0,,,0 days 00:01:54.873000,0 days 00:01:51.144000,0 days 00:01:48.296000,,,,,11.7,12.5,65.5,1.6,True
2025,22,Las Vegas Grand Prix,Las Vegas,Q,2025-11-22,63,RUS,russell,Mercedes,mercedes,George,Russell,https://media.formula1.com/d_driver_fallback_image.png/content/dam/fom-website/drivers/G/GEORUS01_George_Russell/georus01.png.transform/1col/image.png,4.0,,,0 days 00:01:53.144000,0 days 00:01:50.935000,0 days 00:01:48.803000,,,,,11.7,12.5,65.5,1.6,True
2025,22,Las Vegas Grand Prix,Las Vegas,Q,2025-11-22,81,PIA,piastri,McLaren,mclaren,Oscar,Piastri,https://media.formula1.com/d_driver_fallback_image.png/content/dam/fom-website/drivers/O/OSCPIA01_Oscar_Piastri/oscpia01.png.transform/1col/image.png,5.0,,,0 days 00:01:54.544000,0 days 00:01:52.126000,0 days 00:01:48.961000,,,,,11.7,12.5,65.5,1.6,True
2025,22,Las Vegas Grand Prix,Las Vegas,Q,2025-11-22,30,LAW,lawson,Racing Bulls,rb,Liam,Lawson,https://media.formula1.com/d_driver_fallback_image.png/content/dam/fom-website/drivers/L/LIALAW01_Liam_Lawson/lialaw01.png.transform/1col/image.png,6.0,,,0 days 00:01:54.828000,0 days 00:01:51.621000,0 days 00:01:49.062000,,,,,11.7,12.5,65.5,1.6,True
2025,22,Las Vegas Grand Prix,Las Vegas,Q,2025-11-22,14,ALO,alonso,Aston Martin,aston_martin,Fernando,Alonso,https://media.formula1.com/d_driver_fallback_image.png/content/dam/fom-website/drivers/F/FERALO01_Fernando_Alonso/feralo01.png.transform/1col/image.png,7.0,,,0 days 00:01:53.739000,0 days 00:01:51.865000,0 days 00:01:49.466000,,,,,11.7,12.5,65.5,1.6,True
2025,22,Las Vegas Grand Prix,Las Vegas,Q,2025-11-22,6,HAD,hadjar,Racing Bulls,rb,Isack,Hadjar,https://media.formula1.com/d_driver_fallback_image.png/content/dam/fom-website/drivers/I/ISAHAD01_Isack_Hadjar/isahad01.png.transform/1col/image.png,8.0,,,0 days 00:01:55.613000,0 days 00:01:51.120000,0 days 00:01:49.554000,,,,,11.7,12.5,65.5,1.6,True
2025,22,Las Vegas Grand Prix,Las Vegas,Q,2025-11-22,16,LEC,leclerc,Ferrari,ferrari,Charles,Leclerc,https://media.formula1.com/d_driver_fallback_image.png/content/dam/fom-website/drivers/C/CHALEC01_Charles_Leclerc/chalec01.png.transform/1col/image.png,9.0,,,0 days 00:01:54.814000,0 days 00:01:51.952000,0 days 00:01:49.872000,,,,,11.7,12.5,65.5,1.6,True
2025,22,Las Vegas Grand Prix,Las Vegas,Q,2025-11-22,10,GAS,gasly,Alpine,alpine,Pierre,Gasly,https://media.formula1.com/d_driver_fallback_image.png/content/dam/fom-website/drivers/P/PIEGAS01_Pierre_Gasly/piegas01.png.transform/1col/image.png,10.0,,,0 days 00:01:54.432000,0 days 00:01:51.760000,0 days 00:01:51.540000,,,,,11.7,12.5,65.5,1.6,True
2025,22,Las Vegas Grand Prix,Las Vegas,Q,2025-11-22,27,HUL,hulkenberg,Kick Sauber,sauber,Nico,Hulkenberg,https://media.formula1.com/d_driver_fallback_image.png/content/dam/fom-website/drivers/N/NICHUL01_Nico_Hulkenberg/nichul01.png.transform/1col/image.png,11.0,,,0 days 00:01:54.555000,0 days 00:01:52.781000,,,,,,11.7,12.5,65.5,1.6,True
2025,22,Las Vegas Grand Prix,Las Vegas,Q,2025-11-22,18,STR,stroll,Aston Martin,aston_martin,Lance,Stroll,https://media.formula1.com/d_driver_fallback_image.png/content/dam/fom-website/drivers/L/LANSTR01_Lance_Stroll/lanstr01.png.transform/1col/image.png,12.0,,,0 days 00:01:54.416000,0 days 00:01:52.850000,,,,,,11.7,12.5,65.5,1.6,True
2025,22,Las Vegas Grand Prix,Las Vegas,Q,2025-11-22,31,OCO,ocon,Haas F1 Team,haas,Esteban,Ocon,https://media.formula1.com/d_driver_fallback_image.png/content/dam/fom-website/drivers/E/ESTOCO01_Esteban_Ocon/estoco01.png.transform/1col/image.png,13.0,,,0 days 00:01:54.635000,0 days 00:01:52.987000,,,,,,11.7,12.5,65.5,1.6,True
2025,22,Las Vegas Grand Prix,Las Vegas,Q,2025-11-22,87,BEA,bearman,Haas F1 Team,haas,Oliver,Bearman,https://media.formula1.com/d_driver_fallback_image.png/content/dam/fom-website/drivers/O/OLIBEA01_Oliver_Bearman/olibea01.png.transform/1col/image.png,14.0,,,0 days 00:01:56.016000,0 days 00:01:53.094000,,,,,,11.7,12.5,65.5,1.6,True
2025,22,Las Vegas Grand Prix,Las Vegas,Q,2025-11-22,43,COL,colapinto,Alpine,alpine,Franco,Colapinto,None,15.0,,,0 days 00:01:54.847000,0 days 00:01:53.683000,,,,,,11.7,12.5,65.5,1.6,True
2025,22,Las Vegas Grand Prix,Las Vegas,Q,2025-11-22,23,ALB,albon,Williams,williams,Alexander,Albon,https://media.formula1.com/d_driver_fallback_image.png/content/dam/fom-website/drivers/A/ALEALB01_Alexander_Albon/alealb01.png.transform/1col/image.png,16.0,,,0 days 00:01:56.220000,,,,,,,11.7,12.5,65.5,1.6,True
2025,22,Las Vegas Grand Prix,Las Vegas,Q,2025-11-22,12,ANT,antonelli,Mercedes,mercedes,Kimi,Antonelli,https://media.formula1.com/d_driver_fallback_image.png/content/dam/fom-website/drivers/A/ANDANT01_Andrea%20Kimi_Antonelli/andant01.png.transform/1col/image.png,17.0,,,0 days 00:01:56.314000,,,,,,,11.7,12.5,65.5,1.6,True
2025,22,Las Vegas Grand Prix,Las Vegas,Q,2025-11-22,5,BOR,bortoleto,Kick Sauber,sauber,Gabriel,Bortoleto,https://media.formula1.com/d_driver_fallback_image.png/content/dam/fom-website/drivers/G/GABBOR01_Gabriel_Bortoleto/gabbor01.png.transform/1col/image.png,18.0,,,0 days 00:01:56.674000,,,,,,,11.7,12.5,65.5,1.6,True
2025,22,Las Vegas Grand Prix,Las Vegas,Q,2025-11-22,22,TSU,tsunoda,Red Bull Racing,red_bull,Yuki,Tsunoda,https://media.formula1.com/d_driver_fallback_image.png/content/dam/fom-website/drivers/Y/YUKTSU01_Yuki_Tsunoda/yuktsu01.png.transform/1col/image.png,19.0,,,0 days 00:01:56.798000,,,,,,,11.7,12.5,65.5,1.6,True
2025,22,Las Vegas Grand Prix,Las Vegas,Q,2025-11-22,44,HAM,hamilton,Ferrari,ferrari,Lewis,Hamilton,https://media.formula1.com/d_driver_fallback_image.png/content/dam/fom-website/drivers/L/LEWHAM01_Lewis_Hamilton/lewham01.png.transform/1col/image.png,20.0,,,0 days 00:01:57.115000,,,,,,,11.7,12.5,65.5,1.6,True
2025,23,Qatar Grand Prix,Lusail,Q,2025-11-30,81,PIA,piastri,McLaren,mclaren,Oscar,Piastri,https://media.formula1.com/d_driver_fallback_image.png/content/dam/fom-website/drivers/O/OSCPIA01_Oscar_Piastri/oscpia01.png.transform/1col/image.png,1.0,,,0 days 00:01:20.234000,0 days 00:01:19.650000,0 days 00:01:19.387000,,,,,20.5,25.5,74.7,0.8,False
2025,23,Qatar Grand Prix,Lusail,Q,2025-11-30,4,NOR,norris,McLaren,mclaren,Lando,Norris,https://media.formula1.com/d_driver_fallback_image.png/content/dam/fom-website/drivers/L/LANNOR01_Lando_Norris/lannor01.png.transform/1col/image.png,2.0,,,0 days 00:01:20.157000,0 days 00:01:19.861000,0 days 00:01:19.495000,,,,,20.5,25.5,74.7,0.8,False
2025,23,Qatar Grand Prix,Lusail,Q,2025-11-30,1,VER,max_verstappen,Red Bull Racing,red_bull,Max,Verstappen,https://media.formula1.com/d_driver_fallback_image.png/content/dam/fom-website/drivers/M/MAXVER01_Max_Verstappen/maxver01.png.transform/1col/image.png,3.0,,,0 days 00:01:20.472000,0 days 00:01:19.985000,0 days 00:01:19.651000,,,,,20.5,25.5,74.7,0.8,False
2025,23,Qatar Grand Prix,Lusail,Q,2025-11-30,63,RUS,russell,Mercedes,mercedes,George,Russell,https://media.formula1.com/d_driver_fallback_image.png/content/dam/fom-website/drivers/G/GEORUS01_George_Russell/georus01.png.transform/1col/image.png,4.0,,,0 days 00:01:20.074000,0 days 00:01:20.186000,0 days 00:01:19.662000,,,,,20.5,25.5,74.7,0.8,False
2025,23,Qatar Grand Prix,Lusail,Q,2025-11-30,12,ANT,antonelli,Mercedes,mercedes,Kimi,Antonelli,https://media.formula1.com/d_driver_fallback_image.png/content/dam/fom-website/drivers/A/ANDANT01_Andrea%20Kimi_Antonelli/andant01.png.transform/1col/image.png,5.0,,,0 days 00:01:20.576000,0 days 00:01:20.084000,0 days 00:01:19.846000,,,,,20.5,25.5,74.7,0.8,False
2025,23,Qatar Grand Prix,Lusail,Q,2025-11-30,6,HAD,hadjar,Racing Bulls,rb,Isack,Hadjar,https://media.formula1.com/d_driver_fallback_image.png/content/dam/fom-website/drivers/I/ISAHAD01_Isack_Hadjar/isahad01.png.transform/1col/image.png,6.0,,,0 days 00:01:20.603000,0 days 00:01:20.350000,0 days 00:01:20.114000,,,,,20.5,25.5,74.7,0.8,False
2025,23,Qatar Grand Prix,Lusail,Q,2025-11-30,55,SAI,sainz,Williams,williams,Carlos,Sainz,https://media.formula1.com/d_driver_fallback_image.png/content/dam/fom-website/drivers/C/CARSAI01_Carlos_Sainz/carsai01.png.transform/1col/image.png,7.0,,,0 days 00:01:20.520000,0 days 00:01:20.251000,0 days 00:01:20.287000,,,,,20.5,25.5,74.7,0.8,False
2025,23,Qatar Grand Prix,Lusail,Q,2025-11-30,14,ALO,alonso,Aston Martin,aston_martin,Fernando,Alonso,https://media.formula1.com/d_driver_fallback_image.png/content/dam/fom-website/drivers/F/FERALO01_Fernando_Alonso/feralo01.png.transform/1col/image.png,8.0,,,0 days 00:01:20.598000,0 days 00:01:20.219000,0 days 00:01:20.418000,,,,,20.5,25.5,74.7,0.8,False
2025,23,Qatar Grand Prix,Lusail,Q,2025-11-30,10,GAS,gasly,Alpine,alpine,Pierre,Gasly,https://media.formula1.com/d_driver_fallback_image.png/content/dam/fom-website/drivers/P/PIEGAS01_Pierre_Gasly/piegas01.png.transform/1col/image.png,9.0,,,0 days 00:01:20.681000,0 days 00:01:20.324000,0 days 00:01:20.477000,,,,,20.5,25.5,74.7,0.8,False
2025,23,Qatar Grand Prix,Lusail,Q,2025-11-30,16,LEC,leclerc,Ferrari,ferrari,Charles,Leclerc,https://media.formula1.com/d_driver_fallback_image.png/content/dam/fom-website/drivers/C/CHALEC01_Charles_Leclerc/chalec01.png.transform/1col/image.png,10.0,,,0 days 00:01:20.564000,0 days 00:01:20.343000,0 days 00:01:20.561000,,,,,20.5,25.5,74.7,0.8,False
2025,23,Qatar Grand Prix,Lusail,Q,2025-11-30,27,HUL,hulkenberg,Kick Sauber,sauber,Nico,Hulkenberg,https://media.formula1.com/d_driver_fallback_image.png/content/dam/fom-website/drivers/N/NICHUL01_Nico_Hulkenberg/nichul01.png.transform/1col/image.png,11.0,,,0 days 00:01:20.630000,0 days 00:01:20.353000,,,,,,20.5,25.5,74.7,0.8,False
2025,23,Qatar Grand Prix,Lusail,Q,2025-11-30,30,LAW,lawson,Racing Bulls,rb,Liam,Lawson,https://media.formula1.com/d_driver_fallback_image.png/content/dam/fom-website/drivers/L/LIALAW01_Liam_Lawson/lialaw01.png.transform/1col/image.png,12.0,,,0 days 00:01:20.539000,0 days 00:01:20.433000,,,,,,20.5,25.5,74.7,0.8,False
2025,23,Qatar Grand Prix,Lusail,Q,2025-11-30,87,BEA,bearman,Haas F1 Team,haas,Oliver,Bearman,https://media.formula1.com/d_driver_fallback_image.png/content/dam/fom-website/drivers/O/OLIBEA01_Oliver_Bearman/olibea01.png.transform/1col/image.png,13.0,,,0 days 00:01:20.548000,0 days 00:01:20.438000,,,,,,20.5,25.5,74.7,0.8,False
2025,23,Qatar Grand Prix,Lusail,Q,2025-11-30,5,BOR,bortoleto,Kick Sauber,sauber,Gabriel,Bortoleto,https://media.formula1.com/d_driver_fallback_image.png/content/dam/fom-website/drivers/G/GABBOR01_Gabriel_Bortoleto/gabbor01.png.transform/1col/image.png,14.0,,,0 days 00:01:20.653000,0 days 00:01:20.534000,,,,,,20.5,25.5,74.7,0.8,False
2025,23,Qatar Grand Prix,Lusail,Q,2025-11-30,23,ALB,albon,Williams,williams,Alexander,Albon,https://media.formula1.com/d_driver_fallback_image.png/content/dam/fom-website/drivers/A/ALEALB01_Alexander_Albon/alealb01.png.transform/1col/image.png,15.0,,,0 days 00:01:20.629000,0 days 00:01:20.629000,,,,,,20.5,25.5,74.7,0.8,False
2025,23,Qatar Grand Prix,Lusail,Q,2025-11-30,22,TSU,tsunoda,Red Bull Racing,red_bull,Yuki,Tsunoda,https://media.formula1.com/d_driver_fallback_image.png/content/dam/fom-website/drivers/Y/YUKTSU01_Yuki_Tsunoda/yuktsu01.png.transform/1col/image.png,16.0,,,0 days 00:01:20.761000,,,,,,,20.5,25.5,74.7,0.8,False
2025,23,Qatar Grand Prix,Lusail,Q,2025-11-30,31,OCO,ocon,Haas F1 Team,haas,Esteban,Ocon,https://media.formula1.com/d_driver_fallback_image.png/content/dam/fom-website/drivers/E/ESTOCO01_Esteban_Ocon/estoco01.png.transform/1col/image.png,17.0,,,0 days 00:01:20.864000,,,,,,,20.5,25.5,74.7,0.8,False
2025,23,Qatar Grand Prix,Lusail,Q,2025-11-30,44,HAM,hamilton,Ferrari,ferrari,Lewis,Hamilton,https://media.formula1.com/d_driver_fallback_image.png/content/dam/fom-website/drivers/L/LEWHAM01_Lewis_Hamilton/lewham01.png.transform/1col/image.png,18.0,,,0 days 00:01:20.907000,,,,,,,20.5,25.5,74.7,0.8,False
2025,23,Qatar Grand Prix,Lusail,Q,2025-11-30,18,STR,stroll,Aston Martin,aston_martin,Lance,Stroll,https://media.formula1.com/d_driver_fallback_image.png/content/dam/fom-website/drivers/L/LANSTR01_Lance_Stroll/lanstr01.png.transform/1col/image.png,19.0,,,0 days 00:01:21.058000,,,,,,,20.5,25.5,74.7,0.8,False
2025,23,Qatar Grand Prix,Lusail,Q,2025-11-30,43,COL,colapinto,Alpine,alpine,Franco,Colapinto,None,20.0,,,0 days 00:01:21.137000,,,,,,,20.5,25.5,74.7,0.8,False
2025,24,Abu Dhabi Grand Prix,Yas Island,Q,2025-12-07,1,VER,max_verstappen,Red Bull Racing,red_bull,Max,Verstappen,https://media.formula1.com/d_driver_fallback_image.png/content/dam/fom-website/drivers/M/MAXVER01_Max_Verstappen/maxver01.png.transform/1col/image.png,1.0,,,0 days 00:01:22.877000,0 days 00:01:22.752000,0 days 00:01:22.207000,,,,,25.1,29.1,76.7,1.1,False
2025,24,Abu Dhabi Grand Prix,Yas Island,Q,2025-12-07,4,NOR,norris,McLaren,mclaren,Lando,Norris,https://media.formula1.com/d_driver_fallback_image.png/content/dam/fom-website/drivers/L/LANNOR01_Lando_Norris/lannor01.png.transform/1col/image.png,2.0,,,0 days 00:01:23.178000,0 days 00:01:22.804000,0 days 00:01:22.408000,,,,,25.1,29.1,76.7,1.1,False
2025,24,Abu Dhabi Grand Prix,Yas Island,Q,2025-12-07,81,PIA,piastri,McLaren,mclaren,Oscar,Piastri,https://media.formula1.com/d_driver_fallback_image.png/content/dam/fom-website/drivers/O/OSCPIA01_Oscar_Piastri/oscpia01.png.transform/1col/image.png,3.0,,,0 days 00:01:22.605000,0 days 00:01:23.021000,0 days 00:01:22.437000,,,,,25.1,29.1,76.7,1.1,False
2025,24,Abu Dhabi Grand Prix,Yas Island,Q,2025-12-07,63,RUS,russell,Mercedes,mercedes,George,Russell,https://media.formula1.com/d_driver_fallback_image.png/content/dam/fom-website/drivers/G/GEORUS01_George_Russell/georus01.png.transform/1col/image.png,4.0,,,0 days 00:01:23.247000,0 days 00:01:22.730000,0 days 00:01:22.645000,,,,,25.1,29.1,76.7,1.1,False
2025,24,Abu Dhabi Grand Prix,Yas Island,Q,2025-12-07,16,LEC,leclerc,Ferrari,ferrari,Charles,Leclerc,https://media.formula1.com/d_driver_fallback_image.png/content/dam/fom-website/drivers/C/CHALEC01_Charles_Leclerc/chalec01.png.transform/1col/image.png,5.0,,,0 days 00:01:23.163000,0 days 00:01:22.948000,0 days 00:01:22.730000,,,,,25.1,29.1,76.7,1.1,False
2025,24,Abu Dhabi Grand Prix,Yas Island,Q,2025-12-07,14,ALO,alonso,Aston Martin,aston_martin,Fernando,Alonso,https://media.formula1.com/d_driver_fallback_image.png/content/dam/fom-website/drivers/F/FERALO01_Fernando_Alonso/feralo01.png.transform/1col/image.png,6.0,,,0 days 00:01:23.071000,0 days 00:01:22.861000,0 days 00:01:22.902000,,,,,25.1,29.1,76.7,1.1,False
2025,24,Abu Dhabi Grand Prix,Yas Island,Q,2025-12-07,5,BOR,bortoleto,Kick Sauber,sauber,Gabriel,Bortoleto,https://media.formula1.com/d_driver_fallback_image.png/content/dam/fom-website/drivers/G/GABBOR01_Gabriel_Bortoleto/gabbor01.png.transform/1col/image.png,7.0,,,0 days 00:01:23.374000,0 days 00:01:22.874000,0 days 00:01:22.904000,,,,,25.1,29.1,76.7,1.1,False
2025,24,Abu Dhabi Grand Prix,Yas Island,Q,2025-12-07,31,OCO,ocon,Haas F1 Team,haas,Esteban,Ocon,https://media.formula1.com/d_driver_fallback_image.png/content/dam/fom-website/drivers/E/ESTOCO01_Esteban_Ocon/estoco01.png.transform/1col/image.png,8.0,,,0 days 00:01:23.334000,0 days 00:01:23.023000,0 days 00:01:22.913000,,,,,25.1,29.1,76.7,1.1,False
2025,24,Abu Dhabi Grand Prix,Yas Island,Q,2025-12-07,6,HAD,hadjar,Racing Bulls,rb,Isack,Hadjar,https://media.formula1.com/d_driver_fallback_image.png/content/dam/fom-website/drivers/I/ISAHAD01_Isack_Hadjar/isahad01.png.transform/1col/image.png,9.0,,,0 days 00:01:23.373000,0 days 00:01:22.997000,0 days 00:01:23.072000,,,,,25.1,29.1,76.7,1.1,False
2025,24,Abu Dhabi Grand Prix,Yas Island,Q,2025-12-07,22,TSU,tsunoda,Red Bull Racing,red_bull,Yuki,Tsunoda,https://media.formula1.com/d_driver_fallback_image.png/content/dam/fom-website/drivers/Y/YUKTSU01_Yuki_Tsunoda/yuktsu01.png.transform/1col/image.png,10.0,,,0 days 00:01:23.386000,0 days 00:01:23.034000,,,,,,25.1,29.1,76.7,1.1,False
2025,24,Abu Dhabi Grand Prix,Yas Island,Q,2025-12-07,87,BEA,bearman,Haas F1 Team,haas,Oliver,Bearman,https://media.formula1.com/d_driver_fallback_image.png/content/dam/fom-website/drivers/O/OLIBEA01_Oliver_Bearman/olibea01.png.transform/1col/image.png,11.0,,,0 days 00:01:23.254000,0 days 00:01:23.041000,,,,,,25.1,29.1,76.7,1.1,False
2025,24,Abu Dhabi Grand Prix,Yas Island,Q,2025-12-07,55,SAI,sainz,Williams,williams,Carlos,Sainz,https://media.formula1.com/d_driver_fallback_image.png/content/dam/fom-website/drivers/C/CARSAI01_Carlos_Sainz/carsai01.png.transform/1col/image.png,12.0,,,0 days 00:01:23.187000,0 days 00:01:23.042000,,,,,,25.1,29.1,76.7,1.1,False
2025,24,Abu Dhabi Grand Prix,Yas Island,Q,2025-12-07,30,LAW,lawson,Racing Bulls,rb,Liam,Lawson,https://media.formula1.com/d_driver_fallback_image.png/content/dam/fom-website/drivers/L/LIALAW01_Liam_Lawson/lialaw01.png.transform/1col/image.png,13.0,,,0 days 00:01:23.265000,0 days 00:01:23.077000,,,,,,25.1,29.1,76.7,1.1,False
2025,24,Abu Dhabi Grand Prix,Yas Island,Q,2025-12-07,12,ANT,antonelli,Mercedes,mercedes,Kimi,Antonelli,https://media.formula1.com/d_driver_fallback_image.png/content/dam/fom-website/drivers/A/ANDANT01_Andrea%20Kimi_Antonelli/andant01.png.transform/1col/image.png,14.0,,,0 days 00:01:22.894000,0 days 00:01:23.080000,,,,,,25.1,29.1,76.7,1.1,False
2025,24,Abu Dhabi Grand Prix,Yas Island,Q,2025-12-07,18,STR,stroll,Aston Martin,aston_martin,Lance,Stroll,https://media.formula1.com/d_driver_fallback_image.png/content/dam/fom-website/drivers/L/LANSTR01_Lance_Stroll/lanstr01.png.transform/1col/image.png,15.0,,,0 days 00:01:23.316000,0 days 00:01:23.097000,,,,,,25.1,29.1,76.7,1.1,False
2025,24,Abu Dhabi Grand Prix,Yas Island,Q,2025-12-07,44,HAM,hamilton,Ferrari,ferrari,Lewis,Hamilton,https://media.formula1.com/d_driver_fallback_image.png/content/dam/fom-website/drivers/L/LEWHAM01_Lewis_Hamilton/lewham01.png.transform/1col/image.png,16.0,,,0 days 00:01:23.394000,,,,,,,25.1,29.1,76.7,1.1,False
2025,24,Abu Dhabi Grand Prix,Yas Island,Q,2025-12-07,23,ALB,albon,Williams,williams,Alexander,Albon,https://media.formula1.com/d_driver_fallback_image.png/content/dam/fom-website/drivers/A/ALEALB01_Alexander_Albon/alealb01.png.transform/1col/image.png,17.0,,,0 days 00:01:23.416000,,,,,,,25.1,29.1,76.7,1.1,False
2025,24,Abu Dhabi Grand Prix,Yas Island,Q,2025-12-07,27,HUL,hulkenberg,Kick Sauber,sauber,Nico,Hulkenberg,https://media.formula1.com/d_driver_fallback_image.png/content/dam/fom-website/drivers/N/NICHUL01_Nico_Hulkenberg/nichul01.png.transform/1col/image.png,18.0,,,0 days 00:01:23.450000,,,,,,,25.1,29.1,76.7,1.1,False
2025,24,Abu Dhabi Grand Prix,Yas Island,Q,2025-12-07,10,GAS,gasly,Alpine,alpine,Pierre,Gasly,https://media.formula1.com/d_driver_fallback_image.png/content/dam/fom-website/drivers/P/PIEGAS01_Pierre_Gasly/piegas01.png.transform/1col/image.png,19.0,,,0 days 00:01:23.468000,,,,,,,25.1,29.1,76.7,1.1,False
2025,24,Abu Dhabi Grand Prix,Yas Island,Q,2025-12-07,43,COL,colapinto,Alpine,alpine,Franco,Colapinto,None,20.0,,,0 days 00:01:23.890000,,,,,,,25.1,29.1,76.7,1.1,False
