Season,Round,EventName,Circuit,SessionType,EventDate,DriverNumber,Abbreviation,DriverId,TeamName,TeamId,FirstName,LastName,HeadshotUrl,Position,ClassifiedPosition,GridPosition,Q1,Q2,Q3,Time,Status,Points,Laps,AirTemp_mean,TrackTemp_mean,Humidity_mean,WindSpeed_mean,Rainfall
2025,1,Australian Grand Prix,Melbourne,R,2025-03-16,4,NOR,norris,McLaren,mclaren,Lando,Norris,https://media.formula1.com/d_driver_fallback_image.png/content/dam/fom-website/drivers/L/LANNOR01_Lando_Norris/lannor01.png.transform/1col/image.png,1.0,1,1.0,,,,0 days 01:42:06.304000,Finished,25.0,57.0,15.7,18.9,78.4,3.5,True
2025,1,Australian Grand Prix,Melbourne,R,2025-03-16,1,VER,max_verstappen,Red Bull Racing,red_bull,Max,Verstappen,https://media.formula1.com/d_driver_fallback_image.png/content/dam/fom-website/drivers/M/MAXVER01_Max_Verstappen/maxver01.png.transform/1col/image.png,2.0,2,3.0,,,,0 days 00:00:00.895000,Finished,18.0,57.0,15.7,18.9,78.4,3.5,True
2025,1,Australian Grand Prix,Melbourne,R,2025-03-16,63,RUS,russell,Mercedes,mercedes,George,Russell,https://media.formula1.com/d_driver_fallback_image.png/content/dam/fom-website/drivers/G/GEORUS01_George_Russell/georus01.png.transform/1col/image.png,3.0,3,4.0,,,,0 days 00:00:08.481000,Finished,15.0,57.0,15.7,18.9,78.4,3.5,True
2025,1,Australian Grand Prix,Melbourne,R,2025-03-16,12,ANT,antonelli,Mercedes,mercedes,Andrea Kimi,Antonelli,https://media.formula1.com/d_driver_fallback_image.png/content/dam/fom-website/drivers/A/ANDANT01_Andrea%20Kimi_Antonelli/andant01.png.transform/1col/image.png,4.0,4,16.0,,,,0 days 00:00:10.135000,Finished,12.0,57.0,15.7,18.9,78.4,3.5,True
2025,1,Australian Grand Prix,Melbourne,R,2025-03-16,23,ALB,albon,Williams,williams,Alexander,Albon,https://media.formula1.com/d_driver_fallback_image.png/content/dam/fom-website/drivers/A/ALEALB01_Alexander_Albon/alealb01.png.transform/1col/image.png,5.0,5,6.0,,,,0 days 00:00:12.773000,Finished,10.0,57.0,15.7,18.9,78.4,3.5,True
2025,1,Australian Grand Prix,Melbourne,R,2025-03-16,18,STR,stroll,Aston Martin,aston_martin,Lance,Stroll,https://media.formula1.com/d_driver_fallback_image.png/content/dam/fom-website/drivers/L/LANSTR01_Lance_Stroll/lanstr01.png.transform/1col/image.png,6.0,6,13.0,,,,0 days 00:00:17.413000,Finished,8.0,57.0,15.7,18.9,78.4,3.5,True
2025,1,Australian Grand Prix,Melbourne,R,2025-03-16,27,HUL,hulkenberg,Kick Sauber,sauber,Nico,Hulkenberg,https://media.formula1.com/d_driver_fallback_image.png/content/dam/fom-website/drivers/N/NICHUL01_Nico_Hulkenberg/nichul01.png.transform/1col/image.png,7.0,7,17.0,,,,0 days 00:00:18.423000,Finished,6.0,57.0,15.7,18.9,78.4,3.5,True
2025,1,Australian Grand Prix,Melbourne,R,2025-03-16,16,LEC,leclerc,Ferrari,ferrari,Charles,Leclerc,https://media.formula1.com/d_driver_fallback_image.png/content/dam/fom-website/drivers/C/CHALEC01_Charles_Leclerc/chalec01.png.transform/1col/image.png,8.0,8,7.0,,,,0 days 00:00:19.826000,Finished,4.0,57.0,15.7,18.9,78.4,3.5,True
2025,1,Australian Grand Prix,Melbourne,R,2025-03-16,81,PIA,piastri,McLaren,mclaren,Oscar,Piastri,https://media.formula1.com/d_driver_fallback_image.png/content/dam/fom-website/drivers/O/OSCPIA01_Oscar_Piastri/oscpia01.png.transform/1col/image.png,9.0,9,2.0,,,,0 days 00:00:20.448000,Finished,2.0,57.0,15.7,18.9,78.4,3.5,True
2025,1,Australian Grand Prix,Melbourne,R,2025-03-16,44,HAM,hamilton,Ferrari,ferrari,Lewis,Hamilton,https://media.formula1.com/d_driver_fallback_image.png/content/dam/fom-website/drivers/L/LEWHAM01_Lewis_Hamilton/lewham01.png.transform/1col/image.png,10.0,10,8.0,,,,0 days 00:00:22.473000,Finished,1.0,57.0,15.7,18.9,78.4,3.5,True
2025,1,Australian Grand Prix,Melbourne,R,2025-03-16,10,GAS,gasly,Alpine,alpine,Pierre,Gasly,https://media.formula1.com/d_driver_fallback_image.png/content/dam/fom-website/drivers/P/PIEGAS01_Pierre_Gasly/piegas01.png.transform/1col/image.png,11.0,11,9.0,,,,0 days 00:00:26.502000,Finished,0.0,57.0,15.7,18.9,78.4,3.5,True
2025,1,Australian Grand Prix,Melbourne,R,2025-03-16,22,TSU,tsunoda,Racing Bulls,rb,Yuki,Tsunoda,https://media.formula1.com/d_driver_fallback_image.png/content/dam/fom-website/drivers/Y/YUKTSU01_Yuki_Tsunoda/yuktsu01.png.transform/1col/image.png,12.0,12,5.0,,,,0 days 00:00:29.884000,Finished,0.0,57.0,15.7,18.9,78.4,3.5,True
2025,1,Australian Grand Prix,Melbourne,R,2025-03-16,31,OCO,ocon,Haas F1 Team,haas,Esteban,Ocon,https://media.formula1.com/d_driver_fallback_image.png/content/dam/fom-website/drivers/E/ESTOCO01_Esteban_Ocon/estoco01.png.transform/1col/image.png,13.0,13,19.0,,,,0 days 00:00:33.161000,Finished,0.0,57.0,15.7,18.9,78.4,3.5,True
2025,1,Australian Grand Prix,Melbourne,R,2025-03-16,87,BEA,bearman,Haas F1 Team,haas,Oliver,Bearman,https://media.formula1.com/d_driver_fallback_image.png/content/dam/fom-website/drivers/O/OLIBEA01_Oliver_Bearman/olibea01.png.transform/1col/image.png,14.0,14,20.0,,,,0 days 00:00:40.351000,Finished,0.0,57.0,15.7,18.9,78.4,3.5,True
2025,1,Australian Grand Prix,Melbourne,R,2025-03-16,30,LAW,lawson,Red Bull Racing,red_bull,Liam,Lawson,https://media.formula1.com/d_driver_fallback_image.png/content/dam/fom-website/drivers/L/LIALAW01_Liam_Lawson/lialaw01.png.transform/1col/image.png,15.0,R,18.0,,,,,Retired,0.0,46.0,15.7,18.9,78.4,3.5,True
2025,1,Australian Grand Prix,Melbourne,R,2025-03-16,5,BOR,bortoleto,Kick Sauber,sauber,Gabriel,Bortoleto,https://media.formula1.com/d_driver_fallback_image.png/content/dam/fom-website/drivers/G/GABBOR01_Gabriel_Bortoleto/gabbor01.png.transform/1col/image.png,16.0,R,15.0,,,,,Retired,0.0,45.0,15.7,18.9,78.4,3.5,True
2025,1,Australian Grand Prix,Melbourne,R,2025-03-16,14,ALO,alonso,Aston Martin,aston_martin,Fernando,Alonso,https://media.formula1.com/d_driver_fallback_image.png/content/dam/fom-website/drivers/F/FERALO01_Fernando_Alonso/feralo01.png.transform/1col/image.png,17.0,R,12.0,,,,,Retired,0.0,32.0,15.7,18.9,78.4,3.5,True
2025,1,Australian Grand Prix,Melbourne,R,2025-03-16,55,SAI,sainz,Williams,williams,Carlos,Sainz,https://media.formula1.com/d_driver_fallback_image.png/content/dam/fom-website/drivers/C/CARSAI01_Carlos_Sainz/carsai01.png.transform/1col/image.png,18.0,R,10.0,,,,,Retired,0.0,0.0,15.7,18.9,78.4,3.5,True
2025,1,Australian Grand Prix,Melbourne,R,2025-03-16,7,DOO,doohan,Alpine,alpine,Jack,Doohan,https://media.formula1.com/d_driver_fallback_image.png/content/dam/fom-website/drivers/J/JACDOO01_Jack_Doohan/jacdoo01.png.transform/1col/image.png,19.0,R,14.0,,,,,Retired,0.0,0.0,15.7,18.9,78.4,3.5,True
2025,1,Australian Grand Prix,Melbourne,R,2025-03-16,6,HAD,hadjar,Racing Bulls,rb,Isack,Hadjar,https://media.formula1.com/d_driver_fallback_image.png/content/dam/fom-website/drivers/I/ISAHAD01_Isack_Hadjar/isahad01.png.transform/1col/image.png,20.0,R,11.0,,,,,Retired,0.0,0.0,15.7,18.9,78.4,3.5,True
2025,2,Chinese Grand Prix,Shanghai,R,2025-03-23,81,PIA,piastri,McLaren,mclaren,Oscar,Piastri,https://media.formula1.com/d_driver_fallback_image.png/content/dam/fom-website/drivers/O/OSCPIA01_Oscar_Piastri/oscpia01.png.transform/1col/image.png,1.0,1,1.0,,,,0 days 01:30:55.026000,Finished,25.0,56.0,27.2,35.8,18.2,2.2,False
2025,2,Chinese Grand Prix,Shanghai,R,2025-03-23,4,NOR,norris,McLaren,mclaren,Lando,Norris,https://media.formula1.com/d_driver_fallback_image.png/content/dam/fom-website/drivers/L/LANNOR01_Lando_Norris/lannor01.png.transform/1col/image.png,2.0,2,3.0,,,,0 days 00:00:09.748000,Finished,18.0,56.0,27.2,35.8,18.2,2.2,False
2025,2,Chinese Grand Prix,Shanghai,R,2025-03-23,63,RUS,russell,Mercedes,mercedes,George,Russell,https://media.formula1.com/d_driver_fallback_image.png/content/dam/fom-website/drivers/G/GEORUS01_George_Russell/georus01.png.transform/1col/image.png,3.0,3,2.0,,,,0 days 00:00:11.097000,Finished,15.0,56.0,27.2,35.8,18.2,2.2,False
2025,2,Chinese Grand Prix,Shanghai,R,2025-03-23,1,VER,max_verstappen,Red Bull Racing,red_bull,Max,Verstappen,https://media.formula1.com/d_driver_fallback_image.png/content/dam/fom-website/drivers/M/MAXVER01_Max_Verstappen/maxver01.png.transform/1col/image.png,4.0,4,4.0,,,,0 days 00:00:16.656000,Finished,12.0,56.0,27.2,35.8,18.2,2.2,False
2025,2,Chinese Grand Prix,Shanghai,R,2025-03-23,31,OCO,ocon,Haas F1 Team,haas,Esteban,Ocon,https://media.formula1.com/d_driver_fallback_image.png/content/dam/fom-website/drivers/E/ESTOCO01_Esteban_Ocon/estoco01.png.transform/1col/image.png,5.0,5,11.0,,,,0 days 00:00:49.969000,Finished,10.0,56.0,27.2,35.8,18.2,2.2,False
2025,2,Chinese Grand Prix,Shanghai,R,2025-03-23,12,ANT,antonelli,Mercedes,mercedes,Kimi,Antonelli,https://media.formula1.com/d_driver_fallback_image.png/content/dam/fom-website/drivers/A/ANDANT01_Andrea%20Kimi_Antonelli/andant01.png.transform/1col/image.png,6.0,6,8.0,,,,0 days 00:00:53.748000,Finished,8.0,56.0,27.2,35.8,18.2,2.2,False
2025,2,Chinese Grand Prix,Shanghai,R,2025-03-23,23,ALB,albon,Williams,williams,Alexander,Albon,https://media.formula1.com/d_driver_fallback_image.png/content/dam/fom-website/drivers/A/ALEALB01_Alexander_Albon/alealb01.png.transform/1col/image.png,7.0,7,10.0,,,,0 days 00:00:56.321000,Finished,6.0,56.0,27.2,35.8,18.2,2.2,False
2025,2,Chinese Grand Prix,Shanghai,R,2025-03-23,87,BEA,bearman,Haas F1 Team,haas,Oliver,Bearman,https://media.formula1.com/d_driver_fallback_image.png/content/dam/fom-website/drivers/O/OLIBEA01_Oliver_Bearman/olibea01.png.transform/1col/image.png,8.0,8,17.0,,,,0 days 00:01:01.303000,Finished,4.0,56.0,27.2,35.8,18.2,2.2,False
2025,2,Chinese Grand Prix,Shanghai,R,2025-03-23,18,STR,stroll,Aston Martin,aston_martin,Lance,Stroll,https://media.formula1.com/d_driver_fallback_image.png/content/dam/fom-website/drivers/L/LANSTR01_Lance_Stroll/lanstr01.png.transform/1col/image.png,9.0,9,14.0,,,,0 days 00:01:10.204000,Finished,2.0,56.0,27.2,35.8,18.2,2.2,False
2025,2,Chinese Grand Prix,Shanghai,R,2025-03-23,55,SAI,sainz,Williams,williams,Carlos,Sainz,https://media.formula1.com/d_driver_fallback_image.png/content/dam/fom-website/drivers/C/CARSAI01_Carlos_Sainz/carsai01.png.transform/1col/image.png,10.0,10,15.0,,,,0 days 00:01:16.387000,Finished,1.0,56.0,27.2,35.8,18.2,2.2,False
2025,2,Chinese Grand Prix,Shanghai,R,2025-03-23,6,HAD,hadjar,Racing Bulls,rb,Isack,Hadjar,https://media.formula1.com/d_driver_fallback_image.png/content/dam/fom-website/drivers/I/ISAHAD01_Isack_Hadjar/isahad01.png.transform/1col/image.png,11.0,11,7.0,,,,0 days 00:01:18.875000,Finished,0.0,56.0,27.2,35.8,18.2,2.2,False
2025,2,Chinese Grand Prix,Shanghai,R,2025-03-23,30,LAW,lawson,Red Bull Racing,red_bull,Liam,Lawson,https://media.formula1.com/d_driver_fallback_image.png/content/dam/fom-website/drivers/L/LIALAW01_Liam_Lawson/lialaw01.png.transform/1col/image.png,12.0,12,20.0,,,,0 days 00:01:21.147000,Finished,0.0,56.0,27.2,35.8,18.2,2.2,False
2025,2,Chinese Grand Prix,Shanghai,R,2025-03-23,7,DOO,doohan,Alpine,alpine,Jack,Doohan,https://media.formula1.com/d_driver_fallback_image.png/content/dam/fom-website/drivers/J/JACDOO01_Jack_Doohan/jacdoo01.png.transform/1col/image.png,13.0,13,18.0,,,,0 days 00:01:28.401000,Finished,0.0,56.0,27.2,35.8,18.2,2.2,False
2025,2,Chinese Grand Prix,Shanghai,R,2025-03-23,5,BOR,bortoleto,Kick Sauber,sauber,Gabriel,Bortoleto,https://media.formula1.com/d_driver_fallback_image.png/content/dam/fom-website/drivers/G/GABBOR01_Gabriel_Bortoleto/gabbor01.png.transform/1col/image.png,14.0,14,19.0,,,,0 days 00:00:10.756000,Lapped,0.0,55.0,27.2,35.8,18.2,2.2,False
2025,2,Chinese Grand Prix,Shanghai,R,2025-03-23,27,HUL,hulkenberg,Kick Sauber,sauber,Nico,Hulkenberg,https://media.formula1.com/d_driver_fallback_image.png/content/dam/fom-website/drivers/N/NICHUL01_Nico_Hulkenberg/nichul01.png.transform/1col/image.png,15.0,15,12.0,,,,0 days 00:00:20.226000,Lapped,0.0,55.0,27.2,35.8,18.2,2.2,False
2025,2,Chinese Grand Prix,Shanghai,R,2025-03-23,22,TSU,tsunoda,Racing Bulls,rb,Yuki,Tsunoda,https://media.formula1.com/d_driver_fallback_image.png/content/dam/fom-website/drivers/Y/YUKTSU01_Yuki_Tsunoda/yuktsu01.png.transform/1col/image.png,16.0,16,9.0,,,,0 days 00:00:23.511000,Lapped,0.0,55.0,27.2,35.8,18.2,2.2,False
2025,2,Chinese Grand Prix,Shanghai,R,2025-03-23,14,ALO,alonso,Aston Martin,aston_martin,Fernando,Alonso,https://media.formula1.com/d_driver_fallback_image.png/content/dam/fom-website/drivers/F/FERALO01_Fernando_Alonso/feralo01.png.transform/1col/image.png,17.0,R,13.0,,,,,Retired,0.0,4.0,27.2,35.8,18.2,2.2,False
2025,2,Chinese Grand Prix,Shanghai,R,2025-03-23,16,LEC,leclerc,Ferrari,ferrari,Charles,Leclerc,https://media.formula1.com/d_driver_fallback_image.png/content/dam/fom-website/drivers/C/CHALEC01_Charles_Leclerc/chalec01.png.transform/1col/image.png,18.0,D,6.0,,,,,Disqualified,0.0,0.0,27.2,35.8,18.2,2.2,False
2025,2,Chinese Grand Prix,Shanghai,R,2025-03-23,44,HAM,hamilton,Ferrari,ferrari,Lewis,Hamilton,https://media.formula1.com/d_driver_fallback_image.png/content/dam/fom-website/drivers/L/LEWHAM01_Lewis_Hamilton/lewham01.png.transform/1col/image.png,19.0,D,5.0,,,,,Disqualified,0.0,0.0,27.2,35.8,18.2,2.2,False
2025,2,Chinese Grand Prix,Shanghai,R,2025-03-23,10,GAS,gasly,Alpine,alpine,Pierre,Gasly,https://media.formula1.com/d_driver_fallback_image.png/content/dam/fom-website/drivers/P/PIEGAS01_Pierre_Gasly/piegas01.png.transform/1col/image.png,20.0,D,16.0,,,,,Disqualified,0.0,0.0,27.2,35.8,18.2,2.2,False
2025,3,Japanese Grand Prix,Suzuka,R,2025-04-06,1,VER,max_verstappen,Red Bull Racing,red_bull,Max,Verstappen,https://media.formula1.com/d_driver_fallback_image.png/content/dam/fom-website/drivers/M/MAXVER01_Max_Verstappen/maxver01.png.transform/1col/image.png,1.0,1,1.0,,,,0 days 01:22:06.983000,Finished,25.0,53.0,14.4,20.5,76.4,1.2,False
2025,3,Japanese Grand Prix,Suzuka,R,2025-04-06,4,NOR,norris,McLaren,mclaren,Lando,Norris,https://media.formula1.com/d_driver_fallback_image.png/content/dam/fom-website/drivers/L/LANNOR01_Lando_Norris/lannor01.png.transform/1col/image.png,2.0,2,2.0,,,,0 days 00:00:01.423000,Finished,18.0,53.0,14.4,20.5,76.4,1.2,False
2025,3,Japanese Grand Prix,Suzuka,R,2025-04-06,81,PIA,piastri,McLaren,mclaren,Oscar,Piastri,https://media.formula1.com/d_driver_fallback_image.png/content/dam/fom-website/drivers/O/OSCPIA01_Oscar_Piastri/oscpia01.png.transform/1col/image.png,3.0,3,3.0,,,,0 days 00:00:02.129000,Finished,15.0,53.0,14.4,20.5,76.4,1.2,False
2025,3,Japanese Grand Prix,Suzuka,R,2025-04-06,16,LEC,leclerc,Ferrari,ferrari,Charles,Leclerc,https://media.formula1.com/d_driver_fallback_image.png/content/dam/fom-website/drivers/C/CHALEC01_Charles_Leclerc/chalec01.png.transform/1col/image.png,4.0,4,4.0,,,,0 days 00:00:16.097000,Finished,12.0,53.0,14.4,20.5,76.4,1.2,False
2025,3,Japanese Grand Prix,Suzuka,R,2025-04-06,63,RUS,russell,Mercedes,mercedes,George,Russell,https://media.formula1.com/d_driver_fallback_image.png/content/dam/fom-website/drivers/G/GEORUS01_George_Russell/georus01.png.transform/1col/image.png,5.0,5,5.0,,,,0 days 00:00:17.362000,Finished,10.0,53.0,14.4,20.5,76.4,1.2,False
2025,3,Japanese Grand Prix,Suzuka,R,2025-04-06,12,ANT,antonelli,Mercedes,mercedes,Kimi,Antonelli,https://media.formula1.com/d_driver_fallback_image.png/content/dam/fom-website/drivers/A/ANDANT01_Andrea%20Kimi_Antonelli/andant01.png.transform/1col/image.png,6.0,6,6.0,,,,0 days 00:00:18.671000,Finished,8.0,53.0,14.4,20.5,76.4,1.2,False
2025,3,Japanese Grand Prix,Suzuka,R,2025-04-06,44,HAM,hamilton,Ferrari,ferrari,Lewis,Hamilton,https://media.formula1.com/d_driver_fallback_image.png/content/dam/fom-website/drivers/L/LEWHAM01_Lewis_Hamilton/lewham01.png.transform/1col/image.png,7.0,7,8.0,,,,0 days 00:00:29.182000,Finished,6.0,53.0,14.4,20.5,76.4,1.2,False
2025,3,Japanese Grand Prix,Suzuka,R,2025-04-06,6,HAD,hadjar,Racing Bulls,rb,Isack,Hadjar,https://media.formula1.com/d_driver_fallback_image.png/content/dam/fom-website/drivers/I/ISAHAD01_Isack_Hadjar/isahad01.png.transform/1col/image.png,8.0,8,7.0,,,,0 days 00:00:37.134000,Finished,4.0,53.0,14.4,20.5,76.4,1.2,False
2025,3,Japanese Grand Prix,Suzuka,R,2025-04-06,23,ALB,albon,Williams,williams,Alexander,Albon,https://media.formula1.com/d_driver_fallback_image.png/content/dam/fom-website/drivers/A/ALEALB01_Alexander_Albon/alealb01.png.transform/1col/image.png,9.0,9,9.0,,,,0 days 00:00:40.367000,Finished,2.0,53.0,14.4,20.5,76.4,1.2,False
2025,3,Japanese Grand Prix,Suzuka,R,2025-04-06,87,BEA,bearman,Haas F1 Team,haas,Oliver,Bearman,https://media.formula1.com/d_driver_fallback_image.png/content/dam/fom-website/drivers/O/OLIBEA01_Oliver_Bearman/olibea01.png.transform/1col/image.png,10.0,10,10.0,,,,0 days 00:00:54.529000,Finished,1.0,53.0,14.4,20.5,76.4,1.2,False
2025,3,Japanese Grand Prix,Suzuka,R,2025-04-06,14,ALO,alonso,Aston Martin,aston_martin,Fernando,Alonso,https://media.formula1.com/d_driver_fallback_image.png/content/dam/fom-website/drivers/F/FERALO01_Fernando_Alonso/feralo01.png.transform/1col/image.png,11.0,11,12.0,,,,0 days 00:00:57.333000,Finished,0.0,53.0,14.4,20.5,76.4,1.2,False
2025,3,Japanese Grand Prix,Suzuka,R,2025-04-06,22,TSU,tsunoda,Red Bull Racing,red_bull,Yuki,Tsunoda,https://media.formula1.com/d_driver_fallback_image.png/content/dam/fom-website/drivers/Y/YUKTSU01_Yuki_Tsunoda/yuktsu01.png.transform/1col/image.png,12.0,12,14.0,,,,0 days 00:00:58.401000,Finished,0.0,53.0,14.4,20.5,76.4,1.2,False
2025,3,Japanese Grand Prix,Suzuka,R,2025-04-06,10,GAS,gasly,Alpine,alpine,Pierre,Gasly,https://media.formula1.com/d_driver_fallback_image.png/content/dam/fom-website/drivers/P/PIEGAS01_Pierre_Gasly/piegas01.png.transform/1col/image.png,13.0,13,11.0,,,,0 days 00:01:02.122000,Finished,0.0,53.0,14.4,20.5,76.4,1.2,False
2025,3,Japanese Grand Prix,Suzuka,R,2025-04-06,55,SAI,sainz,Williams,williams,Carlos,Sainz,https://media.formula1.com/d_driver_fallback_image.png/content/dam/fom-website/drivers/C/CARSAI01_Carlos_Sainz/carsai01.png.transform/1col/image.png,14.0,14,15.0,,,,0 days 00:01:14.129000,Finished,0.0,53.0,14.4,20.5,76.4,1.2,False
2025,3,Japanese Grand Prix,Suzuka,R,2025-04-06,7,DOO,doohan,Alpine,alpine,Jack,Doohan,https://media.formula1.com/d_driver_fallback_image.png/content/dam/fom-website/drivers/J/JACDOO01_Jack_Doohan/jacdoo01.png.transform/1col/image.png,15.0,15,19.0,,,,0 days 00:01:21.314000,Finished,0.0,53.0,14.4,20.5,76.4,1.2,False
2025,3,Japanese Grand Prix,Suzuka,R,2025-04-06,27,HUL,hulkenberg,Kick Sauber,sauber,Nico,Hulkenberg,https://media.formula1.com/d_driver_fallback_image.png/content/dam/fom-website/drivers/N/NICHUL01_Nico_Hulkenberg/nichul01.png.transform/1col/image.png,16.0,16,16.0,,,,0 days 00:01:21.957000,Finished,0.0,53.0,14.4,20.5,76.4,1.2,False
2025,3,Japanese Grand Prix,Suzuka,R,2025-04-06,30,LAW,lawson,Racing Bulls,rb,Liam,Lawson,https://media.formula1.com/d_driver_fallback_image.png/content/dam/fom-website/drivers/L/LIALAW01_Liam_Lawson/lialaw01.png.transform/1col/image.png,17.0,17,13.0,,,,0 days 00:01:22.734000,Finished,0.0,53.0,14.4,20.5,76.4,1.2,False
2025,3,Japanese Grand Prix,Suzuka,R,2025-04-06,31,OCO,ocon,Haas F1 Team,haas,Esteban,Ocon,https://media.formula1.com/d_driver_fallback_image.png/content/dam/fom-website/drivers/E/ESTOCO01_Esteban_Ocon/estoco01.png.transform/1col/image.png,18.0,18,18.0,,,,0 days 00:01:23.438000,Finished,0.0,53.0,14.4,20.5,76.4,1.2,False
2025,3,Japanese Grand Prix,Suzuka,R,2025-04-06,5,BOR,bortoleto,Kick Sauber,sauber,Gabriel,Bortoleto,https://media.formula1.com/d_driver_fallback_image.png/content/dam/fom-website/drivers/G/GABBOR01_Gabriel_Bortoleto/gabbor01.png.transform/1col/image.png,19.0,19,17.0,,,,0 days 00:01:23.897000,Finished,0.0,53.0,14.4,20.5,76.4,1.2,False
2025,3,Japanese Grand Prix,Suzuka,R,2025-04-06,18,STR,stroll,Aston Martin,aston_martin,Lance,Stroll,https://media.formula1.com/d_driver_fallback_image.png/content/dam/fom-website/drivers/L/LANSTR01_Lance_Stroll/lanstr01.png.transform/1col/image.png,20.0,20,20.0,,,,0 days 00:00:12.929000,Lapped,0.0,52.0,14.4,20.5,76.4,1.2,False
2025,4,Bahrain Grand Prix,Sakhir,R,2025-04-13,81,PIA,piastri,McLaren,mclaren,Oscar,Piastri,https://media.formula1.com/d_driver_fallback_image.png/content/dam/fom-website/drivers/O/OSCPIA01_Oscar_Piastri/oscpia01.png.transform/1col/image.png,1.0,1,1.0,,,,0 days 01:35:39.435000,Finished,25.0,57.0,27.1,31.9,45.3,2.1,False
2025,4,Bahrain Grand Prix,Sakhir,R,2025-04-13,63,RUS,russell,Mercedes,mercedes,George,Russell,https://media.formula1.com/d_driver_fallback_image.png/content/dam/fom-website/drivers/G/GEORUS01_George_Russell/georus01.png.transform/1col/image.png,2.0,2,3.0,,,,0 days 00:00:15.499000,Finished,18.0,57.0,27.1,31.9,45.3,2.1,False
2025,4,Bahrain Grand Prix,Sakhir,R,2025-04-13,4,NOR,norris,McLaren,mclaren,Lando,Norris,https://media.formula1.com/d_driver_fallback_image.png/content/dam/fom-website/drivers/L/LANNOR01_Lando_Norris/lannor01.png.transform/1col/image.png,3.0,3,6.0,,,,0 days 00:00:16.273000,Finished,15.0,57.0,27.1,31.9,45.3,2.1,False
2025,4,Bahrain Grand Prix,Sakhir,R,2025-04-13,16,LEC,leclerc,Ferrari,ferrari,Charles,Leclerc,https://media.formula1.com/d_driver_fallback_image.png/content/dam/fom-website/drivers/C/CHALEC01_Charles_Leclerc/chalec01.png.transform/1col/image.png,4.0,4,2.0,,,,0 days 00:00:19.679000,Finished,12.0,57.0,27.1,31.9,45.3,2.1,False
2025,4,Bahrain Grand Prix,Sakhir,R,2025-04-13,44,HAM,hamilton,Ferrari,ferrari,Lewis,Hamilton,https://media.formula1.com/d_driver_fallback_image.png/content/dam/fom-website/drivers/L/LEWHAM01_Lewis_Hamilton/lewham01.png.transform/1col/image.png,5.0,5,9.0,,,,0 days 00:00:27.993000,Finished,10.0,57.0,27.1,31.9,45.3,2.1,False
2025,4,Bahrain Grand Prix,Sakhir,R,2025-04-13,1,VER,max_verstappen,Red Bull Racing,red_bull,Max,Verstappen,https://media.formula1.com/d_driver_fallback_image.png/content/dam/fom-website/drivers/M/MAXVER01_Max_Verstappen/maxver01.png.transform/1col/image.png,6.0,6,7.0,,,,0 days 00:00:34.395000,Finished,8.0,57.0,27.1,31.9,45.3,2.1,False
2025,4,Bahrain Grand Prix,Sakhir,R,2025-04-13,10,GAS,gasly,Alpine,alpine,Pierre,Gasly,https://media.formula1.com/d_driver_fallback_image.png/content/dam/fom-website/drivers/P/PIEGAS01_Pierre_Gasly/piegas01.png.transform/1col/image.png,7.0,7,4.0,,,,0 days 00:00:36.002000,Finished,6.0,57.0,27.1,31.9,45.3,2.1,False
2025,4,Bahrain Grand Prix,Sakhir,R,2025-04-13,31,OCO,ocon,Haas F1 Team,haas,Esteban,Ocon,https://media.formula1.com/d_driver_fallback_image.png/content/dam/fom-website/drivers/E/ESTOCO01_Esteban_Ocon/estoco01.png.transform/1col/image.png,8.0,8,14.0,,,,0 days 00:00:44.244000,Finished,4.0,57.0,27.1,31.9,45.3,2.1,False
2025,4,Bahrain Grand Prix,Sakhir,R,2025-04-13,22,TSU,tsunoda,Red Bull Racing,red_bull,Yuki,Tsunoda,https://media.formula1.com/d_driver_fallback_image.png/content/dam/fom-website/drivers/Y/YUKTSU01_Yuki_Tsunoda/yuktsu01.png.transform/1col/image.png,9.0,9,10.0,,,,0 days 00:00:45.061000,Finished,2.0,57.0,27.1,31.9,45.3,2.1,False
2025,4,Bahrain Grand Prix,Sakhir,R,2025-04-13,87,BEA,bearman,Haas F1 Team,haas,Oliver,Bearman,https://media.formula1.com/d_driver_fallback_image.png/content/dam/fom-website/drivers/O/OLIBEA01_Oliver_Bearman/olibea01.png.transform/1col/image.png,10.0,10,20.0,,,,0 days 00:00:47.594000,Finished,1.0,57.0,27.1,31.9,45.3,2.1,False
2025,4,Bahrain Grand Prix,Sakhir,R,2025-04-13,12,ANT,antonelli,Mercedes,mercedes,Kimi,Antonelli,https://media.formula1.com/d_driver_fallback_image.png/content/dam/fom-website/drivers/A/ANDANT01_Andrea%20Kimi_Antonelli/andant01.png.transform/1col/image.png,11.0,11,5.0,,,,0 days 00:00:48.016000,Finished,0.0,57.0,27.1,31.9,45.3,2.1,False
2025,4,Bahrain Grand Prix,Sakhir,R,2025-04-13,23,ALB,albon,Williams,williams,Alexander,Albon,https://media.formula1.com/d_driver_fallback_image.png/content/dam/fom-website/drivers/A/ALEALB01_Alexander_Albon/alealb01.png.transform/1col/image.png,12.0,12,15.0,,,,0 days 00:00:48.839000,Finished,0.0,57.0,27.1,31.9,45.3,2.1,False
2025,4,Bahrain Grand Prix,Sakhir,R,2025-04-13,6,HAD,hadjar,Racing Bulls,rb,Isack,Hadjar,https://media.formula1.com/d_driver_fallback_image.png/content/dam/fom-website/drivers/I/ISAHAD01_Isack_Hadjar/isahad01.png.transform/1col/image.png,13.0,13,12.0,,,,0 days 00:00:56.314000,Finished,0.0,57.0,27.1,31.9,45.3,2.1,False
2025,4,Bahrain Grand Prix,Sakhir,R,2025-04-13,7,DOO,doohan,Alpine,alpine,Jack,Doohan,https://media.formula1.com/d_driver_fallback_image.png/content/dam/fom-website/drivers/J/JACDOO01_Jack_Doohan/jacdoo01.png.transform/1col/image.png,14.0,14,11.0,,,,0 days 00:00:57.806000,Finished,0.0,57.0,27.1,31.9,45.3,2.1,False
2025,4,Bahrain Grand Prix,Sakhir,R,2025-04-13,14,ALO,alonso,Aston Martin,aston_martin,Fernando,Alonso,https://media.formula1.com/d_driver_fallback_image.png/content/dam/fom-website/drivers/F/FERALO01_Fernando_Alonso/feralo01.png.transform/1col/image.png,15.0,15,13.0,,,,0 days 00:01:00.340000,Finished,0.0,57.0,27.1,31.9,45.3,2.1,False
2025,4,Bahrain Grand Prix,Sakhir,R,2025-04-13,30,LAW,lawson,Racing Bulls,rb,Liam,Lawson,https://media.formula1.com/d_driver_fallback_image.png/content/dam/fom-website/drivers/L/LIALAW01_Liam_Lawson/lialaw01.png.transform/1col/image.png,16.0,16,17.0,,,,0 days 00:01:04.435000,Finished,0.0,57.0,27.1,31.9,45.3,2.1,False
2025,4,Bahrain Grand Prix,Sakhir,R,2025-04-13,18,STR,stroll,Aston Martin,aston_martin,Lance,Stroll,https://media.formula1.com/d_driver_fallback_image.png/content/dam/fom-website/drivers/L/LANSTR01_Lance_Stroll/lanstr01.png.transform/1col/image.png,17.0,17,19.0,,,,0 days 00:01:05.489000,Finished,0.0,57.0,27.1,31.9,45.3,2.1,False
2025,4,Bahrain Grand Prix,Sakhir,R,2025-04-13,5,BOR,bortoleto,Kick Sauber,sauber,Gabriel,Bortoleto,https://media.formula1.com/d_driver_fallback_image.png/content/dam/fom-website/drivers/G/GABBOR01_Gabriel_Bortoleto/gabbor01.png.transform/1col/image.png,18.0,18,18.0,,,,0 days 00:01:06.872000,Finished,0.0,57.0,27.1,31.9,45.3,2.1,False
2025,4,Bahrain Grand Prix,Sakhir,R,2025-04-13,55,SAI,sainz,Williams,williams,Carlos,Sainz,https://media.formula1.com/d_driver_fallback_image.png/content/dam/fom-website/drivers/C/CARSAI01_Carlos_Sainz/carsai01.png.transform/1col/image.png,19.0,R,8.0,,,,,Retired,0.0,45.0,27.1,31.9,45.3,2.1,False
2025,4,Bahrain Grand Prix,Sakhir,R,2025-04-13,27,HUL,hulkenberg,Kick Sauber,sauber,Nico,Hulkenberg,https://media.formula1.com/d_driver_fallback_image.png/content/dam/fom-website/drivers/N/NICHUL01_Nico_Hulkenberg/nichul01.png.transform/1col/image.png,20.0,D,16.0,,,,,Disqualified,0.0,0.0,27.1,31.9,45.3,2.1,False
2025,5,Saudi Arabian Grand Prix,Jeddah,R,2025-04-20,81,PIA,piastri,McLaren,mclaren,Oscar,Piastri,https://media.formula1.com/d_driver_fallback_image.png/content/dam/fom-website/drivers/O/OSCPIA01_Oscar_Piastri/oscpia01.png.transform/1col/image.png,1.0,1,2.0,,,,0 days 01:21:06.758000,Finished,25.0,50.0,29.5,37.8,62.7,1.0,False
2025,5,Saudi Arabian Grand Prix,Jeddah,R,2025-04-20,1,VER,max_verstappen,Red Bull Racing,red_bull,Max,Verstappen,https://media.formula1.com/d_driver_fallback_image.png/content/dam/fom-website/drivers/M/MAXVER01_Max_Verstappen/maxver01.png.transform/1col/image.png,2.0,2,1.0,,,,0 days 00:00:02.843000,Finished,18.0,50.0,29.5,37.8,62.7,1.0,False
2025,5,Saudi Arabian Grand Prix,Jeddah,R,2025-04-20,16,LEC,leclerc,Ferrari,ferrari,Charles,Leclerc,https://media.formula1.com/d_driver_fallback_image.png/content/dam/fom-website/drivers/C/CHALEC01_Charles_Leclerc/chalec01.png.transform/1col/image.png,3.0,3,4.0,,,,0 days 00:00:08.104000,Finished,15.0,50.0,29.5,37.8,62.7,1.0,False
2025,5,Saudi Arabian Grand Prix,Jeddah,R,2025-04-20,4,NOR,norris,McLaren,mclaren,Lando,Norris,https://media.formula1.com/d_driver_fallback_image.png/content/dam/fom-website/drivers/L/LANNOR01_Lando_Norris/lannor01.png.transform/1col/image.png,4.0,4,10.0,,,,0 days 00:00:09.196000,Finished,12.0,50.0,29.5,37.8,62.7,1.0,False
2025,5,Saudi Arabian Grand Prix,Jeddah,R,2025-04-20,63,RUS,russell,Mercedes,mercedes,George,Russell,https://media.formula1.com/d_driver_fallback_image.png/content/dam/fom-website/drivers/G/GEORUS01_George_Russell/georus01.png.transform/1col/image.png,5.0,5,3.0,,,,0 days 00:00:27.236000,Finished,10.0,50.0,29.5,37.8,62.7,1.0,False
2025,5,Saudi Arabian Grand Prix,Jeddah,R,2025-04-20,12,ANT,antonelli,Mercedes,mercedes,Kimi,Antonelli,https://media.formula1.com/d_driver_fallback_image.png/content/dam/fom-website/drivers/A/ANDANT01_Andrea%20Kimi_Antonelli/andant01.png.transform/1col/image.png,6.0,6,5.0,,,,0 days 00:00:34.688000,Finished,8.0,50.0,29.5,37.8,62.7,1.0,False
2025,5,Saudi Arabian Grand Prix,Jeddah,R,2025-04-20,44,HAM,hamilton,Ferrari,ferrari,Lewis,Hamilton,https://media.formula1.com/d_driver_fallback_image.png/content/dam/fom-website/drivers/L/LEWHAM01_Lewis_Hamilton/lewham01.png.transform/1col/image.png,7.0,7,7.0,,,,0 days 00:00:39.073000,Finished,6.0,50.0,29.5,37.8,62.7,1.0,False
2025,5,Saudi Arabian Grand Prix,Jeddah,R,2025-04-20,55,SAI,sainz,Williams,williams,Carlos,Sainz,https://media.formula1.com/d_driver_fallback_image.png/content/dam/fom-website/drivers/C/CARSAI01_Carlos_Sainz/carsai01.png.transform/1col/image.png,8.0,8,6.0,,,,0 days 00:01:04.630000,Finished,4.0,50.0,29.5,37.8,62.7,1.0,False
2025,5,Saudi Arabian Grand Prix,Jeddah,R,2025-04-20,23,ALB,albon,Williams,williams,Alexander,Albon,https://media.formula1.com/d_driver_fallback_image.png/content/dam/fom-website/drivers/A/ALEALB01_Alexander_Albon/alealb01.png.transform/1col/image.png,9.0,9,11.0,,,,0 days 00:01:06.515000,Finished,2.0,50.0,29.5,37.8,62.7,1.0,False
2025,5,Saudi Arabian Grand Prix,Jeddah,R,2025-04-20,6,HAD,hadjar,Racing Bulls,rb,Isack,Hadjar,https://media.formula1.com/d_driver_fallback_image.png/content/dam/fom-website/drivers/I/ISAHAD01_Isack_Hadjar/isahad01.png.transform/1col/image.png,10.0,10,14.0,,,,0 days 00:01:07.091000,Finished,1.0,50.0,29.5,37.8,62.7,1.0,False
2025,5,Saudi Arabian Grand Prix,Jeddah,R,2025-04-20,14,ALO,alonso,Aston Martin,aston_martin,Fernando,Alonso,https://media.formula1.com/d_driver_fallback_image.png/content/dam/fom-website/drivers/F/FERALO01_Fernando_Alonso/feralo01.png.transform/1col/image.png,11.0,11,13.0,,,,0 days 00:01:15.917000,Finished,0.0,50.0,29.5,37.8,62.7,1.0,False
2025,5,Saudi Arabian Grand Prix,Jeddah,R,2025-04-20,30,LAW,lawson,Racing Bulls,rb,Liam,Lawson,https://media.formula1.com/d_driver_fallback_image.png/content/dam/fom-website/drivers/L/LIALAW01_Liam_Lawson/lialaw01.png.transform/1col/image.png,12.0,12,12.0,,,,0 days 00:01:18.451000,Finished,0.0,50.0,29.5,37.8,62.7,1.0,False
2025,5,Saudi Arabian Grand Prix,Jeddah,R,2025-04-20,87,BEA,bearman,Haas F1 Team,haas,Oliver,Bearman,https://media.formula1.com/d_driver_fallback_image.png/content/dam/fom-website/drivers/O/OLIBEA01_Oliver_Bearman/olibea01.png.transform/1col/image.png,13.0,13,15.0,,,,0 days 00:01:19.194000,Finished,0.0,50.0,29.5,37.8,62.7,1.0,False
2025,5,Saudi Arabian Grand Prix,Jeddah,R,2025-04-20,31,OCO,ocon,Haas F1 Team,haas,Esteban,Ocon,https://media.formula1.com/d_driver_fallback_image.png/content/dam/fom-website/drivers/E/ESTOCO01_Esteban_Ocon/estoco01.png.transform/1col/image.png,14.0,14,19.0,,,,0 days 00:01:39.723000,Finished,0.0,50.0,29.5,37.8,62.7,1.0,False
2025,5,Saudi Arabian Grand Prix,Jeddah,R,2025-04-20,27,HUL,hulkenberg,Kick Sauber,sauber,Nico,Hulkenberg,https://media.formula1.com/d_driver_fallback_image.png/content/dam/fom-website/drivers/N/NICHUL01_Nico_Hulkenberg/nichul01.png.transform/1col/image.png,15.0,15,18.0,,,,0 days 00:00:04.609000,Lapped,0.0,49.0,29.5,37.8,62.7,1.0,False
2025,5,Saudi Arabian Grand Prix,Jeddah,R,2025-04-20,18,STR,stroll,Aston Martin,aston_martin,Lance,Stroll,https://media.formula1.com/d_driver_fallback_image.png/content/dam/fom-website/drivers/L/LANSTR01_Lance_Stroll/lanstr01.png.transform/1col/image.png,16.0,16,16.0,,,,0 days 00:00:05.527000,Lapped,0.0,49.0,29.5,37.8,62.7,1.0,False
2025,5,Saudi Arabian Grand Prix,Jeddah,R,2025-04-20,7,DOO,doohan,Alpine,alpine,Jack,Doohan,https://media.formula1.com/d_driver_fallback_image.png/content/dam/fom-website/drivers/J/JACDOO01_Jack_Doohan/jacdoo01.png.transform/1col/image.png,17.0,17,17.0,,,,0 days 00:00:19.264000,Lapped,0.0,49.0,29.5,37.8,62.7,1.0,False
2025,5,Saudi Arabian Grand Prix,Jeddah,R,2025-04-20,5,BOR,bortoleto,Kick Sauber,sauber,Gabriel,Bortoleto,https://media.formula1.com/d_driver_fallback_image.png/content/dam/fom-website/drivers/G/GABBOR01_Gabriel_Bortoleto/gabbor01.png.transform/1col/image.png,18.0,18,20.0,,,,0 days 00:00:19.306000,Lapped,0.0,49.0,29.5,37.8,62.7,1.0,False
2025,5,Saudi Arabian Grand Prix,Jeddah,R,2025-04-20,22,TSU,tsunoda,Red Bull Racing,red_bull,Yuki,Tsunoda,https://media.formula1.com/d_driver_fallback_image.png/content/dam/fom-website/drivers/Y/YUKTSU01_Yuki_Tsunoda/yuktsu01.png.transform/1col/image.png,19.0,R,8.0,,,,,Retired,0.0,1.0,29.5,37.8,62.7,1.0,False
2025,5,Saudi Arabian Grand Prix,Jeddah,R,2025-04-20,10,GAS,gasly,Alpine,alpine,Pierre,Gasly,https://media.formula1.com/d_driver_fallback_image.png/content/dam/fom-website/drivers/P/PIEGAS01_Pierre_Gasly/piegas01.png.transform/1col/image.png,20.0,R,9.0,,,,,Retired,0.0,0.0,29.5,37.8,62.7,1.0,False
2025,6,Miami Grand Prix,Miami Gardens,R,2025-05-04,81,PIA,piastri,McLaren,mclaren,Oscar,Piastri,https://media.formula1.com/d_driver_fallback_image.png/content/dam/fom-website/drivers/O/OSCPIA01_Oscar_Piastri/oscpia01.png.transform/1col/image.png,1.0,1,4.0,,,,0 days 01:28:51.587000,Finished,25.0,57.0,26.6,38.7,63.0,1.0,True
2025,6,Miami Grand Prix,Miami Gardens,R,2025-05-04,4,NOR,norris,McLaren,mclaren,Lando,Norris,https://media.formula1.com/d_driver_fallback_image.png/content/dam/fom-website/drivers/L/LANNOR01_Lando_Norris/lannor01.png.transform/1col/image.png,2.0,2,2.0,,,,0 days 00:00:04.630000,Finished,18.0,57.0,26.6,38.7,63.0,1.0,True
2025,6,Miami Grand Prix,Miami Gardens,R,2025-05-04,63,RUS,russell,Mercedes,mercedes,George,Russell,https://media.formula1.com/d_driver_fallback_image.png/content/dam/fom-website/drivers/G/GEORUS01_George_Russell/georus01.png.transform/1col/image.png,3.0,3,5.0,,,,0 days 00:00:37.644000,Finished,15.0,57.0,26.6,38.7,63.0,1.0,True
2025,6,Miami Grand Prix,Miami Gardens,R,2025-05-04,1,VER,max_verstappen,Red Bull Racing,red_bull,Max,Verstappen,https://media.formula1.com/d_driver_fallback_image.png/content/dam/fom-website/drivers/M/MAXVER01_Max_Verstappen/maxver01.png.transform/1col/image.png,4.0,4,1.0,,,,0 days 00:00:39.956000,Finished,12.0,57.0,26.6,38.7,63.0,1.0,True
2025,6,Miami Grand Prix,Miami Gardens,R,2025-05-04,23,ALB,albon,Williams,williams,Alexander,Albon,https://media.formula1.com/d_driver_fallback_image.png/content/dam/fom-website/drivers/A/ALEALB01_Alexander_Albon/alealb01.png.transform/1col/image.png,5.0,5,7.0,,,,0 days 00:00:48.067000,Finished,10.0,57.0,26.6,38.7,63.0,1.0,True
2025,6,Miami Grand Prix,Miami Gardens,R,2025-05-04,12,ANT,antonelli,Mercedes,mercedes,Kimi,Antonelli,https://media.formula1.com/d_driver_fallback_image.png/content/dam/fom-website/drivers/A/ANDANT01_Andrea%20Kimi_Antonelli/andant01.png.transform/1col/image.png,6.0,6,3.0,,,,0 days 00:00:55.502000,Finished,8.0,57.0,26.6,38.7,63.0,1.0,True
2025,6,Miami Grand Prix,Miami Gardens,R,2025-05-04,16,LEC,leclerc,Ferrari,ferrari,Charles,Leclerc,https://media.formula1.com/d_driver_fallback_image.png/content/dam/fom-website/drivers/C/CHALEC01_Charles_Leclerc/chalec01.png.transform/1col/image.png,7.0,7,8.0,,,,0 days 00:00:57.036000,Finished,6.0,57.0,26.6,38.7,63.0,1.0,True
2025,6,Miami Grand Prix,Miami Gardens,R,2025-05-04,44,HAM,hamilton,Ferrari,ferrari,Lewis,Hamilton,https://media.formula1.com/d_driver_fallback_image.png/content/dam/fom-website/drivers/L/LEWHAM01_Lewis_Hamilton/lewham01.png.transform/1col/image.png,8.0,8,12.0,,,,0 days 00:01:00.186000,Finished,4.0,57.0,26.6,38.7,63.0,1.0,True
2025,6,Miami Grand Prix,Miami Gardens,R,2025-05-04,55,SAI,sainz,Williams,williams,Carlos,Sainz,https://media.formula1.com/d_driver_fallback_image.png/content/dam/fom-website/drivers/C/CARSAI01_Carlos_Sainz/carsai01.png.transform/1col/image.png,9.0,9,6.0,,,,0 days 00:01:00.577000,Finished,2.0,57.0,26.6,38.7,63.0,1.0,True
2025,6,Miami Grand Prix,Miami Gardens,R,2025-05-04,22,TSU,tsunoda,Red Bull Racing,red_bull,Yuki,Tsunoda,https://media.formula1.com/d_driver_fallback_image.png/content/dam/fom-website/drivers/Y/YUKTSU01_Yuki_Tsunoda/yuktsu01.png.transform/1col/image.png,10.0,10,10.0,,,,0 days 00:01:14.434000,Finished,1.0,57.0,26.6,38.7,63.0,1.0,True
2025,6,Miami Grand Prix,Miami Gardens,R,2025-05-04,6,HAD,hadjar,Racing Bulls,rb,Isack,Hadjar,https://media.formula1.com/d_driver_fallback_image.png/content/dam/fom-website/drivers/I/ISAHAD01_Isack_Hadjar/isahad01.png.transform/1col/image.png,11.0,11,11.0,,,,0 days 00:01:14.602000,Finished,0.0,57.0,26.6,38.7,63.0,1.0,True
2025,6,Miami Grand Prix,Miami Gardens,R,2025-05-04,31,OCO,ocon,Haas F1 Team,haas,Esteban,Ocon,https://media.formula1.com/d_driver_fallback_image.png/content/dam/fom-website/drivers/E/ESTOCO01_Esteban_Ocon/estoco01.png.transform/1col/image.png,12.0,12,9.0,,,,0 days 00:01:22.006000,Finished,0.0,57.0,26.6,38.7,63.0,1.0,True
2025,6,Miami Grand Prix,Miami Gardens,R,2025-05-04,10,GAS,gasly,Alpine,alpine,Pierre,Gasly,https://media.formula1.com/d_driver_fallback_image.png/content/dam/fom-website/drivers/P/PIEGAS01_Pierre_Gasly/piegas01.png.transform/1col/image.png,13.0,13,20.0,,,,0 days 00:01:30.445000,Finished,0.0,57.0,26.6,38.7,63.0,1.0,True
2025,6,Miami Grand Prix,Miami Gardens,R,2025-05-04,27,HUL,hulkenberg,Kick Sauber,sauber,Nico,Hulkenberg,https://media.formula1.com/d_driver_fallback_image.png/content/dam/fom-website/drivers/N/NICHUL01_Nico_Hulkenberg/nichul01.png.transform/1col/image.png,14.0,14,16.0,,,,0 days 00:00:01.155000,Lapped,0.0,56.0,26.6,38.7,63.0,1.0,True
2025,6,Miami Grand Prix,Miami Gardens,R,2025-05-04,14,ALO,alonso,Aston Martin,aston_martin,Fernando,Alonso,https://media.formula1.com/d_driver_fallback_image.png/content/dam/fom-website/drivers/F/FERALO01_Fernando_Alonso/feralo01.png.transform/1col/image.png,15.0,15,17.0,,,,0 days 00:00:20.979000,Lapped,0.0,56.0,26.6,38.7,63.0,1.0,True
2025,6,Miami Grand Prix,Miami Gardens,R,2025-05-04,18,STR,stroll,Aston Martin,aston_martin,Lance,Stroll,https://media.formula1.com/d_driver_fallback_image.png/content/dam/fom-website/drivers/L/LANSTR01_Lance_Stroll/lanstr01.png.transform/1col/image.png,16.0,16,18.0,,,,0 days 00:00:25.162000,Lapped,0.0,56.0,26.6,38.7,63.0,1.0,True
2025,6,Miami Grand Prix,Miami Gardens,R,2025-05-04,30,LAW,lawson,Racing Bulls,rb,Liam,Lawson,https://media.formula1.com/d_driver_fallback_image.png/content/dam/fom-website/drivers/L/LIALAW01_Liam_Lawson/lialaw01.png.transform/1col/image.png,17.0,R,15.0,,,,,Retired,0.0,36.0,26.6,38.7,63.0,1.0,True
2025,6,Miami Grand Prix,Miami Gardens,R,2025-05-04,5,BOR,bortoleto,Kick Sauber,sauber,Gabriel,Bortoleto,https://media.formula1.com/d_driver_fallback_image.png/content/dam/fom-website/drivers/G/GABBOR01_Gabriel_Bortoleto/gabbor01.png.transform/1col/image.png,18.0,R,13.0,,,,,Retired,0.0,30.0,26.6,38.7,63.0,1.0,True
2025,6,Miami Grand Prix,Miami Gardens,R,2025-05-04,87,BEA,bearman,Haas F1 Team,haas,Oliver,Bearman,https://media.formula1.com/d_driver_fallback_image.png/content/dam/fom-website/drivers/O/OLIBEA01_Oliver_Bearman/olibea01.png.transform/1col/image.png,19.0,R,19.0,,,,,Retired,0.0,27.0,26.6,38.7,63.0,1.0,True
2025,6,Miami Grand Prix,Miami Gardens,R,2025-05-04,7,DOO,doohan,Alpine,alpine,Jack,Doohan,https://media.formula1.com/d_driver_fallback_image.png/content/dam/fom-website/drivers/J/JACDOO01_Jack_Doohan/jacdoo01.png.transform/1col/image.png,20.0,R,14.0,,,,,Retired,0.0,0.0,26.6,38.7,63.0,1.0,True
2025,7,Emilia Romagna Grand Prix,Imola,R,2025-05-18,1,VER,max_verstappen,Red Bull Racing,red_bull,Max,Verstappen,https://media.formula1.com/d_driver_fallback_image.png/content/dam/fom-website/drivers/M/MAXVER01_Max_Verstappen/maxver01.png.transform/1col/image.png,1.0,1,2.0,,,,0 days 01:31:33.199000,Finished,25.0,63.0,24.0,42.7,38.3,3.2,False
2025,7,Emilia Romagna Grand Prix,Imola,R,2025-05-18,4,NOR,norris,McLaren,mclaren,Lando,Norris,https://media.formula1.com/d_driver_fallback_image.png/content/dam/fom-website/drivers/L/LANNOR01_Lando_Norris/lannor01.png.transform/1col/image.png,2.0,2,4.0,,,,0 days 00:00:06.109000,Finished,18.0,63.0,24.0,42.7,38.3,3.2,False
2025,7,Emilia Romagna Grand Prix,Imola,R,2025-05-18,81,PIA,piastri,McLaren,mclaren,Oscar,Piastri,https://media.formula1.com/d_driver_fallback_image.png/content/dam/fom-website/drivers/O/OSCPIA01_Oscar_Piastri/oscpia01.png.transform/1col/image.png,3.0,3,1.0,,,,0 days 00:00:12.956000,Finished,15.0,63.0,24.0,42.7,38.3,3.2,False
2025,7,Emilia Romagna Grand Prix,Imola,R,2025-05-18,44,HAM,hamilton,Ferrari,ferrari,Lewis,Hamilton,https://media.formula1.com/d_driver_fallback_image.png/content/dam/fom-website/drivers/L/LEWHAM01_Lewis_Hamilton/lewham01.png.transform/1col/image.png,4.0,4,12.0,,,,0 days 00:00:14.356000,Finished,12.0,63.0,24.0,42.7,38.3,3.2,False
2025,7,Emilia Romagna Grand Prix,Imola,R,2025-05-18,23,ALB,albon,Williams,williams,Alexander,Albon,https://media.formula1.com/d_driver_fallback_image.png/content/dam/fom-website/drivers/A/ALEALB01_Alexander_Albon/alealb01.png.transform/1col/image.png,5.0,5,7.0,,,,0 days 00:00:17.945000,Finished,10.0,63.0,24.0,42.7,38.3,3.2,False
2025,7,Emilia Romagna Grand Prix,Imola,R,2025-05-18,16,LEC,leclerc,Ferrari,ferrari,Charles,Leclerc,https://media.formula1.com/d_driver_fallback_image.png/content/dam/fom-website/drivers/C/CHALEC01_Charles_Leclerc/chalec01.png.transform/1col/image.png,6.0,6,11.0,,,,0 days 00:00:20.774000,Finished,8.0,63.0,24.0,42.7,38.3,3.2,False
2025,7,Emilia Romagna Grand Prix,Imola,R,2025-05-18,63,RUS,russell,Mercedes,mercedes,George,Russell,https://media.formula1.com/d_driver_fallback_image.png/content/dam/fom-website/drivers/G/GEORUS01_George_Russell/georus01.png.transform/1col/image.png,7.0,7,3.0,,,,0 days 00:00:22.034000,Finished,6.0,63.0,24.0,42.7,38.3,3.2,False
2025,7,Emilia Romagna Grand Prix,Imola,R,2025-05-18,55,SAI,sainz,Williams,williams,Carlos,Sainz,https://media.formula1.com/d_driver_fallback_image.png/content/dam/fom-website/drivers/C/CARSAI01_Carlos_Sainz/carsai01.png.transform/1col/image.png,8.0,8,6.0,,,,0 days 00:00:22.898000,Finished,4.0,63.0,24.0,42.7,38.3,3.2,False
2025,7,Emilia Romagna Grand Prix,Imola,R,2025-05-18,6,HAD,hadjar,Racing Bulls,rb,Isack,Hadjar,https://media.formula1.com/d_driver_fallback_image.png/content/dam/fom-website/drivers/I/ISAHAD01_Isack_Hadjar/isahad01.png.transform/1col/image.png,9.0,9,9.0,,,,0 days 00:00:23.586000,Finished,2.0,63.0,24.0,42.7,38.3,3.2,False
2025,7,Emilia Romagna Grand Prix,Imola,R,2025-05-18,22,TSU,tsunoda,Red Bull Racing,red_bull,Yuki,Tsunoda,https://media.formula1.com/d_driver_fallback_image.png/content/dam/fom-website/drivers/Y/YUKTSU01_Yuki_Tsunoda/yuktsu01.png.transform/1col/image.png,10.0,10,20.0,,,,0 days 00:00:26.446000,Finished,1.0,63.0,24.0,42.7,38.3,3.2,False
2025,7,Emilia Romagna Grand Prix,Imola,R,2025-05-18,14,ALO,alonso,Aston Martin,aston_martin,Fernando,Alonso,https://media.formula1.com/d_driver_fallback_image.png/content/dam/fom-website/drivers/F/FERALO01_Fernando_Alonso/feralo01.png.transform/1col/image.png,11.0,11,5.0,,,,0 days 00:00:27.250000,Finished,0.0,63.0,24.0,42.7,38.3,3.2,False
2025,7,Emilia Romagna Grand Prix,Imola,R,2025-05-18,27,HUL,hulkenberg,Kick Sauber,sauber,Nico,Hulkenberg,https://media.formula1.com/d_driver_fallback_image.png/content/dam/fom-website/drivers/N/NICHUL01_Nico_Hulkenberg/nichul01.png.transform/1col/image.png,12.0,12,17.0,,,,0 days 00:00:30.296000,Finished,0.0,63.0,24.0,42.7,38.3,3.2,False
2025,7,Emilia Romagna Grand Prix,Imola,R,2025-05-18,10,GAS,gasly,Alpine,alpine,Pierre,Gasly,https://media.formula1.com/d_driver_fallback_image.png/content/dam/fom-website/drivers/P/PIEGAS01_Pierre_Gasly/piegas01.png.transform/1col/image.png,13.0,13,10.0,,,,0 days 00:00:31.424000,Finished,0.0,63.0,24.0,42.7,38.3,3.2,False
2025,7,Emilia Romagna Grand Prix,Imola,R,2025-05-18,30,LAW,lawson,Racing Bulls,rb,Liam,Lawson,https://media.formula1.com/d_driver_fallback_image.png/content/dam/fom-website/drivers/L/LIALAW01_Liam_Lawson/lialaw01.png.transform/1col/image.png,14.0,14,15.0,,,,0 days 00:00:32.511000,Finished,0.0,63.0,24.0,42.7,38.3,3.2,False
2025,7,Emilia Romagna Grand Prix,Imola,R,2025-05-18,18,STR,stroll,Aston Martin,aston_martin,Lance,Stroll,https://media.formula1.com/d_driver_fallback_image.png/content/dam/fom-website/drivers/L/LANSTR01_Lance_Stroll/lanstr01.png.transform/1col/image.png,15.0,15,8.0,,,,0 days 00:00:32.993000,Finished,0.0,63.0,24.0,42.7,38.3,3.2,False
2025,7,Emilia Romagna Grand Prix,Imola,R,2025-05-18,43,COL,colapinto,Alpine,alpine,Franco,Colapinto,None,16.0,16,16.0,,,,0 days 00:00:33.411000,Finished,0.0,63.0,24.0,42.7,38.3,3.2,False
2025,7,Emilia Romagna Grand Prix,Imola,R,2025-05-18,87,BEA,bearman,Haas F1 Team,haas,Oliver,Bearman,https://media.formula1.com/d_driver_fallback_image.png/content/dam/fom-website/drivers/O/OLIBEA01_Oliver_Bearman/olibea01.png.transform/1col/image.png,17.0,17,19.0,,,,0 days 00:00:33.808000,Finished,0.0,63.0,24.0,42.7,38.3,3.2,False
2025,7,Emilia Romagna Grand Prix,Imola,R,2025-05-18,5,BOR,bortoleto,Kick Sauber,sauber,Gabriel,Bortoleto,https://media.formula1.com/d_driver_fallback_image.png/content/dam/fom-website/drivers/G/GABBOR01_Gabriel_Bortoleto/gabbor01.png.transform/1col/image.png,18.0,18,14.0,,,,0 days 00:00:38.572000,Finished,0.0,63.0,24.0,42.7,38.3,3.2,False
2025,7,Emilia Romagna Grand Prix,Imola,R,2025-05-18,12,ANT,antonelli,Mercedes,mercedes,Kimi,Antonelli,https://media.formula1.com/d_driver_fallback_image.png/content/dam/fom-website/drivers/A/ANDANT01_Andrea%20Kimi_Antonelli/andant01.png.transform/1col/image.png,19.0,R,13.0,,,,,Retired,0.0,44.0,24.0,42.7,38.3,3.2,False
2025,7,Emilia Romagna Grand Prix,Imola,R,2025-05-18,31,OCO,ocon,Haas F1 Team,haas,Esteban,Ocon,https://media.formula1.com/d_driver_fallback_image.png/content/dam/fom-website/drivers/E/ESTOCO01_Esteban_Ocon/estoco01.png.transform/1col/image.png,20.0,R,18.0,,,,,Retired,0.0,27.0,24.0,42.7,38.3,3.2,False
2025,8,Monaco Grand Prix,Monaco,R,2025-05-25,4,NOR,norris,McLaren,mclaren,Lando,Norris,https://media.formula1.com/d_driver_fallback_image.png/content/dam/fom-website/drivers/L/LANNOR01_Lando_Norris/lannor01.png.transform/1col/image.png,1.0,1,1.0,,,,0 days 01:40:33.843000,Finished,25.0,78.0,22.2,43.3,52.5,1.0,False
2025,8,Monaco Grand Prix,Monaco,R,2025-05-25,16,LEC,leclerc,Ferrari,ferrari,Charles,Leclerc,https://media.formula1.com/d_driver_fallback_image.png/content/dam/fom-website/drivers/C/CHALEC01_Charles_Leclerc/chalec01.png.transform/1col/image.png,2.0,2,2.0,,,,0 days 00:00:03.131000,Finished,18.0,78.0,22.2,43.3,52.5,1.0,False
2025,8,Monaco Grand Prix,Monaco,R,2025-05-25,81,PIA,piastri,McLaren,mclaren,Oscar,Piastri,https://media.formula1.com/d_driver_fallback_image.png/content/dam/fom-website/drivers/O/OSCPIA01_Oscar_Piastri/oscpia01.png.transform/1col/image.png,3.0,3,3.0,,,,0 days 00:00:03.658000,Finished,15.0,78.0,22.2,43.3,52.5,1.0,False
2025,8,Monaco Grand Prix,Monaco,R,2025-05-25,1,VER,max_verstappen,Red Bull Racing,red_bull,Max,Verstappen,https://media.formula1.com/d_driver_fallback_image.png/content/dam/fom-website/drivers/M/MAXVER01_Max_Verstappen/maxver01.png.transform/1col/image.png,4.0,4,4.0,,,,0 days 00:00:20.572000,Finished,12.0,78.0,22.2,43.3,52.5,1.0,False
2025,8,Monaco Grand Prix,Monaco,R,2025-05-25,44,HAM,hamilton,Ferrari,ferrari,Lewis,Hamilton,https://media.formula1.com/d_driver_fallback_image.png/content/dam/fom-website/drivers/L/LEWHAM01_Lewis_Hamilton/lewham01.png.transform/1col/image.png,5.0,5,7.0,,,,0 days 00:00:51.387000,Finished,10.0,78.0,22.2,43.3,52.5,1.0,False
2025,8,Monaco Grand Prix,Monaco,R,2025-05-25,6,HAD,hadjar,Racing Bulls,rb,Isack,Hadjar,https://media.formula1.com/d_driver_fallback_image.png/content/dam/fom-website/drivers/I/ISAHAD01_Isack_Hadjar/isahad01.png.transform/1col/image.png,6.0,6,5.0,,,,0 days 00:01:05.082000,Lapped,8.0,77.0,22.2,43.3,52.5,1.0,False
2025,8,Monaco Grand Prix,Monaco,R,2025-05-25,31,OCO,ocon,Haas F1 Team,haas,Esteban,Ocon,https://media.formula1.com/d_driver_fallback_image.png/content/dam/fom-website/drivers/E/ESTOCO01_Esteban_Ocon/estoco01.png.transform/1col/image.png,7.0,7,8.0,,,,0 days 00:01:06.029000,Lapped,6.0,77.0,22.2,43.3,52.5,1.0,False
2025,8,Monaco Grand Prix,Monaco,R,2025-05-25,30,LAW,lawson,Racing Bulls,rb,Liam,Lawson,https://media.formula1.com/d_driver_fallback_image.png/content/dam/fom-website/drivers/L/LIALAW01_Liam_Lawson/lialaw01.png.transform/1col/image.png,8.0,8,9.0,,,,0 days 00:01:06.746000,Lapped,4.0,77.0,22.2,43.3,52.5,1.0,False
2025,8,Monaco Grand Prix,Monaco,R,2025-05-25,23,ALB,albon,Williams,williams,Alexander,Albon,https://media.formula1.com/d_driver_fallback_image.png/content/dam/fom-website/drivers/A/ALEALB01_Alexander_Albon/alealb01.png.transform/1col/image.png,9.0,9,10.0,,,,0 days 00:00:11.869000,Lapped,2.0,76.0,22.2,43.3,52.5,1.0,False
2025,8,Monaco Grand Prix,Monaco,R,2025-05-25,55,SAI,sainz,Williams,williams,Carlos,Sainz,https://media.formula1.com/d_driver_fallback_image.png/content/dam/fom-website/drivers/C/CARSAI01_Carlos_Sainz/carsai01.png.transform/1col/image.png,10.0,10,11.0,,,,0 days 00:00:15.232000,Lapped,1.0,76.0,22.2,43.3,52.5,1.0,False
2025,8,Monaco Grand Prix,Monaco,R,2025-05-25,63,RUS,russell,Mercedes,mercedes,George,Russell,https://media.formula1.com/d_driver_fallback_image.png/content/dam/fom-website/drivers/G/GEORUS01_George_Russell/georus01.png.transform/1col/image.png,11.0,11,14.0,,,,0 days 00:00:33.844000,Lapped,0.0,76.0,22.2,43.3,52.5,1.0,False
2025,8,Monaco Grand Prix,Monaco,R,2025-05-25,87,BEA,bearman,Haas F1 Team,haas,Oliver,Bearman,https://media.formula1.com/d_driver_fallback_image.png/content/dam/fom-website/drivers/O/OLIBEA01_Oliver_Bearman/olibea01.png.transform/1col/image.png,12.0,12,20.0,,,,0 days 00:00:54.693000,Lapped,0.0,76.0,22.2,43.3,52.5,1.0,False
2025,8,Monaco Grand Prix,Monaco,R,2025-05-25,43,COL,colapinto,Alpine,alpine,Franco,Colapinto,None,13.0,13,18.0,,,,0 days 00:00:57.114000,Lapped,0.0,76.0,22.2,43.3,52.5,1.0,False
2025,8,Monaco Grand Prix,Monaco,R,2025-05-25,5,BOR,bortoleto,Kick Sauber,sauber,Gabriel,Bortoleto,https://media.formula1.com/d_driver_fallback_image.png/content/dam/fom-website/drivers/G/GABBOR01_Gabriel_Bortoleto/gabbor01.png.transform/1col/image.png,14.0,14,16.0,,,,0 days 00:01:08.424000,Lapped,0.0,76.0,22.2,43.3,52.5,1.0,False
2025,8,Monaco Grand Prix,Monaco,R,2025-05-25,18,STR,stroll,Aston Martin,aston_martin,Lance,Stroll,https://media.formula1.com/d_driver_fallback_image.png/content/dam/fom-website/drivers/L/LANSTR01_Lance_Stroll/lanstr01.png.transform/1col/image.png,15.0,15,19.0,,,,0 days 00:01:10.395000,Lapped,0.0,76.0,22.2,43.3,52.5,1.0,False
2025,8,Monaco Grand Prix,Monaco,R,2025-05-25,27,HUL,hulkenberg,Kick Sauber,sauber,Nico,Hulkenberg,https://media.formula1.com/d_driver_fallback_image.png/content/dam/fom-website/drivers/N/NICHUL01_Nico_Hulkenberg/nichul01.png.transform/1col/image.png,16.0,16,13.0,,,,0 days 00:01:11.544000,Lapped,0.0,76.0,22.2,43.3,52.5,1.0,False
2025,8,Monaco Grand Prix,Monaco,R,2025-05-25,22,TSU,tsunoda,Red Bull Racing,red_bull,Yuki,Tsunoda,https://media.formula1.com/d_driver_fallback_image.png/content/dam/fom-website/drivers/Y/YUKTSU01_Yuki_Tsunoda/yuktsu01.png.transform/1col/image.png,17.0,17,12.0,,,,0 days 00:01:11.849000,Lapped,0.0,76.0,22.2,43.3,52.5,1.0,False
2025,8,Monaco Grand Prix,Monaco,R,2025-05-25,12,ANT,antonelli,Mercedes,mercedes,Kimi,Antonelli,https://media.formula1.com/d_driver_fallback_image.png/content/dam/fom-website/drivers/A/ANDANT01_Andrea%20Kimi_Antonelli/andant01.png.transform/1col/image.png,18.0,18,15.0,,,,0 days 00:00:08.409000,Lapped,0.0,75.0,22.2,43.3,52.5,1.0,False
2025,8,Monaco Grand Prix,Monaco,R,2025-05-25,14,ALO,alonso,Aston Martin,aston_martin,Fernando,Alonso,https://media.formula1.com/d_driver_fallback_image.png/content/dam/fom-website/drivers/F/FERALO01_Fernando_Alonso/feralo01.png.transform/1col/image.png,19.0,R,6.0,,,,,Retired,0.0,36.0,22.2,43.3,52.5,1.0,False
2025,8,Monaco Grand Prix,Monaco,R,2025-05-25,10,GAS,gasly,Alpine,alpine,Pierre,Gasly,https://media.formula1.com/d_driver_fallback_image.png/content/dam/fom-website/drivers/P/PIEGAS01_Pierre_Gasly/piegas01.png.transform/1col/image.png,20.0,R,17.0,,,,,Retired,0.0,7.0,22.2,43.3,52.5,1.0,False
2025,9,Spanish Grand Prix,Barcelona,R,2025-06-01,81,PIA,piastri,McLaren,mclaren,Oscar,Piastri,https://media.formula1.com/d_driver_fallback_image.png/content/dam/fom-website/drivers/O/OSCPIA01_Oscar_Piastri/oscpia01.png.transform/1col/image.png,1.0,1,1.0,,,,0 days 01:32:57.375000,Finished,25.0,66.0,29.1,48.5,54.6,1.6,False
2025,9,Spanish Grand Prix,Barcelona,R,2025-06-01,4,NOR,norris,McLaren,mclaren,Lando,Norris,https://media.formula1.com/d_driver_fallback_image.png/content/dam/fom-website/drivers/L/LANNOR01_Lando_Norris/lannor01.png.transform/1col/image.png,2.0,2,2.0,,,,0 days 00:00:02.471000,Finished,18.0,66.0,29.1,48.5,54.6,1.6,False
2025,9,Spanish Grand Prix,Barcelona,R,2025-06-01,16,LEC,leclerc,Ferrari,ferrari,Charles,Leclerc,https://media.formula1.com/d_driver_fallback_image.png/content/dam/fom-website/drivers/C/CHALEC01_Charles_Leclerc/chalec01.png.transform/1col/image.png,3.0,3,7.0,,,,0 days 00:00:10.455000,Finished,15.0,66.0,29.1,48.5,54.6,1.6,False
2025,9,Spanish Grand Prix,Barcelona,R,2025-06-01,63,RUS,russell,Mercedes,mercedes,George,Russell,https://media.formula1.com/d_driver_fallback_image.png/content/dam/fom-website/drivers/G/GEORUS01_George_Russell/georus01.png.transform/1col/image.png,4.0,4,4.0,,,,0 days 00:00:11.359000,Finished,12.0,66.0,29.1,48.5,54.6,1.6,False
2025,9,Spanish Grand Prix,Barcelona,R,2025-06-01,27,HUL,hulkenberg,Kick Sauber,sauber,Nico,Hulkenberg,https://media.formula1.com/d_driver_fallback_image.png/content/dam/fom-website/drivers/N/NICHUL01_Nico_Hulkenberg/nichul01.png.transform/1col/image.png,5.0,5,15.0,,,,0 days 00:00:13.648000,Finished,10.0,66.0,29.1,48.5,54.6,1.6,False
2025,9,Spanish Grand Prix,Barcelona,R,2025-06-01,44,HAM,hamilton,Ferrari,ferrari,Lewis,Hamilton,https://media.formula1.com/d_driver_fallback_image.png/content/dam/fom-website/drivers/L/LEWHAM01_Lewis_Hamilton/lewham01.png.transform/1col/image.png,6.0,6,5.0,,,,0 days 00:00:15.508000,Finished,8.0,66.0,29.1,48.5,54.6,1.6,False
2025,9,Spanish Grand Prix,Barcelona,R,2025-06-01,6,HAD,hadjar,Racing Bulls,rb,Isack,Hadjar,https://media.formula1.com/d_driver_fallback_image.png/content/dam/fom-website/drivers/I/ISAHAD01_Isack_Hadjar/isahad01.png.transform/1col/image.png,7.0,7,9.0,,,,0 days 00:00:16.022000,Finished,6.0,66.0,29.1,48.5,54.6,1.6,False
2025,9,Spanish Grand Prix,Barcelona,R,2025-06-01,10,GAS,gasly,Alpine,alpine,Pierre,Gasly,https://media.formula1.com/d_driver_fallback_image.png/content/dam/fom-website/drivers/P/PIEGAS01_Pierre_Gasly/piegas01.png.transform/1col/image.png,8.0,8,8.0,,,,0 days 00:00:17.882000,Finished,4.0,66.0,29.1,48.5,54.6,1.6,False
2025,9,Spanish Grand Prix,Barcelona,R,2025-06-01,14,ALO,alonso,Aston Martin,aston_martin,Fernando,Alonso,https://media.formula1.com/d_driver_fallback_image.png/content/dam/fom-website/drivers/F/FERALO01_Fernando_Alonso/feralo01.png.transform/1col/image.png,9.0,9,10.0,,,,0 days 00:00:21.564000,Finished,2.0,66.0,29.1,48.5,54.6,1.6,False
2025,9,Spanish Grand Prix,Barcelona,R,2025-06-01,1,VER,max_verstappen,Red Bull Racing,red_bull,Max,Verstappen,https://media.formula1.com/d_driver_fallback_image.png/content/dam/fom-website/drivers/M/MAXVER01_Max_Verstappen/maxver01.png.transform/1col/image.png,10.0,10,3.0,,,,0 days 00:00:21.826000,Finished,1.0,66.0,29.1,48.5,54.6,1.6,False
2025,9,Spanish Grand Prix,Barcelona,R,2025-06-01,30,LAW,lawson,Racing Bulls,rb,Liam,Lawson,https://media.formula1.com/d_driver_fallback_image.png/content/dam/fom-website/drivers/L/LIALAW01_Liam_Lawson/lialaw01.png.transform/1col/image.png,11.0,11,13.0,,,,0 days 00:00:25.532000,Finished,0.0,66.0,29.1,48.5,54.6,1.6,False
2025,9,Spanish Grand Prix,Barcelona,R,2025-06-01,5,BOR,bortoleto,Kick Sauber,sauber,Gabriel,Bortoleto,https://media.formula1.com/d_driver_fallback_image.png/content/dam/fom-website/drivers/G/GABBOR01_Gabriel_Bortoleto/gabbor01.png.transform/1col/image.png,12.0,12,12.0,,,,0 days 00:00:25.996000,Finished,0.0,66.0,29.1,48.5,54.6,1.6,False
2025,9,Spanish Grand Prix,Barcelona,R,2025-06-01,22,TSU,tsunoda,Red Bull Racing,red_bull,Yuki,Tsunoda,https://media.formula1.com/d_driver_fallback_image.png/content/dam/fom-website/drivers/Y/YUKTSU01_Yuki_Tsunoda/yuktsu01.png.transform/1col/image.png,13.0,13,19.0,,,,0 days 00:00:28.822000,Finished,0.0,66.0,29.1,48.5,54.6,1.6,False
2025,9,Spanish Grand Prix,Barcelona,R,2025-06-01,55,SAI,sainz,Williams,williams,Carlos,Sainz,https://media.formula1.com/d_driver_fallback_image.png/content/dam/fom-website/drivers/C/CARSAI01_Carlos_Sainz/carsai01.png.transform/1col/image.png,14.0,14,17.0,,,,0 days 00:00:29.309000,Finished,0.0,66.0,29.1,48.5,54.6,1.6,False
2025,9,Spanish Grand Prix,Barcelona,R,2025-06-01,43,COL,colapinto,Alpine,alpine,Franco,Colapinto,None,15.0,15,18.0,,,,0 days 00:00:31.381000,Finished,0.0,66.0,29.1,48.5,54.6,1.6,False
2025,9,Spanish Grand Prix,Barcelona,R,2025-06-01,31,OCO,ocon,Haas F1 Team,haas,Esteban,Ocon,https://media.formula1.com/d_driver_fallback_image.png/content/dam/fom-website/drivers/E/ESTOCO01_Esteban_Ocon/estoco01.png.transform/1col/image.png,16.0,16,16.0,,,,0 days 00:00:32.197000,Finished,0.0,66.0,29.1,48.5,54.6,1.6,False
2025,9,Spanish Grand Prix,Barcelona,R,2025-06-01,87,BEA,bearman,Haas F1 Team,haas,Oliver,Bearman,https://media.formula1.com/d_driver_fallback_image.png/content/dam/fom-website/drivers/O/OLIBEA01_Oliver_Bearman/olibea01.png.transform/1col/image.png,17.0,17,14.0,,,,0 days 00:00:37.065000,Finished,0.0,66.0,29.1,48.5,54.6,1.6,False
2025,9,Spanish Grand Prix,Barcelona,R,2025-06-01,12,ANT,antonelli,Mercedes,mercedes,Kimi,Antonelli,https://media.formula1.com/d_driver_fallback_image.png/content/dam/fom-website/drivers/A/ANDANT01_Andrea%20Kimi_Antonelli/andant01.png.transform/1col/image.png,18.0,R,6.0,,,,,Retired,0.0,53.0,29.1,48.5,54.6,1.6,False
2025,9,Spanish Grand Prix,Barcelona,R,2025-06-01,23,ALB,albon,Williams,williams,Alexander,Albon,https://media.formula1.com/d_driver_fallback_image.png/content/dam/fom-website/drivers/A/ALEALB01_Alexander_Albon/alealb01.png.transform/1col/image.png,19.0,R,11.0,,,,,Retired,0.0,27.0,29.1,48.5,54.6,1.6,False
2025,10,Canadian Grand Prix,Montréal,R,2025-06-15,63,RUS,russell,Mercedes,mercedes,George,Russell,https://media.formula1.com/d_driver_fallback_image.png/content/dam/fom-website/drivers/G/GEORUS01_George_Russell/georus01.png.transform/1col/image.png,1.0,1,1.0,,,,0 days 01:31:52.688000,Finished,25.0,70.0,24.0,49.3,28.0,1.0,True
2025,10,Canadian Grand Prix,Montréal,R,2025-06-15,1,VER,max_verstappen,Red Bull Racing,red_bull,Max,Verstappen,https://media.formula1.com/d_driver_fallback_image.png/content/dam/fom-website/drivers/M/MAXVER01_Max_Verstappen/maxver01.png.transform/1col/image.png,2.0,2,2.0,,,,0 days 00:00:00.228000,Finished,18.0,70.0,24.0,49.3,28.0,1.0,True
2025,10,Canadian Grand Prix,Montréal,R,2025-06-15,12,ANT,antonelli,Mercedes,mercedes,Kimi,Antonelli,https://media.formula1.com/d_driver_fallback_image.png/content/dam/fom-website/drivers/A/ANDANT01_Andrea%20Kimi_Antonelli/andant01.png.transform/1col/image.png,3.0,3,4.0,,,,0 days 00:00:01.014000,Finished,15.0,70.0,24.0,49.3,28.0,1.0,True
2025,10,Canadian Grand Prix,Montréal,R,2025-06-15,81,PIA,piastri,McLaren,mclaren,Oscar,Piastri,https://media.formula1.com/d_driver_fallback_image.png/content/dam/fom-website/drivers/O/OSCPIA01_Oscar_Piastri/oscpia01.png.transform/1col/image.png,4.0,4,3.0,,,,0 days 00:00:02.109000,Finished,12.0,70.0,24.0,49.3,28.0,1.0,True
2025,10,Canadian Grand Prix,Montréal,R,2025-06-15,16,LEC,leclerc,Ferrari,ferrari,Charles,Leclerc,https://media.formula1.com/d_driver_fallback_image.png/content/dam/fom-website/drivers/C/CHALEC01_Charles_Leclerc/chalec01.png.transform/1col/image.png,5.0,5,8.0,,,,0 days 00:00:03.442000,Finished,10.0,70.0,24.0,49.3,28.0,1.0,True
2025,10,Canadian Grand Prix,Montréal,R,2025-06-15,44,HAM,hamilton,Ferrari,ferrari,Lewis,Hamilton,https://media.formula1.com/d_driver_fallback_image.png/content/dam/fom-website/drivers/L/LEWHAM01_Lewis_Hamilton/lewham01.png.transform/1col/image.png,6.0,6,5.0,,,,0 days 00:00:10.713000,Finished,8.0,70.0,24.0,49.3,28.0,1.0,True
2025,10,Canadian Grand Prix,Montréal,R,2025-06-15,14,ALO,alonso,Aston Martin,aston_martin,Fernando,Alonso,https://media.formula1.com/d_driver_fallback_image.png/content/dam/fom-website/drivers/F/FERALO01_Fernando_Alonso/feralo01.png.transform/1col/image.png,7.0,7,6.0,,,,0 days 00:00:10.972000,Finished,6.0,70.0,24.0,49.3,28.0,1.0,True
2025,10,Canadian Grand Prix,Montréal,R,2025-06-15,27,HUL,hulkenberg,Kick Sauber,sauber,Nico,Hulkenberg,https://media.formula1.com/d_driver_fallback_image.png/content/dam/fom-website/drivers/N/NICHUL01_Nico_Hulkenberg/nichul01.png.transform/1col/image.png,8.0,8,11.0,,,,0 days 00:00:15.364000,Finished,4.0,70.0,24.0,49.3,28.0,1.0,True
2025,10,Canadian Grand Prix,Montréal,R,2025-06-15,31,OCO,ocon,Haas F1 Team,haas,Esteban,Ocon,https://media.formula1.com/d_driver_fallback_image.png/content/dam/fom-website/drivers/E/ESTOCO01_Esteban_Ocon/estoco01.png.transform/1col/image.png,9.0,9,14.0,,,,0 days 00:00:01.473000,Lapped,2.0,69.0,24.0,49.3,28.0,1.0,True
2025,10,Canadian Grand Prix,Montréal,R,2025-06-15,55,SAI,sainz,Williams,williams,Carlos,Sainz,https://media.formula1.com/d_driver_fallback_image.png/content/dam/fom-website/drivers/C/CARSAI01_Carlos_Sainz/carsai01.png.transform/1col/image.png,10.0,10,16.0,,,,0 days 00:00:01.886000,Lapped,1.0,69.0,24.0,49.3,28.0,1.0,True
2025,10,Canadian Grand Prix,Montréal,R,2025-06-15,87,BEA,bearman,Haas F1 Team,haas,Oliver,Bearman,https://media.formula1.com/d_driver_fallback_image.png/content/dam/fom-website/drivers/O/OLIBEA01_Oliver_Bearman/olibea01.png.transform/1col/image.png,11.0,11,13.0,,,,0 days 00:00:03.717000,Lapped,0.0,69.0,24.0,49.3,28.0,1.0,True
2025,10,Canadian Grand Prix,Montréal,R,2025-06-15,22,TSU,tsunoda,Red Bull Racing,red_bull,Yuki,Tsunoda,https://media.formula1.com/d_driver_fallback_image.png/content/dam/fom-website/drivers/Y/YUKTSU01_Yuki_Tsunoda/yuktsu01.png.transform/1col/image.png,12.0,12,18.0,,,,0 days 00:00:05.456000,Lapped,0.0,69.0,24.0,49.3,28.0,1.0,True
2025,10,Canadian Grand Prix,Montréal,R,2025-06-15,43,COL,colapinto,Alpine,alpine,Franco,Colapinto,None,13.0,13,10.0,,,,0 days 00:00:07.018000,Lapped,0.0,69.0,24.0,49.3,28.0,1.0,True
2025,10,Canadian Grand Prix,Montréal,R,2025-06-15,5,BOR,bortoleto,Kick Sauber,sauber,Gabriel,Bortoleto,https://media.formula1.com/d_driver_fallback_image.png/content/dam/fom-website/drivers/G/GABBOR01_Gabriel_Bortoleto/gabbor01.png.transform/1col/image.png,14.0,14,15.0,,,,0 days 00:00:07.879000,Lapped,0.0,69.0,24.0,49.3,28.0,1.0,True
2025,10,Canadian Grand Prix,Montréal,R,2025-06-15,10,GAS,gasly,Alpine,alpine,Pierre,Gasly,https://media.formula1.com/d_driver_fallback_image.png/content/dam/fom-website/drivers/P/PIEGAS01_Pierre_Gasly/piegas01.png.transform/1col/image.png,15.0,15,20.0,,,,0 days 00:00:07.950000,Lapped,0.0,69.0,24.0,49.3,28.0,1.0,True
2025,10,Canadian Grand Prix,Montréal,R,2025-06-15,6,HAD,hadjar,Racing Bulls,rb,Isack,Hadjar,https://media.formula1.com/d_driver_fallback_image.png/content/dam/fom-website/drivers/I/ISAHAD01_Isack_Hadjar/isahad01.png.transform/1col/image.png,16.0,16,12.0,,,,0 days 00:00:08.737000,Lapped,0.0,69.0,24.0,49.3,28.0,1.0,True
2025,10,Canadian Grand Prix,Montréal,R,2025-06-15,18,STR,stroll,Aston Martin,aston_martin,Lance,Stroll,https://media.formula1.com/d_driver_fallback_image.png/content/dam/fom-website/drivers/L/LANSTR01_Lance_Stroll/lanstr01.png.transform/1col/image.png,17.0,17,17.0,,,,0 days 00:00:09.063000,Lapped,0.0,69.0,24.0,49.3,28.0,1.0,True
2025,10,Canadian Grand Prix,Montréal,R,2025-06-15,4,NOR,norris,McLaren,mclaren,Lando,Norris,https://media.formula1.com/d_driver_fallback_image.png/content/dam/fom-website/drivers/L/LANNOR01_Lando_Norris/lannor01.png.transform/1col/image.png,18.0,18,7.0,,,,,Retired,0.0,66.0,24.0,49.3,28.0,1.0,True
2025,10,Canadian Grand Prix,Montréal,R,2025-06-15,30,LAW,lawson,Racing Bulls,rb,Liam,Lawson,https://media.formula1.com/d_driver_fallback_image.png/content/dam/fom-website/drivers/L/LIALAW01_Liam_Lawson/lialaw01.png.transform/1col/image.png,19.0,R,19.0,,,,,Retired,0.0,53.0,24.0,49.3,28.0,1.0,True
2025,10,Canadian Grand Prix,Montréal,R,2025-06-15,23,ALB,albon,Williams,williams,Alexander,Albon,https://media.formula1.com/d_driver_fallback_image.png/content/dam/fom-website/drivers/A/ALEALB01_Alexander_Albon/alealb01.png.transform/1col/image.png,20.0,R,9.0,,,,,Retired,0.0,46.0,24.0,49.3,28.0,1.0,True
2025,11,Austrian Grand Prix,Spielberg,R,2025-06-29,4,NOR,norris,McLaren,mclaren,Lando,Norris,https://media.formula1.com/d_driver_fallback_image.png/content/dam/fom-website/drivers/L/LANNOR01_Lando_Norris/lannor01.png.transform/1col/image.png,1.0,1,1.0,,,,0 days 01:23:47.693000,Finished,25.0,70.0,30.3,49.2,32.0,1.6,False
2025,11,Austrian Grand Prix,Spielberg,R,2025-06-29,81,PIA,piastri,McLaren,mclaren,Oscar,Piastri,https://media.formula1.com/d_driver_fallback_image.png/content/dam/fom-website/drivers/O/OSCPIA01_Oscar_Piastri/oscpia01.png.transform/1col/image.png,2.0,2,3.0,,,,0 days 00:00:02.695000,Finished,18.0,70.0,30.3,49.2,32.0,1.6,False
2025,11,Austrian Grand Prix,Spielberg,R,2025-06-29,16,LEC,leclerc,Ferrari,ferrari,Charles,Leclerc,https://media.formula1.com/d_driver_fallback_image.png/content/dam/fom-website/drivers/C/CHALEC01_Charles_Leclerc/chalec01.png.transform/1col/image.png,3.0,3,2.0,,,,0 days 00:00:19.820000,Finished,15.0,70.0,30.3,49.2,32.0,1.6,False
2025,11,Austrian Grand Prix,Spielberg,R,2025-06-29,44,HAM,hamilton,Ferrari,ferrari,Lewis,Hamilton,https://media.formula1.com/d_driver_fallback_image.png/content/dam/fom-website/drivers/L/LEWHAM01_Lewis_Hamilton/lewham01.png.transform/1col/image.png,4.0,4,4.0,,,,0 days 00:00:29.020000,Finished,12.0,70.0,30.3,49.2,32.0,1.6,False
2025,11,Austrian Grand Prix,Spielberg,R,2025-06-29,63,RUS,russell,Mercedes,mercedes,George,Russell,https://media.formula1.com/d_driver_fallback_image.png/content/dam/fom-website/drivers/G/GEORUS01_George_Russell/georus01.png.transform/1col/image.png,5.0,5,5.0,,,,0 days 00:01:02.396000,Finished,10.0,70.0,30.3,49.2,32.0,1.6,False
2025,11,Austrian Grand Prix,Spielberg,R,2025-06-29,30,LAW,lawson,Racing Bulls,rb,Liam,Lawson,https://media.formula1.com/d_driver_fallback_image.png/content/dam/fom-website/drivers/L/LIALAW01_Liam_Lawson/lialaw01.png.transform/1col/image.png,6.0,6,6.0,,,,0 days 00:01:07.754000,Finished,8.0,70.0,30.3,49.2,32.0,1.6,False
2025,11,Austrian Grand Prix,Spielberg,R,2025-06-29,14,ALO,alonso,Aston Martin,aston_martin,Fernando,Alonso,https://media.formula1.com/d_driver_fallback_image.png/content/dam/fom-website/drivers/F/FERALO01_Fernando_Alonso/feralo01.png.transform/1col/image.png,7.0,7,11.0,,,,0 days 00:00:01.437000,Lapped,6.0,69.0,30.3,49.2,32.0,1.6,False
2025,11,Austrian Grand Prix,Spielberg,R,2025-06-29,5,BOR,bortoleto,Kick Sauber,sauber,Gabriel,Bortoleto,https://media.formula1.com/d_driver_fallback_image.png/content/dam/fom-website/drivers/G/GABBOR01_Gabriel_Bortoleto/gabbor01.png.transform/1col/image.png,8.0,8,8.0,,,,0 days 00:00:01.952000,Lapped,4.0,69.0,30.3,49.2,32.0,1.6,False
2025,11,Austrian Grand Prix,Spielberg,R,2025-06-29,27,HUL,hulkenberg,Kick Sauber,sauber,Nico,Hulkenberg,https://media.formula1.com/d_driver_fallback_image.png/content/dam/fom-website/drivers/N/NICHUL01_Nico_Hulkenberg/nichul01.png.transform/1col/image.png,9.0,9,20.0,,,,0 days 00:00:07.720000,Lapped,2.0,69.0,30.3,49.2,32.0,1.6,False
2025,11,Austrian Grand Prix,Spielberg,R,2025-06-29,31,OCO,ocon,Haas F1 Team,haas,Esteban,Ocon,https://media.formula1.com/d_driver_fallback_image.png/content/dam/fom-website/drivers/E/ESTOCO01_Esteban_Ocon/estoco01.png.transform/1col/image.png,10.0,10,17.0,,,,0 days 00:00:09.986000,Lapped,1.0,69.0,30.3,49.2,32.0,1.6,False
2025,11,Austrian Grand Prix,Spielberg,R,2025-06-29,87,BEA,bearman,Haas F1 Team,haas,Oliver,Bearman,https://media.formula1.com/d_driver_fallback_image.png/content/dam/fom-website/drivers/O/OLIBEA01_Oliver_Bearman/olibea01.png.transform/1col/image.png,11.0,11,15.0,,,,0 days 00:00:24.854000,Lapped,0.0,69.0,30.3,49.2,32.0,1.6,False
2025,11,Austrian Grand Prix,Spielberg,R,2025-06-29,6,HAD,hadjar,Racing Bulls,rb,Isack,Hadjar,https://media.formula1.com/d_driver_fallback_image.png/content/dam/fom-website/drivers/I/ISAHAD01_Isack_Hadjar/isahad01.png.transform/1col/image.png,12.0,12,13.0,,,,0 days 00:00:27.957000,Lapped,0.0,69.0,30.3,49.2,32.0,1.6,False
2025,11,Austrian Grand Prix,Spielberg,R,2025-06-29,10,GAS,gasly,Alpine,alpine,Pierre,Gasly,https://media.formula1.com/d_driver_fallback_image.png/content/dam/fom-website/drivers/P/PIEGAS01_Pierre_Gasly/piegas01.png.transform/1col/image.png,13.0,13,10.0,,,,0 days 00:00:33.055000,Lapped,0.0,69.0,30.3,49.2,32.0,1.6,False
2025,11,Austrian Grand Prix,Spielberg,R,2025-06-29,18,STR,stroll,Aston Martin,aston_martin,Lance,Stroll,https://media.formula1.com/d_driver_fallback_image.png/content/dam/fom-website/drivers/L/LANSTR01_Lance_Stroll/lanstr01.png.transform/1col/image.png,14.0,14,16.0,,,,0 days 00:00:34.462000,Lapped,0.0,69.0,30.3,49.2,32.0,1.6,False
2025,11,Austrian Grand Prix,Spielberg,R,2025-06-29,43,COL,colapinto,Alpine,alpine,Franco,Colapinto,None,15.0,15,14.0,,,,0 days 00:00:42.692000,Lapped,0.0,69.0,30.3,49.2,32.0,1.6,False
2025,11,Austrian Grand Prix,Spielberg,R,2025-06-29,22,TSU,tsunoda,Red Bull Racing,red_bull,Yuki,Tsunoda,https://media.formula1.com/d_driver_fallback_image.png/content/dam/fom-website/drivers/Y/YUKTSU01_Yuki_Tsunoda/yuktsu01.png.transform/1col/image.png,16.0,16,18.0,,,,0 days 00:00:02.979000,Lapped,0.0,68.0,30.3,49.2,32.0,1.6,False
2025,11,Austrian Grand Prix,Spielberg,R,2025-06-29,23,ALB,albon,Williams,williams,Alexander,Albon,https://media.formula1.com/d_driver_fallback_image.png/content/dam/fom-website/drivers/A/ALEALB01_Alexander_Albon/alealb01.png.transform/1col/image.png,17.0,R,12.0,,,,,Retired,0.0,15.0,30.3,49.2,32.0,1.6,False
2025,11,Austrian Grand Prix,Spielberg,R,2025-06-29,1,VER,max_verstappen,Red Bull Racing,red_bull,Max,Verstappen,https://media.formula1.com/d_driver_fallback_image.png/content/dam/fom-website/drivers/M/MAXVER01_Max_Verstappen/maxver01.png.transform/1col/image.png,18.0,R,7.0,,,,,Retired,0.0,0.0,30.3,49.2,32.0,1.6,False
2025,11,Austrian Grand Prix,Spielberg,R,2025-06-29,12,ANT,antonelli,Mercedes,mercedes,Kimi,Antonelli,https://media.formula1.com/d_driver_fallback_image.png/content/dam/fom-website/drivers/A/ANDANT01_Andrea%20Kimi_Antonelli/andant01.png.transform/1col/image.png,19.0,R,9.0,,,,,Retired,0.0,0.0,30.3,49.2,32.0,1.6,False
2025,11,Austrian Grand Prix,Spielberg,R,2025-06-29,55,SAI,sainz,Williams,williams,Carlos,Sainz,https://media.formula1.com/d_driver_fallback_image.png/content/dam/fom-website/drivers/C/CARSAI01_Carlos_Sainz/carsai01.png.transform/1col/image.png,20.0,W,19.0,,,,,Did not start,0.0,0.0,30.3,49.2,32.0,1.6,False
2025,12,British Grand Prix,Silverstone,R,2025-07-06,4,NOR,norris,McLaren,mclaren,Lando,Norris,https://media.formula1.com/d_driver_fallback_image.png/content/dam/fom-website/drivers/L/LANNOR01_Lando_Norris/lannor01.png.transform/1col/image.png,1.0,1,3.0,,,,0 days 01:37:15.735000,Finished,25.0,52.0,17.9,23.6,78.4,1.5,True
2025,12,British Grand Prix,Silverstone,R,2025-07-06,81,PIA,piastri,McLaren,mclaren,Oscar,Piastri,https://media.formula1.com/d_driver_fallback_image.png/content/dam/fom-website/drivers/O/OSCPIA01_Oscar_Piastri/oscpia01.png.transform/1col/image.png,2.0,2,2.0,,,,0 days 00:00:06.812000,Finished,18.0,52.0,17.9,23.6,78.4,1.5,True
2025,12,British Grand Prix,Silverstone,R,2025-07-06,27,HUL,hulkenberg,Kick Sauber,sauber,Nico,Hulkenberg,https://media.formula1.com/d_driver_fallback_image.png/content/dam/fom-website/drivers/N/NICHUL01_Nico_Hulkenberg/nichul01.png.transform/1col/image.png,3.0,3,19.0,,,,0 days 00:00:34.742000,Finished,15.0,52.0,17.9,23.6,78.4,1.5,True
2025,12,British Grand Prix,Silverstone,R,2025-07-06,44,HAM,hamilton,Ferrari,ferrari,Lewis,Hamilton,https://media.formula1.com/d_driver_fallback_image.png/content/dam/fom-website/drivers/L/LEWHAM01_Lewis_Hamilton/lewham01.png.transform/1col/image.png,4.0,4,5.0,,,,0 days 00:00:39.812000,Finished,12.0,52.0,17.9,23.6,78.4,1.5,True
2025,12,British Grand Prix,Silverstone,R,2025-07-06,1,VER,max_verstappen,Red Bull Racing,red_bull,Max,Verstappen,https://media.formula1.com/d_driver_fallback_image.png/content/dam/fom-website/drivers/M/MAXVER01_Max_Verstappen/maxver01.png.transform/1col/image.png,5.0,5,1.0,,,,0 days 00:00:56.781000,Finished,10.0,52.0,17.9,23.6,78.4,1.5,True
2025,12,British Grand Prix,Silverstone,R,2025-07-06,10,GAS,gasly,Alpine,alpine,Pierre,Gasly,https://media.formula1.com/d_driver_fallback_image.png/content/dam/fom-website/drivers/P/PIEGAS01_Pierre_Gasly/piegas01.png.transform/1col/image.png,6.0,6,8.0,,,,0 days 00:00:59.857000,Finished,8.0,52.0,17.9,23.6,78.4,1.5,True
2025,12,British Grand Prix,Silverstone,R,2025-07-06,18,STR,stroll,Aston Martin,aston_martin,Lance,Stroll,https://media.formula1.com/d_driver_fallback_image.png/content/dam/fom-website/drivers/L/LANSTR01_Lance_Stroll/lanstr01.png.transform/1col/image.png,7.0,7,17.0,,,,0 days 00:01:00.603000,Finished,6.0,52.0,17.9,23.6,78.4,1.5,True
2025,12,British Grand Prix,Silverstone,R,2025-07-06,23,ALB,albon,Williams,williams,Alexander,Albon,https://media.formula1.com/d_driver_fallback_image.png/content/dam/fom-website/drivers/A/ALEALB01_Alexander_Albon/alealb01.png.transform/1col/image.png,8.0,8,13.0,,,,0 days 00:01:04.135000,Finished,4.0,52.0,17.9,23.6,78.4,1.5,True
2025,12,British Grand Prix,Silverstone,R,2025-07-06,14,ALO,alonso,Aston Martin,aston_martin,Fernando,Alonso,https://media.formula1.com/d_driver_fallback_image.png/content/dam/fom-website/drivers/F/FERALO01_Fernando_Alonso/feralo01.png.transform/1col/image.png,9.0,9,7.0,,,,0 days 00:01:05.858000,Finished,2.0,52.0,17.9,23.6,78.4,1.5,True
2025,12,British Grand Prix,Silverstone,R,2025-07-06,63,RUS,russell,Mercedes,mercedes,George,Russell,https://media.formula1.com/d_driver_fallback_image.png/content/dam/fom-website/drivers/G/GEORUS01_George_Russell/georus01.png.transform/1col/image.png,10.0,10,4.0,,,,0 days 00:01:10.674000,Finished,1.0,52.0,17.9,23.6,78.4,1.5,True
2025,12,British Grand Prix,Silverstone,R,2025-07-06,87,BEA,bearman,Haas F1 Team,haas,Oliver,Bearman,https://media.formula1.com/d_driver_fallback_image.png/content/dam/fom-website/drivers/O/OLIBEA01_Oliver_Bearman/olibea01.png.transform/1col/image.png,11.0,11,18.0,,,,0 days 00:01:12.095000,Finished,0.0,52.0,17.9,23.6,78.4,1.5,True
2025,12,British Grand Prix,Silverstone,R,2025-07-06,55,SAI,sainz,Williams,williams,Carlos,Sainz,https://media.formula1.com/d_driver_fallback_image.png/content/dam/fom-website/drivers/C/CARSAI01_Carlos_Sainz/carsai01.png.transform/1col/image.png,12.0,12,9.0,,,,0 days 00:01:16.592000,Finished,0.0,52.0,17.9,23.6,78.4,1.5,True
2025,12,British Grand Prix,Silverstone,R,2025-07-06,31,OCO,ocon,Haas F1 Team,haas,Esteban,Ocon,https://media.formula1.com/d_driver_fallback_image.png/content/dam/fom-website/drivers/E/ESTOCO01_Esteban_Ocon/estoco01.png.transform/1col/image.png,13.0,13,14.0,,,,0 days 00:01:17.301000,Finished,0.0,52.0,17.9,23.6,78.4,1.5,True
2025,12,British Grand Prix,Silverstone,R,2025-07-06,16,LEC,leclerc,Ferrari,ferrari,Charles,Leclerc,https://media.formula1.com/d_driver_fallback_image.png/content/dam/fom-website/drivers/C/CHALEC01_Charles_Leclerc/chalec01.png.transform/1col/image.png,14.0,14,6.0,,,,0 days 00:01:24.477000,Finished,0.0,52.0,17.9,23.6,78.4,1.5,True
2025,12,British Grand Prix,Silverstone,R,2025-07-06,22,TSU,tsunoda,Red Bull Racing,red_bull,Yuki,Tsunoda,https://media.formula1.com/d_driver_fallback_image.png/content/dam/fom-website/drivers/Y/YUKTSU01_Yuki_Tsunoda/yuktsu01.png.transform/1col/image.png,15.0,15,11.0,,,,0 days 00:00:32.250000,Lapped,0.0,51.0,17.9,23.6,78.4,1.5,True
2025,12,British Grand Prix,Silverstone,R,2025-07-06,12,ANT,antonelli,Mercedes,mercedes,Kimi,Antonelli,https://media.formula1.com/d_driver_fallback_image.png/content/dam/fom-website/drivers/A/ANDANT01_Andrea%20Kimi_Antonelli/andant01.png.transform/1col/image.png,16.0,R,10.0,,,,,Retired,0.0,23.0,17.9,23.6,78.4,1.5,True
2025,12,British Grand Prix,Silverstone,R,2025-07-06,6,HAD,hadjar,Racing Bulls,rb,Isack,Hadjar,https://media.formula1.com/d_driver_fallback_image.png/content/dam/fom-website/drivers/I/ISAHAD01_Isack_Hadjar/isahad01.png.transform/1col/image.png,17.0,R,12.0,,,,,Retired,0.0,17.0,17.9,23.6,78.4,1.5,True
2025,12,British Grand Prix,Silverstone,R,2025-07-06,5,BOR,bortoleto,Kick Sauber,sauber,Gabriel,Bortoleto,https://media.formula1.com/d_driver_fallback_image.png/content/dam/fom-website/drivers/G/GABBOR01_Gabriel_Bortoleto/gabbor01.png.transform/1col/image.png,18.0,R,16.0,,,,,Retired,0.0,3.0,17.9,23.6,78.4,1.5,True
2025,12,British Grand Prix,Silverstone,R,2025-07-06,30,LAW,lawson,Racing Bulls,rb,Liam,Lawson,https://media.formula1.com/d_driver_fallback_image.png/content/dam/fom-website/drivers/L/LIALAW01_Liam_Lawson/lialaw01.png.transform/1col/image.png,19.0,R,15.0,,,,,Retired,0.0,0.0,17.9,23.6,78.4,1.5,True
2025,12,British Grand Prix,Silverstone,R,2025-07-06,43,COL,colapinto,Alpine,alpine,Franco,Colapinto,None,20.0,W,20.0,,,,,Did not start,0.0,0.0,17.9,23.6,78.4,1.5,True
2025,13,Belgian Grand Prix,Spa-Francorchamps,R,2025-07-27,81,PIA,piastri,McLaren,mclaren,Oscar,Piastri,https://media.formula1.com/d_driver_fallback_image.png/content/dam/fom-website/drivers/O/OSCPIA01_Oscar_Piastri/oscpia01.png.transform/1col/image.png,1.0,1,2.0,,,,0 days 01:25:22.601000,Finished,25.0,44.0,17.0,24.1,84.4,1.4,True
2025,13,Belgian Grand Prix,Spa-Francorchamps,R,2025-07-27,4,NOR,norris,McLaren,mclaren,Lando,Norris,https://media.formula1.com/d_driver_fallback_image.png/content/dam/fom-website/drivers/L/LANNOR01_Lando_Norris/lannor01.png.transform/1col/image.png,2.0,2,1.0,,,,0 days 00:00:03.415000,Finished,18.0,44.0,17.0,24.1,84.4,1.4,True
2025,13,Belgian Grand Prix,Spa-Francorchamps,R,2025-07-27,16,LEC,leclerc,Ferrari,ferrari,Charles,Leclerc,https://media.formula1.com/d_driver_fallback_image.png/content/dam/fom-website/drivers/C/CHALEC01_Charles_Leclerc/chalec01.png.transform/1col/image.png,3.0,3,3.0,,,,0 days 00:00:20.185000,Finished,15.0,44.0,17.0,24.1,84.4,1.4,True
2025,13,Belgian Grand Prix,Spa-Francorchamps,R,2025-07-27,1,VER,max_verstappen,Red Bull Racing,red_bull,Max,Verstappen,https://media.formula1.com/d_driver_fallback_image.png/content/dam/fom-website/drivers/M/MAXVER01_Max_Verstappen/maxver01.png.transform/1col/image.png,4.0,4,4.0,,,,0 days 00:00:21.731000,Finished,12.0,44.0,17.0,24.1,84.4,1.4,True
2025,13,Belgian Grand Prix,Spa-Francorchamps,R,2025-07-27,63,RUS,russell,Mercedes,mercedes,George,Russell,https://media.formula1.com/d_driver_fallback_image.png/content/dam/fom-website/drivers/G/GEORUS01_George_Russell/georus01.png.transform/1col/image.png,5.0,5,6.0,,,,0 days 00:00:34.863000,Finished,10.0,44.0,17.0,24.1,84.4,1.4,True
2025,13,Belgian Grand Prix,Spa-Francorchamps,R,2025-07-27,23,ALB,albon,Williams,williams,Alexander,Albon,https://media.formula1.com/d_driver_fallback_image.png/content/dam/fom-website/drivers/A/ALEALB01_Alexander_Albon/alealb01.png.transform/1col/image.png,6.0,6,5.0,,,,0 days 00:00:39.926000,Finished,8.0,44.0,17.0,24.1,84.4,1.4,True
2025,13,Belgian Grand Prix,Spa-Francorchamps,R,2025-07-27,44,HAM,hamilton,Ferrari,ferrari,Lewis,Hamilton,https://media.formula1.com/d_driver_fallback_image.png/content/dam/fom-website/drivers/L/LEWHAM01_Lewis_Hamilton/lewham01.png.transform/1col/image.png,7.0,7,18.0,,,,0 days 00:00:40.679000,Finished,6.0,44.0,17.0,24.1,84.4,1.4,True
2025,13,Belgian Grand Prix,Spa-Francorchamps,R,2025-07-27,30,LAW,lawson,Racing Bulls,rb,Liam,Lawson,https://media.formula1.com/d_driver_fallback_image.png/content/dam/fom-website/drivers/L/LIALAW01_Liam_Lawson/lialaw01.png.transform/1col/image.png,8.0,8,9.0,,,,0 days 00:00:52.033000,Finished,4.0,44.0,17.0,24.1,84.4,1.4,True
2025,13,Belgian Grand Prix,Spa-Francorchamps,R,2025-07-27,5,BOR,bortoleto,Kick Sauber,sauber,Gabriel,Bortoleto,https://media.formula1.com/d_driver_fallback_image.png/content/dam/fom-website/drivers/G/GABBOR01_Gabriel_Bortoleto/gabbor01.png.transform/1col/image.png,9.0,9,10.0,,,,0 days 00:00:56.434000,Finished,2.0,44.0,17.0,24.1,84.4,1.4,True
2025,13,Belgian Grand Prix,Spa-Francorchamps,R,2025-07-27,10,GAS,gasly,Alpine,alpine,Pierre,Gasly,https://media.formula1.com/d_driver_fallback_image.png/content/dam/fom-website/drivers/P/PIEGAS01_Pierre_Gasly/piegas01.png.transform/1col/image.png,10.0,10,13.0,,,,0 days 00:01:12.714000,Finished,1.0,44.0,17.0,24.1,84.4,1.4,True
2025,13,Belgian Grand Prix,Spa-Francorchamps,R,2025-07-27,87,BEA,bearman,Haas F1 Team,haas,Oliver,Bearman,https://media.formula1.com/d_driver_fallback_image.png/content/dam/fom-website/drivers/O/OLIBEA01_Oliver_Bearman/olibea01.png.transform/1col/image.png,11.0,11,12.0,,,,0 days 00:01:13.145000,Finished,0.0,44.0,17.0,24.1,84.4,1.4,True
2025,13,Belgian Grand Prix,Spa-Francorchamps,R,2025-07-27,27,HUL,hulkenberg,Kick Sauber,sauber,Nico,Hulkenberg,https://media.formula1.com/d_driver_fallback_image.png/content/dam/fom-website/drivers/N/NICHUL01_Nico_Hulkenberg/nichul01.png.transform/1col/image.png,12.0,12,14.0,,,,0 days 00:01:13.628000,Finished,0.0,44.0,17.0,24.1,84.4,1.4,True
2025,13,Belgian Grand Prix,Spa-Francorchamps,R,2025-07-27,22,TSU,tsunoda,Red Bull Racing,red_bull,Yuki,Tsunoda,https://media.formula1.com/d_driver_fallback_image.png/content/dam/fom-website/drivers/Y/YUKTSU01_Yuki_Tsunoda/yuktsu01.png.transform/1col/image.png,13.0,13,7.0,,,,0 days 00:01:15.395000,Finished,0.0,44.0,17.0,24.1,84.4,1.4,True
2025,13,Belgian Grand Prix,Spa-Francorchamps,R,2025-07-27,18,STR,stroll,Aston Martin,aston_martin,Lance,Stroll,https://media.formula1.com/d_driver_fallback_image.png/content/dam/fom-website/drivers/L/LANSTR01_Lance_Stroll/lanstr01.png.transform/1col/image.png,14.0,14,16.0,,,,0 days 00:01:19.831000,Finished,0.0,44.0,17.0,24.1,84.4,1.4,True
2025,13,Belgian Grand Prix,Spa-Francorchamps,R,2025-07-27,31,OCO,ocon,Haas F1 Team,haas,Esteban,Ocon,https://media.formula1.com/d_driver_fallback_image.png/content/dam/fom-website/drivers/E/ESTOCO01_Esteban_Ocon/estoco01.png.transform/1col/image.png,15.0,15,11.0,,,,0 days 00:01:26.063000,Finished,0.0,44.0,17.0,24.1,84.4,1.4,True
2025,13,Belgian Grand Prix,Spa-Francorchamps,R,2025-07-27,12,ANT,antonelli,Mercedes,mercedes,Kimi,Antonelli,https://media.formula1.com/d_driver_fallback_image.png/content/dam/fom-website/drivers/A/ANDANT01_Andrea%20Kimi_Antonelli/andant01.png.transform/1col/image.png,16.0,16,19.0,,,,0 days 00:01:26.721000,Finished,0.0,44.0,17.0,24.1,84.4,1.4,True
2025,13,Belgian Grand Prix,Spa-Francorchamps,R,2025-07-27,14,ALO,alonso,Aston Martin,aston_martin,Fernando,Alonso,https://media.formula1.com/d_driver_fallback_image.png/content/dam/fom-website/drivers/F/FERALO01_Fernando_Alonso/feralo01.png.transform/1col/image.png,17.0,17,20.0,,,,0 days 00:01:27.924000,Finished,0.0,44.0,17.0,24.1,84.4,1.4,True
2025,13,Belgian Grand Prix,Spa-Francorchamps,R,2025-07-27,55,SAI,sainz,Williams,williams,Carlos,Sainz,https://media.formula1.com/d_driver_fallback_image.png/content/dam/fom-website/drivers/C/CARSAI01_Carlos_Sainz/carsai01.png.transform/1col/image.png,18.0,18,17.0,,,,0 days 00:01:32.024000,Finished,0.0,44.0,17.0,24.1,84.4,1.4,True
2025,13,Belgian Grand Prix,Spa-Francorchamps,R,2025-07-27,43,COL,colapinto,Alpine,alpine,Franco,Colapinto,None,19.0,19,15.0,,,,0 days 00:01:35.250000,Finished,0.0,44.0,17.0,24.1,84.4,1.4,True
2025,13,Belgian Grand Prix,Spa-Francorchamps,R,2025-07-27,6,HAD,hadjar,Racing Bulls,rb,Isack,Hadjar,https://media.formula1.com/d_driver_fallback_image.png/content/dam/fom-website/drivers/I/ISAHAD01_Isack_Hadjar/isahad01.png.transform/1col/image.png,20.0,20,8.0,,,,0 days 00:00:12.942000,Lapped,0.0,43.0,17.0,24.1,84.4,1.4,True
2025,14,Hungarian Grand Prix,Budapest,R,2025-08-03,4,NOR,norris,McLaren,mclaren,Lando,Norris,https://media.formula1.com/d_driver_fallback_image.png/content/dam/fom-website/drivers/L/LANNOR01_Lando_Norris/lannor01.png.transform/1col/image.png,1.0,1,3.0,,,,0 days 01:35:21.231000,Finished,25.0,70.0,22.1,32.7,57.2,2.2,False
2025,14,Hungarian Grand Prix,Budapest,R,2025-08-03,81,PIA,piastri,McLaren,mclaren,Oscar,Piastri,https://media.formula1.com/d_driver_fallback_image.png/content/dam/fom-website/drivers/O/OSCPIA01_Oscar_Piastri/oscpia01.png.transform/1col/image.png,2.0,2,2.0,,,,0 days 00:00:00.698000,Finished,18.0,70.0,22.1,32.7,57.2,2.2,False
2025,14,Hungarian Grand Prix,Budapest,R,2025-08-03,63,RUS,russell,Mercedes,mercedes,George,Russell,https://media.formula1.com/d_driver_fallback_image.png/content/dam/fom-website/drivers/G/GEORUS01_George_Russell/georus01.png.transform/1col/image.png,3.0,3,4.0,,,,0 days 00:00:21.916000,Finished,15.0,70.0,22.1,32.7,57.2,2.2,False
2025,14,Hungarian Grand Prix,Budapest,R,2025-08-03,16,LEC,leclerc,Ferrari,ferrari,Charles,Leclerc,https://media.formula1.com/d_driver_fallback_image.png/content/dam/fom-website/drivers/C/CHALEC01_Charles_Leclerc/chalec01.png.transform/1col/image.png,4.0,4,1.0,,,,0 days 00:00:42.560000,Finished,12.0,70.0,22.1,32.7,57.2,2.2,False
2025,14,Hungarian Grand Prix,Budapest,R,2025-08-03,14,ALO,alonso,Aston Martin,aston_martin,Fernando,Alonso,https://media.formula1.com/d_driver_fallback_image.png/content/dam/fom-website/drivers/F/FERALO01_Fernando_Alonso/feralo01.png.transform/1col/image.png,5.0,5,5.0,,,,0 days 00:00:59.040000,Finished,10.0,70.0,22.1,32.7,57.2,2.2,False
2025,14,Hungarian Grand Prix,Budapest,R,2025-08-03,5,BOR,bortoleto,Kick Sauber,sauber,Gabriel,Bortoleto,https://media.formula1.com/d_driver_fallback_image.png/content/dam/fom-website/drivers/G/GABBOR01_Gabriel_Bortoleto/gabbor01.png.transform/1col/image.png,6.0,6,7.0,,,,0 days 00:01:06.169000,Finished,8.0,70.0,22.1,32.7,57.2,2.2,False
2025,14,Hungarian Grand Prix,Budapest,R,2025-08-03,18,STR,stroll,Aston Martin,aston_martin,Lance,Stroll,https://media.formula1.com/d_driver_fallback_image.png/content/dam/fom-website/drivers/L/LANSTR01_Lance_Stroll/lanstr01.png.transform/1col/image.png,7.0,7,6.0,,,,0 days 00:01:08.174000,Finished,6.0,70.0,22.1,32.7,57.2,2.2,False
2025,14,Hungarian Grand Prix,Budapest,R,2025-08-03,30,LAW,lawson,Racing Bulls,rb,Liam,Lawson,https://media.formula1.com/d_driver_fallback_image.png/content/dam/fom-website/drivers/L/LIALAW01_Liam_Lawson/lialaw01.png.transform/1col/image.png,8.0,8,9.0,,,,0 days 00:01:09.451000,Finished,4.0,70.0,22.1,32.7,57.2,2.2,False
2025,14,Hungarian Grand Prix,Budapest,R,2025-08-03,1,VER,max_verstappen,Red Bull Racing,red_bull,Max,Verstappen,https://media.formula1.com/d_driver_fallback_image.png/content/dam/fom-website/drivers/M/MAXVER01_Max_Verstappen/maxver01.png.transform/1col/image.png,9.0,9,8.0,,,,0 days 00:01:12.645000,Finished,2.0,70.0,22.1,32.7,57.2,2.2,False
2025,14,Hungarian Grand Prix,Budapest,R,2025-08-03,12,ANT,antonelli,Mercedes,mercedes,Kimi,Antonelli,https://media.formula1.com/d_driver_fallback_image.png/content/dam/fom-website/drivers/A/ANDANT01_Andrea%20Kimi_Antonelli/andant01.png.transform/1col/image.png,10.0,10,15.0,,,,0 days 00:00:07.649000,Lapped,1.0,69.0,22.1,32.7,57.2,2.2,False
2025,14,Hungarian Grand Prix,Budapest,R,2025-08-03,6,HAD,hadjar,Racing Bulls,rb,Isack,Hadjar,https://media.formula1.com/d_driver_fallback_image.png/content/dam/fom-website/drivers/I/ISAHAD01_Isack_Hadjar/isahad01.png.transform/1col/image.png,11.0,11,10.0,,,,0 days 00:00:08.500000,Lapped,0.0,69.0,22.1,32.7,57.2,2.2,False
2025,14,Hungarian Grand Prix,Budapest,R,2025-08-03,44,HAM,hamilton,Ferrari,ferrari,Lewis,Hamilton,https://media.formula1.com/d_driver_fallback_image.png/content/dam/fom-website/drivers/L/LEWHAM01_Lewis_Hamilton/lewham01.png.transform/1col/image.png,12.0,12,12.0,,,,0 days 00:00:09.861000,Lapped,0.0,69.0,22.1,32.7,57.2,2.2,False
2025,14,Hungarian Grand Prix,Budapest,R,2025-08-03,27,HUL,hulkenberg,Kick Sauber,sauber,Nico,Hulkenberg,https://media.formula1.com/d_driver_fallback_image.png/content/dam/fom-website/drivers/N/NICHUL01_Nico_Hulkenberg/nichul01.png.transform/1col/image.png,13.0,13,18.0,,,,0 days 00:00:31.268000,Lapped,0.0,69.0,22.1,32.7,57.2,2.2,False
2025,14,Hungarian Grand Prix,Budapest,R,2025-08-03,55,SAI,sainz,Williams,williams,Carlos,Sainz,https://media.formula1.com/d_driver_fallback_image.png/content/dam/fom-website/drivers/C/CARSAI01_Carlos_Sainz/carsai01.png.transform/1col/image.png,14.0,14,13.0,,,,0 days 00:00:33.326000,Lapped,0.0,69.0,22.1,32.7,57.2,2.2,False
2025,14,Hungarian Grand Prix,Budapest,R,2025-08-03,23,ALB,albon,Williams,williams,Alexander,Albon,https://media.formula1.com/d_driver_fallback_image.png/content/dam/fom-website/drivers/A/ALEALB01_Alexander_Albon/alealb01.png.transform/1col/image.png,15.0,15,19.0,,,,0 days 00:00:38.111000,Lapped,0.0,69.0,22.1,32.7,57.2,2.2,False
2025,14,Hungarian Grand Prix,Budapest,R,2025-08-03,31,OCO,ocon,Haas F1 Team,haas,Esteban,Ocon,https://media.formula1.com/d_driver_fallback_image.png/content/dam/fom-website/drivers/E/ESTOCO01_Esteban_Ocon/estoco01.png.transform/1col/image.png,16.0,16,17.0,,,,0 days 00:00:45.258000,Lapped,0.0,69.0,22.1,32.7,57.2,2.2,False
2025,14,Hungarian Grand Prix,Budapest,R,2025-08-03,22,TSU,tsunoda,Red Bull Racing,red_bull,Yuki,Tsunoda,https://media.formula1.com/d_driver_fallback_image.png/content/dam/fom-website/drivers/Y/YUKTSU01_Yuki_Tsunoda/yuktsu01.png.transform/1col/image.png,17.0,17,20.0,,,,0 days 00:00:46.943000,Lapped,0.0,69.0,22.1,32.7,57.2,2.2,False
2025,14,Hungarian Grand Prix,Budapest,R,2025-08-03,43,COL,colapinto,Alpine,alpine,Franco,Colapinto,None,18.0,18,14.0,,,,0 days 00:00:47.370000,Lapped,0.0,69.0,22.1,32.7,57.2,2.2,False
2025,14,Hungarian Grand Prix,Budapest,R,2025-08-03,10,GAS,gasly,Alpine,alpine,Pierre,Gasly,https://media.formula1.com/d_driver_fallback_image.png/content/dam/fom-website/drivers/P/PIEGAS01_Pierre_Gasly/piegas01.png.transform/1col/image.png,19.0,19,16.0,,,,0 days 00:00:56.344000,Lapped,0.0,69.0,22.1,32.7,57.2,2.2,False
2025,14,Hungarian Grand Prix,Budapest,R,2025-08-03,87,BEA,bearman,Haas F1 Team,haas,Oliver,Bearman,https://media.formula1.com/d_driver_fallback_image.png/content/dam/fom-website/drivers/O/OLIBEA01_Oliver_Bearman/olibea01.png.transform/1col/image.png,20.0,R,11.0,,,,,Retired,0.0,48.0,22.1,32.7,57.2,2.2,False
2025,15,Dutch Grand Prix,Zandvoort,R,2025-08-31,81,PIA,piastri,McLaren,mclaren,Oscar,Piastri,https://media.formula1.com/d_driver_fallback_image.png/content/dam/fom-website/drivers/O/OSCPIA01_Oscar_Piastri/oscpia01.png.transform/1col/image.png,1.0,1,1.0,,,,0 days 01:38:29.849000,Finished,25.0,72.0,20.1,28.0,71.2,2.2,False
2025,15,Dutch Grand Prix,Zandvoort,R,2025-08-31,1,VER,max_verstappen,Red Bull Racing,red_bull,Max,Verstappen,https://media.formula1.com/d_driver_fallback_image.png/content/dam/fom-website/drivers/M/MAXVER01_Max_Verstappen/maxver01.png.transform/1col/image.png,2.0,2,3.0,,,,0 days 00:00:01.271000,Finished,18.0,72.0,20.1,28.0,71.2,2.2,False
2025,15,Dutch Grand Prix,Zandvoort,R,2025-08-31,6,HAD,hadjar,Racing Bulls,rb,Isack,Hadjar,https://media.formula1.com/d_driver_fallback_image.png/content/dam/fom-website/drivers/I/ISAHAD01_Isack_Hadjar/isahad01.png.transform/1col/image.png,3.0,3,4.0,,,,0 days 00:00:03.233000,Finished,15.0,72.0,20.1,28.0,71.2,2.2,False
2025,15,Dutch Grand Prix,Zandvoort,R,2025-08-31,63,RUS,russell,Mercedes,mercedes,George,Russell,https://media.formula1.com/d_driver_fallback_image.png/content/dam/fom-website/drivers/G/GEORUS01_George_Russell/georus01.png.transform/1col/image.png,4.0,4,5.0,,,,0 days 00:00:05.654000,Finished,12.0,72.0,20.1,28.0,71.2,2.2,False
2025,15,Dutch Grand Prix,Zandvoort,R,2025-08-31,23,ALB,albon,Williams,williams,Alexander,Albon,https://media.formula1.com/d_driver_fallback_image.png/content/dam/fom-website/drivers/A/ALEALB01_Alexander_Albon/alealb01.png.transform/1col/image.png,5.0,5,15.0,,,,0 days 00:00:06.327000,Finished,10.0,72.0,20.1,28.0,71.2,2.2,False
2025,15,Dutch Grand Prix,Zandvoort,R,2025-08-31,87,BEA,bearman,Haas F1 Team,haas,Oliver,Bearman,https://media.formula1.com/d_driver_fallback_image.png/content/dam/fom-website/drivers/O/OLIBEA01_Oliver_Bearman/olibea01.png.transform/1col/image.png,6.0,6,20.0,,,,0 days 00:00:09.044000,Finished,8.0,72.0,20.1,28.0,71.2,2.2,False
2025,15,Dutch Grand Prix,Zandvoort,R,2025-08-31,18,STR,stroll,Aston Martin,aston_martin,Lance,Stroll,https://media.formula1.com/d_driver_fallback_image.png/content/dam/fom-website/drivers/L/LANSTR01_Lance_Stroll/lanstr01.png.transform/1col/image.png,7.0,7,19.0,,,,0 days 00:00:09.497000,Finished,6.0,72.0,20.1,28.0,71.2,2.2,False
2025,15,Dutch Grand Prix,Zandvoort,R,2025-08-31,14,ALO,alonso,Aston Martin,aston_martin,Fernando,Alonso,https://media.formula1.com/d_driver_fallback_image.png/content/dam/fom-website/drivers/F/FERALO01_Fernando_Alonso/feralo01.png.transform/1col/image.png,8.0,8,10.0,,,,0 days 00:00:11.709000,Finished,4.0,72.0,20.1,28.0,71.2,2.2,False
2025,15,Dutch Grand Prix,Zandvoort,R,2025-08-31,22,TSU,tsunoda,Red Bull Racing,red_bull,Yuki,Tsunoda,https://media.formula1.com/d_driver_fallback_image.png/content/dam/fom-website/drivers/Y/YUKTSU01_Yuki_Tsunoda/yuktsu01.png.transform/1col/image.png,9.0,9,12.0,,,,0 days 00:00:13.597000,Finished,2.0,72.0,20.1,28.0,71.2,2.2,False
2025,15,Dutch Grand Prix,Zandvoort,R,2025-08-31,31,OCO,ocon,Haas F1 Team,haas,Esteban,Ocon,https://media.formula1.com/d_driver_fallback_image.png/content/dam/fom-website/drivers/E/ESTOCO01_Esteban_Ocon/estoco01.png.transform/1col/image.png,10.0,10,18.0,,,,0 days 00:00:14.063000,Finished,1.0,72.0,20.1,28.0,71.2,2.2,False
2025,15,Dutch Grand Prix,Zandvoort,R,2025-08-31,43,COL,colapinto,Alpine,alpine,Franco,Colapinto,None,11.0,11,16.0,,,,0 days 00:00:14.511000,Finished,0.0,72.0,20.1,28.0,71.2,2.2,False
2025,15,Dutch Grand Prix,Zandvoort,R,2025-08-31,30,LAW,lawson,Racing Bulls,rb,Liam,Lawson,https://media.formula1.com/d_driver_fallback_image.png/content/dam/fom-website/drivers/L/LIALAW01_Liam_Lawson/lialaw01.png.transform/1col/image.png,12.0,12,8.0,,,,0 days 00:00:17.063000,Finished,0.0,72.0,20.1,28.0,71.2,2.2,False
2025,15,Dutch Grand Prix,Zandvoort,R,2025-08-31,55,SAI,sainz,Williams,williams,Carlos,Sainz,https://media.formula1.com/d_driver_fallback_image.png/content/dam/fom-website/drivers/C/CARSAI01_Carlos_Sainz/carsai01.png.transform/1col/image.png,13.0,13,9.0,,,,0 days 00:00:17.376000,Finished,0.0,72.0,20.1,28.0,71.2,2.2,False
2025,15,Dutch Grand Prix,Zandvoort,R,2025-08-31,27,HUL,hulkenberg,Kick Sauber,sauber,Nico,Hulkenberg,https://media.formula1.com/d_driver_fallback_image.png/content/dam/fom-website/drivers/N/NICHUL01_Nico_Hulkenberg/nichul01.png.transform/1col/image.png,14.0,14,17.0,,,,0 days 00:00:19.725000,Finished,0.0,72.0,20.1,28.0,71.2,2.2,False
2025,15,Dutch Grand Prix,Zandvoort,R,2025-08-31,5,BOR,bortoleto,Kick Sauber,sauber,Gabriel,Bortoleto,https://media.formula1.com/d_driver_fallback_image.png/content/dam/fom-website/drivers/G/GABBOR01_Gabriel_Bortoleto/gabbor01.png.transform/1col/image.png,15.0,15,13.0,,,,0 days 00:00:21.565000,Finished,0.0,72.0,20.1,28.0,71.2,2.2,False
2025,15,Dutch Grand Prix,Zandvoort,R,2025-08-31,12,ANT,antonelli,Mercedes,mercedes,Kimi,Antonelli,https://media.formula1.com/d_driver_fallback_image.png/content/dam/fom-website/drivers/A/ANDANT01_Andrea%20Kimi_Antonelli/andant01.png.transform/1col/image.png,16.0,16,11.0,,,,0 days 00:00:22.029000,Finished,0.0,72.0,20.1,28.0,71.2,2.2,False
2025,15,Dutch Grand Prix,Zandvoort,R,2025-08-31,10,GAS,gasly,Alpine,alpine,Pierre,Gasly,https://media.formula1.com/d_driver_fallback_image.png/content/dam/fom-website/drivers/P/PIEGAS01_Pierre_Gasly/piegas01.png.transform/1col/image.png,17.0,17,14.0,,,,0 days 00:00:23.629000,Finished,0.0,72.0,20.1,28.0,71.2,2.2,False
2025,15,Dutch Grand Prix,Zandvoort,R,2025-08-31,4,NOR,norris,McLaren,mclaren,Lando,Norris,https://media.formula1.com/d_driver_fallback_image.png/content/dam/fom-website/drivers/L/LANNOR01_Lando_Norris/lannor01.png.transform/1col/image.png,18.0,18,2.0,,,,,Retired,0.0,64.0,20.1,28.0,71.2,2.2,False
2025,15,Dutch Grand Prix,Zandvoort,R,2025-08-31,16,LEC,leclerc,Ferrari,ferrari,Charles,Leclerc,https://media.formula1.com/d_driver_fallback_image.png/content/dam/fom-website/drivers/C/CHALEC01_Charles_Leclerc/chalec01.png.transform/1col/image.png,19.0,R,6.0,,,,,Retired,0.0,52.0,20.1,28.0,71.2,2.2,False
2025,15,Dutch Grand Prix,Zandvoort,R,2025-08-31,44,HAM,hamilton,Ferrari,ferrari,Lewis,Hamilton,https://media.formula1.com/d_driver_fallback_image.png/content/dam/fom-website/drivers/L/LEWHAM01_Lewis_Hamilton/lewham01.png.transform/1col/image.png,20.0,R,7.0,,,,,Retired,0.0,22.0,20.1,28.0,71.2,2.2,False
2025,16,Italian Grand Prix,Monza,R,2025-09-07,1,VER,max_verstappen,Red Bull Racing,red_bull,Max,Verstappen,https://media.formula1.com/d_driver_fallback_image.png/content/dam/fom-website/drivers/M/MAXVER01_Max_Verstappen/maxver01.png.transform/1col/image.png,1.0,1,1.0,,,,0 days 01:13:24.325000,Finished,25.0,53.0,26.8,43.3,42.6,2.0,False
2025,16,Italian Grand Prix,Monza,R,2025-09-07,4,NOR,norris,McLaren,mclaren,Lando,Norris,https://media.formula1.com/d_driver_fallback_image.png/content/dam/fom-website/drivers/L/LANNOR01_Lando_Norris/lannor01.png.transform/1col/image.png,2.0,2,2.0,,,,0 days 00:00:19.207000,Finished,18.0,53.0,26.8,43.3,42.6,2.0,False
2025,16,Italian Grand Prix,Monza,R,2025-09-07,81,PIA,piastri,McLaren,mclaren,Oscar,Piastri,https://media.formula1.com/d_driver_fallback_image.png/content/dam/fom-website/drivers/O/OSCPIA01_Oscar_Piastri/oscpia01.png.transform/1col/image.png,3.0,3,3.0,,,,0 days 00:00:21.351000,Finished,15.0,53.0,26.8,43.3,42.6,2.0,False
2025,16,Italian Grand Prix,Monza,R,2025-09-07,16,LEC,leclerc,Ferrari,ferrari,Charles,Leclerc,https://media.formula1.com/d_driver_fallback_image.png/content/dam/fom-website/drivers/C/CHALEC01_Charles_Leclerc/chalec01.png.transform/1col/image.png,4.0,4,4.0,,,,0 days 00:00:25.624000,Finished,12.0,53.0,26.8,43.3,42.6,2.0,False
2025,16,Italian Grand Prix,Monza,R,2025-09-07,63,RUS,russell,Mercedes,mercedes,George,Russell,https://media.formula1.com/d_driver_fallback_image.png/content/dam/fom-website/drivers/G/GEORUS01_George_Russell/georus01.png.transform/1col/image.png,5.0,5,5.0,,,,0 days 00:00:32.881000,Finished,10.0,53.0,26.8,43.3,42.6,2.0,False
2025,16,Italian Grand Prix,Monza,R,2025-09-07,44,HAM,hamilton,Ferrari,ferrari,Lewis,Hamilton,https://media.formula1.com/d_driver_fallback_image.png/content/dam/fom-website/drivers/L/LEWHAM01_Lewis_Hamilton/lewham01.png.transform/1col/image.png,6.0,6,10.0,,,,0 days 00:00:37.449000,Finished,8.0,53.0,26.8,43.3,42.6,2.0,False
2025,16,Italian Grand Prix,Monza,R,2025-09-07,23,ALB,albon,Williams,williams,Alexander,Albon,https://media.formula1.com/d_driver_fallback_image.png/content/dam/fom-website/drivers/A/ALEALB01_Alexander_Albon/alealb01.png.transform/1col/image.png,7.0,7,14.0,,,,0 days 00:00:50.537000,Finished,6.0,53.0,26.8,43.3,42.6,2.0,False
2025,16,Italian Grand Prix,Monza,R,2025-09-07,5,BOR,bortoleto,Kick Sauber,sauber,Gabriel,Bortoleto,https://media.formula1.com/d_driver_fallback_image.png/content/dam/fom-website/drivers/G/GABBOR01_Gabriel_Bortoleto/gabbor01.png.transform/1col/image.png,8.0,8,7.0,,,,0 days 00:00:58.484000,Finished,4.0,53.0,26.8,43.3,42.6,2.0,False
2025,16,Italian Grand Prix,Monza,R,2025-09-07,12,ANT,antonelli,Mercedes,mercedes,Kimi,Antonelli,https://media.formula1.com/d_driver_fallback_image.png/content/dam/fom-website/drivers/A/ANDANT01_Andrea%20Kimi_Antonelli/andant01.png.transform/1col/image.png,9.0,9,6.0,,,,0 days 00:00:59.762000,Finished,2.0,53.0,26.8,43.3,42.6,2.0,False
2025,16,Italian Grand Prix,Monza,R,2025-09-07,6,HAD,hadjar,Racing Bulls,rb,Isack,Hadjar,https://media.formula1.com/d_driver_fallback_image.png/content/dam/fom-website/drivers/I/ISAHAD01_Isack_Hadjar/isahad01.png.transform/1col/image.png,10.0,10,19.0,,,,0 days 00:01:03.891000,Finished,1.0,53.0,26.8,43.3,42.6,2.0,False
2025,16,Italian Grand Prix,Monza,R,2025-09-07,55,SAI,sainz,Williams,williams,Carlos,Sainz,https://media.formula1.com/d_driver_fallback_image.png/content/dam/fom-website/drivers/C/CARSAI01_Carlos_Sainz/carsai01.png.transform/1col/image.png,11.0,11,13.0,,,,0 days 00:01:04.469000,Finished,0.0,53.0,26.8,43.3,42.6,2.0,False
2025,16,Italian Grand Prix,Monza,R,2025-09-07,87,BEA,bearman,Haas F1 Team,haas,Oliver,Bearman,https://media.formula1.com/d_driver_fallback_image.png/content/dam/fom-website/drivers/O/OLIBEA01_Oliver_Bearman/olibea01.png.transform/1col/image.png,12.0,12,11.0,,,,0 days 00:01:19.288000,Finished,0.0,53.0,26.8,43.3,42.6,2.0,False
2025,16,Italian Grand Prix,Monza,R,2025-09-07,22,TSU,tsunoda,Red Bull Racing,red_bull,Yuki,Tsunoda,https://media.formula1.com/d_driver_fallback_image.png/content/dam/fom-website/drivers/Y/YUKTSU01_Yuki_Tsunoda/yuktsu01.png.transform/1col/image.png,13.0,13,9.0,,,,0 days 00:01:20.701000,Finished,0.0,53.0,26.8,43.3,42.6,2.0,False
2025,16,Italian Grand Prix,Monza,R,2025-09-07,30,LAW,lawson,Racing Bulls,rb,Liam,Lawson,https://media.formula1.com/d_driver_fallback_image.png/content/dam/fom-website/drivers/L/LIALAW01_Liam_Lawson/lialaw01.png.transform/1col/image.png,14.0,14,18.0,,,,0 days 00:01:22.351000,Finished,0.0,53.0,26.8,43.3,42.6,2.0,False
2025,16,Italian Grand Prix,Monza,R,2025-09-07,31,OCO,ocon,Haas F1 Team,haas,Esteban,Ocon,https://media.formula1.com/d_driver_fallback_image.png/content/dam/fom-website/drivers/E/ESTOCO01_Esteban_Ocon/estoco01.png.transform/1col/image.png,15.0,15,15.0,,,,0 days 00:00:02.135000,Lapped,0.0,52.0,26.8,43.3,42.6,2.0,False
2025,16,Italian Grand Prix,Monza,R,2025-09-07,10,GAS,gasly,Alpine,alpine,Pierre,Gasly,https://media.formula1.com/d_driver_fallback_image.png/content/dam/fom-website/drivers/P/PIEGAS01_Pierre_Gasly/piegas01.png.transform/1col/image.png,16.0,16,20.0,,,,0 days 00:00:05.837000,Lapped,0.0,52.0,26.8,43.3,42.6,2.0,False
2025,16,Italian Grand Prix,Monza,R,2025-09-07,43,COL,colapinto,Alpine,alpine,Franco,Colapinto,None,17.0,17,17.0,,,,0 days 00:00:07.448000,Lapped,0.0,52.0,26.8,43.3,42.6,2.0,False
2025,16,Italian Grand Prix,Monza,R,2025-09-07,18,STR,stroll,Aston Martin,aston_martin,Lance,Stroll,https://media.formula1.com/d_driver_fallback_image.png/content/dam/fom-website/drivers/L/LANSTR01_Lance_Stroll/lanstr01.png.transform/1col/image.png,18.0,18,16.0,,,,0 days 00:00:09.301000,Lapped,0.0,52.0,26.8,43.3,42.6,2.0,False
2025,16,Italian Grand Prix,Monza,R,2025-09-07,14,ALO,alonso,Aston Martin,aston_martin,Fernando,Alonso,https://media.formula1.com/d_driver_fallback_image.png/content/dam/fom-website/drivers/F/FERALO01_Fernando_Alonso/feralo01.png.transform/1col/image.png,19.0,R,8.0,,,,,Retired,0.0,24.0,26.8,43.3,42.6,2.0,False
2025,16,Italian Grand Prix,Monza,R,2025-09-07,27,HUL,hulkenberg,Kick Sauber,sauber,Nico,Hulkenberg,https://media.formula1.com/d_driver_fallback_image.png/content/dam/fom-website/drivers/N/NICHUL01_Nico_Hulkenberg/nichul01.png.transform/1col/image.png,20.0,W,12.0,,,,,Did not start,0.0,0.0,26.8,43.3,42.6,2.0,False
2025,17,Azerbaijan Grand Prix,Baku,R,2025-09-21,1,VER,max_verstappen,Red Bull Racing,red_bull,Max,Verstappen,https://media.formula1.com/d_driver_fallback_image.png/content/dam/fom-website/drivers/M/MAXVER01_Max_Verstappen/maxver01.png.transform/1col/image.png,1.0,1,1.0,,,,0 days 01:33:26.408000,Finished,25.0,51.0,20.6,26.1,59.8,1.5,False
2025,17,Azerbaijan Grand Prix,Baku,R,2025-09-21,63,RUS,russell,Mercedes,mercedes,George,Russell,https://media.formula1.com/d_driver_fallback_image.png/content/dam/fom-website/drivers/G/GEORUS01_George_Russell/georus01.png.transform/1col/image.png,2.0,2,5.0,,,,0 days 00:00:14.609000,Finished,18.0,51.0,20.6,26.1,59.8,1.5,False
2025,17,Azerbaijan Grand Prix,Baku,R,2025-09-21,55,SAI,sainz,Williams,williams,Carlos,Sainz,https://media.formula1.com/d_driver_fallback_image.png/content/dam/fom-website/drivers/C/CARSAI01_Carlos_Sainz/carsai01.png.transform/1col/image.png,3.0,3,2.0,,,,0 days 00:00:19.199000,Finished,15.0,51.0,20.6,26.1,59.8,1.5,False
2025,17,Azerbaijan Grand Prix,Baku,R,2025-09-21,12,ANT,antonelli,Mercedes,mercedes,Kimi,Antonelli,https://media.formula1.com/d_driver_fallback_image.png/content/dam/fom-website/drivers/A/ANDANT01_Andrea%20Kimi_Antonelli/andant01.png.transform/1col/image.png,4.0,4,4.0,,,,0 days 00:00:21.760000,Finished,12.0,51.0,20.6,26.1,59.8,1.5,False
2025,17,Azerbaijan Grand Prix,Baku,R,2025-09-21,30,LAW,lawson,Racing Bulls,rb,Liam,Lawson,https://media.formula1.com/d_driver_fallback_image.png/content/dam/fom-website/drivers/L/LIALAW01_Liam_Lawson/lialaw01.png.transform/1col/image.png,5.0,5,3.0,,,,0 days 00:00:33.290000,Finished,10.0,51.0,20.6,26.1,59.8,1.5,False
2025,17,Azerbaijan Grand Prix,Baku,R,2025-09-21,22,TSU,tsunoda,Red Bull Racing,red_bull,Yuki,Tsunoda,https://media.formula1.com/d_driver_fallback_image.png/content/dam/fom-website/drivers/Y/YUKTSU01_Yuki_Tsunoda/yuktsu01.png.transform/1col/image.png,6.0,6,6.0,,,,0 days 00:00:33.808000,Finished,8.0,51.0,20.6,26.1,59.8,1.5,False
2025,17,Azerbaijan Grand Prix,Baku,R,2025-09-21,4,NOR,norris,McLaren,mclaren,Lando,Norris,https://media.formula1.com/d_driver_fallback_image.png/content/dam/fom-website/drivers/L/LANNOR01_Lando_Norris/lannor01.png.transform/1col/image.png,7.0,7,7.0,,,,0 days 00:00:34.227000,Finished,6.0,51.0,20.6,26.1,59.8,1.5,False
2025,17,Azerbaijan Grand Prix,Baku,R,2025-09-21,44,HAM,hamilton,Ferrari,ferrari,Lewis,Hamilton,https://media.formula1.com/d_driver_fallback_image.png/content/dam/fom-website/drivers/L/LEWHAM01_Lewis_Hamilton/lewham01.png.transform/1col/image.png,8.0,8,12.0,,,,0 days 00:00:36.310000,Finished,4.0,51.0,20.6,26.1,59.8,1.5,False
2025,17,Azerbaijan Grand Prix,Baku,R,2025-09-21,16,LEC,leclerc,Ferrari,ferrari,Charles,Leclerc,https://media.formula1.com/d_driver_fallback_image.png/content/dam/fom-website/drivers/C/CHALEC01_Charles_Leclerc/chalec01.png.transform/1col/image.png,9.0,9,10.0,,,,0 days 00:00:36.774000,Finished,2.0,51.0,20.6,26.1,59.8,1.5,False
2025,17,Azerbaijan Grand Prix,Baku,R,2025-09-21,6,HAD,hadjar,Racing Bulls,rb,Isack,Hadjar,https://media.formula1.com/d_driver_fallback_image.png/content/dam/fom-website/drivers/I/ISAHAD01_Isack_Hadjar/isahad01.png.transform/1col/image.png,10.0,10,8.0,,,,0 days 00:00:38.982000,Finished,1.0,51.0,20.6,26.1,59.8,1.5,False
2025,17,Azerbaijan Grand Prix,Baku,R,2025-09-21,5,BOR,bortoleto,Kick Sauber,sauber,Gabriel,Bortoleto,https://media.formula1.com/d_driver_fallback_image.png/content/dam/fom-website/drivers/G/GABBOR01_Gabriel_Bortoleto/gabbor01.png.transform/1col/image.png,11.0,11,13.0,,,,0 days 00:01:07.606000,Finished,0.0,51.0,20.6,26.1,59.8,1.5,False
2025,17,Azerbaijan Grand Prix,Baku,R,2025-09-21,87,BEA,bearman,Haas F1 Team,haas,Oliver,Bearman,https://media.formula1.com/d_driver_fallback_image.png/content/dam/fom-website/drivers/O/OLIBEA01_Oliver_Bearman/olibea01.png.transform/1col/image.png,12.0,12,15.0,,,,0 days 00:01:08.262000,Finished,0.0,51.0,20.6,26.1,59.8,1.5,False
2025,17,Azerbaijan Grand Prix,Baku,R,2025-09-21,23,ALB,albon,Williams,williams,Alexander,Albon,https://media.formula1.com/d_driver_fallback_image.png/content/dam/fom-website/drivers/A/ALEALB01_Alexander_Albon/alealb01.png.transform/1col/image.png,13.0,13,19.0,,,,0 days 00:01:12.870000,Finished,0.0,51.0,20.6,26.1,59.8,1.5,False
2025,17,Azerbaijan Grand Prix,Baku,R,2025-09-21,31,OCO,ocon,Haas F1 Team,haas,Esteban,Ocon,https://media.formula1.com/d_driver_fallback_image.png/content/dam/fom-website/drivers/E/ESTOCO01_Esteban_Ocon/estoco01.png.transform/1col/image.png,14.0,14,20.0,,,,0 days 00:01:17.580000,Finished,0.0,51.0,20.6,26.1,59.8,1.5,False
2025,17,Azerbaijan Grand Prix,Baku,R,2025-09-21,14,ALO,alonso,Aston Martin,aston_martin,Fernando,Alonso,https://media.formula1.com/d_driver_fallback_image.png/content/dam/fom-website/drivers/F/FERALO01_Fernando_Alonso/feralo01.png.transform/1col/image.png,15.0,15,11.0,,,,0 days 00:01:18.707000,Finished,0.0,51.0,20.6,26.1,59.8,1.5,False
2025,17,Azerbaijan Grand Prix,Baku,R,2025-09-21,27,HUL,hulkenberg,Kick Sauber,sauber,Nico,Hulkenberg,https://media.formula1.com/d_driver_fallback_image.png/content/dam/fom-website/drivers/N/NICHUL01_Nico_Hulkenberg/nichul01.png.transform/1col/image.png,16.0,16,17.0,,,,0 days 00:01:20.237000,Finished,0.0,51.0,20.6,26.1,59.8,1.5,False
2025,17,Azerbaijan Grand Prix,Baku,R,2025-09-21,18,STR,stroll,Aston Martin,aston_martin,Lance,Stroll,https://media.formula1.com/d_driver_fallback_image.png/content/dam/fom-website/drivers/L/LANSTR01_Lance_Stroll/lanstr01.png.transform/1col/image.png,17.0,17,14.0,,,,0 days 00:01:36.392000,Finished,0.0,51.0,20.6,26.1,59.8,1.5,False
2025,17,Azerbaijan Grand Prix,Baku,R,2025-09-21,10,GAS,gasly,Alpine,alpine,Pierre,Gasly,https://media.formula1.com/d_driver_fallback_image.png/content/dam/fom-website/drivers/P/PIEGAS01_Pierre_Gasly/piegas01.png.transform/1col/image.png,18.0,18,18.0,,,,0 days 00:00:03.865000,Lapped,0.0,50.0,20.6,26.1,59.8,1.5,False
2025,17,Azerbaijan Grand Prix,Baku,R,2025-09-21,43,COL,colapinto,Alpine,alpine,Franco,Colapinto,None,19.0,19,16.0,,,,0 days 00:00:06.325000,Lapped,0.0,50.0,20.6,26.1,59.8,1.5,False
2025,17,Azerbaijan Grand Prix,Baku,R,2025-09-21,81,PIA,piastri,McLaren,mclaren,Oscar,Piastri,https://media.formula1.com/d_driver_fallback_image.png/content/dam/fom-website/drivers/O/OSCPIA01_Oscar_Piastri/oscpia01.png.transform/1col/image.png,20.0,R,9.0,,,,,Retired,0.0,0.0,20.6,26.1,59.8,1.5,False
2025,18,Singapore Grand Prix,Marina Bay,R,2025-10-05,63,RUS,russell,Mercedes,mercedes,George,Russell,https://media.formula1.com/d_driver_fallback_image.png/content/dam/fom-website/drivers/G/GEORUS01_George_Russell/georus01.png.transform/1col/image.png,1.0,1,1.0,,,,0 days 01:40:22.367000,Finished,25.0,62.0,29.1,33.9,74.4,1.1,True
2025,18,Singapore Grand Prix,Marina Bay,R,2025-10-05,1,VER,max_verstappen,Red Bull Racing,red_bull,Max,Verstappen,https://media.formula1.com/d_driver_fallback_image.png/content/dam/fom-website/drivers/M/MAXVER01_Max_Verstappen/maxver01.png.transform/1col/image.png,2.0,2,2.0,,,,0 days 00:00:05.430000,Finished,18.0,62.0,29.1,33.9,74.4,1.1,True
2025,18,Singapore Grand Prix,Marina Bay,R,2025-10-05,4,NOR,norris,McLaren,mclaren,Lando,Norris,https://media.formula1.com/d_driver_fallback_image.png/content/dam/fom-website/drivers/L/LANNOR01_Lando_Norris/lannor01.png.transform/1col/image.png,3.0,3,5.0,,,,0 days 00:00:06.066000,Finished,15.0,62.0,29.1,33.9,74.4,1.1,True
2025,18,Singapore Grand Prix,Marina Bay,R,2025-10-05,81,PIA,piastri,McLaren,mclaren,Oscar,Piastri,https://media.formula1.com/d_driver_fallback_image.png/content/dam/fom-website/drivers/O/OSCPIA01_Oscar_Piastri/oscpia01.png.transform/1col/image.png,4.0,4,3.0,,,,0 days 00:00:08.146000,Finished,12.0,62.0,29.1,33.9,74.4,1.1,True
2025,18,Singapore Grand Prix,Marina Bay,R,2025-10-05,12,ANT,antonelli,Mercedes,mercedes,Kimi,Antonelli,https://media.formula1.com/d_driver_fallback_image.png/content/dam/fom-website/drivers/A/ANDANT01_Andrea%20Kimi_Antonelli/andant01.png.transform/1col/image.png,5.0,5,4.0,,,,0 days 00:00:33.681000,Finished,10.0,62.0,29.1,33.9,74.4,1.1,True
2025,18,Singapore Grand Prix,Marina Bay,R,2025-10-05,16,LEC,leclerc,Ferrari,ferrari,Charles,Leclerc,https://media.formula1.com/d_driver_fallback_image.png/content/dam/fom-website/drivers/C/CHALEC01_Charles_Leclerc/chalec01.png.transform/1col/image.png,6.0,6,7.0,,,,0 days 00:00:45.996000,Finished,8.0,62.0,29.1,33.9,74.4,1.1,True
2025,18,Singapore Grand Prix,Marina Bay,R,2025-10-05,14,ALO,alonso,Aston Martin,aston_martin,Fernando,Alonso,https://media.formula1.com/d_driver_fallback_image.png/content/dam/fom-website/drivers/F/FERALO01_Fernando_Alonso/feralo01.png.transform/1col/image.png,7.0,7,10.0,,,,0 days 00:01:20.667000,Finished,6.0,62.0,29.1,33.9,74.4,1.1,True
2025,18,Singapore Grand Prix,Marina Bay,R,2025-10-05,44,HAM,hamilton,Ferrari,ferrari,Lewis,Hamilton,https://media.formula1.com/d_driver_fallback_image.png/content/dam/fom-website/drivers/L/LEWHAM01_Lewis_Hamilton/lewham01.png.transform/1col/image.png,8.0,8,6.0,,,,0 days 00:01:25.251000,Finished,4.0,62.0,29.1,33.9,74.4,1.1,True
2025,18,Singapore Grand Prix,Marina Bay,R,2025-10-05,87,BEA,bearman,Haas F1 Team,haas,Oliver,Bearman,https://media.formula1.com/d_driver_fallback_image.png/content/dam/fom-website/drivers/O/OLIBEA01_Oliver_Bearman/olibea01.png.transform/1col/image.png,9.0,9,9.0,,,,0 days 00:01:33.527000,Finished,2.0,62.0,29.1,33.9,74.4,1.1,True
2025,18,Singapore Grand Prix,Marina Bay,R,2025-10-05,55,SAI,sainz,Williams,williams,Carlos,Sainz,https://media.formula1.com/d_driver_fallback_image.png/content/dam/fom-website/drivers/C/CARSAI01_Carlos_Sainz/carsai01.png.transform/1col/image.png,10.0,10,18.0,,,,0 days 00:00:10.754000,Lapped,1.0,61.0,29.1,33.9,74.4,1.1,True
2025,18,Singapore Grand Prix,Marina Bay,R,2025-10-05,6,HAD,hadjar,Racing Bulls,rb,Isack,Hadjar,https://media.formula1.com/d_driver_fallback_image.png/content/dam/fom-website/drivers/I/ISAHAD01_Isack_Hadjar/isahad01.png.transform/1col/image.png,11.0,11,8.0,,,,0 days 00:00:17.335000,Lapped,0.0,61.0,29.1,33.9,74.4,1.1,True
2025,18,Singapore Grand Prix,Marina Bay,R,2025-10-05,22,TSU,tsunoda,Red Bull Racing,red_bull,Yuki,Tsunoda,https://media.formula1.com/d_driver_fallback_image.png/content/dam/fom-website/drivers/Y/YUKTSU01_Yuki_Tsunoda/yuktsu01.png.transform/1col/image.png,12.0,12,13.0,,,,0 days 00:00:19.269000,Lapped,0.0,61.0,29.1,33.9,74.4,1.1,True
2025,18,Singapore Grand Prix,Marina Bay,R,2025-10-05,18,STR,stroll,Aston Martin,aston_martin,Lance,Stroll,https://media.formula1.com/d_driver_fallback_image.png/content/dam/fom-website/drivers/L/LANSTR01_Lance_Stroll/lanstr01.png.transform/1col/image.png,13.0,13,15.0,,,,0 days 00:00:24.490000,Lapped,0.0,61.0,29.1,33.9,74.4,1.1,True
2025,18,Singapore Grand Prix,Marina Bay,R,2025-10-05,23,ALB,albon,Williams,williams,Alexander,Albon,https://media.formula1.com/d_driver_fallback_image.png/content/dam/fom-website/drivers/A/ALEALB01_Alexander_Albon/alealb01.png.transform/1col/image.png,14.0,14,20.0,,,,0 days 00:00:25.320000,Lapped,0.0,61.0,29.1,33.9,74.4,1.1,True
2025,18,Singapore Grand Prix,Marina Bay,R,2025-10-05,30,LAW,lawson,Racing Bulls,rb,Liam,Lawson,https://media.formula1.com/d_driver_fallback_image.png/content/dam/fom-website/drivers/L/LIALAW01_Liam_Lawson/lialaw01.png.transform/1col/image.png,15.0,15,12.0,,,,0 days 00:00:27.145000,Lapped,0.0,61.0,29.1,33.9,74.4,1.1,True
2025,18,Singapore Grand Prix,Marina Bay,R,2025-10-05,43,COL,colapinto,Alpine,alpine,Franco,Colapinto,None,16.0,16,16.0,,,,0 days 00:00:42.890000,Lapped,0.0,61.0,29.1,33.9,74.4,1.1,True
2025,18,Singapore Grand Prix,Marina Bay,R,2025-10-05,5,BOR,bortoleto,Kick Sauber,sauber,Gabriel,Bortoleto,https://media.formula1.com/d_driver_fallback_image.png/content/dam/fom-website/drivers/G/GABBOR01_Gabriel_Bortoleto/gabbor01.png.transform/1col/image.png,17.0,17,14.0,,,,0 days 00:00:46.753000,Lapped,0.0,61.0,29.1,33.9,74.4,1.1,True
2025,18,Singapore Grand Prix,Marina Bay,R,2025-10-05,31,OCO,ocon,Haas F1 Team,haas,Esteban,Ocon,https://media.formula1.com/d_driver_fallback_image.png/content/dam/fom-website/drivers/E/ESTOCO01_Esteban_Ocon/estoco01.png.transform/1col/image.png,18.0,18,17.0,,,,0 days 00:00:47.133000,Lapped,0.0,61.0,29.1,33.9,74.4,1.1,True
2025,18,Singapore Grand Prix,Marina Bay,R,2025-10-05,10,GAS,gasly,Alpine,alpine,Pierre,Gasly,https://media.formula1.com/d_driver_fallback_image.png/content/dam/fom-website/drivers/P/PIEGAS01_Pierre_Gasly/piegas01.png.transform/1col/image.png,19.0,19,19.0,,,,0 days 00:00:47.461000,Lapped,0.0,61.0,29.1,33.9,74.4,1.1,True
2025,18,Singapore Grand Prix,Marina Bay,R,2025-10-05,27,HUL,hulkenberg,Kick Sauber,sauber,Nico,Hulkenberg,https://media.formula1.com/d_driver_fallback_image.png/content/dam/fom-website/drivers/N/NICHUL01_Nico_Hulkenberg/nichul01.png.transform/1col/image.png,20.0,20,11.0,,,,0 days 00:00:49.040000,Lapped,0.0,61.0,29.1,33.9,74.4,1.1,True
2025,19,United States Grand Prix,Austin,R,2025-10-19,1,VER,max_verstappen,Red Bull Racing,red_bull,Max,Verstappen,https://media.formula1.com/d_driver_fallback_image.png/content/dam/fom-website/drivers/M/MAXVER01_Max_Verstappen/maxver01.png.transform/1col/image.png,1.0,1,1.0,,,,0 days 01:34:00.161000,Finished,25.0,56.0,28.3,45.0,22.5,2.1,False
2025,19,United States Grand Prix,Austin,R,2025-10-19,4,NOR,norris,McLaren,mclaren,Lando,Norris,https://media.formula1.com/d_driver_fallback_image.png/content/dam/fom-website/drivers/L/LANNOR01_Lando_Norris/lannor01.png.transform/1col/image.png,2.0,2,2.0,,,,0 days 00:00:07.959000,Finished,18.0,56.0,28.3,45.0,22.5,2.1,False
2025,19,United States Grand Prix,Austin,R,2025-10-19,16,LEC,leclerc,Ferrari,ferrari,Charles,Leclerc,https://media.formula1.com/d_driver_fallback_image.png/content/dam/fom-website/drivers/C/CHALEC01_Charles_Leclerc/chalec01.png.transform/1col/image.png,3.0,3,3.0,,,,0 days 00:00:15.373000,Finished,15.0,56.0,28.3,45.0,22.5,2.1,False
2025,19,United States Grand Prix,Austin,R,2025-10-19,44,HAM,hamilton,Ferrari,ferrari,Lewis,Hamilton,https://media.formula1.com/d_driver_fallback_image.png/content/dam/fom-website/drivers/L/LEWHAM01_Lewis_Hamilton/lewham01.png.transform/1col/image.png,4.0,4,5.0,,,,0 days 00:00:28.536000,Finished,12.0,56.0,28.3,45.0,22.5,2.1,False
2025,19,United States Grand Prix,Austin,R,2025-10-19,81,PIA,piastri,McLaren,mclaren,Oscar,Piastri,https://media.formula1.com/d_driver_fallback_image.png/content/dam/fom-website/drivers/O/OSCPIA01_Oscar_Piastri/oscpia01.png.transform/1col/image.png,5.0,5,6.0,,,,0 days 00:00:29.678000,Finished,10.0,56.0,28.3,45.0,22.5,2.1,False
2025,19,United States Grand Prix,Austin,R,2025-10-19,63,RUS,russell,Mercedes,mercedes,George,Russell,https://media.formula1.com/d_driver_fallback_image.png/content/dam/fom-website/drivers/G/GEORUS01_George_Russell/georus01.png.transform/1col/image.png,6.0,6,4.0,,,,0 days 00:00:33.456000,Finished,8.0,56.0,28.3,45.0,22.5,2.1,False
2025,19,United States Grand Prix,Austin,R,2025-10-19,22,TSU,tsunoda,Red Bull Racing,red_bull,Yuki,Tsunoda,https://media.formula1.com/d_driver_fallback_image.png/content/dam/fom-website/drivers/Y/YUKTSU01_Yuki_Tsunoda/yuktsu01.png.transform/1col/image.png,7.0,7,13.0,,,,0 days 00:00:52.714000,Finished,6.0,56.0,28.3,45.0,22.5,2.1,False
2025,19,United States Grand Prix,Austin,R,2025-10-19,27,HUL,hulkenberg,Kick Sauber,sauber,Nico,Hulkenberg,https://media.formula1.com/d_driver_fallback_image.png/content/dam/fom-website/drivers/N/NICHUL01_Nico_Hulkenberg/nichul01.png.transform/1col/image.png,8.0,8,11.0,,,,0 days 00:00:57.249000,Finished,4.0,56.0,28.3,45.0,22.5,2.1,False
2025,19,United States Grand Prix,Austin,R,2025-10-19,87,BEA,bearman,Haas F1 Team,haas,Oliver,Bearman,https://media.formula1.com/d_driver_fallback_image.png/content/dam/fom-website/drivers/O/OLIBEA01_Oliver_Bearman/olibea01.png.transform/1col/image.png,9.0,9,8.0,,,,0 days 00:01:04.722000,Finished,2.0,56.0,28.3,45.0,22.5,2.1,False
2025,19,United States Grand Prix,Austin,R,2025-10-19,14,ALO,alonso,Aston Martin,aston_martin,Fernando,Alonso,https://media.formula1.com/d_driver_fallback_image.png/content/dam/fom-website/drivers/F/FERALO01_Fernando_Alonso/feralo01.png.transform/1col/image.png,10.0,10,10.0,,,,0 days 00:01:10.001000,Finished,1.0,56.0,28.3,45.0,22.5,2.1,False
2025,19,United States Grand Prix,Austin,R,2025-10-19,30,LAW,lawson,Racing Bulls,rb,Liam,Lawson,https://media.formula1.com/d_driver_fallback_image.png/content/dam/fom-website/drivers/L/LIALAW01_Liam_Lawson/lialaw01.png.transform/1col/image.png,11.0,11,12.0,,,,0 days 00:01:13.209000,Finished,0.0,56.0,28.3,45.0,22.5,2.1,False
2025,19,United States Grand Prix,Austin,R,2025-10-19,18,STR,stroll,Aston Martin,aston_martin,Lance,Stroll,https://media.formula1.com/d_driver_fallback_image.png/content/dam/fom-website/drivers/L/LANSTR01_Lance_Stroll/lanstr01.png.transform/1col/image.png,12.0,12,19.0,,,,0 days 00:01:14.778000,Finished,0.0,56.0,28.3,45.0,22.5,2.1,False
2025,19,United States Grand Prix,Austin,R,2025-10-19,12,ANT,antonelli,Mercedes,mercedes,Kimi,Antonelli,https://media.formula1.com/d_driver_fallback_image.png/content/dam/fom-website/drivers/A/ANDANT01_Andrea%20Kimi_Antonelli/andant01.png.transform/1col/image.png,13.0,13,7.0,,,,0 days 00:01:15.746000,Finished,0.0,56.0,28.3,45.0,22.5,2.1,False
2025,19,United States Grand Prix,Austin,R,2025-10-19,23,ALB,albon,Williams,williams,Alexander,Albon,https://media.formula1.com/d_driver_fallback_image.png/content/dam/fom-website/drivers/A/ALEALB01_Alexander_Albon/alealb01.png.transform/1col/image.png,14.0,14,18.0,,,,0 days 00:01:20,Finished,0.0,56.0,28.3,45.0,22.5,2.1,False
2025,19,United States Grand Prix,Austin,R,2025-10-19,31,OCO,ocon,Haas F1 Team,haas,Esteban,Ocon,https://media.formula1.com/d_driver_fallback_image.png/content/dam/fom-website/drivers/E/ESTOCO01_Esteban_Ocon/estoco01.png.transform/1col/image.png,15.0,15,17.0,,,,0 days 00:01:23.043000,Finished,0.0,56.0,28.3,45.0,22.5,2.1,False
2025,19,United States Grand Prix,Austin,R,2025-10-19,6,HAD,hadjar,Racing Bulls,rb,Isack,Hadjar,https://media.formula1.com/d_driver_fallback_image.png/content/dam/fom-website/drivers/I/ISAHAD01_Isack_Hadjar/isahad01.png.transform/1col/image.png,16.0,16,20.0,,,,0 days 00:01:32.807000,Finished,0.0,56.0,28.3,45.0,22.5,2.1,False
2025,19,United States Grand Prix,Austin,R,2025-10-19,43,COL,colapinto,Alpine,alpine,Franco,Colapinto,None,17.0,17,15.0,,,,0 days 00:00:02.307000,Lapped,0.0,55.0,28.3,45.0,22.5,2.1,False
2025,19,United States Grand Prix,Austin,R,2025-10-19,5,BOR,bortoleto,Kick Sauber,sauber,Gabriel,Bortoleto,https://media.formula1.com/d_driver_fallback_image.png/content/dam/fom-website/drivers/G/GABBOR01_Gabriel_Bortoleto/gabbor01.png.transform/1col/image.png,18.0,18,16.0,,,,0 days 00:00:03.557000,Lapped,0.0,55.0,28.3,45.0,22.5,2.1,False
2025,19,United States Grand Prix,Austin,R,2025-10-19,10,GAS,gasly,Alpine,alpine,Pierre,Gasly,https://media.formula1.com/d_driver_fallback_image.png/content/dam/fom-website/drivers/P/PIEGAS01_Pierre_Gasly/piegas01.png.transform/1col/image.png,19.0,19,14.0,,,,0 days 00:00:06.155000,Lapped,0.0,55.0,28.3,45.0,22.5,2.1,False
2025,19,United States Grand Prix,Austin,R,2025-10-19,55,SAI,sainz,Williams,williams,Carlos,Sainz,https://media.formula1.com/d_driver_fallback_image.png/content/dam/fom-website/drivers/C/CARSAI01_Carlos_Sainz/carsai01.png.transform/1col/image.png,20.0,R,9.0,,,,,Retired,0.0,5.0,28.3,45.0,22.5,2.1,False
2025,20,Mexico City Grand Prix,Mexico City,R,2025-10-26,4,NOR,norris,McLaren,mclaren,Lando,Norris,https://media.formula1.com/d_driver_fallback_image.png/content/dam/fom-website/drivers/L/LANNOR01_Lando_Norris/lannor01.png.transform/1col/image.png,1.0,1,1.0,,,,0 days 01:37:58.574000,Finished,25.0,71.0,26.4,50.6,23.2,1.8,False
2025,20,Mexico City Grand Prix,Mexico City,R,2025-10-26,16,LEC,leclerc,Ferrari,ferrari,Charles,Leclerc,https://media.formula1.com/d_driver_fallback_image.png/content/dam/fom-website/drivers/C/CHALEC01_Charles_Leclerc/chalec01.png.transform/1col/image.png,2.0,2,2.0,,,,0 days 00:00:30.324000,Finished,18.0,71.0,26.4,50.6,23.2,1.8,False
2025,20,Mexico City Grand Prix,Mexico City,R,2025-10-26,1,VER,max_verstappen,Red Bull Racing,red_bull,Max,Verstappen,https://media.formula1.com/d_driver_fallback_image.png/content/dam/fom-website/drivers/M/MAXVER01_Max_Verstappen/maxver01.png.transform/1col/image.png,3.0,3,5.0,,,,0 days 00:00:31.049000,Finished,15.0,71.0,26.4,50.6,23.2,1.8,False
2025,20,Mexico City Grand Prix,Mexico City,R,2025-10-26,87,BEA,bearman,Haas F1 Team,haas,Oliver,Bearman,https://media.formula1.com/d_driver_fallback_image.png/content/dam/fom-website/drivers/O/OLIBEA01_Oliver_Bearman/olibea01.png.transform/1col/image.png,4.0,4,9.0,,,,0 days 00:00:40.955000,Finished,12.0,71.0,26.4,50.6,23.2,1.8,False
2025,20,Mexico City Grand Prix,Mexico City,R,2025-10-26,81,PIA,piastri,McLaren,mclaren,Oscar,Piastri,https://media.formula1.com/d_driver_fallback_image.png/content/dam/fom-website/drivers/O/OSCPIA01_Oscar_Piastri/oscpia01.png.transform/1col/image.png,5.0,5,7.0,,,,0 days 00:00:42.065000,Finished,10.0,71.0,26.4,50.6,23.2,1.8,False
2025,20,Mexico City Grand Prix,Mexico City,R,2025-10-26,12,ANT,antonelli,Mercedes,mercedes,Kimi,Antonelli,https://media.formula1.com/d_driver_fallback_image.png/content/dam/fom-website/drivers/A/ANDANT01_Andrea%20Kimi_Antonelli/andant01.png.transform/1col/image.png,6.0,6,6.0,,,,0 days 00:00:47.837000,Finished,8.0,71.0,26.4,50.6,23.2,1.8,False
2025,20,Mexico City Grand Prix,Mexico City,R,2025-10-26,63,RUS,russell,Mercedes,mercedes,George,Russell,https://media.formula1.com/d_driver_fallback_image.png/content/dam/fom-website/drivers/G/GEORUS01_George_Russell/georus01.png.transform/1col/image.png,7.0,7,4.0,,,,0 days 00:00:50.287000,Finished,6.0,71.0,26.4,50.6,23.2,1.8,False
2025,20,Mexico City Grand Prix,Mexico City,R,2025-10-26,44,HAM,hamilton,Ferrari,ferrari,Lewis,Hamilton,https://media.formula1.com/d_driver_fallback_image.png/content/dam/fom-website/drivers/L/LEWHAM01_Lewis_Hamilton/lewham01.png.transform/1col/image.png,8.0,8,3.0,,,,0 days 00:00:56.446000,Finished,4.0,71.0,26.4,50.6,23.2,1.8,False
2025,20,Mexico City Grand Prix,Mexico City,R,2025-10-26,31,OCO,ocon,Haas F1 Team,haas,Esteban,Ocon,https://media.formula1.com/d_driver_fallback_image.png/content/dam/fom-website/drivers/E/ESTOCO01_Esteban_Ocon/estoco01.png.transform/1col/image.png,9.0,9,11.0,,,,0 days 00:01:15.464000,Finished,2.0,71.0,26.4,50.6,23.2,1.8,False
2025,20,Mexico City Grand Prix,Mexico City,R,2025-10-26,5,BOR,bortoleto,Kick Sauber,sauber,Gabriel,Bortoleto,https://media.formula1.com/d_driver_fallback_image.png/content/dam/fom-website/drivers/G/GABBOR01_Gabriel_Bortoleto/gabbor01.png.transform/1col/image.png,10.0,10,16.0,,,,0 days 00:01:16.863000,Finished,1.0,71.0,26.4,50.6,23.2,1.8,False
2025,20,Mexico City Grand Prix,Mexico City,R,2025-10-26,22,TSU,tsunoda,Red Bull Racing,red_bull,Yuki,Tsunoda,https://media.formula1.com/d_driver_fallback_image.png/content/dam/fom-website/drivers/Y/YUKTSU01_Yuki_Tsunoda/yuktsu01.png.transform/1col/image.png,11.0,11,10.0,,,,0 days 00:01:19.048000,Finished,0.0,71.0,26.4,50.6,23.2,1.8,False
2025,20,Mexico City Grand Prix,Mexico City,R,2025-10-26,23,ALB,albon,Williams,williams,Alexander,Albon,https://media.formula1.com/d_driver_fallback_image.png/content/dam/fom-website/drivers/A/ALEALB01_Alexander_Albon/alealb01.png.transform/1col/image.png,12.0,12,17.0,,,,0 days 00:00:02.450000,Lapped,0.0,70.0,26.4,50.6,23.2,1.8,False
2025,20,Mexico City Grand Prix,Mexico City,R,2025-10-26,6,HAD,hadjar,Racing Bulls,rb,Isack,Hadjar,https://media.formula1.com/d_driver_fallback_image.png/content/dam/fom-website/drivers/I/ISAHAD01_Isack_Hadjar/isahad01.png.transform/1col/image.png,13.0,13,8.0,,,,0 days 00:00:06.656000,Lapped,0.0,70.0,26.4,50.6,23.2,1.8,False
2025,20,Mexico City Grand Prix,Mexico City,R,2025-10-26,18,STR,stroll,Aston Martin,aston_martin,Lance,Stroll,https://media.formula1.com/d_driver_fallback_image.png/content/dam/fom-website/drivers/L/LANSTR01_Lance_Stroll/lanstr01.png.transform/1col/image.png,14.0,14,19.0,,,,0 days 00:00:07.035000,Lapped,0.0,70.0,26.4,50.6,23.2,1.8,False
2025,20,Mexico City Grand Prix,Mexico City,R,2025-10-26,10,GAS,gasly,Alpine,alpine,Pierre,Gasly,https://media.formula1.com/d_driver_fallback_image.png/content/dam/fom-website/drivers/P/PIEGAS01_Pierre_Gasly/piegas01.png.transform/1col/image.png,15.0,15,18.0,,,,0 days 00:00:44.080000,Lapped,0.0,70.0,26.4,50.6,23.2,1.8,False
2025,20,Mexico City Grand Prix,Mexico City,R,2025-10-26,43,COL,colapinto,Alpine,alpine,Franco,Colapinto,None,16.0,16,20.0,,,,0 days 00:00:44.376000,Lapped,0.0,70.0,26.4,50.6,23.2,1.8,False
2025,20,Mexico City Grand Prix,Mexico City,R,2025-10-26,55,SAI,sainz,Williams,williams,Carlos,Sainz,https://media.formula1.com/d_driver_fallback_image.png/content/dam/fom-website/drivers/C/CARSAI01_Carlos_Sainz/carsai01.png.transform/1col/image.png,17.0,17,12.0,,,,,Retired,0.0,67.0,26.4,50.6,23.2,1.8,False
2025,20,Mexico City Grand Prix,Mexico City,R,2025-10-26,14,ALO,alonso,Aston Martin,aston_martin,Fernando,Alonso,https://media.formula1.com/d_driver_fallback_image.png/content/dam/fom-website/drivers/F/FERALO01_Fernando_Alonso/feralo01.png.transform/1col/image.png,18.0,R,14.0,,,,,Retired,0.0,34.0,26.4,50.6,23.2,1.8,False
2025,20,Mexico City Grand Prix,Mexico City,R,2025-10-26,27,HUL,hulkenberg,Kick Sauber,sauber,Nico,Hulkenberg,https://media.formula1.com/d_driver_fallback_image.png/content/dam/fom-website/drivers/N/NICHUL01_Nico_Hulkenberg/nichul01.png.transform/1col/image.png,19.0,R,13.0,,,,,Retired,0.0,25.0,26.4,50.6,23.2,1.8,False
2025,20,Mexico City Grand Prix,Mexico City,R,2025-10-26,30,LAW,lawson,Racing Bulls,rb,Liam,Lawson,https://media.formula1.com/d_driver_fallback_image.png/content/dam/fom-website/drivers/L/LIALAW01_Liam_Lawson/lialaw01.png.transform/1col/image.png,20.0,R,15.0,,,,,Retired,0.0,5.0,26.4,50.6,23.2,1.8,False
2025,21,São Paulo Grand Prix,São Paulo,R,2025-11-09,4,NOR,norris,McLaren,mclaren,Lando,Norris,https://media.formula1.com/d_driver_fallback_image.png/content/dam/fom-website/drivers/L/LANNOR01_Lando_Norris/lannor01.png.transform/1col/image.png,1.0,1,1.0,,,,0 days 01:32:01.596000,Finished,25.0,71.0,17.3,30.7,70.6,1.5,False
2025,21,São Paulo Grand Prix,São Paulo,R,2025-11-09,12,ANT,antonelli,Mercedes,mercedes,Kimi,Antonelli,https://media.formula1.com/d_driver_fallback_image.png/content/dam/fom-website/drivers/A/ANDANT01_Andrea%20Kimi_Antonelli/andant01.png.transform/1col/image.png,2.0,2,2.0,,,,0 days 00:00:10.388000,Finished,18.0,71.0,17.3,30.7,70.6,1.5,False
2025,21,São Paulo Grand Prix,São Paulo,R,2025-11-09,1,VER,max_verstappen,Red Bull Racing,red_bull,Max,Verstappen,https://media.formula1.com/d_driver_fallback_image.png/content/dam/fom-website/drivers/M/MAXVER01_Max_Verstappen/maxver01.png.transform/1col/image.png,3.0,3,19.0,,,,0 days 00:00:10.750000,Finished,15.0,71.0,17.3,30.7,70.6,1.5,False
2025,21,São Paulo Grand Prix,São Paulo,R,2025-11-09,63,RUS,russell,Mercedes,mercedes,George,Russell,https://media.formula1.com/d_driver_fallback_image.png/content/dam/fom-website/drivers/G/GEORUS01_George_Russell/georus01.png.transform/1col/image.png,4.0,4,6.0,,,,0 days 00:00:15.267000,Finished,12.0,71.0,17.3,30.7,70.6,1.5,False
2025,21,São Paulo Grand Prix,São Paulo,R,2025-11-09,81,PIA,piastri,McLaren,mclaren,Oscar,Piastri,https://media.formula1.com/d_driver_fallback_image.png/content/dam/fom-website/drivers/O/OSCPIA01_Oscar_Piastri/oscpia01.png.transform/1col/image.png,5.0,5,4.0,,,,0 days 00:00:15.749000,Finished,10.0,71.0,17.3,30.7,70.6,1.5,False
2025,21,São Paulo Grand Prix,São Paulo,R,2025-11-09,87,BEA,bearman,Haas F1 Team,haas,Oliver,Bearman,https://media.formula1.com/d_driver_fallback_image.png/content/dam/fom-website/drivers/O/OLIBEA01_Oliver_Bearman/olibea01.png.transform/1col/image.png,6.0,6,8.0,,,,0 days 00:00:29.630000,Finished,8.0,71.0,17.3,30.7,70.6,1.5,False
2025,21,São Paulo Grand Prix,São Paulo,R,2025-11-09,30,LAW,lawson,Racing Bulls,rb,Liam,Lawson,https://media.formula1.com/d_driver_fallback_image.png/content/dam/fom-website/drivers/L/LIALAW01_Liam_Lawson/lialaw01.png.transform/1col/image.png,7.0,7,7.0,,,,0 days 00:00:52.642000,Finished,6.0,71.0,17.3,30.7,70.6,1.5,False
2025,21,São Paulo Grand Prix,São Paulo,R,2025-11-09,6,HAD,hadjar,Racing Bulls,rb,Isack,Hadjar,https://media.formula1.com/d_driver_fallback_image.png/content/dam/fom-website/drivers/I/ISAHAD01_Isack_Hadjar/isahad01.png.transform/1col/image.png,8.0,8,5.0,,,,0 days 00:00:52.873000,Finished,4.0,71.0,17.3,30.7,70.6,1.5,False
2025,21,São Paulo Grand Prix,São Paulo,R,2025-11-09,27,HUL,hulkenberg,Kick Sauber,sauber,Nico,Hulkenberg,https://media.formula1.com/d_driver_fallback_image.png/content/dam/fom-website/drivers/N/NICHUL01_Nico_Hulkenberg/nichul01.png.transform/1col/image.png,9.0,9,10.0,,,,0 days 00:00:53.324000,Finished,2.0,71.0,17.3,30.7,70.6,1.5,False
2025,21,São Paulo Grand Prix,São Paulo,R,2025-11-09,10,GAS,gasly,Alpine,alpine,Pierre,Gasly,https://media.formula1.com/d_driver_fallback_image.png/content/dam/fom-website/drivers/P/PIEGAS01_Pierre_Gasly/piegas01.png.transform/1col/image.png,10.0,10,9.0,,,,0 days 00:00:53.914000,Finished,1.0,71.0,17.3,30.7,70.6,1.5,False
2025,21,São Paulo Grand Prix,São Paulo,R,2025-11-09,23,ALB,albon,Williams,williams,Alexander,Albon,https://media.formula1.com/d_driver_fallback_image.png/content/dam/fom-website/drivers/A/ALEALB01_Alexander_Albon/alealb01.png.transform/1col/image.png,11.0,11,12.0,,,,0 days 00:00:54.184000,Finished,0.0,71.0,17.3,30.7,70.6,1.5,False
2025,21,São Paulo Grand Prix,São Paulo,R,2025-11-09,31,OCO,ocon,Haas F1 Team,haas,Esteban,Ocon,https://media.formula1.com/d_driver_fallback_image.png/content/dam/fom-website/drivers/E/ESTOCO01_Esteban_Ocon/estoco01.png.transform/1col/image.png,12.0,12,20.0,,,,0 days 00:00:54.696000,Finished,0.0,71.0,17.3,30.7,70.6,1.5,False
2025,21,São Paulo Grand Prix,São Paulo,R,2025-11-09,55,SAI,sainz,Williams,williams,Carlos,Sainz,https://media.formula1.com/d_driver_fallback_image.png/content/dam/fom-website/drivers/C/CARSAI01_Carlos_Sainz/carsai01.png.transform/1col/image.png,13.0,13,15.0,,,,0 days 00:00:55.420000,Finished,0.0,71.0,17.3,30.7,70.6,1.5,False
2025,21,São Paulo Grand Prix,São Paulo,R,2025-11-09,14,ALO,alonso,Aston Martin,aston_martin,Fernando,Alonso,https://media.formula1.com/d_driver_fallback_image.png/content/dam/fom-website/drivers/F/FERALO01_Fernando_Alonso/feralo01.png.transform/1col/image.png,14.0,14,11.0,,,,0 days 00:00:55.766000,Finished,0.0,71.0,17.3,30.7,70.6,1.5,False
2025,21,São Paulo Grand Prix,São Paulo,R,2025-11-09,43,COL,colapinto,Alpine,alpine,Franco,Colapinto,None,15.0,15,16.0,,,,0 days 00:00:57.777000,Finished,0.0,71.0,17.3,30.7,70.6,1.5,False
2025,21,São Paulo Grand Prix,São Paulo,R,2025-11-09,18,STR,stroll,Aston Martin,aston_martin,Lance,Stroll,https://media.formula1.com/d_driver_fallback_image.png/content/dam/fom-website/drivers/L/LANSTR01_Lance_Stroll/lanstr01.png.transform/1col/image.png,16.0,16,14.0,,,,0 days 00:00:58.247000,Finished,0.0,71.0,17.3,30.7,70.6,1.5,False
2025,21,São Paulo Grand Prix,São Paulo,R,2025-11-09,22,TSU,tsunoda,Red Bull Racing,red_bull,Yuki,Tsunoda,https://media.formula1.com/d_driver_fallback_image.png/content/dam/fom-website/drivers/Y/YUKTSU01_Yuki_Tsunoda/yuktsu01.png.transform/1col/image.png,17.0,17,17.0,,,,0 days 00:01:09.176000,Finished,0.0,71.0,17.3,30.7,70.6,1.5,False
2025,21,São Paulo Grand Prix,São Paulo,R,2025-11-09,44,HAM,hamilton,Ferrari,ferrari,Lewis,Hamilton,https://media.formula1.com/d_driver_fallback_image.png/content/dam/fom-website/drivers/L/LEWHAM01_Lewis_Hamilton/lewham01.png.transform/1col/image.png,18.0,R,13.0,,,,,Retired,0.0,37.0,17.3,30.7,70.6,1.5,False
2025,21,São Paulo Grand Prix,São Paulo,R,2025-11-09,16,LEC,leclerc,Ferrari,ferrari,Charles,Leclerc,https://media.formula1.com/d_driver_fallback_image.png/content/dam/fom-website/drivers/C/CHALEC01_Charles_Leclerc/chalec01.png.transform/1col/image.png,19.0,R,3.0,,,,,Retired,0.0,5.0,17.3,30.7,70.6,1.5,False
2025,21,São Paulo Grand Prix,São Paulo,R,2025-11-09,5,BOR,bortoleto,Kick Sauber,sauber,Gabriel,Bortoleto,https://media.formula1.com/d_driver_fallback_image.png/content/dam/fom-website/drivers/G/GABBOR01_Gabriel_Bortoleto/gabbor01.png.transform/1col/image.png,20.0,R,18.0,,,,,Retired,0.0,0.0,17.3,30.7,70.6,1.5,False
2025,22,Las Vegas Grand Prix,Las Vegas,R,2025-11-22,1,VER,max_verstappen,Red Bull Racing,red_bull,Max,Verstappen,https://media.formula1.com/d_driver_fallback_image.png/content/dam/fom-website/drivers/M/MAXVER01_Max_Verstappen/maxver01.png.transform/1col/image.png,1.0,1,2.0,,,,0 days 01:21:08.429000,Finished,25.0,50.0,16.7,19.5,37.8,1.4,False
2025,22,Las Vegas Grand Prix,Las Vegas,R,2025-11-22,63,RUS,russell,Mercedes,mercedes,George,Russell,https://media.formula1.com/d_driver_fallback_image.png/content/dam/fom-website/drivers/G/GEORUS01_George_Russell/georus01.png.transform/1col/image.png,2.0,2,4.0,,,,0 days 00:00:23.546000,Finished,18.0,50.0,16.7,19.5,37.8,1.4,False
2025,22,Las Vegas Grand Prix,Las Vegas,R,2025-11-22,12,ANT,antonelli,Mercedes,mercedes,Kimi,Antonelli,https://media.formula1.com/d_driver_fallback_image.png/content/dam/fom-website/drivers/A/ANDANT01_Andrea%20Kimi_Antonelli/andant01.png.transform/1col/image.png,3.0,3,17.0,,,,0 days 00:00:30.488000,Finished,15.0,50.0,16.7,19.5,37.8,1.4,False
2025,22,Las Vegas Grand Prix,Las Vegas,R,2025-11-22,16,LEC,leclerc,Ferrari,ferrari,Charles,Leclerc,https://media.formula1.com/d_driver_fallback_image.png/content/dam/fom-website/drivers/C/CHALEC01_Charles_Leclerc/chalec01.png.transform/1col/image.png,4.0,4,9.0,,,,0 days 00:00:30.678000,Finished,12.0,50.0,16.7,19.5,37.8,1.4,False
2025,22,Las Vegas Grand Prix,Las Vegas,R,2025-11-22,55,SAI,sainz,Williams,williams,Carlos,Sainz,https://media.formula1.com/d_driver_fallback_image.png/content/dam/fom-website/drivers/C/CARSAI01_Carlos_Sainz/carsai01.png.transform/1col/image.png,5.0,5,3.0,,,,0 days 00:00:34.924000,Finished,10.0,50.0,16.7,19.5,37.8,1.4,False
2025,22,Las Vegas Grand Prix,Las Vegas,R,2025-11-22,6,HAD,hadjar,Racing Bulls,rb,Isack,Hadjar,https://media.formula1.com/d_driver_fallback_image.png/content/dam/fom-website/drivers/I/ISAHAD01_Isack_Hadjar/isahad01.png.transform/1col/image.png,6.0,6,8.0,,,,0 days 00:00:45.257000,Finished,8.0,50.0,16.7,19.5,37.8,1.4,False
2025,22,Las Vegas Grand Prix,Las Vegas,R,2025-11-22,27,HUL,hulkenberg,Kick Sauber,sauber,Nico,Hulkenberg,https://media.formula1.com/d_driver_fallback_image.png/content/dam/fom-website/drivers/N/NICHUL01_Nico_Hulkenberg/nichul01.png.transform/1col/image.png,7.0,7,11.0,,,,0 days 00:00:51.134000,Finished,6.0,50.0,16.7,19.5,37.8,1.4,False
2025,22,Las Vegas Grand Prix,Las Vegas,R,2025-11-22,44,HAM,hamilton,Ferrari,ferrari,Lewis,Hamilton,https://media.formula1.com/d_driver_fallback_image.png/content/dam/fom-website/drivers/L/LEWHAM01_Lewis_Hamilton/lewham01.png.transform/1col/image.png,8.0,8,19.0,,,,0 days 00:00:59.369000,Finished,4.0,50.0,16.7,19.5,37.8,1.4,False
2025,22,Las Vegas Grand Prix,Las Vegas,R,2025-11-22,31,OCO,ocon,Haas F1 Team,haas,Esteban,Ocon,https://media.formula1.com/d_driver_fallback_image.png/content/dam/fom-website/drivers/E/ESTOCO01_Esteban_Ocon/estoco01.png.transform/1col/image.png,9.0,9,13.0,,,,0 days 00:01:00.635000,Finished,2.0,50.0,16.7,19.5,37.8,1.4,False
2025,22,Las Vegas Grand Prix,Las Vegas,R,2025-11-22,87,BEA,bearman,Haas F1 Team,haas,Oliver,Bearman,https://media.formula1.com/d_driver_fallback_image.png/content/dam/fom-website/drivers/O/OLIBEA01_Oliver_Bearman/olibea01.png.transform/1col/image.png,10.0,10,14.0,,,,0 days 00:01:10.549000,Finished,1.0,50.0,16.7,19.5,37.8,1.4,False
2025,22,Las Vegas Grand Prix,Las Vegas,R,2025-11-22,14,ALO,alonso,Aston Martin,aston_martin,Fernando,Alonso,https://media.formula1.com/d_driver_fallback_image.png/content/dam/fom-website/drivers/F/FERALO01_Fernando_Alonso/feralo01.png.transform/1col/image.png,11.0,11,7.0,,,,0 days 00:01:25.308000,Finished,0.0,50.0,16.7,19.5,37.8,1.4,False
2025,22,Las Vegas Grand Prix,Las Vegas,R,2025-11-22,22,TSU,tsunoda,Red Bull Racing,red_bull,Yuki,Tsunoda,https://media.formula1.com/d_driver_fallback_image.png/content/dam/fom-website/drivers/Y/YUKTSU01_Yuki_Tsunoda/yuktsu01.png.transform/1col/image.png,12.0,12,20.0,,,,0 days 00:01:26.974000,Finished,0.0,50.0,16.7,19.5,37.8,1.4,False
2025,22,Las Vegas Grand Prix,Las Vegas,R,2025-11-22,10,GAS,gasly,Alpine,alpine,Pierre,Gasly,https://media.formula1.com/d_driver_fallback_image.png/content/dam/fom-website/drivers/P/PIEGAS01_Pierre_Gasly/piegas01.png.transform/1col/image.png,13.0,13,10.0,,,,0 days 00:01:31.702000,Finished,0.0,50.0,16.7,19.5,37.8,1.4,False
2025,22,Las Vegas Grand Prix,Las Vegas,R,2025-11-22,30,LAW,lawson,Racing Bulls,rb,Liam,Lawson,https://media.formula1.com/d_driver_fallback_image.png/content/dam/fom-website/drivers/L/LIALAW01_Liam_Lawson/lialaw01.png.transform/1col/image.png,14.0,14,6.0,,,,0 days 00:00:03.291000,Lapped,0.0,49.0,16.7,19.5,37.8,1.4,False
2025,22,Las Vegas Grand Prix,Las Vegas,R,2025-11-22,43,COL,colapinto,Alpine,alpine,Franco,Colapinto,None,15.0,15,15.0,,,,0 days 00:00:10.459000,Lapped,0.0,49.0,16.7,19.5,37.8,1.4,False
2025,22,Las Vegas Grand Prix,Las Vegas,R,2025-11-22,23,ALB,albon,Williams,williams,Alexander,Albon,https://media.formula1.com/d_driver_fallback_image.png/content/dam/fom-website/drivers/A/ALEALB01_Alexander_Albon/alealb01.png.transform/1col/image.png,16.0,R,16.0,,,,,Retired,0.0,35.0,16.7,19.5,37.8,1.4,False
2025,22,Las Vegas Grand Prix,Las Vegas,R,2025-11-22,5,BOR,bortoleto,Kick Sauber,sauber,Gabriel,Bortoleto,https://media.formula1.com/d_driver_fallback_image.png/content/dam/fom-website/drivers/G/GABBOR01_Gabriel_Bortoleto/gabbor01.png.transform/1col/image.png,17.0,R,18.0,,,,,Retired,0.0,2.0,16.7,19.5,37.8,1.4,False
2025,22,Las Vegas Grand Prix,Las Vegas,R,2025-11-22,18,STR,stroll,Aston Martin,aston_martin,Lance,Stroll,https://media.formula1.com/d_driver_fallback_image.png/content/dam/fom-website/drivers/L/LANSTR01_Lance_Stroll/lanstr01.png.transform/1col/image.png,18.0,R,12.0,,,,,Retired,0.0,0.0,16.7,19.5,37.8,1.4,False
2025,22,Las Vegas Grand Prix,Las Vegas,R,2025-11-22,4,NOR,norris,McLaren,mclaren,Lando,Norris,https://media.formula1.com/d_driver_fallback_image.png/content/dam/fom-website/drivers/L/LANNOR01_Lando_Norris/lannor01.png.transform/1col/image.png,19.0,D,1.0,,,,,Disqualified,0.0,50.0,16.7,19.5,37.8,1.4,False
2025,22,Las Vegas Grand Prix,Las Vegas,R,2025-11-22,81,PIA,piastri,McLaren,mclaren,Oscar,Piastri,https://media.formula1.com/d_driver_fallback_image.png/content/dam/fom-website/drivers/O/OSCPIA01_Oscar_Piastri/oscpia01.png.transform/1col/image.png,20.0,D,5.0,,,,,Disqualified,0.0,50.0,16.7,19.5,37.8,1.4,False
2025,23,Qatar Grand Prix,Lusail,R,2025-11-30,1,VER,max_verstappen,Red Bull Racing,red_bull,Max,Verstappen,https://media.formula1.com/d_driver_fallback_image.png/content/dam/fom-website/drivers/M/MAXVER01_Max_Verstappen/maxver01.png.transform/1col/image.png,1.0,1,3.0,,,,0 days 01:24:38.241000,Finished,25.0,57.0,22.6,28.2,69.0,1.3,False
2025,23,Qatar Grand Prix,Lusail,R,2025-11-30,81,PIA,piastri,McLaren,mclaren,Oscar,Piastri,https://media.formula1.com/d_driver_fallback_image.png/content/dam/fom-website/drivers/O/OSCPIA01_Oscar_Piastri/oscpia01.png.transform/1col/image.png,2.0,2,1.0,,,,0 days 00:00:07.995000,Finished,18.0,57.0,22.6,28.2,69.0,1.3,False
2025,23,Qatar Grand Prix,Lusail,R,2025-11-30,55,SAI,sainz,Williams,williams,Carlos,Sainz,https://media.formula1.com/d_driver_fallback_image.png/content/dam/fom-website/drivers/C/CARSAI01_Carlos_Sainz/carsai01.png.transform/1col/image.png,3.0,3,7.0,,,,0 days 00:00:22.665000,Finished,15.0,57.0,22.6,28.2,69.0,1.3,False
2025,23,Qatar Grand Prix,Lusail,R,2025-11-30,4,NOR,norris,McLaren,mclaren,Lando,Norris,https://media.formula1.com/d_driver_fallback_image.png/content/dam/fom-website/drivers/L/LANNOR01_Lando_Norris/lannor01.png.transform/1col/image.png,4.0,4,2.0,,,,0 days 00:00:23.315000,Finished,12.0,57.0,22.6,28.2,69.0,1.3,False
2025,23,Qatar Grand Prix,Lusail,R,2025-11-30,12,ANT,antonelli,Mercedes,mercedes,Kimi,Antonelli,https://media.formula1.com/d_driver_fallback_image.png/content/dam/fom-website/drivers/A/ANDANT01_Andrea%20Kimi_Antonelli/andant01.png.transform/1col/image.png,5.0,5,5.0,,,,0 days 00:00:28.317000,Finished,10.0,57.0,22.6,28.2,69.0,1.3,False
2025,23,Qatar Grand Prix,Lusail,R,2025-11-30,63,RUS,russell,Mercedes,mercedes,George,Russell,https://media.formula1.com/d_driver_fallback_image.png/content/dam/fom-website/drivers/G/GEORUS01_George_Russell/georus01.png.transform/1col/image.png,6.0,6,4.0,,,,0 days 00:00:48.599000,Finished,8.0,57.0,22.6,28.2,69.0,1.3,False
2025,23,Qatar Grand Prix,Lusail,R,2025-11-30,14,ALO,alonso,Aston Martin,aston_martin,Fernando,Alonso,https://media.formula1.com/d_driver_fallback_image.png/content/dam/fom-website/drivers/F/FERALO01_Fernando_Alonso/feralo01.png.transform/1col/image.png,7.0,7,8.0,,,,0 days 00:00:54.045000,Finished,6.0,57.0,22.6,28.2,69.0,1.3,False
2025,23,Qatar Grand Prix,Lusail,R,2025-11-30,16,LEC,leclerc,Ferrari,ferrari,Charles,Leclerc,https://media.formula1.com/d_driver_fallback_image.png/content/dam/fom-website/drivers/C/CHALEC01_Charles_Leclerc/chalec01.png.transform/1col/image.png,8.0,8,10.0,,,,0 days 00:00:56.785000,Finished,4.0,57.0,22.6,28.2,69.0,1.3,False
2025,23,Qatar Grand Prix,Lusail,R,2025-11-30,30,LAW,lawson,Racing Bulls,rb,Liam,Lawson,https://media.formula1.com/d_driver_fallback_image.png/content/dam/fom-website/drivers/L/LIALAW01_Liam_Lawson/lialaw01.png.transform/1col/image.png,9.0,9,12.0,,,,0 days 00:01:00.073000,Finished,2.0,57.0,22.6,28.2,69.0,1.3,False
2025,23,Qatar Grand Prix,Lusail,R,2025-11-30,22,TSU,tsunoda,Red Bull Racing,red_bull,Yuki,Tsunoda,https://media.formula1.com/d_driver_fallback_image.png/content/dam/fom-website/drivers/Y/YUKTSU01_Yuki_Tsunoda/yuktsu01.png.transform/1col/image.png,10.0,10,15.0,,,,0 days 00:01:01.770000,Finished,1.0,57.0,22.6,28.2,69.0,1.3,False
2025,23,Qatar Grand Prix,Lusail,R,2025-11-30,23,ALB,albon,Williams,williams,Alexander,Albon,https://media.formula1.com/d_driver_fallback_image.png/content/dam/fom-website/drivers/A/ALEALB01_Alexander_Albon/alealb01.png.transform/1col/image.png,11.0,11,14.0,,,,0 days 00:01:06.931000,Finished,0.0,57.0,22.6,28.2,69.0,1.3,False
2025,23,Qatar Grand Prix,Lusail,R,2025-11-30,44,HAM,hamilton,Ferrari,ferrari,Lewis,Hamilton,https://media.formula1.com/d_driver_fallback_image.png/content/dam/fom-website/drivers/L/LEWHAM01_Lewis_Hamilton/lewham01.png.transform/1col/image.png,12.0,12,17.0,,,,0 days 00:01:17.730000,Finished,0.0,57.0,22.6,28.2,69.0,1.3,False
2025,23,Qatar Grand Prix,Lusail,R,2025-11-30,5,BOR,bortoleto,Kick Sauber,sauber,Gabriel,Bortoleto,https://media.formula1.com/d_driver_fallback_image.png/content/dam/fom-website/drivers/G/GABBOR01_Gabriel_Bortoleto/gabbor01.png.transform/1col/image.png,13.0,13,19.0,,,,0 days 00:01:24.812000,Finished,0.0,57.0,22.6,28.2,69.0,1.3,False
2025,23,Qatar Grand Prix,Lusail,R,2025-11-30,43,COL,colapinto,Alpine,alpine,Franco,Colapinto,None,14.0,14,20.0,,,,0 days 00:00:03.283000,Lapped,0.0,56.0,22.6,28.2,69.0,1.3,False
2025,23,Qatar Grand Prix,Lusail,R,2025-11-30,31,OCO,ocon,Haas F1 Team,haas,Esteban,Ocon,https://media.formula1.com/d_driver_fallback_image.png/content/dam/fom-website/drivers/E/ESTOCO01_Esteban_Ocon/estoco01.png.transform/1col/image.png,15.0,15,16.0,,,,0 days 00:00:04.253000,Lapped,0.0,56.0,22.6,28.2,69.0,1.3,False
2025,23,Qatar Grand Prix,Lusail,R,2025-11-30,10,GAS,gasly,Alpine,alpine,Pierre,Gasly,https://media.formula1.com/d_driver_fallback_image.png/content/dam/fom-website/drivers/P/PIEGAS01_Pierre_Gasly/piegas01.png.transform/1col/image.png,16.0,16,9.0,,,,0 days 00:00:04.941000,Lapped,0.0,56.0,22.6,28.2,69.0,1.3,False
2025,23,Qatar Grand Prix,Lusail,R,2025-11-30,18,STR,stroll,Aston Martin,aston_martin,Lance,Stroll,https://media.formula1.com/d_driver_fallback_image.png/content/dam/fom-website/drivers/L/LANSTR01_Lance_Stroll/lanstr01.png.transform/1col/image.png,17.0,17,18.0,,,,,Retired,0.0,55.0,22.6,28.2,69.0,1.3,False
2025,23,Qatar Grand Prix,Lusail,R,2025-11-30,6,HAD,hadjar,Racing Bulls,rb,Isack,Hadjar,https://media.formula1.com/d_driver_fallback_image.png/content/dam/fom-website/drivers/I/ISAHAD01_Isack_Hadjar/isahad01.png.transform/1col/image.png,18.0,18,6.0,,,,,Retired,0.0,55.0,22.6,28.2,69.0,1.3,False
2025,23,Qatar Grand Prix,Lusail,R,2025-11-30,87,BEA,bearman,Haas F1 Team,haas,Oliver,Bearman,https://media.formula1.com/d_driver_fallback_image.png/content/dam/fom-website/drivers/O/OLIBEA01_Oliver_Bearman/olibea01.png.transform/1col/image.png,19.0,R,13.0,,,,,Retired,0.0,41.0,22.6,28.2,69.0,1.3,False
2025,23,Qatar Grand Prix,Lusail,R,2025-11-30,27,HUL,hulkenberg,Kick Sauber,sauber,Nico,Hulkenberg,https://media.formula1.com/d_driver_fallback_image.png/content/dam/fom-website/drivers/N/NICHUL01_Nico_Hulkenberg/nichul01.png.transform/1col/image.png,20.0,R,11.0,,,,,Retired,0.0,6.0,22.6,28.2,69.0,1.3,False
2025,24,Abu Dhabi Grand Prix,Yas Island,R,2025-12-07,1,VER,max_verstappen,Red Bull Racing,red_bull,Max,Verstappen,https://media.formula1.com/d_driver_fallback_image.png/content/dam/fom-website/drivers/M/MAXVER01_Max_Verstappen/maxver01.png.transform/1col/image.png,1.0,1,1.0,,,,0 days 01:26:07.469000,Finished,25.0,58.0,26.7,31.1,60.4,1.6,False
2025,24,Abu Dhabi Grand Prix,Yas Island,R,2025-12-07,81,PIA,piastri,McLaren,mclaren,Oscar,Piastri,https://media.formula1.com/d_driver_fallback_image.png/content/dam/fom-website/drivers/O/OSCPIA01_Oscar_Piastri/oscpia01.png.transform/1col/image.png,2.0,2,3.0,,,,0 days 00:00:12.594000,Finished,18.0,58.0,26.7,31.1,60.4,1.6,False
2025,24,Abu Dhabi Grand Prix,Yas Island,R,2025-12-07,4,NOR,norris,McLaren,mclaren,Lando,Norris,https://media.formula1.com/d_driver_fallback_image.png/content/dam/fom-website/drivers/L/LANNOR01_Lando_Norris/lannor01.png.transform/1col/image.png,3.0,3,2.0,,,,0 days 00:00:16.572000,Finished,15.0,58.0,26.7,31.1,60.4,1.6,False
2025,24,Abu Dhabi Grand Prix,Yas Island,R,2025-12-07,16,LEC,leclerc,Ferrari,ferrari,Charles,Leclerc,https://media.formula1.com/d_driver_fallback_image.png/content/dam/fom-website/drivers/C/CHALEC01_Charles_Leclerc/chalec01.png.transform/1col/image.png,4.0,4,5.0,,,,0 days 00:00:23.279000,Finished,12.0,58.0,26.7,31.1,60.4,1.6,False
2025,24,Abu Dhabi Grand Prix,Yas Island,R,2025-12-07,63,RUS,russell,Mercedes,mercedes,George,Russell,https://media.formula1.com/d_driver_fallback_image.png/content/dam/fom-website/drivers/G/GEORUS01_George_Russell/georus01.png.transform/1col/image.png,5.0,5,4.0,,,,0 days 00:00:48.563000,Finished,10.0,58.0,26.7,31.1,60.4,1.6,False
2025,24,Abu Dhabi Grand Prix,Yas Island,R,2025-12-07,14,ALO,alonso,Aston Martin,aston_martin,Fernando,Alonso,https://media.formula1.com/d_driver_fallback_image.png/content/dam/fom-website/drivers/F/FERALO01_Fernando_Alonso/feralo01.png.transform/1col/image.png,6.0,6,6.0,,,,0 days 00:01:07.562000,Finished,8.0,58.0,26.7,31.1,60.4,1.6,False
2025,24,Abu Dhabi Grand Prix,Yas Island,R,2025-12-07,31,OCO,ocon,Haas F1 Team,haas,Esteban,Ocon,https://media.formula1.com/d_driver_fallback_image.png/content/dam/fom-website/drivers/E/ESTOCO01_Esteban_Ocon/estoco01.png.transform/1col/image.png,7.0,7,8.0,,,,0 days 00:01:09.876000,Finished,6.0,58.0,26.7,31.1,60.4,1.6,False
2025,24,Abu Dhabi Grand Prix,Yas Island,R,2025-12-07,44,HAM,hamilton,Ferrari,ferrari,Lewis,Hamilton,https://media.formula1.com/d_driver_fallback_image.png/content/dam/fom-website/drivers/L/LEWHAM01_Lewis_Hamilton/lewham01.png.transform/1col/image.png,8.0,8,16.0,,,,0 days 00:01:12.670000,Finished,4.0,58.0,26.7,31.1,60.4,1.6,False
2025,24,Abu Dhabi Grand Prix,Yas Island,R,2025-12-07,27,HUL,hulkenberg,Kick Sauber,sauber,Nico,Hulkenberg,https://media.formula1.com/d_driver_fallback_image.png/content/dam/fom-website/drivers/N/NICHUL01_Nico_Hulkenberg/nichul01.png.transform/1col/image.png,9.0,9,18.0,,,,0 days 00:01:19.014000,Finished,2.0,58.0,26.7,31.1,60.4,1.6,False
2025,24,Abu Dhabi Grand Prix,Yas Island,R,2025-12-07,18,STR,stroll,Aston Martin,aston_martin,Lance,Stroll,https://media.formula1.com/d_driver_fallback_image.png/content/dam/fom-website/drivers/L/LANSTR01_Lance_Stroll/lanstr01.png.transform/1col/image.png,10.0,10,15.0,,,,0 days 00:01:19.523000,Finished,1.0,58.0,26.7,31.1,60.4,1.6,False
2025,24,Abu Dhabi Grand Prix,Yas Island,R,2025-12-07,5,BOR,bortoleto,Kick Sauber,sauber,Gabriel,Bortoleto,https://media.formula1.com/d_driver_fallback_image.png/content/dam/fom-website/drivers/G/GABBOR01_Gabriel_Bortoleto/gabbor01.png.transform/1col/image.png,11.0,11,7.0,,,,0 days 00:01:21.043000,Finished,0.0,58.0,26.7,31.1,60.4,1.6,False
2025,24,Abu Dhabi Grand Prix,Yas Island,R,2025-12-07,87,BEA,bearman,Haas F1 Team,haas,Oliver,Bearman,https://media.formula1.com/d_driver_fallback_image.png/content/dam/fom-website/drivers/O/OLIBEA01_Oliver_Bearman/olibea01.png.transform/1col/image.png,12.0,12,11.0,,,,0 days 00:01:21.166000,Finished,0.0,58.0,26.7,31.1,60.4,1.6,False
2025,24,Abu Dhabi Grand Prix,Yas Island,R,2025-12-07,55,SAI,sainz,Williams,williams,Carlos,Sainz,https://media.formula1.com/d_driver_fallback_image.png/content/dam/fom-website/drivers/C/CARSAI01_Carlos_Sainz/carsai01.png.transform/1col/image.png,13.0,13,12.0,,,,0 days 00:01:22.158000,Finished,0.0,58.0,26.7,31.1,60.4,1.6,False
2025,24,Abu Dhabi Grand Prix,Yas Island,R,2025-12-07,22,TSU,tsunoda,Red Bull Racing,red_bull,Yuki,Tsunoda,https://media.formula1.com/d_driver_fallback_image.png/content/dam/fom-website/drivers/Y/YUKTSU01_Yuki_Tsunoda/yuktsu01.png.transform/1col/image.png,14.0,14,10.0,,,,0 days 00:01:23.794000,Finished,0.0,58.0,26.7,31.1,60.4,1.6,False
2025,24,Abu Dhabi Grand Prix,Yas Island,R,2025-12-07,12,ANT,antonelli,Mercedes,mercedes,Kimi,Antonelli,https://media.formula1.com/d_driver_fallback_image.png/content/dam/fom-website/drivers/A/ANDANT01_Andrea%20Kimi_Antonelli/andant01.png.transform/1col/image.png,15.0,15,14.0,,,,0 days 00:01:24.399000,Finished,0.0,58.0,26.7,31.1,60.4,1.6,False
2025,24,Abu Dhabi Grand Prix,Yas Island,R,2025-12-07,23,ALB,albon,Williams,williams,Alexander,Albon,https://media.formula1.com/d_driver_fallback_image.png/content/dam/fom-website/drivers/A/ALEALB01_Alexander_Albon/alealb01.png.transform/1col/image.png,16.0,16,17.0,,,,0 days 00:01:30.327000,Finished,0.0,58.0,26.7,31.1,60.4,1.6,False
2025,24,Abu Dhabi Grand Prix,Yas Island,R,2025-12-07,6,HAD,hadjar,Racing Bulls,rb,Isack,Hadjar,https://media.formula1.com/d_driver_fallback_image.png/content/dam/fom-website/drivers/I/ISAHAD01_Isack_Hadjar/isahad01.png.transform/1col/image.png,17.0,17,9.0,,,,0 days 00:00:01.327000,Lapped,0.0,57.0,26.7,31.1,60.4,1.6,False
2025,24,Abu Dhabi Grand Prix,Yas Island,R,2025-12-07,30,LAW,lawson,Racing Bulls,rb,Liam,Lawson,https://media.formula1.com/d_driver_fallback_image.png/content/dam/fom-website/drivers/L/LIALAW01_Liam_Lawson/lialaw01.png.transform/1col/image.png,18.0,18,13.0,,,,0 days 00:00:04.659000,Lapped,0.0,57.0,26.7,31.1,60.4,1.6,False
2025,24,Abu Dhabi Grand Prix,Yas Island,R,2025-12-07,10,GAS,gasly,Alpine,alpine,Pierre,Gasly,https://media.formula1.com/d_driver_fallback_image.png/content/dam/fom-website/drivers/P/PIEGAS01_Pierre_Gasly/piegas01.png.transform/1col/image.png,19.0,19,19.0,,,,0 days 00:00:11.908000,Lapped,0.0,57.0,26.7,31.1,60.4,1.6,False
2025,24,Abu Dhabi Grand Prix,Yas Island,R,2025-12-07,43,COL,colapinto,Alpine,alpine,Franco,Colapinto,None,20.0,20,20.0,,,,0 days 00:00:14.003000,Lapped,0.0,57.0,26.7,31.1,60.4,1.6,False
