Season,Round,EventName,Circuit,SessionType,EventDate,DriverNumber,Abbreviation,DriverId,TeamName,TeamId,FirstName,LastName,HeadshotUrl,Position,ClassifiedPosition,GridPosition,Q1,Q2,Q3,Time,Status,Points,Laps,AirTemp_mean,TrackTemp_mean,Humidity_mean,WindSpeed_mean,Rainfall
2023,1,Bahrain Grand Prix,Sakhir,Q,2023-03-05,1,VER,max_verstappen,Red Bull Racing,red_bull,Max,Verstappen,https://www.formula1.com/content/dam/fom-website/drivers/M/MAXVER01_Max_Verstappen/maxver01.png.transform/1col/image.png,1.0,,,0 days 00:01:31.295000,0 days 00:01:30.503000,0 days 00:01:29.708000,,,,,23.9,28.1,21.7,0.6,False
2023,1,Bahrain Grand Prix,Sakhir,Q,2023-03-05,11,PER,perez,Red Bull Racing,red_bull,Sergio,Perez,https://www.formula1.com/content/dam/fom-website/drivers/S/SERPER01_Sergio_Perez/serper01.png.transform/1col/image.png,2.0,,,0 days 00:01:31.479000,0 days 00:01:30.746000,0 days 00:01:29.846000,,,,,23.9,28.1,21.7,0.6,False
2023,1,Bahrain Grand Prix,Sakhir,Q,2023-03-05,16,LEC,leclerc,Ferrari,ferrari,Charles,Leclerc,https://www.formula1.com/content/dam/fom-website/drivers/C/CHALEC01_Charles_Leclerc/chalec01.png.transform/1col/image.png,3.0,,,0 days 00:01:31.094000,0 days 00:01:30.282000,0 days 00:01:30,,,,,23.9,28.1,21.7,0.6,False
2023,1,Bahrain Grand Prix,Sakhir,Q,2023-03-05,55,SAI,sainz,Ferrari,ferrari,Carlos,Sainz,https://www.formula1.com/content/dam/fom-website/drivers/C/CARSAI01_Carlos_Sainz/carsai01.png.transform/1col/image.png,4.0,,,0 days 00:01:30.993000,0 days 00:01:30.515000,0 days 00:01:30.154000,,,,,23.9,28.1,21.7,0.6,False
2023,1,Bahrain Grand Prix,Sakhir,Q,2023-03-05,14,ALO,alonso,Aston Martin,aston_martin,Fernando,Alonso,https://www.formula1.com/content/dam/fom-website/drivers/F/FERALO01_Fernando_Alonso/feralo01.png.transform/1col/image.png,5.0,,,0 days 00:01:31.158000,0 days 00:01:30.645000,0 days 00:01:30.336000,,,,,23.9,28.1,21.7,0.6,False
2023,1,Bahrain Grand Prix,Sakhir,Q,2023-03-05,63,RUS,russell,Mercedes,mercedes,George,Russell,https://www.formula1.com/content/dam/fom-website/drivers/G/GEORUS01_George_Russell/georus01.png.transform/1col/image.png,6.0,,,0 days 00:01:31.057000,0 days 00:01:30.507000,0 days 00:01:30.340000,,,,,23.9,28.1,21.7,0.6,False
2023,1,Bahrain Grand Prix,Sakhir,Q,2023-03-05,44,HAM,hamilton,Mercedes,mercedes,Lewis,Hamilton,https://www.formula1.com/content/dam/fom-website/drivers/L/LEWHAM01_Lewis_Hamilton/lewham01.png.transform/1col/image.png,7.0,,,0 days 00:01:31.543000,0 days 00:01:30.513000,0 days 00:01:30.384000,,,,,23.9,28.1,21.7,0.6,False
2023,1,Bahrain Grand Prix,Sakhir,Q,2023-03-05,18,STR,stroll,Aston Martin,aston_martin,Lance,Stroll,https://www.formula1.com/content/dam/fom-website/drivers/L/LANSTR01_Lance_Stroll/lanstr01.png.transform/1col/image.png,8.0,,,0 days 00:01:31.184000,0 days 00:01:31.127000,0 days 00:01:30.836000,,,,,23.9,28.1,21.7,0.6,False
2023,1,Bahrain Grand Prix,Sakhir,Q,2023-03-05,31,OCO,ocon,Alpine,alpine,Esteban,Ocon,https://www.formula1.com/content/dam/fom-website/drivers/E/ESTOCO01_Esteban_Ocon/estoco01.png.transform/1col/image.png,9.0,,,0 days 00:01:31.508000,0 days 00:01:30.914000,0 days 00:01:30.984000,,,,,23.9,28.1,21.7,0.6,False
2023,1,Bahrain Grand Prix,Sakhir,Q,2023-03-05,27,HUL,hulkenberg,Haas F1 Team,haas,Nico,Hulkenberg,https://www.formula1.com/content/dam/fom-website/drivers/N/NICHUL01_Nico_Hulkenberg/nichul01.png.transform/1col/image.png,10.0,,,0 days 00:01:31.204000,0 days 00:01:30.809000,,,,,,23.9,28.1,21.7,0.6,False
2023,1,Bahrain Grand Prix,Sakhir,Q,2023-03-05,4,NOR,norris,McLaren,mclaren,Lando,Norris,https://www.formula1.com/content/dam/fom-website/drivers/L/LANNOR01_Lando_Norris/lannor01.png.transform/1col/image.png,11.0,,,0 days 00:01:31.652000,0 days 00:01:31.381000,,,,,,23.9,28.1,21.7,0.6,False
2023,1,Bahrain Grand Prix,Sakhir,Q,2023-03-05,77,BOT,bottas,Alfa Romeo,alfa,Valtteri,Bottas,https://www.formula1.com/content/dam/fom-website/drivers/V/VALBOT01_Valtteri_Bottas/valbot01.png.transform/1col/image.png,12.0,,,0 days 00:01:31.504000,0 days 00:01:31.443000,,,,,,23.9,28.1,21.7,0.6,False
2023,1,Bahrain Grand Prix,Sakhir,Q,2023-03-05,24,ZHO,zhou,Alfa Romeo,alfa,Guanyu,Zhou,https://www.formula1.com/content/dam/fom-website/drivers/G/GUAZHO01_Guanyu_Zhou/guazho01.png.transform/1col/image.png,13.0,,,0 days 00:01:31.615000,0 days 00:01:31.473000,,,,,,23.9,28.1,21.7,0.6,False
2023,1,Bahrain Grand Prix,Sakhir,Q,2023-03-05,22,TSU,tsunoda,AlphaTauri,alphatauri,Yuki,Tsunoda,https://www.formula1.com/content/dam/fom-website/drivers/Y/YUKTSU01_Yuki_Tsunoda/yuktsu01.png.transform/1col/image.png,14.0,,,0 days 00:01:31.400000,0 days 00:01:32.510000,,,,,,23.9,28.1,21.7,0.6,False
2023,1,Bahrain Grand Prix,Sakhir,Q,2023-03-05,23,ALB,albon,Williams,williams,Alexander,Albon,https://www.formula1.com/content/dam/fom-website/drivers/A/ALEALB01_Alexander_Albon/alealb01.png.transform/1col/image.png,15.0,,,0 days 00:01:31.461000,,,,,,,23.9,28.1,21.7,0.6,False
2023,1,Bahrain Grand Prix,Sakhir,Q,2023-03-05,2,SAR,sargeant,Williams,williams,Logan,Sargeant,https://www.formula1.com/content/dam/fom-website/drivers/L/LOGSAR01_Logan_Sargeant/logsar01.png.transform/1col/image.png,16.0,,,0 days 00:01:31.652000,,,,,,,23.9,28.1,21.7,0.6,False
2023,1,Bahrain Grand Prix,Sakhir,Q,2023-03-05,20,MAG,kevin_magnussen,Haas F1 Team,haas,Kevin,Magnussen,https://www.formula1.com/content/dam/fom-website/drivers/K/KEVMAG01_Kevin_Magnussen/kevmag01.png.transform/1col/image.png,17.0,,,0 days 00:01:31.892000,,,,,,,23.9,28.1,21.7,0.6,False
2023,1,Bahrain Grand Prix,Sakhir,Q,2023-03-05,81,PIA,piastri,McLaren,mclaren,Oscar,Piastri,https://www.formula1.com/content/dam/fom-website/drivers/O/OSCPIA01_Oscar_Piastri/oscpia01.png.transform/1col/image.png,18.0,,,0 days 00:01:32.101000,,,,,,,23.9,28.1,21.7,0.6,False
2023,1,Bahrain Grand Prix,Sakhir,Q,2023-03-05,21,DEV,de_vries,AlphaTauri,alphatauri,Nyck,De Vries,https://www.formula1.com/content/dam/fom-website/drivers/N/NYCDEV01_Nyck_De%20Vries/nycdev01.png.transform/1col/image.png,19.0,,,0 days 00:01:32.121000,,,,,,,23.9,28.1,21.7,0.6,False
2023,1,Bahrain Grand Prix,Sakhir,Q,2023-03-05,10,GAS,gasly,Alpine,alpine,Pierre,Gasly,https://www.formula1.com/content/dam/fom-website/drivers/P/PIEGAS01_Pierre_Gasly/piegas01.png.transform/1col/image.png,20.0,,,0 days 00:01:32.181000,,,,,,,23.9,28.1,21.7,0.6,False
2023,2,Saudi Arabian Grand Prix,Jeddah,Q,2023-03-19,11,PER,perez,Red Bull Racing,red_bull,Sergio,Perez,https://www.formula1.com/content/dam/fom-website/drivers/S/SERPER01_Sergio_Perez/serper01.png.transform/1col/image.png,1.0,,,0 days 00:01:29.244000,0 days 00:01:28.635000,0 days 00:01:28.265000,,,,,27.0,31.7,44.7,1.5,False
2023,2,Saudi Arabian Grand Prix,Jeddah,Q,2023-03-19,16,LEC,leclerc,Ferrari,ferrari,Charles,Leclerc,https://www.formula1.com/content/dam/fom-website/drivers/C/CHALEC01_Charles_Leclerc/chalec01.png.transform/1col/image.png,2.0,,,0 days 00:01:29.376000,0 days 00:01:28.903000,0 days 00:01:28.420000,,,,,27.0,31.7,44.7,1.5,False
2023,2,Saudi Arabian Grand Prix,Jeddah,Q,2023-03-19,14,ALO,alonso,Aston Martin,aston_martin,Fernando,Alonso,https://www.formula1.com/content/dam/fom-website/drivers/F/FERALO01_Fernando_Alonso/feralo01.png.transform/1col/image.png,3.0,,,0 days 00:01:29.298000,0 days 00:01:28.757000,0 days 00:01:28.730000,,,,,27.0,31.7,44.7,1.5,False
2023,2,Saudi Arabian Grand Prix,Jeddah,Q,2023-03-19,63,RUS,russell,Mercedes,mercedes,George,Russell,https://www.formula1.com/content/dam/fom-website/drivers/G/GEORUS01_George_Russell/georus01.png.transform/1col/image.png,4.0,,,0 days 00:01:29.592000,0 days 00:01:29.132000,0 days 00:01:28.857000,,,,,27.0,31.7,44.7,1.5,False
2023,2,Saudi Arabian Grand Prix,Jeddah,Q,2023-03-19,55,SAI,sainz,Ferrari,ferrari,Carlos,Sainz,https://www.formula1.com/content/dam/fom-website/drivers/C/CARSAI01_Carlos_Sainz/carsai01.png.transform/1col/image.png,5.0,,,0 days 00:01:29.411000,0 days 00:01:28.957000,0 days 00:01:28.931000,,,,,27.0,31.7,44.7,1.5,False
2023,2,Saudi Arabian Grand Prix,Jeddah,Q,2023-03-19,18,STR,stroll,Aston Martin,aston_martin,Lance,Stroll,https://www.formula1.com/content/dam/fom-website/drivers/L/LANSTR01_Lance_Stroll/lanstr01.png.transform/1col/image.png,6.0,,,0 days 00:01:29.335000,0 days 00:01:28.962000,0 days 00:01:28.945000,,,,,27.0,31.7,44.7,1.5,False
2023,2,Saudi Arabian Grand Prix,Jeddah,Q,2023-03-19,31,OCO,ocon,Alpine,alpine,Esteban,Ocon,https://www.formula1.com/content/dam/fom-website/drivers/E/ESTOCO01_Esteban_Ocon/estoco01.png.transform/1col/image.png,7.0,,,0 days 00:01:29.707000,0 days 00:01:29.255000,0 days 00:01:29.078000,,,,,27.0,31.7,44.7,1.5,False
2023,2,Saudi Arabian Grand Prix,Jeddah,Q,2023-03-19,44,HAM,hamilton,Mercedes,mercedes,Lewis,Hamilton,https://www.formula1.com/content/dam/fom-website/drivers/L/LEWHAM01_Lewis_Hamilton/lewham01.png.transform/1col/image.png,8.0,,,0 days 00:01:29.689000,0 days 00:01:29.374000,0 days 00:01:29.223000,,,,,27.0,31.7,44.7,1.5,False
2023,2,Saudi Arabian Grand Prix,Jeddah,Q,2023-03-19,81,PIA,piastri,McLaren,mclaren,Oscar,Piastri,https://www.formula1.com/content/dam/fom-website/drivers/O/OSCPIA01_Oscar_Piastri/oscpia01.png.transform/1col/image.png,9.0,,,0 days 00:01:29.706000,0 days 00:01:29.378000,0 days 00:01:29.243000,,,,,27.0,31.7,44.7,1.5,False
2023,2,Saudi Arabian Grand Prix,Jeddah,Q,2023-03-19,10,GAS,gasly,Alpine,alpine,Pierre,Gasly,https://www.formula1.com/content/dam/fom-website/drivers/P/PIEGAS01_Pierre_Gasly/piegas01.png.transform/1col/image.png,10.0,,,0 days 00:01:29.890000,0 days 00:01:29.411000,0 days 00:01:29.357000,,,,,27.0,31.7,44.7,1.5,False
2023,2,Saudi Arabian Grand Prix,Jeddah,Q,2023-03-19,27,HUL,hulkenberg,Haas F1 Team,haas,Nico,Hulkenberg,https://www.formula1.com/content/dam/fom-website/drivers/N/NICHUL01_Nico_Hulkenberg/nichul01.png.transform/1col/image.png,11.0,,,0 days 00:01:29.547000,0 days 00:01:29.451000,,,,,,27.0,31.7,44.7,1.5,False
2023,2,Saudi Arabian Grand Prix,Jeddah,Q,2023-03-19,24,ZHO,zhou,Alfa Romeo,alfa,Guanyu,Zhou,https://www.formula1.com/content/dam/fom-website/drivers/G/GUAZHO01_Guanyu_Zhou/guazho01.png.transform/1col/image.png,12.0,,,0 days 00:01:29.654000,0 days 00:01:29.461000,,,,,,27.0,31.7,44.7,1.5,False
2023,2,Saudi Arabian Grand Prix,Jeddah,Q,2023-03-19,20,MAG,kevin_magnussen,Haas F1 Team,haas,Kevin,Magnussen,https://www.formula1.com/content/dam/fom-website/drivers/K/KEVMAG01_Kevin_Magnussen/kevmag01.png.transform/1col/image.png,13.0,,,0 days 00:01:29.744000,0 days 00:01:29.634000,,,,,,27.0,31.7,44.7,1.5,False
2023,2,Saudi Arabian Grand Prix,Jeddah,Q,2023-03-19,77,BOT,bottas,Alfa Romeo,alfa,Valtteri,Bottas,https://www.formula1.com/content/dam/fom-website/drivers/V/VALBOT01_Valtteri_Bottas/valbot01.png.transform/1col/image.png,14.0,,,0 days 00:01:29.929000,0 days 00:01:29.668000,,,,,,27.0,31.7,44.7,1.5,False
2023,2,Saudi Arabian Grand Prix,Jeddah,Q,2023-03-19,1,VER,max_verstappen,Red Bull Racing,red_bull,Max,Verstappen,https://www.formula1.com/content/dam/fom-website/drivers/M/MAXVER01_Max_Verstappen/maxver01.png.transform/1col/image.png,15.0,,,0 days 00:01:28.761000,0 days 00:01:49.953000,,,,,,27.0,31.7,44.7,1.5,False
2023,2,Saudi Arabian Grand Prix,Jeddah,Q,2023-03-19,22,TSU,tsunoda,AlphaTauri,alphatauri,Yuki,Tsunoda,https://www.formula1.com/content/dam/fom-website/drivers/Y/YUKTSU01_Yuki_Tsunoda/yuktsu01.png.transform/1col/image.png,16.0,,,0 days 00:01:29.939000,,,,,,,27.0,31.7,44.7,1.5,False
2023,2,Saudi Arabian Grand Prix,Jeddah,Q,2023-03-19,23,ALB,albon,Williams,williams,Alexander,Albon,https://www.formula1.com/content/dam/fom-website/drivers/A/ALEALB01_Alexander_Albon/alealb01.png.transform/1col/image.png,17.0,,,0 days 00:01:29.994000,,,,,,,27.0,31.7,44.7,1.5,False
2023,2,Saudi Arabian Grand Prix,Jeddah,Q,2023-03-19,21,DEV,de_vries,AlphaTauri,alphatauri,Nyck,De Vries,https://www.formula1.com/content/dam/fom-website/drivers/N/NYCDEV01_Nyck_De%20Vries/nycdev01.png.transform/1col/image.png,18.0,,,0 days 00:01:30.244000,,,,,,,27.0,31.7,44.7,1.5,False
2023,2,Saudi Arabian Grand Prix,Jeddah,Q,2023-03-19,4,NOR,norris,McLaren,mclaren,Lando,Norris,https://www.formula1.com/content/dam/fom-website/drivers/L/LANNOR01_Lando_Norris/lannor01.png.transform/1col/image.png,19.0,,,0 days 00:01:30.447000,,,,,,,27.0,31.7,44.7,1.5,False
2023,2,Saudi Arabian Grand Prix,Jeddah,Q,2023-03-19,2,SAR,sargeant,Williams,williams,Logan,Sargeant,https://www.formula1.com/content/dam/fom-website/drivers/L/LOGSAR01_Logan_Sargeant/logsar01.png.transform/1col/image.png,20.0,,,0 days 00:02:08.510000,,,,,,,27.0,31.7,44.7,1.5,False
2023,3,Australian Grand Prix,Melbourne,Q,2023-04-02,1,VER,max_verstappen,Red Bull Racing,red_bull,Max,Verstappen,https://www.formula1.com/content/dam/fom-website/drivers/M/MAXVER01_Max_Verstappen/maxver01.png.transform/1col/image.png,1.0,,,0 days 00:01:17.384000,0 days 00:01:17.056000,0 days 00:01:16.732000,,,,,15.2,22.7,53.4,1.3,True
2023,3,Australian Grand Prix,Melbourne,Q,2023-04-02,63,RUS,russell,Mercedes,mercedes,George,Russell,https://www.formula1.com/content/dam/fom-website/drivers/G/GEORUS01_George_Russell/georus01.png.transform/1col/image.png,2.0,,,0 days 00:01:17.654000,0 days 00:01:17.513000,0 days 00:01:16.968000,,,,,15.2,22.7,53.4,1.3,True
2023,3,Australian Grand Prix,Melbourne,Q,2023-04-02,44,HAM,hamilton,Mercedes,mercedes,Lewis,Hamilton,https://www.formula1.com/content/dam/fom-website/drivers/L/LEWHAM01_Lewis_Hamilton/lewham01.png.transform/1col/image.png,3.0,,,0 days 00:01:17.689000,0 days 00:01:17.551000,0 days 00:01:17.104000,,,,,15.2,22.7,53.4,1.3,True
2023,3,Australian Grand Prix,Melbourne,Q,2023-04-02,14,ALO,alonso,Aston Martin,aston_martin,Fernando,Alonso,https://www.formula1.com/content/dam/fom-website/drivers/F/FERALO01_Fernando_Alonso/feralo01.png.transform/1col/image.png,4.0,,,0 days 00:01:17.832000,0 days 00:01:17.283000,0 days 00:01:17.139000,,,,,15.2,22.7,53.4,1.3,True
2023,3,Australian Grand Prix,Melbourne,Q,2023-04-02,55,SAI,sainz,Ferrari,ferrari,Carlos,Sainz,https://www.formula1.com/content/dam/fom-website/drivers/C/CARSAI01_Carlos_Sainz/carsai01.png.transform/1col/image.png,5.0,,,0 days 00:01:17.928000,0 days 00:01:17.349000,0 days 00:01:17.270000,,,,,15.2,22.7,53.4,1.3,True
2023,3,Australian Grand Prix,Melbourne,Q,2023-04-02,18,STR,stroll,Aston Martin,aston_martin,Lance,Stroll,https://www.formula1.com/content/dam/fom-website/drivers/L/LANSTR01_Lance_Stroll/lanstr01.png.transform/1col/image.png,6.0,,,0 days 00:01:17.873000,0 days 00:01:17.616000,0 days 00:01:17.308000,,,,,15.2,22.7,53.4,1.3,True
2023,3,Australian Grand Prix,Melbourne,Q,2023-04-02,16,LEC,leclerc,Ferrari,ferrari,Charles,Leclerc,https://www.formula1.com/content/dam/fom-website/drivers/C/CHALEC01_Charles_Leclerc/chalec01.png.transform/1col/image.png,7.0,,,0 days 00:01:18.218000,0 days 00:01:17.390000,0 days 00:01:17.369000,,,,,15.2,22.7,53.4,1.3,True
2023,3,Australian Grand Prix,Melbourne,Q,2023-04-02,23,ALB,albon,Williams,williams,Alexander,Albon,https://www.formula1.com/content/dam/fom-website/drivers/A/ALEALB01_Alexander_Albon/alealb01.png.transform/1col/image.png,8.0,,,0 days 00:01:17.962000,0 days 00:01:17.761000,0 days 00:01:17.609000,,,,,15.2,22.7,53.4,1.3,True
2023,3,Australian Grand Prix,Melbourne,Q,2023-04-02,10,GAS,gasly,Alpine,alpine,Pierre,Gasly,https://www.formula1.com/content/dam/fom-website/drivers/P/PIEGAS01_Pierre_Gasly/piegas01.png.transform/1col/image.png,9.0,,,0 days 00:01:18.312000,0 days 00:01:17.574000,0 days 00:01:17.675000,,,,,15.2,22.7,53.4,1.3,True
2023,3,Australian Grand Prix,Melbourne,Q,2023-04-02,27,HUL,hulkenberg,Haas F1 Team,haas,Nico,Hulkenberg,https://www.formula1.com/content/dam/fom-website/drivers/N/NICHUL01_Nico_Hulkenberg/nichul01.png.transform/1col/image.png,10.0,,,0 days 00:01:18.029000,0 days 00:01:17.412000,0 days 00:01:17.735000,,,,,15.2,22.7,53.4,1.3,True
2023,3,Australian Grand Prix,Melbourne,Q,2023-04-02,31,OCO,ocon,Alpine,alpine,Esteban,Ocon,https://www.formula1.com/content/dam/fom-website/drivers/E/ESTOCO01_Esteban_Ocon/estoco01.png.transform/1col/image.png,11.0,,,0 days 00:01:17.770000,0 days 00:01:17.768000,,,,,,15.2,22.7,53.4,1.3,True
2023,3,Australian Grand Prix,Melbourne,Q,2023-04-02,22,TSU,tsunoda,AlphaTauri,alphatauri,Yuki,Tsunoda,https://www.formula1.com/content/dam/fom-website/drivers/Y/YUKTSU01_Yuki_Tsunoda/yuktsu01.png.transform/1col/image.png,12.0,,,0 days 00:01:18.471000,0 days 00:01:18.099000,,,,,,15.2,22.7,53.4,1.3,True
2023,3,Australian Grand Prix,Melbourne,Q,2023-04-02,4,NOR,norris,McLaren,mclaren,Lando,Norris,https://www.formula1.com/content/dam/fom-website/drivers/L/LANNOR01_Lando_Norris/lannor01.png.transform/1col/image.png,13.0,,,0 days 00:01:18.243000,0 days 00:01:18.119000,,,,,,15.2,22.7,53.4,1.3,True
2023,3,Australian Grand Prix,Melbourne,Q,2023-04-02,20,MAG,kevin_magnussen,Haas F1 Team,haas,Kevin,Magnussen,https://www.formula1.com/content/dam/fom-website/drivers/K/KEVMAG01_Kevin_Magnussen/kevmag01.png.transform/1col/image.png,14.0,,,0 days 00:01:18.159000,0 days 00:01:18.129000,,,,,,15.2,22.7,53.4,1.3,True
2023,3,Australian Grand Prix,Melbourne,Q,2023-04-02,21,DEV,de_vries,AlphaTauri,alphatauri,Nyck,De Vries,https://www.formula1.com/content/dam/fom-website/drivers/N/NYCDEV01_Nyck_De%20Vries/nycdev01.png.transform/1col/image.png,15.0,,,0 days 00:01:18.450000,0 days 00:01:18.335000,,,,,,15.2,22.7,53.4,1.3,True
2023,3,Australian Grand Prix,Melbourne,Q,2023-04-02,81,PIA,piastri,McLaren,mclaren,Oscar,Piastri,https://www.formula1.com/content/dam/fom-website/drivers/O/OSCPIA01_Oscar_Piastri/oscpia01.png.transform/1col/image.png,16.0,,,0 days 00:01:18.517000,,,,,,,15.2,22.7,53.4,1.3,True
2023,3,Australian Grand Prix,Melbourne,Q,2023-04-02,24,ZHO,zhou,Alfa Romeo,alfa,Guanyu,Zhou,https://www.formula1.com/content/dam/fom-website/drivers/G/GUAZHO01_Guanyu_Zhou/guazho01.png.transform/1col/image.png,17.0,,,0 days 00:01:18.540000,,,,,,,15.2,22.7,53.4,1.3,True
2023,3,Australian Grand Prix,Melbourne,Q,2023-04-02,2,SAR,sargeant,Williams,williams,Logan,Sargeant,https://www.formula1.com/content/dam/fom-website/drivers/L/LOGSAR01_Logan_Sargeant/logsar01.png.transform/1col/image.png,18.0,,,0 days 00:01:18.557000,,,,,,,15.2,22.7,53.4,1.3,True
2023,3,Australian Grand Prix,Melbourne,Q,2023-04-02,77,BOT,bottas,Alfa Romeo,alfa,Valtteri,Bottas,https://www.formula1.com/content/dam/fom-website/drivers/V/VALBOT01_Valtteri_Bottas/valbot01.png.transform/1col/image.png,19.0,,,0 days 00:01:18.714000,,,,,,,15.2,22.7,53.4,1.3,True
2023,3,Australian Grand Prix,Melbourne,Q,2023-04-02,11,PER,perez,Red Bull Racing,red_bull,Sergio,Perez,https://www.formula1.com/content/dam/fom-website/drivers/S/SERPER01_Sergio_Perez/serper01.png.transform/1col/image.png,20.0,,,,,,,,,,15.2,22.7,53.4,1.3,True
2023,4,Azerbaijan Grand Prix,Baku,Q,2023-04-30,16,LEC,leclerc,Ferrari,ferrari,Charles,Leclerc,https://www.formula1.com/content/dam/fom-website/drivers/C/CHALEC01_Charles_Leclerc/chalec01.png.transform/1col/image.png,1.0,,,0 days 00:01:41.269000,0 days 00:01:41.037000,0 days 00:01:40.203000,,,,,19.5,33.1,80.6,0.8,False
2023,4,Azerbaijan Grand Prix,Baku,Q,2023-04-30,1,VER,max_verstappen,Red Bull Racing,red_bull,Max,Verstappen,https://www.formula1.com/content/dam/fom-website/drivers/M/MAXVER01_Max_Verstappen/maxver01.png.transform/1col/image.png,2.0,,,0 days 00:01:41.398000,0 days 00:01:40.822000,0 days 00:01:40.391000,,,,,19.5,33.1,80.6,0.8,False
2023,4,Azerbaijan Grand Prix,Baku,Q,2023-04-30,11,PER,perez,Red Bull Racing,red_bull,Sergio,Perez,https://www.formula1.com/content/dam/fom-website/drivers/S/SERPER01_Sergio_Perez/serper01.png.transform/1col/image.png,3.0,,,0 days 00:01:41.756000,0 days 00:01:41.131000,0 days 00:01:40.495000,,,,,19.5,33.1,80.6,0.8,False
2023,4,Azerbaijan Grand Prix,Baku,Q,2023-04-30,55,SAI,sainz,Ferrari,ferrari,Carlos,Sainz,https://www.formula1.com/content/dam/fom-website/drivers/C/CARSAI01_Carlos_Sainz/carsai01.png.transform/1col/image.png,4.0,,,0 days 00:01:42.197000,0 days 00:01:41.369000,0 days 00:01:41.016000,,,,,19.5,33.1,80.6,0.8,False
2023,4,Azerbaijan Grand Prix,Baku,Q,2023-04-30,44,HAM,hamilton,Mercedes,mercedes,Lewis,Hamilton,https://www.formula1.com/content/dam/fom-website/drivers/L/LEWHAM01_Lewis_Hamilton/lewham01.png.transform/1col/image.png,5.0,,,0 days 00:01:42.113000,0 days 00:01:41.650000,0 days 00:01:41.177000,,,,,19.5,33.1,80.6,0.8,False
2023,4,Azerbaijan Grand Prix,Baku,Q,2023-04-30,14,ALO,alonso,Aston Martin,aston_martin,Fernando,Alonso,https://www.formula1.com/content/dam/fom-website/drivers/F/FERALO01_Fernando_Alonso/feralo01.png.transform/1col/image.png,6.0,,,0 days 00:01:41.720000,0 days 00:01:41.370000,0 days 00:01:41.253000,,,,,19.5,33.1,80.6,0.8,False
2023,4,Azerbaijan Grand Prix,Baku,Q,2023-04-30,4,NOR,norris,McLaren,mclaren,Lando,Norris,https://www.formula1.com/content/dam/fom-website/drivers/L/LANNOR01_Lando_Norris/lannor01.png.transform/1col/image.png,7.0,,,0 days 00:01:42.154000,0 days 00:01:41.485000,0 days 00:01:41.281000,,,,,19.5,33.1,80.6,0.8,False
2023,4,Azerbaijan Grand Prix,Baku,Q,2023-04-30,22,TSU,tsunoda,AlphaTauri,alphatauri,Yuki,Tsunoda,https://www.formula1.com/content/dam/fom-website/drivers/Y/YUKTSU01_Yuki_Tsunoda/yuktsu01.png.transform/1col/image.png,8.0,,,0 days 00:01:42.234000,0 days 00:01:41.569000,0 days 00:01:41.581000,,,,,19.5,33.1,80.6,0.8,False
2023,4,Azerbaijan Grand Prix,Baku,Q,2023-04-30,18,STR,stroll,Aston Martin,aston_martin,Lance,Stroll,https://www.formula1.com/content/dam/fom-website/drivers/L/LANSTR01_Lance_Stroll/lanstr01.png.transform/1col/image.png,9.0,,,0 days 00:01:42.524000,0 days 00:01:41.576000,0 days 00:01:41.611000,,,,,19.5,33.1,80.6,0.8,False
2023,4,Azerbaijan Grand Prix,Baku,Q,2023-04-30,81,PIA,piastri,McLaren,mclaren,Oscar,Piastri,https://www.formula1.com/content/dam/fom-website/drivers/O/OSCPIA01_Oscar_Piastri/oscpia01.png.transform/1col/image.png,10.0,,,0 days 00:01:42.455000,0 days 00:01:41.636000,0 days 00:01:41.611000,,,,,19.5,33.1,80.6,0.8,False
2023,4,Azerbaijan Grand Prix,Baku,Q,2023-04-30,63,RUS,russell,Mercedes,mercedes,George,Russell,https://www.formula1.com/content/dam/fom-website/drivers/G/GEORUS01_George_Russell/georus01.png.transform/1col/image.png,11.0,,,0 days 00:01:42.073000,0 days 00:01:41.654000,,,,,,19.5,33.1,80.6,0.8,False
2023,4,Azerbaijan Grand Prix,Baku,Q,2023-04-30,31,OCO,ocon,Alpine,alpine,Esteban,Ocon,https://www.formula1.com/content/dam/fom-website/drivers/E/ESTOCO01_Esteban_Ocon/estoco01.png.transform/1col/image.png,12.0,,,0 days 00:01:42.622000,0 days 00:01:41.798000,,,,,,19.5,33.1,80.6,0.8,False
2023,4,Azerbaijan Grand Prix,Baku,Q,2023-04-30,23,ALB,albon,Williams,williams,Alexander,Albon,https://www.formula1.com/content/dam/fom-website/drivers/A/ALEALB01_Alexander_Albon/alealb01.png.transform/1col/image.png,13.0,,,0 days 00:01:42.171000,0 days 00:01:41.818000,,,,,,19.5,33.1,80.6,0.8,False
2023,4,Azerbaijan Grand Prix,Baku,Q,2023-04-30,77,BOT,bottas,Alfa Romeo,alfa,Valtteri,Bottas,https://www.formula1.com/content/dam/fom-website/drivers/V/VALBOT01_Valtteri_Bottas/valbot01.png.transform/1col/image.png,14.0,,,0 days 00:01:42.582000,0 days 00:01:42.259000,,,,,,19.5,33.1,80.6,0.8,False
2023,4,Azerbaijan Grand Prix,Baku,Q,2023-04-30,2,SAR,sargeant,Williams,williams,Logan,Sargeant,https://www.formula1.com/content/dam/fom-website/drivers/L/LOGSAR01_Logan_Sargeant/logsar01.png.transform/1col/image.png,15.0,,,0 days 00:01:42.242000,0 days 00:01:42.395000,,,,,,19.5,33.1,80.6,0.8,False
2023,4,Azerbaijan Grand Prix,Baku,Q,2023-04-30,24,ZHO,zhou,Alfa Romeo,alfa,Guanyu,Zhou,https://www.formula1.com/content/dam/fom-website/drivers/G/GUAZHO01_Guanyu_Zhou/guazho01.png.transform/1col/image.png,16.0,,,0 days 00:01:42.642000,,,,,,,19.5,33.1,80.6,0.8,False
2023,4,Azerbaijan Grand Prix,Baku,Q,2023-04-30,27,HUL,hulkenberg,Haas F1 Team,haas,Nico,Hulkenberg,https://www.formula1.com/content/dam/fom-website/drivers/N/NICHUL01_Nico_Hulkenberg/nichul01.png.transform/1col/image.png,17.0,,,0 days 00:01:42.755000,,,,,,,19.5,33.1,80.6,0.8,False
2023,4,Azerbaijan Grand Prix,Baku,Q,2023-04-30,20,MAG,kevin_magnussen,Haas F1 Team,haas,Kevin,Magnussen,https://www.formula1.com/content/dam/fom-website/drivers/K/KEVMAG01_Kevin_Magnussen/kevmag01.png.transform/1col/image.png,18.0,,,0 days 00:01:43.417000,,,,,,,19.5,33.1,80.6,0.8,False
2023,4,Azerbaijan Grand Prix,Baku,Q,2023-04-30,10,GAS,gasly,Alpine,alpine,Pierre,Gasly,https://www.formula1.com/content/dam/fom-website/drivers/P/PIEGAS01_Pierre_Gasly/piegas01.png.transform/1col/image.png,19.0,,,0 days 00:01:44.853000,,,,,,,19.5,33.1,80.6,0.8,False
2023,4,Azerbaijan Grand Prix,Baku,Q,2023-04-30,21,DEV,de_vries,AlphaTauri,alphatauri,Nyck,De Vries,https://www.formula1.com/content/dam/fom-website/drivers/N/NYCDEV01_Nyck_De%20Vries/nycdev01.png.transform/1col/image.png,20.0,,,0 days 00:01:55.282000,,,,,,,19.5,33.1,80.6,0.8,False
2023,5,Miami Grand Prix,Miami,Q,2023-05-07,11,PER,perez,Red Bull Racing,red_bull,Sergio,Perez,https://www.formula1.com/content/dam/fom-website/drivers/S/SERPER01_Sergio_Perez/serper01.png.transform/1col/image.png,1.0,,,0 days 00:01:27.713000,0 days 00:01:27.328000,0 days 00:01:26.841000,,,,,28.6,43.3,59.2,3.4,False
2023,5,Miami Grand Prix,Miami,Q,2023-05-07,14,ALO,alonso,Aston Martin,aston_martin,Fernando,Alonso,https://www.formula1.com/content/dam/fom-website/drivers/F/FERALO01_Fernando_Alonso/feralo01.png.transform/1col/image.png,2.0,,,0 days 00:01:28.179000,0 days 00:01:27.097000,0 days 00:01:27.202000,,,,,28.6,43.3,59.2,3.4,False
2023,5,Miami Grand Prix,Miami,Q,2023-05-07,55,SAI,sainz,Ferrari,ferrari,Carlos,Sainz,https://www.formula1.com/content/dam/fom-website/drivers/C/CARSAI01_Carlos_Sainz/carsai01.png.transform/1col/image.png,3.0,,,0 days 00:01:27.686000,0 days 00:01:27.148000,0 days 00:01:27.349000,,,,,28.6,43.3,59.2,3.4,False
2023,5,Miami Grand Prix,Miami,Q,2023-05-07,20,MAG,kevin_magnussen,Haas F1 Team,haas,Kevin,Magnussen,https://www.formula1.com/content/dam/fom-website/drivers/K/KEVMAG01_Kevin_Magnussen/kevmag01.png.transform/1col/image.png,4.0,,,0 days 00:01:27.809000,0 days 00:01:27.673000,0 days 00:01:27.767000,,,,,28.6,43.3,59.2,3.4,False
2023,5,Miami Grand Prix,Miami,Q,2023-05-07,10,GAS,gasly,Alpine,alpine,Pierre,Gasly,https://www.formula1.com/content/dam/fom-website/drivers/P/PIEGAS01_Pierre_Gasly/piegas01.png.transform/1col/image.png,5.0,,,0 days 00:01:28.061000,0 days 00:01:27.612000,0 days 00:01:27.786000,,,,,28.6,43.3,59.2,3.4,False
2023,5,Miami Grand Prix,Miami,Q,2023-05-07,63,RUS,russell,Mercedes,mercedes,George,Russell,https://www.formula1.com/content/dam/fom-website/drivers/G/GEORUS01_George_Russell/georus01.png.transform/1col/image.png,6.0,,,0 days 00:01:28.086000,0 days 00:01:27.743000,0 days 00:01:27.804000,,,,,28.6,43.3,59.2,3.4,False
2023,5,Miami Grand Prix,Miami,Q,2023-05-07,16,LEC,leclerc,Ferrari,ferrari,Charles,Leclerc,https://www.formula1.com/content/dam/fom-website/drivers/C/CHALEC01_Charles_Leclerc/chalec01.png.transform/1col/image.png,7.0,,,0 days 00:01:27.713000,0 days 00:01:26.964000,0 days 00:01:27.861000,,,,,28.6,43.3,59.2,3.4,False
2023,5,Miami Grand Prix,Miami,Q,2023-05-07,31,OCO,ocon,Alpine,alpine,Esteban,Ocon,https://www.formula1.com/content/dam/fom-website/drivers/E/ESTOCO01_Esteban_Ocon/estoco01.png.transform/1col/image.png,8.0,,,0 days 00:01:27.872000,0 days 00:01:27.444000,0 days 00:01:27.935000,,,,,28.6,43.3,59.2,3.4,False
2023,5,Miami Grand Prix,Miami,Q,2023-05-07,1,VER,max_verstappen,Red Bull Racing,red_bull,Max,Verstappen,https://www.formula1.com/content/dam/fom-website/drivers/M/MAXVER01_Max_Verstappen/maxver01.png.transform/1col/image.png,9.0,,,0 days 00:01:27.363000,0 days 00:01:26.814000,,,,,,28.6,43.3,59.2,3.4,False
2023,5,Miami Grand Prix,Miami,Q,2023-05-07,77,BOT,bottas,Alfa Romeo,alfa,Valtteri,Bottas,https://www.formula1.com/content/dam/fom-website/drivers/V/VALBOT01_Valtteri_Bottas/valbot01.png.transform/1col/image.png,10.0,,,0 days 00:01:27.864000,0 days 00:01:27.564000,,,,,,28.6,43.3,59.2,3.4,False
2023,5,Miami Grand Prix,Miami,Q,2023-05-07,23,ALB,albon,Williams,williams,Alexander,Albon,https://www.formula1.com/content/dam/fom-website/drivers/A/ALEALB01_Alexander_Albon/alealb01.png.transform/1col/image.png,11.0,,,0 days 00:01:28.234000,0 days 00:01:27.795000,,,,,,28.6,43.3,59.2,3.4,False
2023,5,Miami Grand Prix,Miami,Q,2023-05-07,27,HUL,hulkenberg,Haas F1 Team,haas,Nico,Hulkenberg,https://www.formula1.com/content/dam/fom-website/drivers/N/NICHUL01_Nico_Hulkenberg/nichul01.png.transform/1col/image.png,12.0,,,0 days 00:01:27.945000,0 days 00:01:27.903000,,,,,,28.6,43.3,59.2,3.4,False
2023,5,Miami Grand Prix,Miami,Q,2023-05-07,44,HAM,hamilton,Mercedes,mercedes,Lewis,Hamilton,https://www.formula1.com/content/dam/fom-website/drivers/L/LEWHAM01_Lewis_Hamilton/lewham01.png.transform/1col/image.png,13.0,,,0 days 00:01:27.846000,0 days 00:01:27.975000,,,,,,28.6,43.3,59.2,3.4,False
2023,5,Miami Grand Prix,Miami,Q,2023-05-07,24,ZHO,zhou,Alfa Romeo,alfa,Guanyu,Zhou,https://www.formula1.com/content/dam/fom-website/drivers/G/GUAZHO01_Guanyu_Zhou/guazho01.png.transform/1col/image.png,14.0,,,0 days 00:01:28.180000,0 days 00:01:28.091000,,,,,,28.6,43.3,59.2,3.4,False
2023,5,Miami Grand Prix,Miami,Q,2023-05-07,21,DEV,de_vries,AlphaTauri,alphatauri,Nyck,De Vries,https://www.formula1.com/content/dam/fom-website/drivers/N/NYCDEV01_Nyck_De%20Vries/nycdev01.png.transform/1col/image.png,15.0,,,0 days 00:01:28.325000,0 days 00:01:28.395000,,,,,,28.6,43.3,59.2,3.4,False
2023,5,Miami Grand Prix,Miami,Q,2023-05-07,4,NOR,norris,McLaren,mclaren,Lando,Norris,https://www.formula1.com/content/dam/fom-website/drivers/L/LANNOR01_Lando_Norris/lannor01.png.transform/1col/image.png,16.0,,,0 days 00:01:28.394000,,,,,,,28.6,43.3,59.2,3.4,False
2023,5,Miami Grand Prix,Miami,Q,2023-05-07,22,TSU,tsunoda,AlphaTauri,alphatauri,Yuki,Tsunoda,https://www.formula1.com/content/dam/fom-website/drivers/Y/YUKTSU01_Yuki_Tsunoda/yuktsu01.png.transform/1col/image.png,17.0,,,0 days 00:01:28.429000,,,,,,,28.6,43.3,59.2,3.4,False
2023,5,Miami Grand Prix,Miami,Q,2023-05-07,18,STR,stroll,Aston Martin,aston_martin,Lance,Stroll,https://www.formula1.com/content/dam/fom-website/drivers/L/LANSTR01_Lance_Stroll/lanstr01.png.transform/1col/image.png,18.0,,,0 days 00:01:28.476000,,,,,,,28.6,43.3,59.2,3.4,False
2023,5,Miami Grand Prix,Miami,Q,2023-05-07,81,PIA,piastri,McLaren,mclaren,Oscar,Piastri,https://www.formula1.com/content/dam/fom-website/drivers/O/OSCPIA01_Oscar_Piastri/oscpia01.png.transform/1col/image.png,19.0,,,0 days 00:01:28.484000,,,,,,,28.6,43.3,59.2,3.4,False
2023,5,Miami Grand Prix,Miami,Q,2023-05-07,2,SAR,sargeant,Williams,williams,Logan,Sargeant,https://www.formula1.com/content/dam/fom-website/drivers/L/LOGSAR01_Logan_Sargeant/logsar01.png.transform/1col/image.png,20.0,,,0 days 00:01:28.577000,,,,,,,28.6,43.3,59.2,3.4,False
2023,6,Monaco Grand Prix,Monaco,Q,2023-05-28,1,VER,max_verstappen,Red Bull Racing,red_bull,Max,Verstappen,https://www.formula1.com/content/dam/fom-website/drivers/M/MAXVER01_Max_Verstappen/maxver01.png.transform/1col/image.png,1.0,,,0 days 00:01:12.386000,0 days 00:01:11.908000,0 days 00:01:11.365000,,,,,25.6,46.5,34.7,0.8,False
2023,6,Monaco Grand Prix,Monaco,Q,2023-05-28,14,ALO,alonso,Aston Martin,aston_martin,Fernando,Alonso,https://www.formula1.com/content/dam/fom-website/drivers/F/FERALO01_Fernando_Alonso/feralo01.png.transform/1col/image.png,2.0,,,0 days 00:01:12.886000,0 days 00:01:12.107000,0 days 00:01:11.449000,,,,,25.6,46.5,34.7,0.8,False
2023,6,Monaco Grand Prix,Monaco,Q,2023-05-28,16,LEC,leclerc,Ferrari,ferrari,Charles,Leclerc,https://www.formula1.com/content/dam/fom-website/drivers/C/CHALEC01_Charles_Leclerc/chalec01.png.transform/1col/image.png,3.0,,,0 days 00:01:12.912000,0 days 00:01:12.103000,0 days 00:01:11.471000,,,,,25.6,46.5,34.7,0.8,False
2023,6,Monaco Grand Prix,Monaco,Q,2023-05-28,31,OCO,ocon,Alpine,alpine,Esteban,Ocon,https://www.formula1.com/content/dam/fom-website/drivers/E/ESTOCO01_Esteban_Ocon/estoco01.png.transform/1col/image.png,4.0,,,0 days 00:01:12.967000,0 days 00:01:12.248000,0 days 00:01:11.553000,,,,,25.6,46.5,34.7,0.8,False
2023,6,Monaco Grand Prix,Monaco,Q,2023-05-28,55,SAI,sainz,Ferrari,ferrari,Carlos,Sainz,https://www.formula1.com/content/dam/fom-website/drivers/C/CARSAI01_Carlos_Sainz/carsai01.png.transform/1col/image.png,5.0,,,0 days 00:01:12.717000,0 days 00:01:12.210000,0 days 00:01:11.630000,,,,,25.6,46.5,34.7,0.8,False
2023,6,Monaco Grand Prix,Monaco,Q,2023-05-28,44,HAM,hamilton,Mercedes,mercedes,Lewis,Hamilton,https://www.formula1.com/content/dam/fom-website/drivers/L/LEWHAM01_Lewis_Hamilton/lewham01.png.transform/1col/image.png,6.0,,,0 days 00:01:12.872000,0 days 00:01:12.156000,0 days 00:01:11.725000,,,,,25.6,46.5,34.7,0.8,False
2023,6,Monaco Grand Prix,Monaco,Q,2023-05-28,10,GAS,gasly,Alpine,alpine,Pierre,Gasly,https://www.formula1.com/content/dam/fom-website/drivers/P/PIEGAS01_Pierre_Gasly/piegas01.png.transform/1col/image.png,7.0,,,0 days 00:01:13.033000,0 days 00:01:12.169000,0 days 00:01:11.933000,,,,,25.6,46.5,34.7,0.8,False
2023,6,Monaco Grand Prix,Monaco,Q,2023-05-28,63,RUS,russell,Mercedes,mercedes,George,Russell,https://www.formula1.com/content/dam/fom-website/drivers/G/GEORUS01_George_Russell/georus01.png.transform/1col/image.png,8.0,,,0 days 00:01:12.769000,0 days 00:01:12.151000,0 days 00:01:11.964000,,,,,25.6,46.5,34.7,0.8,False
2023,6,Monaco Grand Prix,Monaco,Q,2023-05-28,22,TSU,tsunoda,AlphaTauri,alphatauri,Yuki,Tsunoda,https://www.formula1.com/content/dam/fom-website/drivers/Y/YUKTSU01_Yuki_Tsunoda/yuktsu01.png.transform/1col/image.png,9.0,,,0 days 00:01:12.642000,0 days 00:01:12.249000,0 days 00:01:12.082000,,,,,25.6,46.5,34.7,0.8,False
2023,6,Monaco Grand Prix,Monaco,Q,2023-05-28,4,NOR,norris,McLaren,mclaren,Lando,Norris,https://www.formula1.com/content/dam/fom-website/drivers/L/LANNOR01_Lando_Norris/lannor01.png.transform/1col/image.png,10.0,,,0 days 00:01:12.877000,0 days 00:01:12.377000,0 days 00:01:12.254000,,,,,25.6,46.5,34.7,0.8,False
2023,6,Monaco Grand Prix,Monaco,Q,2023-05-28,81,PIA,piastri,McLaren,mclaren,Oscar,Piastri,https://www.formula1.com/content/dam/fom-website/drivers/O/OSCPIA01_Oscar_Piastri/oscpia01.png.transform/1col/image.png,11.0,,,0 days 00:01:13.006000,0 days 00:01:12.395000,,,,,,25.6,46.5,34.7,0.8,False
2023,6,Monaco Grand Prix,Monaco,Q,2023-05-28,21,DEV,de_vries,AlphaTauri,alphatauri,Nyck,De Vries,https://www.formula1.com/content/dam/fom-website/drivers/N/NYCDEV01_Nyck_De%20Vries/nycdev01.png.transform/1col/image.png,12.0,,,0 days 00:01:13.054000,0 days 00:01:12.428000,,,,,,25.6,46.5,34.7,0.8,False
2023,6,Monaco Grand Prix,Monaco,Q,2023-05-28,23,ALB,albon,Williams,williams,Alexander,Albon,https://www.formula1.com/content/dam/fom-website/drivers/A/ALEALB01_Alexander_Albon/alealb01.png.transform/1col/image.png,13.0,,,0 days 00:01:12.706000,0 days 00:01:12.527000,,,,,,25.6,46.5,34.7,0.8,False
2023,6,Monaco Grand Prix,Monaco,Q,2023-05-28,18,STR,stroll,Aston Martin,aston_martin,Lance,Stroll,https://www.formula1.com/content/dam/fom-website/drivers/L/LANSTR01_Lance_Stroll/lanstr01.png.transform/1col/image.png,14.0,,,0 days 00:01:12.722000,0 days 00:01:12.623000,,,,,,25.6,46.5,34.7,0.8,False
2023,6,Monaco Grand Prix,Monaco,Q,2023-05-28,77,BOT,bottas,Alfa Romeo,alfa,Valtteri,Bottas,https://www.formula1.com/content/dam/fom-website/drivers/V/VALBOT01_Valtteri_Bottas/valbot01.png.transform/1col/image.png,15.0,,,0 days 00:01:13.038000,0 days 00:01:12.625000,,,,,,25.6,46.5,34.7,0.8,False
2023,6,Monaco Grand Prix,Monaco,Q,2023-05-28,2,SAR,sargeant,Williams,williams,Logan,Sargeant,https://www.formula1.com/content/dam/fom-website/drivers/L/LOGSAR01_Logan_Sargeant/logsar01.png.transform/1col/image.png,16.0,,,0 days 00:01:13.113000,,,,,,,25.6,46.5,34.7,0.8,False
2023,6,Monaco Grand Prix,Monaco,Q,2023-05-28,20,MAG,kevin_magnussen,Haas F1 Team,haas,Kevin,Magnussen,https://www.formula1.com/content/dam/fom-website/drivers/K/KEVMAG01_Kevin_Magnussen/kevmag01.png.transform/1col/image.png,17.0,,,0 days 00:01:13.270000,,,,,,,25.6,46.5,34.7,0.8,False
2023,6,Monaco Grand Prix,Monaco,Q,2023-05-28,27,HUL,hulkenberg,Haas F1 Team,haas,Nico,Hulkenberg,https://www.formula1.com/content/dam/fom-website/drivers/N/NICHUL01_Nico_Hulkenberg/nichul01.png.transform/1col/image.png,18.0,,,0 days 00:01:13.279000,,,,,,,25.6,46.5,34.7,0.8,False
2023,6,Monaco Grand Prix,Monaco,Q,2023-05-28,24,ZHO,zhou,Alfa Romeo,alfa,Guanyu,Zhou,https://www.formula1.com/content/dam/fom-website/drivers/G/GUAZHO01_Guanyu_Zhou/guazho01.png.transform/1col/image.png,19.0,,,0 days 00:01:13.523000,,,,,,,25.6,46.5,34.7,0.8,False
2023,6,Monaco Grand Prix,Monaco,Q,2023-05-28,11,PER,perez,Red Bull Racing,red_bull,Sergio,Perez,https://www.formula1.com/content/dam/fom-website/drivers/S/SERPER01_Sergio_Perez/serper01.png.transform/1col/image.png,20.0,,,0 days 00:01:13.850000,,,,,,,25.6,46.5,34.7,0.8,False
2023,7,Spanish Grand Prix,Barcelona,Q,2023-06-04,1,VER,max_verstappen,Red Bull Racing,red_bull,Max,Verstappen,https://www.formula1.com/content/dam/fom-website/drivers/M/MAXVER01_Max_Verstappen/maxver01.png.transform/1col/image.png,1.0,,,0 days 00:01:13.615000,0 days 00:01:12.760000,0 days 00:01:12.272000,,,,,20.9,24.9,71.9,1.8,True
2023,7,Spanish Grand Prix,Barcelona,Q,2023-06-04,55,SAI,sainz,Ferrari,ferrari,Carlos,Sainz,https://www.formula1.com/content/dam/fom-website/drivers/C/CARSAI01_Carlos_Sainz/carsai01.png.transform/1col/image.png,2.0,,,0 days 00:01:13.411000,0 days 00:01:12.790000,0 days 00:01:12.734000,,,,,20.9,24.9,71.9,1.8,True
2023,7,Spanish Grand Prix,Barcelona,Q,2023-06-04,4,NOR,norris,McLaren,mclaren,Lando,Norris,https://www.formula1.com/content/dam/fom-website/drivers/L/LANNOR01_Lando_Norris/lannor01.png.transform/1col/image.png,3.0,,,0 days 00:01:13.295000,0 days 00:01:12.776000,0 days 00:01:12.792000,,,,,20.9,24.9,71.9,1.8,True
2023,7,Spanish Grand Prix,Barcelona,Q,2023-06-04,10,GAS,gasly,Alpine,alpine,Pierre,Gasly,https://www.formula1.com/content/dam/fom-website/drivers/P/PIEGAS01_Pierre_Gasly/piegas01.png.transform/1col/image.png,4.0,,,0 days 00:01:13.471000,0 days 00:01:13.186000,0 days 00:01:12.816000,,,,,20.9,24.9,71.9,1.8,True
2023,7,Spanish Grand Prix,Barcelona,Q,2023-06-04,44,HAM,hamilton,Mercedes,mercedes,Lewis,Hamilton,https://www.formula1.com/content/dam/fom-website/drivers/L/LEWHAM01_Lewis_Hamilton/lewham01.png.transform/1col/image.png,5.0,,,0 days 00:01:12.937000,0 days 00:01:12.999000,0 days 00:01:12.818000,,,,,20.9,24.9,71.9,1.8,True
2023,7,Spanish Grand Prix,Barcelona,Q,2023-06-04,18,STR,stroll,Aston Martin,aston_martin,Lance,Stroll,https://www.formula1.com/content/dam/fom-website/drivers/L/LANSTR01_Lance_Stroll/lanstr01.png.transform/1col/image.png,6.0,,,0 days 00:01:13.766000,0 days 00:01:13.082000,0 days 00:01:12.994000,,,,,20.9,24.9,71.9,1.8,True
2023,7,Spanish Grand Prix,Barcelona,Q,2023-06-04,31,OCO,ocon,Alpine,alpine,Esteban,Ocon,https://www.formula1.com/content/dam/fom-website/drivers/E/ESTOCO01_Esteban_Ocon/estoco01.png.transform/1col/image.png,7.0,,,0 days 00:01:13.433000,0 days 00:01:13.001000,0 days 00:01:13.083000,,,,,20.9,24.9,71.9,1.8,True
2023,7,Spanish Grand Prix,Barcelona,Q,2023-06-04,27,HUL,hulkenberg,Haas F1 Team,haas,Nico,Hulkenberg,https://www.formula1.com/content/dam/fom-website/drivers/N/NICHUL01_Nico_Hulkenberg/nichul01.png.transform/1col/image.png,8.0,,,0 days 00:01:13.420000,0 days 00:01:13.283000,0 days 00:01:13.229000,,,,,20.9,24.9,71.9,1.8,True
2023,7,Spanish Grand Prix,Barcelona,Q,2023-06-04,14,ALO,alonso,Aston Martin,aston_martin,Fernando,Alonso,https://www.formula1.com/content/dam/fom-website/drivers/F/FERALO01_Fernando_Alonso/feralo01.png.transform/1col/image.png,9.0,,,0 days 00:01:13.747000,0 days 00:01:13.098000,0 days 00:01:13.507000,,,,,20.9,24.9,71.9,1.8,True
2023,7,Spanish Grand Prix,Barcelona,Q,2023-06-04,81,PIA,piastri,McLaren,mclaren,Oscar,Piastri,https://www.formula1.com/content/dam/fom-website/drivers/O/OSCPIA01_Oscar_Piastri/oscpia01.png.transform/1col/image.png,10.0,,,0 days 00:01:13.691000,0 days 00:01:13.059000,0 days 00:01:13.682000,,,,,20.9,24.9,71.9,1.8,True
2023,7,Spanish Grand Prix,Barcelona,Q,2023-06-04,11,PER,perez,Red Bull Racing,red_bull,Sergio,Perez,https://www.formula1.com/content/dam/fom-website/drivers/S/SERPER01_Sergio_Perez/serper01.png.transform/1col/image.png,11.0,,,0 days 00:01:13.874000,0 days 00:01:13.334000,,,,,,20.9,24.9,71.9,1.8,True
2023,7,Spanish Grand Prix,Barcelona,Q,2023-06-04,63,RUS,russell,Mercedes,mercedes,George,Russell,https://www.formula1.com/content/dam/fom-website/drivers/G/GEORUS01_George_Russell/georus01.png.transform/1col/image.png,12.0,,,0 days 00:01:13.326000,0 days 00:01:13.447000,,,,,,20.9,24.9,71.9,1.8,True
2023,7,Spanish Grand Prix,Barcelona,Q,2023-06-04,24,ZHO,zhou,Alfa Romeo,alfa,Guanyu,Zhou,https://www.formula1.com/content/dam/fom-website/drivers/G/GUAZHO01_Guanyu_Zhou/guazho01.png.transform/1col/image.png,13.0,,,0 days 00:01:13.677000,0 days 00:01:13.521000,,,,,,20.9,24.9,71.9,1.8,True
2023,7,Spanish Grand Prix,Barcelona,Q,2023-06-04,21,DEV,de_vries,AlphaTauri,alphatauri,Nyck,De Vries,https://www.formula1.com/content/dam/fom-website/drivers/N/NYCDEV01_Nyck_De%20Vries/nycdev01.png.transform/1col/image.png,14.0,,,0 days 00:01:13.581000,0 days 00:01:14.083000,,,,,,20.9,24.9,71.9,1.8,True
2023,7,Spanish Grand Prix,Barcelona,Q,2023-06-04,22,TSU,tsunoda,AlphaTauri,alphatauri,Yuki,Tsunoda,https://www.formula1.com/content/dam/fom-website/drivers/Y/YUKTSU01_Yuki_Tsunoda/yuktsu01.png.transform/1col/image.png,15.0,,,0 days 00:01:13.862000,0 days 00:01:14.477000,,,,,,20.9,24.9,71.9,1.8,True
2023,7,Spanish Grand Prix,Barcelona,Q,2023-06-04,77,BOT,bottas,Alfa Romeo,alfa,Valtteri,Bottas,https://www.formula1.com/content/dam/fom-website/drivers/V/VALBOT01_Valtteri_Bottas/valbot01.png.transform/1col/image.png,16.0,,,0 days 00:01:13.977000,,,,,,,20.9,24.9,71.9,1.8,True
2023,7,Spanish Grand Prix,Barcelona,Q,2023-06-04,20,MAG,kevin_magnussen,Haas F1 Team,haas,Kevin,Magnussen,https://www.formula1.com/content/dam/fom-website/drivers/K/KEVMAG01_Kevin_Magnussen/kevmag01.png.transform/1col/image.png,17.0,,,0 days 00:01:14.042000,,,,,,,20.9,24.9,71.9,1.8,True
2023,7,Spanish Grand Prix,Barcelona,Q,2023-06-04,23,ALB,albon,Williams,williams,Alexander,Albon,https://www.formula1.com/content/dam/fom-website/drivers/A/ALEALB01_Alexander_Albon/alealb01.png.transform/1col/image.png,18.0,,,0 days 00:01:14.063000,,,,,,,20.9,24.9,71.9,1.8,True
2023,7,Spanish Grand Prix,Barcelona,Q,2023-06-04,16,LEC,leclerc,Ferrari,ferrari,Charles,Leclerc,https://www.formula1.com/content/dam/fom-website/drivers/C/CHALEC01_Charles_Leclerc/chalec01.png.transform/1col/image.png,19.0,,,0 days 00:01:14.079000,,,,,,,20.9,24.9,71.9,1.8,True
2023,7,Spanish Grand Prix,Barcelona,Q,2023-06-04,2,SAR,sargeant,Williams,williams,Logan,Sargeant,https://www.formula1.com/content/dam/fom-website/drivers/L/LOGSAR01_Logan_Sargeant/logsar01.png.transform/1col/image.png,20.0,,,0 days 00:01:14.699000,,,,,,,20.9,24.9,71.9,1.8,True
2023,8,Canadian Grand Prix,Montréal,Q,2023-06-18,1,VER,max_verstappen,Red Bull Racing,red_bull,Max,Verstappen,https://www.formula1.com/content/dam/fom-website/drivers/M/MAXVER01_Max_Verstappen/maxver01.png.transform/1col/image.png,1.0,,,0 days 00:01:20.851000,0 days 00:01:19.092000,0 days 00:01:25.858000,,,,,16.5,18.5,87.7,2.8,True
2023,8,Canadian Grand Prix,Montréal,Q,2023-06-18,27,HUL,hulkenberg,Haas F1 Team,haas,Nico,Hulkenberg,https://www.formula1.com/content/dam/fom-website/drivers/N/NICHUL01_Nico_Hulkenberg/nichul01.png.transform/1col/image.png,2.0,,,0 days 00:01:22.730000,0 days 00:01:20.305000,0 days 00:01:27.102000,,,,,16.5,18.5,87.7,2.8,True
2023,8,Canadian Grand Prix,Montréal,Q,2023-06-18,14,ALO,alonso,Aston Martin,aston_martin,Fernando,Alonso,https://www.formula1.com/content/dam/fom-website/drivers/F/FERALO01_Fernando_Alonso/feralo01.png.transform/1col/image.png,3.0,,,0 days 00:01:21.481000,0 days 00:01:19.776000,0 days 00:01:27.286000,,,,,16.5,18.5,87.7,2.8,True
2023,8,Canadian Grand Prix,Montréal,Q,2023-06-18,44,HAM,hamilton,Mercedes,mercedes,Lewis,Hamilton,https://www.formula1.com/content/dam/fom-website/drivers/L/LEWHAM01_Lewis_Hamilton/lewham01.png.transform/1col/image.png,4.0,,,0 days 00:01:21.554000,0 days 00:01:20.426000,0 days 00:01:27.627000,,,,,16.5,18.5,87.7,2.8,True
2023,8,Canadian Grand Prix,Montréal,Q,2023-06-18,63,RUS,russell,Mercedes,mercedes,George,Russell,https://www.formula1.com/content/dam/fom-website/drivers/G/GEORUS01_George_Russell/georus01.png.transform/1col/image.png,5.0,,,0 days 00:01:21.798000,0 days 00:01:20.098000,0 days 00:01:27.893000,,,,,16.5,18.5,87.7,2.8,True
2023,8,Canadian Grand Prix,Montréal,Q,2023-06-18,31,OCO,ocon,Alpine,alpine,Esteban,Ocon,https://www.formula1.com/content/dam/fom-website/drivers/E/ESTOCO01_Esteban_Ocon/estoco01.png.transform/1col/image.png,6.0,,,0 days 00:01:22.114000,0 days 00:01:20.406000,0 days 00:01:27.945000,,,,,16.5,18.5,87.7,2.8,True
2023,8,Canadian Grand Prix,Montréal,Q,2023-06-18,4,NOR,norris,McLaren,mclaren,Lando,Norris,https://www.formula1.com/content/dam/fom-website/drivers/L/LANNOR01_Lando_Norris/lannor01.png.transform/1col/image.png,7.0,,,0 days 00:01:21.998000,0 days 00:01:19.347000,0 days 00:01:28.046000,,,,,16.5,18.5,87.7,2.8,True
2023,8,Canadian Grand Prix,Montréal,Q,2023-06-18,55,SAI,sainz,Ferrari,ferrari,Carlos,Sainz,https://www.formula1.com/content/dam/fom-website/drivers/C/CARSAI01_Carlos_Sainz/carsai01.png.transform/1col/image.png,8.0,,,0 days 00:01:22.248000,0 days 00:01:19.856000,0 days 00:01:29.294000,,,,,16.5,18.5,87.7,2.8,True
2023,8,Canadian Grand Prix,Montréal,Q,2023-06-18,81,PIA,piastri,McLaren,mclaren,Oscar,Piastri,https://www.formula1.com/content/dam/fom-website/drivers/O/OSCPIA01_Oscar_Piastri/oscpia01.png.transform/1col/image.png,9.0,,,0 days 00:01:22.190000,0 days 00:01:19.659000,0 days 00:01:31.349000,,,,,16.5,18.5,87.7,2.8,True
2023,8,Canadian Grand Prix,Montréal,Q,2023-06-18,23,ALB,albon,Williams,williams,Alexander,Albon,https://www.formula1.com/content/dam/fom-website/drivers/A/ALEALB01_Alexander_Albon/alealb01.png.transform/1col/image.png,10.0,,,0 days 00:01:21.938000,0 days 00:01:18.725000,,,,,,16.5,18.5,87.7,2.8,True
2023,8,Canadian Grand Prix,Montréal,Q,2023-06-18,16,LEC,leclerc,Ferrari,ferrari,Charles,Leclerc,https://www.formula1.com/content/dam/fom-website/drivers/C/CHALEC01_Charles_Leclerc/chalec01.png.transform/1col/image.png,11.0,,,0 days 00:01:21.843000,0 days 00:01:20.615000,,,,,,16.5,18.5,87.7,2.8,True
2023,8,Canadian Grand Prix,Montréal,Q,2023-06-18,11,PER,perez,Red Bull Racing,red_bull,Sergio,Perez,https://www.formula1.com/content/dam/fom-website/drivers/S/SERPER01_Sergio_Perez/serper01.png.transform/1col/image.png,12.0,,,0 days 00:01:22.151000,0 days 00:01:20.959000,,,,,,16.5,18.5,87.7,2.8,True
2023,8,Canadian Grand Prix,Montréal,Q,2023-06-18,18,STR,stroll,Aston Martin,aston_martin,Lance,Stroll,https://www.formula1.com/content/dam/fom-website/drivers/L/LANSTR01_Lance_Stroll/lanstr01.png.transform/1col/image.png,13.0,,,0 days 00:01:22.677000,0 days 00:01:21.484000,,,,,,16.5,18.5,87.7,2.8,True
2023,8,Canadian Grand Prix,Montréal,Q,2023-06-18,20,MAG,kevin_magnussen,Haas F1 Team,haas,Kevin,Magnussen,https://www.formula1.com/content/dam/fom-website/drivers/K/KEVMAG01_Kevin_Magnussen/kevmag01.png.transform/1col/image.png,14.0,,,0 days 00:01:22.351000,0 days 00:01:21.678000,,,,,,16.5,18.5,87.7,2.8,True
2023,8,Canadian Grand Prix,Montréal,Q,2023-06-18,77,BOT,bottas,Alfa Romeo,alfa,Valtteri,Bottas,https://www.formula1.com/content/dam/fom-website/drivers/V/VALBOT01_Valtteri_Bottas/valbot01.png.transform/1col/image.png,15.0,,,0 days 00:01:22.332000,0 days 00:01:21.821000,,,,,,16.5,18.5,87.7,2.8,True
2023,8,Canadian Grand Prix,Montréal,Q,2023-06-18,22,TSU,tsunoda,AlphaTauri,alphatauri,Yuki,Tsunoda,https://www.formula1.com/content/dam/fom-website/drivers/Y/YUKTSU01_Yuki_Tsunoda/yuktsu01.png.transform/1col/image.png,16.0,,,0 days 00:01:22.746000,,,,,,,16.5,18.5,87.7,2.8,True
2023,8,Canadian Grand Prix,Montréal,Q,2023-06-18,10,GAS,gasly,Alpine,alpine,Pierre,Gasly,https://www.formula1.com/content/dam/fom-website/drivers/P/PIEGAS01_Pierre_Gasly/piegas01.png.transform/1col/image.png,17.0,,,0 days 00:01:22.886000,,,,,,,16.5,18.5,87.7,2.8,True
2023,8,Canadian Grand Prix,Montréal,Q,2023-06-18,21,DEV,de_vries,AlphaTauri,alphatauri,Nyck,De Vries,https://www.formula1.com/content/dam/fom-website/drivers/N/NYCDEV01_Nyck_De%20Vries/nycdev01.png.transform/1col/image.png,18.0,,,0 days 00:01:23.137000,,,,,,,16.5,18.5,87.7,2.8,True
2023,8,Canadian Grand Prix,Montréal,Q,2023-06-18,2,SAR,sargeant,Williams,williams,Logan,Sargeant,https://www.formula1.com/content/dam/fom-website/drivers/L/LOGSAR01_Logan_Sargeant/logsar01.png.transform/1col/image.png,19.0,,,0 days 00:01:23.337000,,,,,,,16.5,18.5,87.7,2.8,True
2023,8,Canadian Grand Prix,Montréal,Q,2023-06-18,24,ZHO,zhou,Alfa Romeo,alfa,Guanyu,Zhou,https://www.formula1.com/content/dam/fom-website/drivers/G/GUAZHO01_Guanyu_Zhou/guazho01.png.transform/1col/image.png,20.0,,,0 days 00:01:23.342000,,,,,,,16.5,18.5,87.7,2.8,True
2023,9,Austrian Grand Prix,Spielberg,Q,2023-07-02,1,VER,max_verstappen,Red Bull Racing,red_bull,Max,Verstappen,https://www.formula1.com/content/dam/fom-website/drivers/M/MAXVER01_Max_Verstappen/maxver01.png.transform/1col/image.png,1.0,,,0 days 00:01:05.116000,0 days 00:01:04.951000,0 days 00:01:04.391000,,,,,26.7,39.6,41.6,0.8,False
2023,9,Austrian Grand Prix,Spielberg,Q,2023-07-02,16,LEC,leclerc,Ferrari,ferrari,Charles,Leclerc,https://www.formula1.com/content/dam/fom-website/drivers/C/CHALEC01_Charles_Leclerc/chalec01.png.transform/1col/image.png,2.0,,,0 days 00:01:05.577000,0 days 00:01:05.087000,0 days 00:01:04.439000,,,,,26.7,39.6,41.6,0.8,False
2023,9,Austrian Grand Prix,Spielberg,Q,2023-07-02,55,SAI,sainz,Ferrari,ferrari,Carlos,Sainz,https://www.formula1.com/content/dam/fom-website/drivers/C/CARSAI01_Carlos_Sainz/carsai01.png.transform/1col/image.png,3.0,,,0 days 00:01:05.339000,0 days 00:01:04.975000,0 days 00:01:04.581000,,,,,26.7,39.6,41.6,0.8,False
2023,9,Austrian Grand Prix,Spielberg,Q,2023-07-02,4,NOR,norris,McLaren,mclaren,Lando,Norris,https://www.formula1.com/content/dam/fom-website/drivers/L/LANNOR01_Lando_Norris/lannor01.png.transform/1col/image.png,4.0,,,0 days 00:01:05.617000,0 days 00:01:05.038000,0 days 00:01:04.658000,,,,,26.7,39.6,41.6,0.8,False
2023,9,Austrian Grand Prix,Spielberg,Q,2023-07-02,44,HAM,hamilton,Mercedes,mercedes,Lewis,Hamilton,https://www.formula1.com/content/dam/fom-website/drivers/L/LEWHAM01_Lewis_Hamilton/lewham01.png.transform/1col/image.png,5.0,,,0 days 00:01:05.673000,0 days 00:01:05.188000,0 days 00:01:04.819000,,,,,26.7,39.6,41.6,0.8,False
2023,9,Austrian Grand Prix,Spielberg,Q,2023-07-02,18,STR,stroll,Aston Martin,aston_martin,Lance,Stroll,https://www.formula1.com/content/dam/fom-website/drivers/L/LANSTR01_Lance_Stroll/lanstr01.png.transform/1col/image.png,6.0,,,0 days 00:01:05.710000,0 days 00:01:05.121000,0 days 00:01:04.893000,,,,,26.7,39.6,41.6,0.8,False
2023,9,Austrian Grand Prix,Spielberg,Q,2023-07-02,14,ALO,alonso,Aston Martin,aston_martin,Fernando,Alonso,https://www.formula1.com/content/dam/fom-website/drivers/F/FERALO01_Fernando_Alonso/feralo01.png.transform/1col/image.png,7.0,,,0 days 00:01:05.655000,0 days 00:01:05.181000,0 days 00:01:04.911000,,,,,26.7,39.6,41.6,0.8,False
2023,9,Austrian Grand Prix,Spielberg,Q,2023-07-02,27,HUL,hulkenberg,Haas F1 Team,haas,Nico,Hulkenberg,https://www.formula1.com/content/dam/fom-website/drivers/N/NICHUL01_Nico_Hulkenberg/nichul01.png.transform/1col/image.png,8.0,,,0 days 00:01:05.740000,0 days 00:01:05.362000,0 days 00:01:05.090000,,,,,26.7,39.6,41.6,0.8,False
2023,9,Austrian Grand Prix,Spielberg,Q,2023-07-02,10,GAS,gasly,Alpine,alpine,Pierre,Gasly,https://www.formula1.com/content/dam/fom-website/drivers/P/PIEGAS01_Pierre_Gasly/piegas01.png.transform/1col/image.png,9.0,,,0 days 00:01:05.515000,0 days 00:01:05.308000,0 days 00:01:05.170000,,,,,26.7,39.6,41.6,0.8,False
2023,9,Austrian Grand Prix,Spielberg,Q,2023-07-02,23,ALB,albon,Williams,williams,Alexander,Albon,https://www.formula1.com/content/dam/fom-website/drivers/A/ALEALB01_Alexander_Albon/alealb01.png.transform/1col/image.png,10.0,,,0 days 00:01:05.673000,0 days 00:01:05.387000,0 days 00:01:05.823000,,,,,26.7,39.6,41.6,0.8,False
2023,9,Austrian Grand Prix,Spielberg,Q,2023-07-02,63,RUS,russell,Mercedes,mercedes,George,Russell,https://www.formula1.com/content/dam/fom-website/drivers/G/GEORUS01_George_Russell/georus01.png.transform/1col/image.png,11.0,,,0 days 00:01:05.686000,0 days 00:01:05.428000,,,,,,26.7,39.6,41.6,0.8,False
2023,9,Austrian Grand Prix,Spielberg,Q,2023-07-02,31,OCO,ocon,Alpine,alpine,Esteban,Ocon,https://www.formula1.com/content/dam/fom-website/drivers/E/ESTOCO01_Esteban_Ocon/estoco01.png.transform/1col/image.png,12.0,,,0 days 00:01:05.729000,0 days 00:01:05.453000,,,,,,26.7,39.6,41.6,0.8,False
2023,9,Austrian Grand Prix,Spielberg,Q,2023-07-02,81,PIA,piastri,McLaren,mclaren,Oscar,Piastri,https://www.formula1.com/content/dam/fom-website/drivers/O/OSCPIA01_Oscar_Piastri/oscpia01.png.transform/1col/image.png,13.0,,,0 days 00:01:05.683000,0 days 00:01:05.605000,,,,,,26.7,39.6,41.6,0.8,False
2023,9,Austrian Grand Prix,Spielberg,Q,2023-07-02,77,BOT,bottas,Alfa Romeo,alfa,Valtteri,Bottas,https://www.formula1.com/content/dam/fom-website/drivers/V/VALBOT01_Valtteri_Bottas/valbot01.png.transform/1col/image.png,14.0,,,0 days 00:01:05.763000,0 days 00:01:05.680000,,,,,,26.7,39.6,41.6,0.8,False
2023,9,Austrian Grand Prix,Spielberg,Q,2023-07-02,11,PER,perez,Red Bull Racing,red_bull,Sergio,Perez,https://www.formula1.com/content/dam/fom-website/drivers/S/SERPER01_Sergio_Perez/serper01.png.transform/1col/image.png,15.0,,,0 days 00:01:05.177000,0 days 00:02:06.688000,,,,,,26.7,39.6,41.6,0.8,False
2023,9,Austrian Grand Prix,Spielberg,Q,2023-07-02,22,TSU,tsunoda,AlphaTauri,alphatauri,Yuki,Tsunoda,https://www.formula1.com/content/dam/fom-website/drivers/Y/YUKTSU01_Yuki_Tsunoda/yuktsu01.png.transform/1col/image.png,16.0,,,0 days 00:01:05.784000,,,,,,,26.7,39.6,41.6,0.8,False
2023,9,Austrian Grand Prix,Spielberg,Q,2023-07-02,24,ZHO,zhou,Alfa Romeo,alfa,Guanyu,Zhou,https://www.formula1.com/content/dam/fom-website/drivers/G/GUAZHO01_Guanyu_Zhou/guazho01.png.transform/1col/image.png,17.0,,,0 days 00:01:05.818000,,,,,,,26.7,39.6,41.6,0.8,False
2023,9,Austrian Grand Prix,Spielberg,Q,2023-07-02,2,SAR,sargeant,Williams,williams,Logan,Sargeant,https://www.formula1.com/content/dam/fom-website/drivers/L/LOGSAR01_Logan_Sargeant/logsar01.png.transform/1col/image.png,18.0,,,0 days 00:01:05.948000,,,,,,,26.7,39.6,41.6,0.8,False
2023,9,Austrian Grand Prix,Spielberg,Q,2023-07-02,20,MAG,kevin_magnussen,Haas F1 Team,haas,Kevin,Magnussen,https://www.formula1.com/content/dam/fom-website/drivers/K/KEVMAG01_Kevin_Magnussen/kevmag01.png.transform/1col/image.png,19.0,,,0 days 00:01:05.971000,,,,,,,26.7,39.6,41.6,0.8,False
2023,9,Austrian Grand Prix,Spielberg,Q,2023-07-02,21,DEV,de_vries,AlphaTauri,alphatauri,Nyck,De Vries,https://www.formula1.com/content/dam/fom-website/drivers/N/NYCDEV01_Nyck_De%20Vries/nycdev01.png.transform/1col/image.png,20.0,,,0 days 00:01:05.974000,,,,,,,26.7,39.6,41.6,0.8,False
2023,10,British Grand Prix,Silverstone,Q,2023-07-09,1,VER,max_verstappen,Red Bull Racing,red_bull,Max,Verstappen,https://www.formula1.com/content/dam/fom-website/drivers/M/MAXVER01_Max_Verstappen/maxver01.png.transform/1col/image.png,1.0,,,0 days 00:01:29.428000,0 days 00:01:27.702000,0 days 00:01:26.720000,,,,,21.3,22.9,78.4,2.7,True
2023,10,British Grand Prix,Silverstone,Q,2023-07-09,4,NOR,norris,McLaren,mclaren,Lando,Norris,https://www.formula1.com/content/dam/fom-website/drivers/L/LANNOR01_Lando_Norris/lannor01.png.transform/1col/image.png,2.0,,,0 days 00:01:28.917000,0 days 00:01:28.042000,0 days 00:01:26.961000,,,,,21.3,22.9,78.4,2.7,True
2023,10,British Grand Prix,Silverstone,Q,2023-07-09,81,PIA,piastri,McLaren,mclaren,Oscar,Piastri,https://www.formula1.com/content/dam/fom-website/drivers/O/OSCPIA01_Oscar_Piastri/oscpia01.png.transform/1col/image.png,3.0,,,0 days 00:01:29.874000,0 days 00:01:27.845000,0 days 00:01:27.092000,,,,,21.3,22.9,78.4,2.7,True
2023,10,British Grand Prix,Silverstone,Q,2023-07-09,16,LEC,leclerc,Ferrari,ferrari,Charles,Leclerc,https://www.formula1.com/content/dam/fom-website/drivers/C/CHALEC01_Charles_Leclerc/chalec01.png.transform/1col/image.png,4.0,,,0 days 00:01:29.143000,0 days 00:01:28.361000,0 days 00:01:27.136000,,,,,21.3,22.9,78.4,2.7,True
2023,10,British Grand Prix,Silverstone,Q,2023-07-09,55,SAI,sainz,Ferrari,ferrari,Carlos,Sainz,https://www.formula1.com/content/dam/fom-website/drivers/C/CARSAI01_Carlos_Sainz/carsai01.png.transform/1col/image.png,5.0,,,0 days 00:01:29.865000,0 days 00:01:28.265000,0 days 00:01:27.148000,,,,,21.3,22.9,78.4,2.7,True
2023,10,British Grand Prix,Silverstone,Q,2023-07-09,63,RUS,russell,Mercedes,mercedes,George,Russell,https://www.formula1.com/content/dam/fom-website/drivers/G/GEORUS01_George_Russell/georus01.png.transform/1col/image.png,6.0,,,0 days 00:01:29.412000,0 days 00:01:28.782000,0 days 00:01:27.155000,,,,,21.3,22.9,78.4,2.7,True
2023,10,British Grand Prix,Silverstone,Q,2023-07-09,44,HAM,hamilton,Mercedes,mercedes,Lewis,Hamilton,https://www.formula1.com/content/dam/fom-website/drivers/L/LEWHAM01_Lewis_Hamilton/lewham01.png.transform/1col/image.png,7.0,,,0 days 00:01:29.415000,0 days 00:01:28.545000,0 days 00:01:27.211000,,,,,21.3,22.9,78.4,2.7,True
2023,10,British Grand Prix,Silverstone,Q,2023-07-09,23,ALB,albon,Williams,williams,Alexander,Albon,https://www.formula1.com/content/dam/fom-website/drivers/A/ALEALB01_Alexander_Albon/alealb01.png.transform/1col/image.png,8.0,,,0 days 00:01:29.466000,0 days 00:01:28.067000,0 days 00:01:27.530000,,,,,21.3,22.9,78.4,2.7,True
2023,10,British Grand Prix,Silverstone,Q,2023-07-09,14,ALO,alonso,Aston Martin,aston_martin,Fernando,Alonso,https://www.formula1.com/content/dam/fom-website/drivers/F/FERALO01_Fernando_Alonso/feralo01.png.transform/1col/image.png,9.0,,,0 days 00:01:29.949000,0 days 00:01:28.368000,0 days 00:01:27.659000,,,,,21.3,22.9,78.4,2.7,True
2023,10,British Grand Prix,Silverstone,Q,2023-07-09,10,GAS,gasly,Alpine,alpine,Pierre,Gasly,https://www.formula1.com/content/dam/fom-website/drivers/P/PIEGAS01_Pierre_Gasly/piegas01.png.transform/1col/image.png,10.0,,,0 days 00:01:29.533000,0 days 00:01:28.751000,0 days 00:01:27.689000,,,,,21.3,22.9,78.4,2.7,True
2023,10,British Grand Prix,Silverstone,Q,2023-07-09,27,HUL,hulkenberg,Haas F1 Team,haas,Nico,Hulkenberg,https://www.formula1.com/content/dam/fom-website/drivers/N/NICHUL01_Nico_Hulkenberg/nichul01.png.transform/1col/image.png,11.0,,,0 days 00:01:29.603000,0 days 00:01:28.896000,,,,,,21.3,22.9,78.4,2.7,True
2023,10,British Grand Prix,Silverstone,Q,2023-07-09,18,STR,stroll,Aston Martin,aston_martin,Lance,Stroll,https://www.formula1.com/content/dam/fom-website/drivers/L/LANSTR01_Lance_Stroll/lanstr01.png.transform/1col/image.png,12.0,,,0 days 00:01:29.448000,0 days 00:01:28.935000,,,,,,21.3,22.9,78.4,2.7,True
2023,10,British Grand Prix,Silverstone,Q,2023-07-09,31,OCO,ocon,Alpine,alpine,Esteban,Ocon,https://www.formula1.com/content/dam/fom-website/drivers/E/ESTOCO01_Esteban_Ocon/estoco01.png.transform/1col/image.png,13.0,,,0 days 00:01:29.700000,0 days 00:01:28.956000,,,,,,21.3,22.9,78.4,2.7,True
2023,10,British Grand Prix,Silverstone,Q,2023-07-09,2,SAR,sargeant,Williams,williams,Logan,Sargeant,https://www.formula1.com/content/dam/fom-website/drivers/L/LOGSAR01_Logan_Sargeant/logsar01.png.transform/1col/image.png,14.0,,,0 days 00:01:29.873000,0 days 00:01:29.031000,,,,,,21.3,22.9,78.4,2.7,True
2023,10,British Grand Prix,Silverstone,Q,2023-07-09,77,BOT,bottas,Alfa Romeo,alfa,Valtteri,Bottas,https://www.formula1.com/content/dam/fom-website/drivers/V/VALBOT01_Valtteri_Bottas/valbot01.png.transform/1col/image.png,15.0,,,0 days 00:01:29.798000,,,,,,,21.3,22.9,78.4,2.7,True
2023,10,British Grand Prix,Silverstone,Q,2023-07-09,11,PER,perez,Red Bull Racing,red_bull,Sergio,Perez,https://www.formula1.com/content/dam/fom-website/drivers/S/SERPER01_Sergio_Perez/serper01.png.transform/1col/image.png,15.0,,,0 days 00:01:29.968000,,,,,,,21.3,22.9,78.4,2.7,True
2023,10,British Grand Prix,Silverstone,Q,2023-07-09,22,TSU,tsunoda,AlphaTauri,alphatauri,Yuki,Tsunoda,https://www.formula1.com/content/dam/fom-website/drivers/Y/YUKTSU01_Yuki_Tsunoda/yuktsu01.png.transform/1col/image.png,16.0,,,0 days 00:01:30.025000,,,,,,,21.3,22.9,78.4,2.7,True
2023,10,British Grand Prix,Silverstone,Q,2023-07-09,24,ZHO,zhou,Alfa Romeo,alfa,Guanyu,Zhou,https://www.formula1.com/content/dam/fom-website/drivers/G/GUAZHO01_Guanyu_Zhou/guazho01.png.transform/1col/image.png,17.0,,,0 days 00:01:30.123000,,,,,,,21.3,22.9,78.4,2.7,True
2023,10,British Grand Prix,Silverstone,Q,2023-07-09,21,DEV,de_vries,AlphaTauri,alphatauri,Nyck,De Vries,https://www.formula1.com/content/dam/fom-website/drivers/N/NYCDEV01_Nyck_De%20Vries/nycdev01.png.transform/1col/image.png,18.0,,,0 days 00:01:30.513000,,,,,,,21.3,22.9,78.4,2.7,True
2023,10,British Grand Prix,Silverstone,Q,2023-07-09,20,MAG,kevin_magnussen,Haas F1 Team,haas,Kevin,Magnussen,https://www.formula1.com/content/dam/fom-website/drivers/K/KEVMAG01_Kevin_Magnussen/kevmag01.png.transform/1col/image.png,19.0,,,0 days 00:01:32.378000,,,,,,,21.3,22.9,78.4,2.7,True
2023,11,Hungarian Grand Prix,Budapest,Q,2023-07-23,44,HAM,hamilton,Mercedes,mercedes,Lewis,Hamilton,https://www.formula1.com/content/dam/fom-website/drivers/L/LEWHAM01_Lewis_Hamilton/lewham01.png.transform/1col/image.png,1.0,,,0 days 00:01:18.577000,0 days 00:01:17.427000,0 days 00:01:16.609000,,,,,26.3,43.9,34.5,2.2,False
2023,11,Hungarian Grand Prix,Budapest,Q,2023-07-23,1,VER,max_verstappen,Red Bull Racing,red_bull,Max,Verstappen,https://www.formula1.com/content/dam/fom-website/drivers/M/MAXVER01_Max_Verstappen/maxver01.png.transform/1col/image.png,2.0,,,0 days 00:01:18.318000,0 days 00:01:17.547000,0 days 00:01:16.612000,,,,,26.3,43.9,34.5,2.2,False
2023,11,Hungarian Grand Prix,Budapest,Q,2023-07-23,4,NOR,norris,McLaren,mclaren,Lando,Norris,https://www.formula1.com/content/dam/fom-website/drivers/L/LANNOR01_Lando_Norris/lannor01.png.transform/1col/image.png,3.0,,,0 days 00:01:18.697000,0 days 00:01:17.328000,0 days 00:01:16.694000,,,,,26.3,43.9,34.5,2.2,False
2023,11,Hungarian Grand Prix,Budapest,Q,2023-07-23,81,PIA,piastri,McLaren,mclaren,Oscar,Piastri,https://www.formula1.com/content/dam/fom-website/drivers/O/OSCPIA01_Oscar_Piastri/oscpia01.png.transform/1col/image.png,4.0,,,0 days 00:01:18.464000,0 days 00:01:17.571000,0 days 00:01:16.905000,,,,,26.3,43.9,34.5,2.2,False
2023,11,Hungarian Grand Prix,Budapest,Q,2023-07-23,24,ZHO,zhou,Alfa Romeo,alfa,Guanyu,Zhou,https://www.formula1.com/content/dam/fom-website/drivers/G/GUAZHO01_Guanyu_Zhou/guazho01.png.transform/1col/image.png,5.0,,,0 days 00:01:18.143000,0 days 00:01:17.700000,0 days 00:01:16.971000,,,,,26.3,43.9,34.5,2.2,False
2023,11,Hungarian Grand Prix,Budapest,Q,2023-07-23,16,LEC,leclerc,Ferrari,ferrari,Charles,Leclerc,https://www.formula1.com/content/dam/fom-website/drivers/C/CHALEC01_Charles_Leclerc/chalec01.png.transform/1col/image.png,6.0,,,0 days 00:01:18.440000,0 days 00:01:17.580000,0 days 00:01:16.992000,,,,,26.3,43.9,34.5,2.2,False
2023,11,Hungarian Grand Prix,Budapest,Q,2023-07-23,77,BOT,bottas,Alfa Romeo,alfa,Valtteri,Bottas,https://www.formula1.com/content/dam/fom-website/drivers/V/VALBOT01_Valtteri_Bottas/valbot01.png.transform/1col/image.png,7.0,,,0 days 00:01:18.775000,0 days 00:01:17.563000,0 days 00:01:17.034000,,,,,26.3,43.9,34.5,2.2,False
2023,11,Hungarian Grand Prix,Budapest,Q,2023-07-23,14,ALO,alonso,Aston Martin,aston_martin,Fernando,Alonso,https://www.formula1.com/content/dam/fom-website/drivers/F/FERALO01_Fernando_Alonso/feralo01.png.transform/1col/image.png,8.0,,,0 days 00:01:18.580000,0 days 00:01:17.701000,0 days 00:01:17.035000,,,,,26.3,43.9,34.5,2.2,False
2023,11,Hungarian Grand Prix,Budapest,Q,2023-07-23,11,PER,perez,Red Bull Racing,red_bull,Sergio,Perez,https://www.formula1.com/content/dam/fom-website/drivers/S/SERPER01_Sergio_Perez/serper01.png.transform/1col/image.png,9.0,,,0 days 00:01:18.360000,0 days 00:01:17.675000,0 days 00:01:17.045000,,,,,26.3,43.9,34.5,2.2,False
2023,11,Hungarian Grand Prix,Budapest,Q,2023-07-23,27,HUL,hulkenberg,Haas F1 Team,haas,Nico,Hulkenberg,https://www.formula1.com/content/dam/fom-website/drivers/N/NICHUL01_Nico_Hulkenberg/nichul01.png.transform/1col/image.png,10.0,,,0 days 00:01:18.695000,0 days 00:01:17.652000,0 days 00:01:17.186000,,,,,26.3,43.9,34.5,2.2,False
2023,11,Hungarian Grand Prix,Budapest,Q,2023-07-23,55,SAI,sainz,Ferrari,ferrari,Carlos,Sainz,https://www.formula1.com/content/dam/fom-website/drivers/C/CARSAI01_Carlos_Sainz/carsai01.png.transform/1col/image.png,11.0,,,0 days 00:01:18.393000,0 days 00:01:17.703000,,,,,,26.3,43.9,34.5,2.2,False
2023,11,Hungarian Grand Prix,Budapest,Q,2023-07-23,31,OCO,ocon,Alpine,alpine,Esteban,Ocon,https://www.formula1.com/content/dam/fom-website/drivers/E/ESTOCO01_Esteban_Ocon/estoco01.png.transform/1col/image.png,12.0,,,0 days 00:01:18.854000,0 days 00:01:17.841000,,,,,,26.3,43.9,34.5,2.2,False
2023,11,Hungarian Grand Prix,Budapest,Q,2023-07-23,3,RIC,ricciardo,AlphaTauri,alphatauri,Daniel,Ricciardo,None,13.0,,,0 days 00:01:18.906000,0 days 00:01:18.002000,,,,,,26.3,43.9,34.5,2.2,False
2023,11,Hungarian Grand Prix,Budapest,Q,2023-07-23,18,STR,stroll,Aston Martin,aston_martin,Lance,Stroll,https://www.formula1.com/content/dam/fom-website/drivers/L/LANSTR01_Lance_Stroll/lanstr01.png.transform/1col/image.png,14.0,,,0 days 00:01:18.782000,0 days 00:01:18.144000,,,,,,26.3,43.9,34.5,2.2,False
2023,11,Hungarian Grand Prix,Budapest,Q,2023-07-23,10,GAS,gasly,Alpine,alpine,Pierre,Gasly,https://www.formula1.com/content/dam/fom-website/drivers/P/PIEGAS01_Pierre_Gasly/piegas01.png.transform/1col/image.png,15.0,,,0 days 00:01:18.743000,0 days 00:01:18.217000,,,,,,26.3,43.9,34.5,2.2,False
2023,11,Hungarian Grand Prix,Budapest,Q,2023-07-23,23,ALB,albon,Williams,williams,Alexander,Albon,https://www.formula1.com/content/dam/fom-website/drivers/A/ALEALB01_Alexander_Albon/alealb01.png.transform/1col/image.png,16.0,,,0 days 00:01:18.917000,,,,,,,26.3,43.9,34.5,2.2,False
2023,11,Hungarian Grand Prix,Budapest,Q,2023-07-23,22,TSU,tsunoda,AlphaTauri,alphatauri,Yuki,Tsunoda,https://www.formula1.com/content/dam/fom-website/drivers/Y/YUKTSU01_Yuki_Tsunoda/yuktsu01.png.transform/1col/image.png,17.0,,,0 days 00:01:18.919000,,,,,,,26.3,43.9,34.5,2.2,False
2023,11,Hungarian Grand Prix,Budapest,Q,2023-07-23,63,RUS,russell,Mercedes,mercedes,George,Russell,https://www.formula1.com/content/dam/fom-website/drivers/G/GEORUS01_George_Russell/georus01.png.transform/1col/image.png,18.0,,,0 days 00:01:19.027000,,,,,,,26.3,43.9,34.5,2.2,False
2023,11,Hungarian Grand Prix,Budapest,Q,2023-07-23,20,MAG,kevin_magnussen,Haas F1 Team,haas,Kevin,Magnussen,https://www.formula1.com/content/dam/fom-website/drivers/K/KEVMAG01_Kevin_Magnussen/kevmag01.png.transform/1col/image.png,19.0,,,0 days 00:01:19.206000,,,,,,,26.3,43.9,34.5,2.2,False
2023,11,Hungarian Grand Prix,Budapest,Q,2023-07-23,2,SAR,sargeant,Williams,williams,Logan,Sargeant,https://www.formula1.com/content/dam/fom-website/drivers/L/LOGSAR01_Logan_Sargeant/logsar01.png.transform/1col/image.png,20.0,,,0 days 00:01:19.248000,,,,,,,26.3,43.9,34.5,2.2,False
2023,12,Belgian Grand Prix,Spa-Francorchamps,Q,2023-07-30,1,VER,max_verstappen,Red Bull Racing,red_bull,Max,Verstappen,https://www.formula1.com/content/dam/fom-website/drivers/M/MAXVER01_Max_Verstappen/maxver01.png.transform/1col/image.png,1.0,,,0 days 00:01:58.515000,0 days 00:01:52.784000,0 days 00:01:46.168000,,,,,19.3,23.6,88.7,1.1,True
2023,12,Belgian Grand Prix,Spa-Francorchamps,Q,2023-07-30,16,LEC,leclerc,Ferrari,ferrari,Charles,Leclerc,https://www.formula1.com/content/dam/fom-website/drivers/C/CHALEC01_Charles_Leclerc/chalec01.png.transform/1col/image.png,2.0,,,0 days 00:01:58.300000,0 days 00:01:52.017000,0 days 00:01:46.988000,,,,,19.3,23.6,88.7,1.1,True
2023,12,Belgian Grand Prix,Spa-Francorchamps,Q,2023-07-30,11,PER,perez,Red Bull Racing,red_bull,Sergio,Perez,https://www.formula1.com/content/dam/fom-website/drivers/S/SERPER01_Sergio_Perez/serper01.png.transform/1col/image.png,3.0,,,0 days 00:01:58.899000,0 days 00:01:52.353000,0 days 00:01:47.045000,,,,,19.3,23.6,88.7,1.1,True
2023,12,Belgian Grand Prix,Spa-Francorchamps,Q,2023-07-30,44,HAM,hamilton,Mercedes,mercedes,Lewis,Hamilton,https://www.formula1.com/content/dam/fom-website/drivers/L/LEWHAM01_Lewis_Hamilton/lewham01.png.transform/1col/image.png,4.0,,,0 days 00:01:58.563000,0 days 00:01:52.345000,0 days 00:01:47.087000,,,,,19.3,23.6,88.7,1.1,True
2023,12,Belgian Grand Prix,Spa-Francorchamps,Q,2023-07-30,55,SAI,sainz,Ferrari,ferrari,Carlos,Sainz,https://www.formula1.com/content/dam/fom-website/drivers/C/CARSAI01_Carlos_Sainz/carsai01.png.transform/1col/image.png,5.0,,,0 days 00:01:58.688000,0 days 00:01:51.711000,0 days 00:01:47.152000,,,,,19.3,23.6,88.7,1.1,True
2023,12,Belgian Grand Prix,Spa-Francorchamps,Q,2023-07-30,81,PIA,piastri,McLaren,mclaren,Oscar,Piastri,https://www.formula1.com/content/dam/fom-website/drivers/O/OSCPIA01_Oscar_Piastri/oscpia01.png.transform/1col/image.png,6.0,,,0 days 00:01:58.872000,0 days 00:01:51.534000,0 days 00:01:47.365000,,,,,19.3,23.6,88.7,1.1,True
2023,12,Belgian Grand Prix,Spa-Francorchamps,Q,2023-07-30,4,NOR,norris,McLaren,mclaren,Lando,Norris,https://www.formula1.com/content/dam/fom-website/drivers/L/LANNOR01_Lando_Norris/lannor01.png.transform/1col/image.png,7.0,,,0 days 00:01:59.981000,0 days 00:01:52.252000,0 days 00:01:47.669000,,,,,19.3,23.6,88.7,1.1,True
2023,12,Belgian Grand Prix,Spa-Francorchamps,Q,2023-07-30,63,RUS,russell,Mercedes,mercedes,George,Russell,https://www.formula1.com/content/dam/fom-website/drivers/G/GEORUS01_George_Russell/georus01.png.transform/1col/image.png,8.0,,,0 days 00:01:59.035000,0 days 00:01:52.605000,0 days 00:01:47.805000,,,,,19.3,23.6,88.7,1.1,True
2023,12,Belgian Grand Prix,Spa-Francorchamps,Q,2023-07-30,14,ALO,alonso,Aston Martin,aston_martin,Fernando,Alonso,https://www.formula1.com/content/dam/fom-website/drivers/F/FERALO01_Fernando_Alonso/feralo01.png.transform/1col/image.png,9.0,,,0 days 00:01:58.834000,0 days 00:01:52.751000,0 days 00:01:47.843000,,,,,19.3,23.6,88.7,1.1,True
2023,12,Belgian Grand Prix,Spa-Francorchamps,Q,2023-07-30,18,STR,stroll,Aston Martin,aston_martin,Lance,Stroll,https://www.formula1.com/content/dam/fom-website/drivers/L/LANSTR01_Lance_Stroll/lanstr01.png.transform/1col/image.png,10.0,,,0 days 00:01:59.663000,0 days 00:01:52.193000,0 days 00:01:48.841000,,,,,19.3,23.6,88.7,1.1,True
2023,12,Belgian Grand Prix,Spa-Francorchamps,Q,2023-07-30,22,TSU,tsunoda,AlphaTauri,alphatauri,Yuki,Tsunoda,https://www.formula1.com/content/dam/fom-website/drivers/Y/YUKTSU01_Yuki_Tsunoda/yuktsu01.png.transform/1col/image.png,11.0,,,0 days 00:01:59.044000,0 days 00:01:53.148000,,,,,,19.3,23.6,88.7,1.1,True
2023,12,Belgian Grand Prix,Spa-Francorchamps,Q,2023-07-30,10,GAS,gasly,Alpine,alpine,Pierre,Gasly,https://www.formula1.com/content/dam/fom-website/drivers/P/PIEGAS01_Pierre_Gasly/piegas01.png.transform/1col/image.png,12.0,,,0 days 00:01:59.511000,0 days 00:01:53.671000,,,,,,19.3,23.6,88.7,1.1,True
2023,12,Belgian Grand Prix,Spa-Francorchamps,Q,2023-07-30,20,MAG,kevin_magnussen,Haas F1 Team,haas,Kevin,Magnussen,https://www.formula1.com/content/dam/fom-website/drivers/K/KEVMAG01_Kevin_Magnussen/kevmag01.png.transform/1col/image.png,13.0,,,0 days 00:02:00.020000,0 days 00:01:54.160000,,,,,,19.3,23.6,88.7,1.1,True
2023,12,Belgian Grand Prix,Spa-Francorchamps,Q,2023-07-30,77,BOT,bottas,Alfa Romeo,alfa,Valtteri,Bottas,https://www.formula1.com/content/dam/fom-website/drivers/V/VALBOT01_Valtteri_Bottas/valbot01.png.transform/1col/image.png,14.0,,,0 days 00:01:59.484000,0 days 00:01:54.694000,,,,,,19.3,23.6,88.7,1.1,True
2023,12,Belgian Grand Prix,Spa-Francorchamps,Q,2023-07-30,31,OCO,ocon,Alpine,alpine,Esteban,Ocon,https://www.formula1.com/content/dam/fom-website/drivers/E/ESTOCO01_Esteban_Ocon/estoco01.png.transform/1col/image.png,15.0,,,0 days 00:01:59.634000,0 days 00:01:56.372000,,,,,,19.3,23.6,88.7,1.1,True
2023,12,Belgian Grand Prix,Spa-Francorchamps,Q,2023-07-30,23,ALB,albon,Williams,williams,Alexander,Albon,https://www.formula1.com/content/dam/fom-website/drivers/A/ALEALB01_Alexander_Albon/alealb01.png.transform/1col/image.png,16.0,,,0 days 00:02:00.314000,,,,,,,19.3,23.6,88.7,1.1,True
2023,12,Belgian Grand Prix,Spa-Francorchamps,Q,2023-07-30,24,ZHO,zhou,Alfa Romeo,alfa,Guanyu,Zhou,https://www.formula1.com/content/dam/fom-website/drivers/G/GUAZHO01_Guanyu_Zhou/guazho01.png.transform/1col/image.png,17.0,,,0 days 00:02:00.832000,,,,,,,19.3,23.6,88.7,1.1,True
2023,12,Belgian Grand Prix,Spa-Francorchamps,Q,2023-07-30,2,SAR,sargeant,Williams,williams,Logan,Sargeant,https://www.formula1.com/content/dam/fom-website/drivers/L/LOGSAR01_Logan_Sargeant/logsar01.png.transform/1col/image.png,18.0,,,0 days 00:02:01.535000,,,,,,,19.3,23.6,88.7,1.1,True
2023,12,Belgian Grand Prix,Spa-Francorchamps,Q,2023-07-30,3,RIC,ricciardo,AlphaTauri,alphatauri,Daniel,Ricciardo,None,19.0,,,0 days 00:02:02.159000,,,,,,,19.3,23.6,88.7,1.1,True
2023,12,Belgian Grand Prix,Spa-Francorchamps,Q,2023-07-30,27,HUL,hulkenberg,Haas F1 Team,haas,Nico,Hulkenberg,https://www.formula1.com/content/dam/fom-website/drivers/N/NICHUL01_Nico_Hulkenberg/nichul01.png.transform/1col/image.png,20.0,,,0 days 00:02:03.166000,,,,,,,19.3,23.6,88.7,1.1,True
2023,13,Dutch Grand Prix,Zandvoort,Q,2023-08-27,1,VER,max_verstappen,Red Bull Racing,red_bull,Max,Verstappen,https://www.formula1.com/content/dam/fom-website/drivers/M/MAXVER01_Max_Verstappen/maxver01.png.transform/1col/image.png,1.0,,,0 days 00:01:20.965000,0 days 00:01:18.856000,0 days 00:01:10.567000,,,,,18.0,22.4,77.9,2.3,True
2023,13,Dutch Grand Prix,Zandvoort,Q,2023-08-27,4,NOR,norris,McLaren,mclaren,Lando,Norris,https://www.formula1.com/content/dam/fom-website/drivers/L/LANNOR01_Lando_Norris/lannor01.png.transform/1col/image.png,2.0,,,0 days 00:01:21.276000,0 days 00:01:19.769000,0 days 00:01:11.104000,,,,,18.0,22.4,77.9,2.3,True
2023,13,Dutch Grand Prix,Zandvoort,Q,2023-08-27,63,RUS,russell,Mercedes,mercedes,George,Russell,https://www.formula1.com/content/dam/fom-website/drivers/G/GEORUS01_George_Russell/georus01.png.transform/1col/image.png,3.0,,,0 days 00:01:21.345000,0 days 00:01:19.620000,0 days 00:01:11.294000,,,,,18.0,22.4,77.9,2.3,True
2023,13,Dutch Grand Prix,Zandvoort,Q,2023-08-27,23,ALB,albon,Williams,williams,Alexander,Albon,https://www.formula1.com/content/dam/fom-website/drivers/A/ALEALB01_Alexander_Albon/alealb01.png.transform/1col/image.png,4.0,,,0 days 00:01:20.939000,0 days 00:01:19.399000,0 days 00:01:11.419000,,,,,18.0,22.4,77.9,2.3,True
2023,13,Dutch Grand Prix,Zandvoort,Q,2023-08-27,14,ALO,alonso,Aston Martin,aston_martin,Fernando,Alonso,https://www.formula1.com/content/dam/fom-website/drivers/F/FERALO01_Fernando_Alonso/feralo01.png.transform/1col/image.png,5.0,,,0 days 00:01:21.840000,0 days 00:01:19.429000,0 days 00:01:11.506000,,,,,18.0,22.4,77.9,2.3,True
2023,13,Dutch Grand Prix,Zandvoort,Q,2023-08-27,55,SAI,sainz,Ferrari,ferrari,Carlos,Sainz,https://www.formula1.com/content/dam/fom-website/drivers/C/CARSAI01_Carlos_Sainz/carsai01.png.transform/1col/image.png,6.0,,,0 days 00:01:21.321000,0 days 00:01:19.929000,0 days 00:01:11.754000,,,,,18.0,22.4,77.9,2.3,True
2023,13,Dutch Grand Prix,Zandvoort,Q,2023-08-27,11,PER,perez,Red Bull Racing,red_bull,Sergio,Perez,https://www.formula1.com/content/dam/fom-website/drivers/S/SERPER01_Sergio_Perez/serper01.png.transform/1col/image.png,7.0,,,0 days 00:01:21.972000,0 days 00:01:19.856000,0 days 00:01:11.880000,,,,,18.0,22.4,77.9,2.3,True
2023,13,Dutch Grand Prix,Zandvoort,Q,2023-08-27,81,PIA,piastri,McLaren,mclaren,Oscar,Piastri,https://www.formula1.com/content/dam/fom-website/drivers/O/OSCPIA01_Oscar_Piastri/oscpia01.png.transform/1col/image.png,8.0,,,0 days 00:01:21.231000,0 days 00:01:19.392000,0 days 00:01:11.938000,,,,,18.0,22.4,77.9,2.3,True
2023,13,Dutch Grand Prix,Zandvoort,Q,2023-08-27,16,LEC,leclerc,Ferrari,ferrari,Charles,Leclerc,https://www.formula1.com/content/dam/fom-website/drivers/C/CHALEC01_Charles_Leclerc/chalec01.png.transform/1col/image.png,9.0,,,0 days 00:01:22.019000,0 days 00:01:19.600000,0 days 00:01:12.665000,,,,,18.0,22.4,77.9,2.3,True
2023,13,Dutch Grand Prix,Zandvoort,Q,2023-08-27,2,SAR,sargeant,Williams,williams,Logan,Sargeant,https://www.formula1.com/content/dam/fom-website/drivers/L/LOGSAR01_Logan_Sargeant/logsar01.png.transform/1col/image.png,10.0,,,0 days 00:01:22.036000,0 days 00:01:20.067000,0 days 00:01:16.748000,,,,,18.0,22.4,77.9,2.3,True
2023,13,Dutch Grand Prix,Zandvoort,Q,2023-08-27,18,STR,stroll,Aston Martin,aston_martin,Lance,Stroll,https://www.formula1.com/content/dam/fom-website/drivers/L/LANSTR01_Lance_Stroll/lanstr01.png.transform/1col/image.png,11.0,,,0 days 00:01:21.570000,0 days 00:01:20.121000,,,,,,18.0,22.4,77.9,2.3,True
2023,13,Dutch Grand Prix,Zandvoort,Q,2023-08-27,10,GAS,gasly,Alpine,alpine,Pierre,Gasly,https://www.formula1.com/content/dam/fom-website/drivers/P/PIEGAS01_Pierre_Gasly/piegas01.png.transform/1col/image.png,12.0,,,0 days 00:01:21.735000,0 days 00:01:20.128000,,,,,,18.0,22.4,77.9,2.3,True
2023,13,Dutch Grand Prix,Zandvoort,Q,2023-08-27,44,HAM,hamilton,Mercedes,mercedes,Lewis,Hamilton,https://www.formula1.com/content/dam/fom-website/drivers/L/LEWHAM01_Lewis_Hamilton/lewham01.png.transform/1col/image.png,13.0,,,0 days 00:01:21.919000,0 days 00:01:20.151000,,,,,,18.0,22.4,77.9,2.3,True
2023,13,Dutch Grand Prix,Zandvoort,Q,2023-08-27,22,TSU,tsunoda,AlphaTauri,alphatauri,Yuki,Tsunoda,https://www.formula1.com/content/dam/fom-website/drivers/Y/YUKTSU01_Yuki_Tsunoda/yuktsu01.png.transform/1col/image.png,14.0,,,0 days 00:01:21.781000,0 days 00:01:20.230000,,,,,,18.0,22.4,77.9,2.3,True
2023,13,Dutch Grand Prix,Zandvoort,Q,2023-08-27,27,HUL,hulkenberg,Haas F1 Team,haas,Nico,Hulkenberg,https://www.formula1.com/content/dam/fom-website/drivers/N/NICHUL01_Nico_Hulkenberg/nichul01.png.transform/1col/image.png,15.0,,,0 days 00:01:21.891000,0 days 00:01:20.250000,,,,,,18.0,22.4,77.9,2.3,True
2023,13,Dutch Grand Prix,Zandvoort,Q,2023-08-27,24,ZHO,zhou,Alfa Romeo,alfa,Guanyu,Zhou,https://www.formula1.com/content/dam/fom-website/drivers/G/GUAZHO01_Guanyu_Zhou/guazho01.png.transform/1col/image.png,16.0,,,0 days 00:01:22.067000,,,,,,,18.0,22.4,77.9,2.3,True
2023,13,Dutch Grand Prix,Zandvoort,Q,2023-08-27,31,OCO,ocon,Alpine,alpine,Esteban,Ocon,https://www.formula1.com/content/dam/fom-website/drivers/E/ESTOCO01_Esteban_Ocon/estoco01.png.transform/1col/image.png,17.0,,,0 days 00:01:22.110000,,,,,,,18.0,22.4,77.9,2.3,True
2023,13,Dutch Grand Prix,Zandvoort,Q,2023-08-27,20,MAG,kevin_magnussen,Haas F1 Team,haas,Kevin,Magnussen,https://www.formula1.com/content/dam/fom-website/drivers/K/KEVMAG01_Kevin_Magnussen/kevmag01.png.transform/1col/image.png,18.0,,,0 days 00:01:22.192000,,,,,,,18.0,22.4,77.9,2.3,True
2023,13,Dutch Grand Prix,Zandvoort,Q,2023-08-27,77,BOT,bottas,Alfa Romeo,alfa,Valtteri,Bottas,https://www.formula1.com/content/dam/fom-website/drivers/V/VALBOT01_Valtteri_Bottas/valbot01.png.transform/1col/image.png,19.0,,,0 days 00:01:22.260000,,,,,,,18.0,22.4,77.9,2.3,True
2023,13,Dutch Grand Prix,Zandvoort,Q,2023-08-27,40,LAW,lawson,AlphaTauri,alphatauri,Liam,Lawson,None,20.0,,,0 days 00:01:23.420000,,,,,,,18.0,22.4,77.9,2.3,True
2023,14,Italian Grand Prix,Monza,Q,2023-09-03,55,SAI,sainz,Ferrari,ferrari,Carlos,Sainz,https://www.formula1.com/content/dam/fom-website/drivers/C/CARSAI01_Carlos_Sainz/carsai01.png.transform/1col/image.png,1.0,,,0 days 00:01:21.965000,0 days 00:01:20.991000,0 days 00:01:20.294000,,,,,28.2,39.4,40.8,1.2,False
2023,14,Italian Grand Prix,Monza,Q,2023-09-03,1,VER,max_verstappen,Red Bull Racing,red_bull,Max,Verstappen,https://www.formula1.com/content/dam/fom-website/drivers/M/MAXVER01_Max_Verstappen/maxver01.png.transform/1col/image.png,2.0,,,0 days 00:01:21.573000,0 days 00:01:20.937000,0 days 00:01:20.307000,,,,,28.2,39.4,40.8,1.2,False
2023,14,Italian Grand Prix,Monza,Q,2023-09-03,16,LEC,leclerc,Ferrari,ferrari,Charles,Leclerc,https://www.formula1.com/content/dam/fom-website/drivers/C/CHALEC01_Charles_Leclerc/chalec01.png.transform/1col/image.png,3.0,,,0 days 00:01:21.788000,0 days 00:01:20.977000,0 days 00:01:20.361000,,,,,28.2,39.4,40.8,1.2,False
2023,14,Italian Grand Prix,Monza,Q,2023-09-03,63,RUS,russell,Mercedes,mercedes,George,Russell,https://www.formula1.com/content/dam/fom-website/drivers/G/GEORUS01_George_Russell/georus01.png.transform/1col/image.png,4.0,,,0 days 00:01:22.148000,0 days 00:01:21.382000,0 days 00:01:20.671000,,,,,28.2,39.4,40.8,1.2,False
2023,14,Italian Grand Prix,Monza,Q,2023-09-03,11,PER,perez,Red Bull Racing,red_bull,Sergio,Perez,https://www.formula1.com/content/dam/fom-website/drivers/S/SERPER01_Sergio_Perez/serper01.png.transform/1col/image.png,5.0,,,0 days 00:01:21.911000,0 days 00:01:21.240000,0 days 00:01:20.688000,,,,,28.2,39.4,40.8,1.2,False
2023,14,Italian Grand Prix,Monza,Q,2023-09-03,23,ALB,albon,Williams,williams,Alexander,Albon,https://www.formula1.com/content/dam/fom-website/drivers/A/ALEALB01_Alexander_Albon/alealb01.png.transform/1col/image.png,6.0,,,0 days 00:01:21.661000,0 days 00:01:21.272000,0 days 00:01:20.760000,,,,,28.2,39.4,40.8,1.2,False
2023,14,Italian Grand Prix,Monza,Q,2023-09-03,81,PIA,piastri,McLaren,mclaren,Oscar,Piastri,https://www.formula1.com/content/dam/fom-website/drivers/O/OSCPIA01_Oscar_Piastri/oscpia01.png.transform/1col/image.png,7.0,,,0 days 00:01:22.106000,0 days 00:01:21.527000,0 days 00:01:20.785000,,,,,28.2,39.4,40.8,1.2,False
2023,14,Italian Grand Prix,Monza,Q,2023-09-03,44,HAM,hamilton,Mercedes,mercedes,Lewis,Hamilton,https://www.formula1.com/content/dam/fom-website/drivers/L/LEWHAM01_Lewis_Hamilton/lewham01.png.transform/1col/image.png,8.0,,,0 days 00:01:21.977000,0 days 00:01:21.369000,0 days 00:01:20.820000,,,,,28.2,39.4,40.8,1.2,False
2023,14,Italian Grand Prix,Monza,Q,2023-09-03,4,NOR,norris,McLaren,mclaren,Lando,Norris,https://www.formula1.com/content/dam/fom-website/drivers/L/LANNOR01_Lando_Norris/lannor01.png.transform/1col/image.png,9.0,,,0 days 00:01:21.995000,0 days 00:01:21.581000,0 days 00:01:20.979000,,,,,28.2,39.4,40.8,1.2,False
2023,14,Italian Grand Prix,Monza,Q,2023-09-03,14,ALO,alonso,Aston Martin,aston_martin,Fernando,Alonso,https://www.formula1.com/content/dam/fom-website/drivers/F/FERALO01_Fernando_Alonso/feralo01.png.transform/1col/image.png,10.0,,,0 days 00:01:22.043000,0 days 00:01:21.543000,0 days 00:01:21.417000,,,,,28.2,39.4,40.8,1.2,False
2023,14,Italian Grand Prix,Monza,Q,2023-09-03,22,TSU,tsunoda,AlphaTauri,alphatauri,Yuki,Tsunoda,https://www.formula1.com/content/dam/fom-website/drivers/Y/YUKTSU01_Yuki_Tsunoda/yuktsu01.png.transform/1col/image.png,11.0,,,0 days 00:01:21.852000,0 days 00:01:21.594000,,,,,,28.2,39.4,40.8,1.2,False
2023,14,Italian Grand Prix,Monza,Q,2023-09-03,40,LAW,lawson,AlphaTauri,alphatauri,Liam,Lawson,None,12.0,,,0 days 00:01:22.112000,0 days 00:01:21.758000,,,,,,28.2,39.4,40.8,1.2,False
2023,14,Italian Grand Prix,Monza,Q,2023-09-03,27,HUL,hulkenberg,Haas F1 Team,haas,Nico,Hulkenberg,https://www.formula1.com/content/dam/fom-website/drivers/N/NICHUL01_Nico_Hulkenberg/nichul01.png.transform/1col/image.png,13.0,,,0 days 00:01:22.343000,0 days 00:01:21.776000,,,,,,28.2,39.4,40.8,1.2,False
2023,14,Italian Grand Prix,Monza,Q,2023-09-03,77,BOT,bottas,Alfa Romeo,alfa,Valtteri,Bottas,https://www.formula1.com/content/dam/fom-website/drivers/V/VALBOT01_Valtteri_Bottas/valbot01.png.transform/1col/image.png,14.0,,,0 days 00:01:22.249000,0 days 00:01:21.940000,,,,,,28.2,39.4,40.8,1.2,False
2023,14,Italian Grand Prix,Monza,Q,2023-09-03,2,SAR,sargeant,Williams,williams,Logan,Sargeant,https://www.formula1.com/content/dam/fom-website/drivers/L/LOGSAR01_Logan_Sargeant/logsar01.png.transform/1col/image.png,15.0,,,0 days 00:01:21.930000,0 days 00:01:21.944000,,,,,,28.2,39.4,40.8,1.2,False
2023,14,Italian Grand Prix,Monza,Q,2023-09-03,24,ZHO,zhou,Alfa Romeo,alfa,Guanyu,Zhou,https://www.formula1.com/content/dam/fom-website/drivers/G/GUAZHO01_Guanyu_Zhou/guazho01.png.transform/1col/image.png,16.0,,,0 days 00:01:22.390000,,,,,,,28.2,39.4,40.8,1.2,False
2023,14,Italian Grand Prix,Monza,Q,2023-09-03,10,GAS,gasly,Alpine,alpine,Pierre,Gasly,https://www.formula1.com/content/dam/fom-website/drivers/P/PIEGAS01_Pierre_Gasly/piegas01.png.transform/1col/image.png,17.0,,,0 days 00:01:22.545000,,,,,,,28.2,39.4,40.8,1.2,False
2023,14,Italian Grand Prix,Monza,Q,2023-09-03,31,OCO,ocon,Alpine,alpine,Esteban,Ocon,https://www.formula1.com/content/dam/fom-website/drivers/E/ESTOCO01_Esteban_Ocon/estoco01.png.transform/1col/image.png,18.0,,,0 days 00:01:22.548000,,,,,,,28.2,39.4,40.8,1.2,False
2023,14,Italian Grand Prix,Monza,Q,2023-09-03,20,MAG,kevin_magnussen,Haas F1 Team,haas,Kevin,Magnussen,https://www.formula1.com/content/dam/fom-website/drivers/K/KEVMAG01_Kevin_Magnussen/kevmag01.png.transform/1col/image.png,19.0,,,0 days 00:01:22.592000,,,,,,,28.2,39.4,40.8,1.2,False
2023,14,Italian Grand Prix,Monza,Q,2023-09-03,18,STR,stroll,Aston Martin,aston_martin,Lance,Stroll,https://www.formula1.com/content/dam/fom-website/drivers/L/LANSTR01_Lance_Stroll/lanstr01.png.transform/1col/image.png,20.0,,,0 days 00:01:22.860000,,,,,,,28.2,39.4,40.8,1.2,False
2023,15,Singapore Grand Prix,Marina Bay,Q,2023-09-17,55,SAI,sainz,Ferrari,ferrari,Carlos,Sainz,https://www.formula1.com/content/dam/fom-website/drivers/C/CARSAI01_Carlos_Sainz/carsai01.png.transform/1col/image.png,1.0,,,0 days 00:01:32.339000,0 days 00:01:31.439000,0 days 00:01:30.984000,,,,,29.5,34.2,77.4,1.8,False
2023,15,Singapore Grand Prix,Marina Bay,Q,2023-09-17,63,RUS,russell,Mercedes,mercedes,George,Russell,https://www.formula1.com/content/dam/fom-website/drivers/G/GEORUS01_George_Russell/georus01.png.transform/1col/image.png,2.0,,,0 days 00:01:32.331000,0 days 00:01:31.743000,0 days 00:01:31.056000,,,,,29.5,34.2,77.4,1.8,False
2023,15,Singapore Grand Prix,Marina Bay,Q,2023-09-17,16,LEC,leclerc,Ferrari,ferrari,Charles,Leclerc,https://www.formula1.com/content/dam/fom-website/drivers/C/CHALEC01_Charles_Leclerc/chalec01.png.transform/1col/image.png,3.0,,,0 days 00:01:32.406000,0 days 00:01:32.012000,0 days 00:01:31.063000,,,,,29.5,34.2,77.4,1.8,False
2023,15,Singapore Grand Prix,Marina Bay,Q,2023-09-17,4,NOR,norris,McLaren,mclaren,Lando,Norris,https://www.formula1.com/content/dam/fom-website/drivers/L/LANNOR01_Lando_Norris/lannor01.png.transform/1col/image.png,4.0,,,0 days 00:01:32.483000,0 days 00:01:31.951000,0 days 00:01:31.270000,,,,,29.5,34.2,77.4,1.8,False
2023,15,Singapore Grand Prix,Marina Bay,Q,2023-09-17,44,HAM,hamilton,Mercedes,mercedes,Lewis,Hamilton,https://www.formula1.com/content/dam/fom-website/drivers/L/LEWHAM01_Lewis_Hamilton/lewham01.png.transform/1col/image.png,5.0,,,0 days 00:01:32.651000,0 days 00:01:32.019000,0 days 00:01:31.485000,,,,,29.5,34.2,77.4,1.8,False
2023,15,Singapore Grand Prix,Marina Bay,Q,2023-09-17,20,MAG,kevin_magnussen,Haas F1 Team,haas,Kevin,Magnussen,https://www.formula1.com/content/dam/fom-website/drivers/K/KEVMAG01_Kevin_Magnussen/kevmag01.png.transform/1col/image.png,6.0,,,0 days 00:01:32.242000,0 days 00:01:31.892000,0 days 00:01:31.575000,,,,,29.5,34.2,77.4,1.8,False
2023,15,Singapore Grand Prix,Marina Bay,Q,2023-09-17,14,ALO,alonso,Aston Martin,aston_martin,Fernando,Alonso,https://www.formula1.com/content/dam/fom-website/drivers/F/FERALO01_Fernando_Alonso/feralo01.png.transform/1col/image.png,7.0,,,0 days 00:01:32.584000,0 days 00:01:31.835000,0 days 00:01:31.615000,,,,,29.5,34.2,77.4,1.8,False
2023,15,Singapore Grand Prix,Marina Bay,Q,2023-09-17,31,OCO,ocon,Alpine,alpine,Esteban,Ocon,https://www.formula1.com/content/dam/fom-website/drivers/E/ESTOCO01_Esteban_Ocon/estoco01.png.transform/1col/image.png,8.0,,,0 days 00:01:32.369000,0 days 00:01:32.089000,0 days 00:01:31.673000,,,,,29.5,34.2,77.4,1.8,False
2023,15,Singapore Grand Prix,Marina Bay,Q,2023-09-17,27,HUL,hulkenberg,Haas F1 Team,haas,Nico,Hulkenberg,https://www.formula1.com/content/dam/fom-website/drivers/N/NICHUL01_Nico_Hulkenberg/nichul01.png.transform/1col/image.png,9.0,,,0 days 00:01:32.100000,0 days 00:01:31.994000,0 days 00:01:31.808000,,,,,29.5,34.2,77.4,1.8,False
2023,15,Singapore Grand Prix,Marina Bay,Q,2023-09-17,40,LAW,lawson,AlphaTauri,alphatauri,Liam,Lawson,None,10.0,,,0 days 00:01:32.215000,0 days 00:01:32.166000,0 days 00:01:32.268000,,,,,29.5,34.2,77.4,1.8,False
2023,15,Singapore Grand Prix,Marina Bay,Q,2023-09-17,1,VER,max_verstappen,Red Bull Racing,red_bull,Max,Verstappen,https://www.formula1.com/content/dam/fom-website/drivers/M/MAXVER01_Max_Verstappen/maxver01.png.transform/1col/image.png,11.0,,,0 days 00:01:32.398000,0 days 00:01:32.173000,,,,,,29.5,34.2,77.4,1.8,False
2023,15,Singapore Grand Prix,Marina Bay,Q,2023-09-17,10,GAS,gasly,Alpine,alpine,Pierre,Gasly,https://www.formula1.com/content/dam/fom-website/drivers/P/PIEGAS01_Pierre_Gasly/piegas01.png.transform/1col/image.png,12.0,,,0 days 00:01:32.452000,0 days 00:01:32.274000,,,,,,29.5,34.2,77.4,1.8,False
2023,15,Singapore Grand Prix,Marina Bay,Q,2023-09-17,11,PER,perez,Red Bull Racing,red_bull,Sergio,Perez,https://www.formula1.com/content/dam/fom-website/drivers/S/SERPER01_Sergio_Perez/serper01.png.transform/1col/image.png,13.0,,,0 days 00:01:32.099000,0 days 00:01:32.310000,,,,,,29.5,34.2,77.4,1.8,False
2023,15,Singapore Grand Prix,Marina Bay,Q,2023-09-17,23,ALB,albon,Williams,williams,Alexander,Albon,https://www.formula1.com/content/dam/fom-website/drivers/A/ALEALB01_Alexander_Albon/alealb01.png.transform/1col/image.png,14.0,,,0 days 00:01:32.668000,0 days 00:01:33.719000,,,,,,29.5,34.2,77.4,1.8,False
2023,15,Singapore Grand Prix,Marina Bay,Q,2023-09-17,22,TSU,tsunoda,AlphaTauri,alphatauri,Yuki,Tsunoda,https://www.formula1.com/content/dam/fom-website/drivers/Y/YUKTSU01_Yuki_Tsunoda/yuktsu01.png.transform/1col/image.png,15.0,,,0 days 00:01:31.991000,,,,,,,29.5,34.2,77.4,1.8,False
2023,15,Singapore Grand Prix,Marina Bay,Q,2023-09-17,77,BOT,bottas,Alfa Romeo,alfa,Valtteri,Bottas,https://www.formula1.com/content/dam/fom-website/drivers/V/VALBOT01_Valtteri_Bottas/valbot01.png.transform/1col/image.png,16.0,,,0 days 00:01:32.809000,,,,,,,29.5,34.2,77.4,1.8,False
2023,15,Singapore Grand Prix,Marina Bay,Q,2023-09-17,81,PIA,piastri,McLaren,mclaren,Oscar,Piastri,https://www.formula1.com/content/dam/fom-website/drivers/O/OSCPIA01_Oscar_Piastri/oscpia01.png.transform/1col/image.png,17.0,,,0 days 00:01:32.902000,,,,,,,29.5,34.2,77.4,1.8,False
2023,15,Singapore Grand Prix,Marina Bay,Q,2023-09-17,2,SAR,sargeant,Williams,williams,Logan,Sargeant,https://www.formula1.com/content/dam/fom-website/drivers/L/LOGSAR01_Logan_Sargeant/logsar01.png.transform/1col/image.png,18.0,,,0 days 00:01:33.252000,,,,,,,29.5,34.2,77.4,1.8,False
2023,15,Singapore Grand Prix,Marina Bay,Q,2023-09-17,24,ZHO,zhou,Alfa Romeo,alfa,Guanyu,Zhou,https://www.formula1.com/content/dam/fom-website/drivers/G/GUAZHO01_Guanyu_Zhou/guazho01.png.transform/1col/image.png,19.0,,,0 days 00:01:33.258000,,,,,,,29.5,34.2,77.4,1.8,False
2023,15,Singapore Grand Prix,Marina Bay,Q,2023-09-17,18,STR,stroll,Aston Martin,aston_martin,Lance,Stroll,https://www.formula1.com/content/dam/fom-website/drivers/L/LANSTR01_Lance_Stroll/lanstr01.png.transform/1col/image.png,20.0,,,0 days 00:01:33.397000,,,,,,,29.5,34.2,77.4,1.8,False
2023,16,Japanese Grand Prix,Suzuka,Q,2023-09-24,1,VER,max_verstappen,Red Bull Racing,red_bull,Max,Verstappen,https://www.formula1.com/content/dam/fom-website/drivers/M/MAXVER01_Max_Verstappen/maxver01.png.transform/1col/image.png,1.0,,,0 days 00:01:29.878000,0 days 00:01:29.964000,0 days 00:01:28.877000,,,,,26.1,36.6,47.5,3.5,False
2023,16,Japanese Grand Prix,Suzuka,Q,2023-09-24,81,PIA,piastri,McLaren,mclaren,Oscar,Piastri,https://www.formula1.com/content/dam/fom-website/drivers/O/OSCPIA01_Oscar_Piastri/oscpia01.png.transform/1col/image.png,2.0,,,0 days 00:01:30.439000,0 days 00:01:30.122000,0 days 00:01:29.458000,,,,,26.1,36.6,47.5,3.5,False
2023,16,Japanese Grand Prix,Suzuka,Q,2023-09-24,4,NOR,norris,McLaren,mclaren,Lando,Norris,https://www.formula1.com/content/dam/fom-website/drivers/L/LANNOR01_Lando_Norris/lannor01.png.transform/1col/image.png,3.0,,,0 days 00:01:30.063000,0 days 00:01:30.296000,0 days 00:01:29.493000,,,,,26.1,36.6,47.5,3.5,False
2023,16,Japanese Grand Prix,Suzuka,Q,2023-09-24,16,LEC,leclerc,Ferrari,ferrari,Charles,Leclerc,https://www.formula1.com/content/dam/fom-website/drivers/C/CHALEC01_Charles_Leclerc/chalec01.png.transform/1col/image.png,4.0,,,0 days 00:01:30.393000,0 days 00:01:29.940000,0 days 00:01:29.542000,,,,,26.1,36.6,47.5,3.5,False
2023,16,Japanese Grand Prix,Suzuka,Q,2023-09-24,11,PER,perez,Red Bull Racing,red_bull,Sergio,Perez,https://www.formula1.com/content/dam/fom-website/drivers/S/SERPER01_Sergio_Perez/serper01.png.transform/1col/image.png,5.0,,,0 days 00:01:30.652000,0 days 00:01:29.965000,0 days 00:01:29.650000,,,,,26.1,36.6,47.5,3.5,False
2023,16,Japanese Grand Prix,Suzuka,Q,2023-09-24,55,SAI,sainz,Ferrari,ferrari,Carlos,Sainz,https://www.formula1.com/content/dam/fom-website/drivers/C/CARSAI01_Carlos_Sainz/carsai01.png.transform/1col/image.png,6.0,,,0 days 00:01:30.651000,0 days 00:01:30.067000,0 days 00:01:29.850000,,,,,26.1,36.6,47.5,3.5,False
2023,16,Japanese Grand Prix,Suzuka,Q,2023-09-24,44,HAM,hamilton,Mercedes,mercedes,Lewis,Hamilton,https://www.formula1.com/content/dam/fom-website/drivers/L/LEWHAM01_Lewis_Hamilton/lewham01.png.transform/1col/image.png,7.0,,,0 days 00:01:30.811000,0 days 00:01:30.040000,0 days 00:01:29.908000,,,,,26.1,36.6,47.5,3.5,False
2023,16,Japanese Grand Prix,Suzuka,Q,2023-09-24,63,RUS,russell,Mercedes,mercedes,George,Russell,https://www.formula1.com/content/dam/fom-website/drivers/G/GEORUS01_George_Russell/georus01.png.transform/1col/image.png,8.0,,,0 days 00:01:30.811000,0 days 00:01:30.268000,0 days 00:01:30.219000,,,,,26.1,36.6,47.5,3.5,False
2023,16,Japanese Grand Prix,Suzuka,Q,2023-09-24,22,TSU,tsunoda,AlphaTauri,alphatauri,Yuki,Tsunoda,https://www.formula1.com/content/dam/fom-website/drivers/Y/YUKTSU01_Yuki_Tsunoda/yuktsu01.png.transform/1col/image.png,9.0,,,0 days 00:01:30.733000,0 days 00:01:30.204000,0 days 00:01:30.303000,,,,,26.1,36.6,47.5,3.5,False
2023,16,Japanese Grand Prix,Suzuka,Q,2023-09-24,14,ALO,alonso,Aston Martin,aston_martin,Fernando,Alonso,https://www.formula1.com/content/dam/fom-website/drivers/F/FERALO01_Fernando_Alonso/feralo01.png.transform/1col/image.png,10.0,,,0 days 00:01:30.971000,0 days 00:01:30.465000,0 days 00:01:30.560000,,,,,26.1,36.6,47.5,3.5,False
2023,16,Japanese Grand Prix,Suzuka,Q,2023-09-24,40,LAW,lawson,AlphaTauri,alphatauri,Liam,Lawson,None,11.0,,,0 days 00:01:30.425000,0 days 00:01:30.508000,,,,,,26.1,36.6,47.5,3.5,False
2023,16,Japanese Grand Prix,Suzuka,Q,2023-09-24,10,GAS,gasly,Alpine,alpine,Pierre,Gasly,https://www.formula1.com/content/dam/fom-website/drivers/P/PIEGAS01_Pierre_Gasly/piegas01.png.transform/1col/image.png,12.0,,,0 days 00:01:30.843000,0 days 00:01:30.509000,,,,,,26.1,36.6,47.5,3.5,False
2023,16,Japanese Grand Prix,Suzuka,Q,2023-09-24,23,ALB,albon,Williams,williams,Alexander,Albon,https://www.formula1.com/content/dam/fom-website/drivers/A/ALEALB01_Alexander_Albon/alealb01.png.transform/1col/image.png,13.0,,,0 days 00:01:30.941000,0 days 00:01:30.537000,,,,,,26.1,36.6,47.5,3.5,False
2023,16,Japanese Grand Prix,Suzuka,Q,2023-09-24,31,OCO,ocon,Alpine,alpine,Esteban,Ocon,https://www.formula1.com/content/dam/fom-website/drivers/E/ESTOCO01_Esteban_Ocon/estoco01.png.transform/1col/image.png,14.0,,,0 days 00:01:30.960000,0 days 00:01:30.586000,,,,,,26.1,36.6,47.5,3.5,False
2023,16,Japanese Grand Prix,Suzuka,Q,2023-09-24,20,MAG,kevin_magnussen,Haas F1 Team,haas,Kevin,Magnussen,https://www.formula1.com/content/dam/fom-website/drivers/K/KEVMAG01_Kevin_Magnussen/kevmag01.png.transform/1col/image.png,15.0,,,0 days 00:01:30.976000,0 days 00:01:30.665000,,,,,,26.1,36.6,47.5,3.5,False
2023,16,Japanese Grand Prix,Suzuka,Q,2023-09-24,77,BOT,bottas,Alfa Romeo,alfa,Valtteri,Bottas,https://www.formula1.com/content/dam/fom-website/drivers/V/VALBOT01_Valtteri_Bottas/valbot01.png.transform/1col/image.png,16.0,,,0 days 00:01:31.049000,,,,,,,26.1,36.6,47.5,3.5,False
2023,16,Japanese Grand Prix,Suzuka,Q,2023-09-24,18,STR,stroll,Aston Martin,aston_martin,Lance,Stroll,https://www.formula1.com/content/dam/fom-website/drivers/L/LANSTR01_Lance_Stroll/lanstr01.png.transform/1col/image.png,17.0,,,0 days 00:01:31.181000,,,,,,,26.1,36.6,47.5,3.5,False
2023,16,Japanese Grand Prix,Suzuka,Q,2023-09-24,27,HUL,hulkenberg,Haas F1 Team,haas,Nico,Hulkenberg,https://www.formula1.com/content/dam/fom-website/drivers/N/NICHUL01_Nico_Hulkenberg/nichul01.png.transform/1col/image.png,18.0,,,0 days 00:01:31.299000,,,,,,,26.1,36.6,47.5,3.5,False
2023,16,Japanese Grand Prix,Suzuka,Q,2023-09-24,24,ZHO,zhou,Alfa Romeo,alfa,Guanyu,Zhou,https://www.formula1.com/content/dam/fom-website/drivers/G/GUAZHO01_Guanyu_Zhou/guazho01.png.transform/1col/image.png,19.0,,,0 days 00:01:31.398000,,,,,,,26.1,36.6,47.5,3.5,False
2023,16,Japanese Grand Prix,Suzuka,Q,2023-09-24,2,SAR,sargeant,Williams,williams,Logan,Sargeant,https://www.formula1.com/content/dam/fom-website/drivers/L/LOGSAR01_Logan_Sargeant/logsar01.png.transform/1col/image.png,20.0,,,,,,,,,,26.1,36.6,47.5,3.5,False
2023,17,Qatar Grand Prix,Lusail,Q,2023-10-08,1,VER,max_verstappen,Red Bull Racing,red_bull,Max,Verstappen,https://www.formula1.com/content/dam/fom-website/drivers/M/MAXVER01_Max_Verstappen/maxver01.png.transform/1col/image.png,1.0,,,0 days 00:01:25.007000,0 days 00:01:24.483000,0 days 00:01:23.778000,,,,,31.4,34.4,55.8,3.3,False
2023,17,Qatar Grand Prix,Lusail,Q,2023-10-08,63,RUS,russell,Mercedes,mercedes,George,Russell,https://www.formula1.com/content/dam/fom-website/drivers/G/GEORUS01_George_Russell/georus01.png.transform/1col/image.png,2.0,,,0 days 00:01:25.334000,0 days 00:01:24.827000,0 days 00:01:24.219000,,,,,31.4,34.4,55.8,3.3,False
2023,17,Qatar Grand Prix,Lusail,Q,2023-10-08,44,HAM,hamilton,Mercedes,mercedes,Lewis,Hamilton,https://www.formula1.com/content/dam/fom-website/drivers/L/LEWHAM01_Lewis_Hamilton/lewham01.png.transform/1col/image.png,3.0,,,0 days 00:01:26.076000,0 days 00:01:24.381000,0 days 00:01:24.305000,,,,,31.4,34.4,55.8,3.3,False
2023,17,Qatar Grand Prix,Lusail,Q,2023-10-08,14,ALO,alonso,Aston Martin,aston_martin,Fernando,Alonso,https://www.formula1.com/content/dam/fom-website/drivers/F/FERALO01_Fernando_Alonso/feralo01.png.transform/1col/image.png,4.0,,,0 days 00:01:25.223000,0 days 00:01:25.241000,0 days 00:01:24.369000,,,,,31.4,34.4,55.8,3.3,False
2023,17,Qatar Grand Prix,Lusail,Q,2023-10-08,16,LEC,leclerc,Ferrari,ferrari,Charles,Leclerc,https://www.formula1.com/content/dam/fom-website/drivers/C/CHALEC01_Charles_Leclerc/chalec01.png.transform/1col/image.png,5.0,,,0 days 00:01:25.452000,0 days 00:01:25.079000,0 days 00:01:24.424000,,,,,31.4,34.4,55.8,3.3,False
2023,17,Qatar Grand Prix,Lusail,Q,2023-10-08,81,PIA,piastri,McLaren,mclaren,Oscar,Piastri,https://www.formula1.com/content/dam/fom-website/drivers/O/OSCPIA01_Oscar_Piastri/oscpia01.png.transform/1col/image.png,6.0,,,0 days 00:01:25.266000,0 days 00:01:24.724000,0 days 00:01:24.540000,,,,,31.4,34.4,55.8,3.3,False
2023,17,Qatar Grand Prix,Lusail,Q,2023-10-08,10,GAS,gasly,Alpine,alpine,Pierre,Gasly,https://www.formula1.com/content/dam/fom-website/drivers/P/PIEGAS01_Pierre_Gasly/piegas01.png.transform/1col/image.png,7.0,,,0 days 00:01:25.566000,0 days 00:01:24.918000,0 days 00:01:24.553000,,,,,31.4,34.4,55.8,3.3,False
2023,17,Qatar Grand Prix,Lusail,Q,2023-10-08,31,OCO,ocon,Alpine,alpine,Esteban,Ocon,https://www.formula1.com/content/dam/fom-website/drivers/E/ESTOCO01_Esteban_Ocon/estoco01.png.transform/1col/image.png,8.0,,,0 days 00:01:25.711000,0 days 00:01:24.928000,0 days 00:01:24.763000,,,,,31.4,34.4,55.8,3.3,False
2023,17,Qatar Grand Prix,Lusail,Q,2023-10-08,77,BOT,bottas,Alfa Romeo,alfa,Valtteri,Bottas,https://www.formula1.com/content/dam/fom-website/drivers/V/VALBOT01_Valtteri_Bottas/valbot01.png.transform/1col/image.png,9.0,,,0 days 00:01:26.038000,0 days 00:01:25.297000,0 days 00:01:25.058000,,,,,31.4,34.4,55.8,3.3,False
2023,17,Qatar Grand Prix,Lusail,Q,2023-10-08,4,NOR,norris,McLaren,mclaren,Lando,Norris,https://www.formula1.com/content/dam/fom-website/drivers/L/LANNOR01_Lando_Norris/lannor01.png.transform/1col/image.png,10.0,,,0 days 00:01:25.131000,0 days 00:01:24.685000,,,,,,31.4,34.4,55.8,3.3,False
2023,17,Qatar Grand Prix,Lusail,Q,2023-10-08,22,TSU,tsunoda,AlphaTauri,alphatauri,Yuki,Tsunoda,https://www.formula1.com/content/dam/fom-website/drivers/Y/YUKTSU01_Yuki_Tsunoda/yuktsu01.png.transform/1col/image.png,11.0,,,0 days 00:01:26.058000,0 days 00:01:25.301000,,,,,,31.4,34.4,55.8,3.3,False
2023,17,Qatar Grand Prix,Lusail,Q,2023-10-08,55,SAI,sainz,Ferrari,ferrari,Carlos,Sainz,https://www.formula1.com/content/dam/fom-website/drivers/C/CARSAI01_Carlos_Sainz/carsai01.png.transform/1col/image.png,12.0,,,0 days 00:01:25.808000,0 days 00:01:25.328000,,,,,,31.4,34.4,55.8,3.3,False
2023,17,Qatar Grand Prix,Lusail,Q,2023-10-08,11,PER,perez,Red Bull Racing,red_bull,Sergio,Perez,https://www.formula1.com/content/dam/fom-website/drivers/S/SERPER01_Sergio_Perez/serper01.png.transform/1col/image.png,13.0,,,0 days 00:01:25.991000,0 days 00:01:25.462000,,,,,,31.4,34.4,55.8,3.3,False
2023,17,Qatar Grand Prix,Lusail,Q,2023-10-08,23,ALB,albon,Williams,williams,Alexander,Albon,https://www.formula1.com/content/dam/fom-website/drivers/A/ALEALB01_Alexander_Albon/alealb01.png.transform/1col/image.png,14.0,,,0 days 00:01:26.118000,0 days 00:01:25.707000,,,,,,31.4,34.4,55.8,3.3,False
2023,17,Qatar Grand Prix,Lusail,Q,2023-10-08,27,HUL,hulkenberg,Haas F1 Team,haas,Nico,Hulkenberg,https://www.formula1.com/content/dam/fom-website/drivers/N/NICHUL01_Nico_Hulkenberg/nichul01.png.transform/1col/image.png,15.0,,,0 days 00:01:25.904000,0 days 00:01:25.783000,,,,,,31.4,34.4,55.8,3.3,False
2023,17,Qatar Grand Prix,Lusail,Q,2023-10-08,2,SAR,sargeant,Williams,williams,Logan,Sargeant,https://www.formula1.com/content/dam/fom-website/drivers/L/LOGSAR01_Logan_Sargeant/logsar01.png.transform/1col/image.png,16.0,,,0 days 00:01:26.210000,,,,,,,31.4,34.4,55.8,3.3,False
2023,17,Qatar Grand Prix,Lusail,Q,2023-10-08,18,STR,stroll,Aston Martin,aston_martin,Lance,Stroll,https://www.formula1.com/content/dam/fom-website/drivers/L/LANSTR01_Lance_Stroll/lanstr01.png.transform/1col/image.png,17.0,,,0 days 00:01:26.345000,,,,,,,31.4,34.4,55.8,3.3,False
2023,17,Qatar Grand Prix,Lusail,Q,2023-10-08,40,LAW,lawson,AlphaTauri,alphatauri,Liam,Lawson,None,18.0,,,0 days 00:01:26.635000,,,,,,,31.4,34.4,55.8,3.3,False
2023,17,Qatar Grand Prix,Lusail,Q,2023-10-08,20,MAG,kevin_magnussen,Haas F1 Team,haas,Kevin,Magnussen,https://www.formula1.com/content/dam/fom-website/drivers/K/KEVMAG01_Kevin_Magnussen/kevmag01.png.transform/1col/image.png,19.0,,,0 days 00:01:27.046000,,,,,,,31.4,34.4,55.8,3.3,False
2023,17,Qatar Grand Prix,Lusail,Q,2023-10-08,24,ZHO,zhou,Alfa Romeo,alfa,Guanyu,Zhou,https://www.formula1.com/content/dam/fom-website/drivers/G/GUAZHO01_Guanyu_Zhou/guazho01.png.transform/1col/image.png,20.0,,,0 days 00:01:27.432000,,,,,,,31.4,34.4,55.8,3.3,False
2023,18,United States Grand Prix,Austin,Q,2023-10-22,16,LEC,leclerc,Ferrari,ferrari,Charles,Leclerc,https://www.formula1.com/content/dam/fom-website/drivers/C/CHALEC01_Charles_Leclerc/chalec01.png.transform/1col/image.png,1.0,,,0 days 00:01:36.061000,0 days 00:01:35.004000,0 days 00:01:34.723000,,,,,35.5,41.4,12.5,1.4,False
2023,18,United States Grand Prix,Austin,Q,2023-10-22,4,NOR,norris,McLaren,mclaren,Lando,Norris,https://www.formula1.com/content/dam/fom-website/drivers/L/LANNOR01_Lando_Norris/lannor01.png.transform/1col/image.png,2.0,,,0 days 00:01:35.110000,0 days 00:01:35.441000,0 days 00:01:34.853000,,,,,35.5,41.4,12.5,1.4,False
2023,18,United States Grand Prix,Austin,Q,2023-10-22,44,HAM,hamilton,Mercedes,mercedes,Lewis,Hamilton,https://www.formula1.com/content/dam/fom-website/drivers/L/LEWHAM01_Lewis_Hamilton/lewham01.png.transform/1col/image.png,3.0,,,0 days 00:01:35.091000,0 days 00:01:35.240000,0 days 00:01:34.862000,,,,,35.5,41.4,12.5,1.4,False
2023,18,United States Grand Prix,Austin,Q,2023-10-22,55,SAI,sainz,Ferrari,ferrari,Carlos,Sainz,https://www.formula1.com/content/dam/fom-website/drivers/C/CARSAI01_Carlos_Sainz/carsai01.png.transform/1col/image.png,4.0,,,0 days 00:01:35.824000,0 days 00:01:35.302000,0 days 00:01:34.945000,,,,,35.5,41.4,12.5,1.4,False
2023,18,United States Grand Prix,Austin,Q,2023-10-22,63,RUS,russell,Mercedes,mercedes,George,Russell,https://www.formula1.com/content/dam/fom-website/drivers/G/GEORUS01_George_Russell/georus01.png.transform/1col/image.png,5.0,,,0 days 00:01:36.165000,0 days 00:01:35.606000,0 days 00:01:35.079000,,,,,35.5,41.4,12.5,1.4,False
2023,18,United States Grand Prix,Austin,Q,2023-10-22,1,VER,max_verstappen,Red Bull Racing,red_bull,Max,Verstappen,https://www.formula1.com/content/dam/fom-website/drivers/M/MAXVER01_Max_Verstappen/maxver01.png.transform/1col/image.png,6.0,,,0 days 00:01:35.346000,0 days 00:01:35.008000,0 days 00:01:35.081000,,,,,35.5,41.4,12.5,1.4,False
2023,18,United States Grand Prix,Austin,Q,2023-10-22,10,GAS,gasly,Alpine,alpine,Pierre,Gasly,https://www.formula1.com/content/dam/fom-website/drivers/P/PIEGAS01_Pierre_Gasly/piegas01.png.transform/1col/image.png,7.0,,,0 days 00:01:36.158000,0 days 00:01:35.496000,0 days 00:01:35.089000,,,,,35.5,41.4,12.5,1.4,False
2023,18,United States Grand Prix,Austin,Q,2023-10-22,31,OCO,ocon,Alpine,alpine,Esteban,Ocon,https://www.formula1.com/content/dam/fom-website/drivers/E/ESTOCO01_Esteban_Ocon/estoco01.png.transform/1col/image.png,8.0,,,0 days 00:01:36.131000,0 days 00:01:35.413000,0 days 00:01:35.154000,,,,,35.5,41.4,12.5,1.4,False
2023,18,United States Grand Prix,Austin,Q,2023-10-22,11,PER,perez,Red Bull Racing,red_bull,Sergio,Perez,https://www.formula1.com/content/dam/fom-website/drivers/S/SERPER01_Sergio_Perez/serper01.png.transform/1col/image.png,9.0,,,0 days 00:01:35.989000,0 days 00:01:35.679000,0 days 00:01:35.173000,,,,,35.5,41.4,12.5,1.4,False
2023,18,United States Grand Prix,Austin,Q,2023-10-22,81,PIA,piastri,McLaren,mclaren,Oscar,Piastri,https://www.formula1.com/content/dam/fom-website/drivers/O/OSCPIA01_Oscar_Piastri/oscpia01.png.transform/1col/image.png,10.0,,,0 days 00:01:36.064000,0 days 00:01:35.576000,0 days 00:01:35.467000,,,,,35.5,41.4,12.5,1.4,False
2023,18,United States Grand Prix,Austin,Q,2023-10-22,22,TSU,tsunoda,AlphaTauri,alphatauri,Yuki,Tsunoda,https://www.formula1.com/content/dam/fom-website/drivers/Y/YUKTSU01_Yuki_Tsunoda/yuktsu01.png.transform/1col/image.png,11.0,,,0 days 00:01:35.913000,0 days 00:01:35.697000,,,,,,35.5,41.4,12.5,1.4,False
2023,18,United States Grand Prix,Austin,Q,2023-10-22,24,ZHO,zhou,Alfa Romeo,alfa,Guanyu,Zhou,https://www.formula1.com/content/dam/fom-website/drivers/G/GUAZHO01_Guanyu_Zhou/guazho01.png.transform/1col/image.png,12.0,,,0 days 00:01:36.052000,0 days 00:01:35.698000,,,,,,35.5,41.4,12.5,1.4,False
2023,18,United States Grand Prix,Austin,Q,2023-10-22,77,BOT,bottas,Alfa Romeo,alfa,Valtteri,Bottas,https://www.formula1.com/content/dam/fom-website/drivers/V/VALBOT01_Valtteri_Bottas/valbot01.png.transform/1col/image.png,13.0,,,0 days 00:01:36.082000,0 days 00:01:35.858000,,,,,,35.5,41.4,12.5,1.4,False
2023,18,United States Grand Prix,Austin,Q,2023-10-22,20,MAG,kevin_magnussen,Haas F1 Team,haas,Kevin,Magnussen,https://www.formula1.com/content/dam/fom-website/drivers/K/KEVMAG01_Kevin_Magnussen/kevmag01.png.transform/1col/image.png,14.0,,,0 days 00:01:36.009000,0 days 00:01:35.880000,,,,,,35.5,41.4,12.5,1.4,False
2023,18,United States Grand Prix,Austin,Q,2023-10-22,3,RIC,ricciardo,AlphaTauri,alphatauri,Daniel,Ricciardo,None,15.0,,,0 days 00:01:36.213000,0 days 00:01:35.974000,,,,,,35.5,41.4,12.5,1.4,False
2023,18,United States Grand Prix,Austin,Q,2023-10-22,27,HUL,hulkenberg,Haas F1 Team,haas,Nico,Hulkenberg,https://www.formula1.com/content/dam/fom-website/drivers/N/NICHUL01_Nico_Hulkenberg/nichul01.png.transform/1col/image.png,16.0,,,0 days 00:01:36.235000,,,,,,,35.5,41.4,12.5,1.4,False
2023,18,United States Grand Prix,Austin,Q,2023-10-22,14,ALO,alonso,Aston Martin,aston_martin,Fernando,Alonso,https://www.formula1.com/content/dam/fom-website/drivers/F/FERALO01_Fernando_Alonso/feralo01.png.transform/1col/image.png,17.0,,,0 days 00:01:36.268000,,,,,,,35.5,41.4,12.5,1.4,False
2023,18,United States Grand Prix,Austin,Q,2023-10-22,23,ALB,albon,Williams,williams,Alexander,Albon,https://www.formula1.com/content/dam/fom-website/drivers/A/ALEALB01_Alexander_Albon/alealb01.png.transform/1col/image.png,18.0,,,0 days 00:01:36.315000,,,,,,,35.5,41.4,12.5,1.4,False
2023,18,United States Grand Prix,Austin,Q,2023-10-22,18,STR,stroll,Aston Martin,aston_martin,Lance,Stroll,https://www.formula1.com/content/dam/fom-website/drivers/L/LANSTR01_Lance_Stroll/lanstr01.png.transform/1col/image.png,19.0,,,0 days 00:01:36.589000,,,,,,,35.5,41.4,12.5,1.4,False
2023,18,United States Grand Prix,Austin,Q,2023-10-22,2,SAR,sargeant,Williams,williams,Logan,Sargeant,https://www.formula1.com/content/dam/fom-website/drivers/L/LOGSAR01_Logan_Sargeant/logsar01.png.transform/1col/image.png,20.0,,,0 days 00:01:36.827000,,,,,,,35.5,41.4,12.5,1.4,False
2023,19,Mexico City Grand Prix,Mexico City,Q,2023-10-29,16,LEC,leclerc,Ferrari,ferrari,Charles,Leclerc,https://www.formula1.com/content/dam/fom-website/drivers/C/CHALEC01_Charles_Leclerc/chalec01.png.transform/1col/image.png,1.0,,,0 days 00:01:18.401000,0 days 00:01:17.901000,0 days 00:01:17.166000,,,,,25.8,44.1,27.1,1.4,False
2023,19,Mexico City Grand Prix,Mexico City,Q,2023-10-29,55,SAI,sainz,Ferrari,ferrari,Carlos,Sainz,https://www.formula1.com/content/dam/fom-website/drivers/C/CARSAI01_Carlos_Sainz/carsai01.png.transform/1col/image.png,2.0,,,0 days 00:01:18.755000,0 days 00:01:18.382000,0 days 00:01:17.233000,,,,,25.8,44.1,27.1,1.4,False
2023,19,Mexico City Grand Prix,Mexico City,Q,2023-10-29,1,VER,max_verstappen,Red Bull Racing,red_bull,Max,Verstappen,https://www.formula1.com/content/dam/fom-website/drivers/M/MAXVER01_Max_Verstappen/maxver01.png.transform/1col/image.png,3.0,,,0 days 00:01:18.099000,0 days 00:01:17.625000,0 days 00:01:17.263000,,,,,25.8,44.1,27.1,1.4,False
2023,19,Mexico City Grand Prix,Mexico City,Q,2023-10-29,3,RIC,ricciardo,AlphaTauri,alphatauri,Daniel,Ricciardo,None,4.0,,,0 days 00:01:18.341000,0 days 00:01:17.706000,0 days 00:01:17.382000,,,,,25.8,44.1,27.1,1.4,False
2023,19,Mexico City Grand Prix,Mexico City,Q,2023-10-29,11,PER,perez,Red Bull Racing,red_bull,Sergio,Perez,https://www.formula1.com/content/dam/fom-website/drivers/S/SERPER01_Sergio_Perez/serper01.png.transform/1col/image.png,5.0,,,0 days 00:01:18.553000,0 days 00:01:18.124000,0 days 00:01:17.423000,,,,,25.8,44.1,27.1,1.4,False
2023,19,Mexico City Grand Prix,Mexico City,Q,2023-10-29,44,HAM,hamilton,Mercedes,mercedes,Lewis,Hamilton,https://www.formula1.com/content/dam/fom-website/drivers/L/LEWHAM01_Lewis_Hamilton/lewham01.png.transform/1col/image.png,6.0,,,0 days 00:01:18.677000,0 days 00:01:17.571000,0 days 00:01:17.454000,,,,,25.8,44.1,27.1,1.4,False
2023,19,Mexico City Grand Prix,Mexico City,Q,2023-10-29,81,PIA,piastri,McLaren,mclaren,Oscar,Piastri,https://www.formula1.com/content/dam/fom-website/drivers/O/OSCPIA01_Oscar_Piastri/oscpia01.png.transform/1col/image.png,7.0,,,0 days 00:01:18.241000,0 days 00:01:17.874000,0 days 00:01:17.623000,,,,,25.8,44.1,27.1,1.4,False
2023,19,Mexico City Grand Prix,Mexico City,Q,2023-10-29,63,RUS,russell,Mercedes,mercedes,George,Russell,https://www.formula1.com/content/dam/fom-website/drivers/G/GEORUS01_George_Russell/georus01.png.transform/1col/image.png,8.0,,,0 days 00:01:18.893000,0 days 00:01:17.673000,0 days 00:01:17.674000,,,,,25.8,44.1,27.1,1.4,False
2023,19,Mexico City Grand Prix,Mexico City,Q,2023-10-29,77,BOT,bottas,Alfa Romeo,alfa,Valtteri,Bottas,https://www.formula1.com/content/dam/fom-website/drivers/V/VALBOT01_Valtteri_Bottas/valbot01.png.transform/1col/image.png,9.0,,,0 days 00:01:18.429000,0 days 00:01:18.016000,0 days 00:01:18.032000,,,,,25.8,44.1,27.1,1.4,False
2023,19,Mexico City Grand Prix,Mexico City,Q,2023-10-29,24,ZHO,zhou,Alfa Romeo,alfa,Guanyu,Zhou,https://www.formula1.com/content/dam/fom-website/drivers/G/GUAZHO01_Guanyu_Zhou/guazho01.png.transform/1col/image.png,10.0,,,0 days 00:01:19.016000,0 days 00:01:18.440000,0 days 00:01:18.050000,,,,,25.8,44.1,27.1,1.4,False
2023,19,Mexico City Grand Prix,Mexico City,Q,2023-10-29,10,GAS,gasly,Alpine,alpine,Pierre,Gasly,https://www.formula1.com/content/dam/fom-website/drivers/P/PIEGAS01_Pierre_Gasly/piegas01.png.transform/1col/image.png,11.0,,,0 days 00:01:18.945000,0 days 00:01:18.521000,,,,,,25.8,44.1,27.1,1.4,False
2023,19,Mexico City Grand Prix,Mexico City,Q,2023-10-29,27,HUL,hulkenberg,Haas F1 Team,haas,Nico,Hulkenberg,https://www.formula1.com/content/dam/fom-website/drivers/N/NICHUL01_Nico_Hulkenberg/nichul01.png.transform/1col/image.png,12.0,,,0 days 00:01:18.969000,0 days 00:01:18.524000,,,,,,25.8,44.1,27.1,1.4,False
2023,19,Mexico City Grand Prix,Mexico City,Q,2023-10-29,14,ALO,alonso,Aston Martin,aston_martin,Fernando,Alonso,https://www.formula1.com/content/dam/fom-website/drivers/F/FERALO01_Fernando_Alonso/feralo01.png.transform/1col/image.png,13.0,,,0 days 00:01:18.848000,0 days 00:01:18.738000,,,,,,25.8,44.1,27.1,1.4,False
2023,19,Mexico City Grand Prix,Mexico City,Q,2023-10-29,23,ALB,albon,Williams,williams,Alexander,Albon,https://www.formula1.com/content/dam/fom-website/drivers/A/ALEALB01_Alexander_Albon/alealb01.png.transform/1col/image.png,14.0,,,0 days 00:01:18.828000,0 days 00:01:19.147000,,,,,,25.8,44.1,27.1,1.4,False
2023,19,Mexico City Grand Prix,Mexico City,Q,2023-10-29,22,TSU,tsunoda,AlphaTauri,alphatauri,Yuki,Tsunoda,https://www.formula1.com/content/dam/fom-website/drivers/Y/YUKTSU01_Yuki_Tsunoda/yuktsu01.png.transform/1col/image.png,15.0,,,0 days 00:01:18.890000,,,,,,,25.8,44.1,27.1,1.4,False
2023,19,Mexico City Grand Prix,Mexico City,Q,2023-10-29,31,OCO,ocon,Alpine,alpine,Esteban,Ocon,https://www.formula1.com/content/dam/fom-website/drivers/E/ESTOCO01_Esteban_Ocon/estoco01.png.transform/1col/image.png,16.0,,,0 days 00:01:19.080000,,,,,,,25.8,44.1,27.1,1.4,False
2023,19,Mexico City Grand Prix,Mexico City,Q,2023-10-29,20,MAG,kevin_magnussen,Haas F1 Team,haas,Kevin,Magnussen,https://www.formula1.com/content/dam/fom-website/drivers/K/KEVMAG01_Kevin_Magnussen/kevmag01.png.transform/1col/image.png,17.0,,,0 days 00:01:19.163000,,,,,,,25.8,44.1,27.1,1.4,False
2023,19,Mexico City Grand Prix,Mexico City,Q,2023-10-29,18,STR,stroll,Aston Martin,aston_martin,Lance,Stroll,https://www.formula1.com/content/dam/fom-website/drivers/L/LANSTR01_Lance_Stroll/lanstr01.png.transform/1col/image.png,18.0,,,0 days 00:01:19.227000,,,,,,,25.8,44.1,27.1,1.4,False
2023,19,Mexico City Grand Prix,Mexico City,Q,2023-10-29,4,NOR,norris,McLaren,mclaren,Lando,Norris,https://www.formula1.com/content/dam/fom-website/drivers/L/LANNOR01_Lando_Norris/lannor01.png.transform/1col/image.png,19.0,,,0 days 00:01:21.554000,,,,,,,25.8,44.1,27.1,1.4,False
2023,19,Mexico City Grand Prix,Mexico City,Q,2023-10-29,2,SAR,sargeant,Williams,williams,Logan,Sargeant,https://www.formula1.com/content/dam/fom-website/drivers/L/LOGSAR01_Logan_Sargeant/logsar01.png.transform/1col/image.png,20.0,,,,,,,,,,25.8,44.1,27.1,1.4,False
2023,20,São Paulo Grand Prix,São Paulo,Q,2023-11-05,1,VER,max_verstappen,Red Bull Racing,red_bull,Max,Verstappen,https://www.formula1.com/content/dam/fom-website/drivers/M/MAXVER01_Max_Verstappen/maxver01.png.transform/1col/image.png,1.0,,,0 days 00:01:10.436000,0 days 00:01:10.162000,0 days 00:01:10.727000,,,,,29.4,38.3,57.3,2.4,True
2023,20,São Paulo Grand Prix,São Paulo,Q,2023-11-05,16,LEC,leclerc,Ferrari,ferrari,Charles,Leclerc,https://www.formula1.com/content/dam/fom-website/drivers/C/CHALEC01_Charles_Leclerc/chalec01.png.transform/1col/image.png,2.0,,,0 days 00:01:10.472000,0 days 00:01:10.303000,0 days 00:01:11.021000,,,,,29.4,38.3,57.3,2.4,True
2023,20,São Paulo Grand Prix,São Paulo,Q,2023-11-05,18,STR,stroll,Aston Martin,aston_martin,Lance,Stroll,https://www.formula1.com/content/dam/fom-website/drivers/L/LANSTR01_Lance_Stroll/lanstr01.png.transform/1col/image.png,3.0,,,0 days 00:01:10.551000,0 days 00:01:10.375000,0 days 00:01:11.344000,,,,,29.4,38.3,57.3,2.4,True
2023,20,São Paulo Grand Prix,São Paulo,Q,2023-11-05,14,ALO,alonso,Aston Martin,aston_martin,Fernando,Alonso,https://www.formula1.com/content/dam/fom-website/drivers/F/FERALO01_Fernando_Alonso/feralo01.png.transform/1col/image.png,4.0,,,0 days 00:01:10.557000,0 days 00:01:10.237000,0 days 00:01:11.387000,,,,,29.4,38.3,57.3,2.4,True
2023,20,São Paulo Grand Prix,São Paulo,Q,2023-11-05,44,HAM,hamilton,Mercedes,mercedes,Lewis,Hamilton,https://www.formula1.com/content/dam/fom-website/drivers/L/LEWHAM01_Lewis_Hamilton/lewham01.png.transform/1col/image.png,5.0,,,0 days 00:01:10.604000,0 days 00:01:10.266000,0 days 00:01:11.469000,,,,,29.4,38.3,57.3,2.4,True
2023,20,São Paulo Grand Prix,São Paulo,Q,2023-11-05,63,RUS,russell,Mercedes,mercedes,George,Russell,https://www.formula1.com/content/dam/fom-website/drivers/G/GEORUS01_George_Russell/georus01.png.transform/1col/image.png,6.0,,,0 days 00:01:10.340000,0 days 00:01:10.316000,0 days 00:01:11.590000,,,,,29.4,38.3,57.3,2.4,True
2023,20,São Paulo Grand Prix,São Paulo,Q,2023-11-05,4,NOR,norris,McLaren,mclaren,Lando,Norris,https://www.formula1.com/content/dam/fom-website/drivers/L/LANNOR01_Lando_Norris/lannor01.png.transform/1col/image.png,7.0,,,0 days 00:01:10.623000,0 days 00:01:10.021000,0 days 00:01:11.987000,,,,,29.4,38.3,57.3,2.4,True
2023,20,São Paulo Grand Prix,São Paulo,Q,2023-11-05,55,SAI,sainz,Ferrari,ferrari,Carlos,Sainz,https://www.formula1.com/content/dam/fom-website/drivers/C/CARSAI01_Carlos_Sainz/carsai01.png.transform/1col/image.png,8.0,,,0 days 00:01:10.624000,0 days 00:01:10.254000,0 days 00:01:11.989000,,,,,29.4,38.3,57.3,2.4,True
2023,20,São Paulo Grand Prix,São Paulo,Q,2023-11-05,11,PER,perez,Red Bull Racing,red_bull,Sergio,Perez,https://www.formula1.com/content/dam/fom-website/drivers/S/SERPER01_Sergio_Perez/serper01.png.transform/1col/image.png,9.0,,,0 days 00:01:10.668000,0 days 00:01:10.219000,0 days 00:01:12.321000,,,,,29.4,38.3,57.3,2.4,True
2023,20,São Paulo Grand Prix,São Paulo,Q,2023-11-05,81,PIA,piastri,McLaren,mclaren,Oscar,Piastri,https://www.formula1.com/content/dam/fom-website/drivers/O/OSCPIA01_Oscar_Piastri/oscpia01.png.transform/1col/image.png,10.0,,,0 days 00:01:10.519000,0 days 00:01:10.330000,,,,,,29.4,38.3,57.3,2.4,True
2023,20,São Paulo Grand Prix,São Paulo,Q,2023-11-05,27,HUL,hulkenberg,Haas F1 Team,haas,Nico,Hulkenberg,https://www.formula1.com/content/dam/fom-website/drivers/N/NICHUL01_Nico_Hulkenberg/nichul01.png.transform/1col/image.png,11.0,,,0 days 00:01:10.475000,0 days 00:01:10.547000,,,,,,29.4,38.3,57.3,2.4,True
2023,20,São Paulo Grand Prix,São Paulo,Q,2023-11-05,31,OCO,ocon,Alpine,alpine,Esteban,Ocon,https://www.formula1.com/content/dam/fom-website/drivers/E/ESTOCO01_Esteban_Ocon/estoco01.png.transform/1col/image.png,12.0,,,0 days 00:01:10.763000,0 days 00:01:10.562000,,,,,,29.4,38.3,57.3,2.4,True
2023,20,São Paulo Grand Prix,São Paulo,Q,2023-11-05,10,GAS,gasly,Alpine,alpine,Pierre,Gasly,https://www.formula1.com/content/dam/fom-website/drivers/P/PIEGAS01_Pierre_Gasly/piegas01.png.transform/1col/image.png,13.0,,,0 days 00:01:10.793000,0 days 00:01:10.567000,,,,,,29.4,38.3,57.3,2.4,True
2023,20,São Paulo Grand Prix,São Paulo,Q,2023-11-05,20,MAG,kevin_magnussen,Haas F1 Team,haas,Kevin,Magnussen,https://www.formula1.com/content/dam/fom-website/drivers/K/KEVMAG01_Kevin_Magnussen/kevmag01.png.transform/1col/image.png,14.0,,,0 days 00:01:10.602000,0 days 00:01:10.723000,,,,,,29.4,38.3,57.3,2.4,True
2023,20,São Paulo Grand Prix,São Paulo,Q,2023-11-05,23,ALB,albon,Williams,williams,Alexander,Albon,https://www.formula1.com/content/dam/fom-website/drivers/A/ALEALB01_Alexander_Albon/alealb01.png.transform/1col/image.png,15.0,,,0 days 00:01:10.621000,0 days 00:01:10.840000,,,,,,29.4,38.3,57.3,2.4,True
2023,20,São Paulo Grand Prix,São Paulo,Q,2023-11-05,22,TSU,tsunoda,AlphaTauri,alphatauri,Yuki,Tsunoda,https://www.formula1.com/content/dam/fom-website/drivers/Y/YUKTSU01_Yuki_Tsunoda/yuktsu01.png.transform/1col/image.png,16.0,,,0 days 00:01:10.837000,,,,,,,29.4,38.3,57.3,2.4,True
2023,20,São Paulo Grand Prix,São Paulo,Q,2023-11-05,3,RIC,ricciardo,AlphaTauri,alphatauri,Daniel,Ricciardo,None,17.0,,,0 days 00:01:10.843000,,,,,,,29.4,38.3,57.3,2.4,True
2023,20,São Paulo Grand Prix,São Paulo,Q,2023-11-05,77,BOT,bottas,Alfa Romeo,alfa,Valtteri,Bottas,https://www.formula1.com/content/dam/fom-website/drivers/V/VALBOT01_Valtteri_Bottas/valbot01.png.transform/1col/image.png,18.0,,,0 days 00:01:10.955000,,,,,,,29.4,38.3,57.3,2.4,True
2023,20,São Paulo Grand Prix,São Paulo,Q,2023-11-05,2,SAR,sargeant,Williams,williams,Logan,Sargeant,https://www.formula1.com/content/dam/fom-website/drivers/L/LOGSAR01_Logan_Sargeant/logsar01.png.transform/1col/image.png,19.0,,,0 days 00:01:11.035000,,,,,,,29.4,38.3,57.3,2.4,True
2023,20,São Paulo Grand Prix,São Paulo,Q,2023-11-05,24,ZHO,zhou,Alfa Romeo,alfa,Guanyu,Zhou,https://www.formula1.com/content/dam/fom-website/drivers/G/GUAZHO01_Guanyu_Zhou/guazho01.png.transform/1col/image.png,20.0,,,0 days 00:01:11.275000,,,,,,,29.4,38.3,57.3,2.4,True
2023,21,Las Vegas Grand Prix,Las Vegas,Q,2023-11-18,16,LEC,leclerc,Ferrari,ferrari,Charles,Leclerc,https://www.formula1.com/content/dam/fom-website/drivers/C/CHALEC01_Charles_Leclerc/chalec01.png.transform/1col/image.png,1.0,,,0 days 00:01:33.617000,0 days 00:01:32.775000,0 days 00:01:32.726000,,,,,15.1,16.9,61.1,0.8,False
2023,21,Las Vegas Grand Prix,Las Vegas,Q,2023-11-18,55,SAI,sainz,Ferrari,ferrari,Carlos,Sainz,https://www.formula1.com/content/dam/fom-website/drivers/C/CARSAI01_Carlos_Sainz/carsai01.png.transform/1col/image.png,2.0,,,0 days 00:01:33.851000,0 days 00:01:33.338000,0 days 00:01:32.770000,,,,,15.1,16.9,61.1,0.8,False
2023,21,Las Vegas Grand Prix,Las Vegas,Q,2023-11-18,1,VER,max_verstappen,Red Bull Racing,red_bull,Max,Verstappen,https://www.formula1.com/content/dam/fom-website/drivers/M/MAXVER01_Max_Verstappen/maxver01.png.transform/1col/image.png,3.0,,,0 days 00:01:34.190000,0 days 00:01:33.572000,0 days 00:01:33.104000,,,,,15.1,16.9,61.1,0.8,False
2023,21,Las Vegas Grand Prix,Las Vegas,Q,2023-11-18,63,RUS,russell,Mercedes,mercedes,George,Russell,https://www.formula1.com/content/dam/fom-website/drivers/G/GEORUS01_George_Russell/georus01.png.transform/1col/image.png,4.0,,,0 days 00:01:34.137000,0 days 00:01:33.351000,0 days 00:01:33.112000,,,,,15.1,16.9,61.1,0.8,False
2023,21,Las Vegas Grand Prix,Las Vegas,Q,2023-11-18,10,GAS,gasly,Alpine,alpine,Pierre,Gasly,https://www.formula1.com/content/dam/fom-website/drivers/P/PIEGAS01_Pierre_Gasly/piegas01.png.transform/1col/image.png,5.0,,,0 days 00:01:34.272000,0 days 00:01:33.494000,0 days 00:01:33.239000,,,,,15.1,16.9,61.1,0.8,False
2023,21,Las Vegas Grand Prix,Las Vegas,Q,2023-11-18,23,ALB,albon,Williams,williams,Alexander,Albon,https://www.formula1.com/content/dam/fom-website/drivers/A/ALEALB01_Alexander_Albon/alealb01.png.transform/1col/image.png,6.0,,,0 days 00:01:34.634000,0 days 00:01:33.588000,0 days 00:01:33.323000,,,,,15.1,16.9,61.1,0.8,False
2023,21,Las Vegas Grand Prix,Las Vegas,Q,2023-11-18,2,SAR,sargeant,Williams,williams,Logan,Sargeant,https://www.formula1.com/content/dam/fom-website/drivers/L/LOGSAR01_Logan_Sargeant/logsar01.png.transform/1col/image.png,7.0,,,0 days 00:01:34.525000,0 days 00:01:33.733000,0 days 00:01:33.513000,,,,,15.1,16.9,61.1,0.8,False
2023,21,Las Vegas Grand Prix,Las Vegas,Q,2023-11-18,77,BOT,bottas,Alfa Romeo,alfa,Valtteri,Bottas,https://www.formula1.com/content/dam/fom-website/drivers/V/VALBOT01_Valtteri_Bottas/valbot01.png.transform/1col/image.png,8.0,,,0 days 00:01:34.305000,0 days 00:01:33.809000,0 days 00:01:33.525000,,,,,15.1,16.9,61.1,0.8,False
2023,21,Las Vegas Grand Prix,Las Vegas,Q,2023-11-18,20,MAG,kevin_magnussen,Haas F1 Team,haas,Kevin,Magnussen,https://www.formula1.com/content/dam/fom-website/drivers/K/KEVMAG01_Kevin_Magnussen/kevmag01.png.transform/1col/image.png,9.0,,,0 days 00:01:34.337000,0 days 00:01:33.664000,0 days 00:01:33.537000,,,,,15.1,16.9,61.1,0.8,False
2023,21,Las Vegas Grand Prix,Las Vegas,Q,2023-11-18,14,ALO,alonso,Aston Martin,aston_martin,Fernando,Alonso,https://www.formula1.com/content/dam/fom-website/drivers/F/FERALO01_Fernando_Alonso/feralo01.png.transform/1col/image.png,10.0,,,0 days 00:01:34.422000,0 days 00:01:33.617000,0 days 00:01:33.555000,,,,,15.1,16.9,61.1,0.8,False
2023,21,Las Vegas Grand Prix,Las Vegas,Q,2023-11-18,44,HAM,hamilton,Mercedes,mercedes,Lewis,Hamilton,https://www.formula1.com/content/dam/fom-website/drivers/L/LEWHAM01_Lewis_Hamilton/lewham01.png.transform/1col/image.png,11.0,,,0 days 00:01:34.307000,0 days 00:01:33.837000,,,,,,15.1,16.9,61.1,0.8,False
2023,21,Las Vegas Grand Prix,Las Vegas,Q,2023-11-18,11,PER,perez,Red Bull Racing,red_bull,Sergio,Perez,https://www.formula1.com/content/dam/fom-website/drivers/S/SERPER01_Sergio_Perez/serper01.png.transform/1col/image.png,12.0,,,0 days 00:01:34.574000,0 days 00:01:33.855000,,,,,,15.1,16.9,61.1,0.8,False
2023,21,Las Vegas Grand Prix,Las Vegas,Q,2023-11-18,27,HUL,hulkenberg,Haas F1 Team,haas,Nico,Hulkenberg,https://www.formula1.com/content/dam/fom-website/drivers/N/NICHUL01_Nico_Hulkenberg/nichul01.png.transform/1col/image.png,13.0,,,0 days 00:01:34.265000,0 days 00:01:33.979000,,,,,,15.1,16.9,61.1,0.8,False
2023,21,Las Vegas Grand Prix,Las Vegas,Q,2023-11-18,18,STR,stroll,Aston Martin,aston_martin,Lance,Stroll,https://www.formula1.com/content/dam/fom-website/drivers/L/LANSTR01_Lance_Stroll/lanstr01.png.transform/1col/image.png,14.0,,,0 days 00:01:34.504000,0 days 00:01:34.199000,,,,,,15.1,16.9,61.1,0.8,False
2023,21,Las Vegas Grand Prix,Las Vegas,Q,2023-11-18,3,RIC,ricciardo,AlphaTauri,alphatauri,Daniel,Ricciardo,None,15.0,,,0 days 00:01:34.683000,0 days 00:01:34.308000,,,,,,15.1,16.9,61.1,0.8,False
2023,21,Las Vegas Grand Prix,Las Vegas,Q,2023-11-18,4,NOR,norris,McLaren,mclaren,Lando,Norris,https://www.formula1.com/content/dam/fom-website/drivers/L/LANNOR01_Lando_Norris/lannor01.png.transform/1col/image.png,16.0,,,0 days 00:01:34.703000,,,,,,,15.1,16.9,61.1,0.8,False
2023,21,Las Vegas Grand Prix,Las Vegas,Q,2023-11-18,31,OCO,ocon,Alpine,alpine,Esteban,Ocon,https://www.formula1.com/content/dam/fom-website/drivers/E/ESTOCO01_Esteban_Ocon/estoco01.png.transform/1col/image.png,17.0,,,0 days 00:01:34.834000,,,,,,,15.1,16.9,61.1,0.8,False
2023,21,Las Vegas Grand Prix,Las Vegas,Q,2023-11-18,24,ZHO,zhou,Alfa Romeo,alfa,Guanyu,Zhou,https://www.formula1.com/content/dam/fom-website/drivers/G/GUAZHO01_Guanyu_Zhou/guazho01.png.transform/1col/image.png,18.0,,,0 days 00:01:34.849000,,,,,,,15.1,16.9,61.1,0.8,False
2023,21,Las Vegas Grand Prix,Las Vegas,Q,2023-11-18,81,PIA,piastri,McLaren,mclaren,Oscar,Piastri,https://www.formula1.com/content/dam/fom-website/drivers/O/OSCPIA01_Oscar_Piastri/oscpia01.png.transform/1col/image.png,19.0,,,0 days 00:01:34.850000,,,,,,,15.1,16.9,61.1,0.8,False
2023,21,Las Vegas Grand Prix,Las Vegas,Q,2023-11-18,22,TSU,tsunoda,AlphaTauri,alphatauri,Yuki,Tsunoda,https://www.formula1.com/content/dam/fom-website/drivers/Y/YUKTSU01_Yuki_Tsunoda/yuktsu01.png.transform/1col/image.png,20.0,,,0 days 00:01:36.447000,,,,,,,15.1,16.9,61.1,0.8,False
2023,22,Abu Dhabi Grand Prix,Yas Island,Q,2023-11-26,1,VER,max_verstappen,Red Bull Racing,red_bull,Max,Verstappen,https://www.formula1.com/content/dam/fom-website/drivers/M/MAXVER01_Max_Verstappen/maxver01.png.transform/1col/image.png,1.0,,,0 days 00:01:24.160000,0 days 00:01:23.740000,0 days 00:01:23.445000,,,,,26.7,31.8,66.3,1.5,False
2023,22,Abu Dhabi Grand Prix,Yas Island,Q,2023-11-26,16,LEC,leclerc,Ferrari,ferrari,Charles,Leclerc,https://www.formula1.com/content/dam/fom-website/drivers/C/CHALEC01_Charles_Leclerc/chalec01.png.transform/1col/image.png,2.0,,,0 days 00:01:24.459000,0 days 00:01:23.969000,0 days 00:01:23.584000,,,,,26.7,31.8,66.3,1.5,False
2023,22,Abu Dhabi Grand Prix,Yas Island,Q,2023-11-26,81,PIA,piastri,McLaren,mclaren,Oscar,Piastri,https://www.formula1.com/content/dam/fom-website/drivers/O/OSCPIA01_Oscar_Piastri/oscpia01.png.transform/1col/image.png,3.0,,,0 days 00:01:24.487000,0 days 00:01:24.278000,0 days 00:01:23.782000,,,,,26.7,31.8,66.3,1.5,False
2023,22,Abu Dhabi Grand Prix,Yas Island,Q,2023-11-26,63,RUS,russell,Mercedes,mercedes,George,Russell,https://www.formula1.com/content/dam/fom-website/drivers/G/GEORUS01_George_Russell/georus01.png.transform/1col/image.png,4.0,,,0 days 00:01:24.337000,0 days 00:01:24.013000,0 days 00:01:23.788000,,,,,26.7,31.8,66.3,1.5,False
2023,22,Abu Dhabi Grand Prix,Yas Island,Q,2023-11-26,4,NOR,norris,McLaren,mclaren,Lando,Norris,https://www.formula1.com/content/dam/fom-website/drivers/L/LANNOR01_Lando_Norris/lannor01.png.transform/1col/image.png,5.0,,,0 days 00:01:24.368000,0 days 00:01:23.920000,0 days 00:01:23.816000,,,,,26.7,31.8,66.3,1.5,False
2023,22,Abu Dhabi Grand Prix,Yas Island,Q,2023-11-26,22,TSU,tsunoda,AlphaTauri,alphatauri,Yuki,Tsunoda,https://www.formula1.com/content/dam/fom-website/drivers/Y/YUKTSU01_Yuki_Tsunoda/yuktsu01.png.transform/1col/image.png,6.0,,,0 days 00:01:24.286000,0 days 00:01:24.207000,0 days 00:01:23.968000,,,,,26.7,31.8,66.3,1.5,False
2023,22,Abu Dhabi Grand Prix,Yas Island,Q,2023-11-26,14,ALO,alonso,Aston Martin,aston_martin,Fernando,Alonso,https://www.formula1.com/content/dam/fom-website/drivers/F/FERALO01_Fernando_Alonso/feralo01.png.transform/1col/image.png,7.0,,,0 days 00:01:24.501000,0 days 00:01:24.131000,0 days 00:01:24.084000,,,,,26.7,31.8,66.3,1.5,False
2023,22,Abu Dhabi Grand Prix,Yas Island,Q,2023-11-26,27,HUL,hulkenberg,Haas F1 Team,haas,Nico,Hulkenberg,https://www.formula1.com/content/dam/fom-website/drivers/N/NICHUL01_Nico_Hulkenberg/nichul01.png.transform/1col/image.png,8.0,,,0 days 00:01:24.425000,0 days 00:01:24.213000,0 days 00:01:24.108000,,,,,26.7,31.8,66.3,1.5,False
2023,22,Abu Dhabi Grand Prix,Yas Island,Q,2023-11-26,11,PER,perez,Red Bull Racing,red_bull,Sergio,Perez,https://www.formula1.com/content/dam/fom-website/drivers/S/SERPER01_Sergio_Perez/serper01.png.transform/1col/image.png,9.0,,,0 days 00:01:24.209000,0 days 00:01:24.116000,0 days 00:01:24.171000,,,,,26.7,31.8,66.3,1.5,False
2023,22,Abu Dhabi Grand Prix,Yas Island,Q,2023-11-26,10,GAS,gasly,Alpine,alpine,Pierre,Gasly,https://www.formula1.com/content/dam/fom-website/drivers/P/PIEGAS01_Pierre_Gasly/piegas01.png.transform/1col/image.png,10.0,,,0 days 00:01:24.600000,0 days 00:01:24.078000,0 days 00:01:24.548000,,,,,26.7,31.8,66.3,1.5,False
2023,22,Abu Dhabi Grand Prix,Yas Island,Q,2023-11-26,44,HAM,hamilton,Mercedes,mercedes,Lewis,Hamilton,https://www.formula1.com/content/dam/fom-website/drivers/L/LEWHAM01_Lewis_Hamilton/lewham01.png.transform/1col/image.png,11.0,,,0 days 00:01:24.437000,0 days 00:01:24.359000,,,,,,26.7,31.8,66.3,1.5,False
2023,22,Abu Dhabi Grand Prix,Yas Island,Q,2023-11-26,31,OCO,ocon,Alpine,alpine,Esteban,Ocon,https://www.formula1.com/content/dam/fom-website/drivers/E/ESTOCO01_Esteban_Ocon/estoco01.png.transform/1col/image.png,12.0,,,0 days 00:01:24.565000,0 days 00:01:24.391000,,,,,,26.7,31.8,66.3,1.5,False
2023,22,Abu Dhabi Grand Prix,Yas Island,Q,2023-11-26,18,STR,stroll,Aston Martin,aston_martin,Lance,Stroll,https://www.formula1.com/content/dam/fom-website/drivers/L/LANSTR01_Lance_Stroll/lanstr01.png.transform/1col/image.png,13.0,,,0 days 00:01:24.405000,0 days 00:01:24.422000,,,,,,26.7,31.8,66.3,1.5,False
2023,22,Abu Dhabi Grand Prix,Yas Island,Q,2023-11-26,23,ALB,albon,Williams,williams,Alexander,Albon,https://www.formula1.com/content/dam/fom-website/drivers/A/ALEALB01_Alexander_Albon/alealb01.png.transform/1col/image.png,14.0,,,0 days 00:01:24.298000,0 days 00:01:24.439000,,,,,,26.7,31.8,66.3,1.5,False
2023,22,Abu Dhabi Grand Prix,Yas Island,Q,2023-11-26,3,RIC,ricciardo,AlphaTauri,alphatauri,Daniel,Ricciardo,None,15.0,,,0 days 00:01:24.461000,0 days 00:01:24.442000,,,,,,26.7,31.8,66.3,1.5,False
2023,22,Abu Dhabi Grand Prix,Yas Island,Q,2023-11-26,55,SAI,sainz,Ferrari,ferrari,Carlos,Sainz,https://www.formula1.com/content/dam/fom-website/drivers/C/CARSAI01_Carlos_Sainz/carsai01.png.transform/1col/image.png,16.0,,,0 days 00:01:24.738000,,,,,,,26.7,31.8,66.3,1.5,False
2023,22,Abu Dhabi Grand Prix,Yas Island,Q,2023-11-26,20,MAG,kevin_magnussen,Haas F1 Team,haas,Kevin,Magnussen,https://www.formula1.com/content/dam/fom-website/drivers/K/KEVMAG01_Kevin_Magnussen/kevmag01.png.transform/1col/image.png,17.0,,,0 days 00:01:24.764000,,,,,,,26.7,31.8,66.3,1.5,False
2023,22,Abu Dhabi Grand Prix,Yas Island,Q,2023-11-26,77,BOT,bottas,Alfa Romeo,alfa,Valtteri,Bottas,https://www.formula1.com/content/dam/fom-website/drivers/V/VALBOT01_Valtteri_Bottas/valbot01.png.transform/1col/image.png,18.0,,,0 days 00:01:24.788000,,,,,,,26.7,31.8,66.3,1.5,False
2023,22,Abu Dhabi Grand Prix,Yas Island,Q,2023-11-26,24,ZHO,zhou,Alfa Romeo,alfa,Guanyu,Zhou,https://www.formula1.com/content/dam/fom-website/drivers/G/GUAZHO01_Guanyu_Zhou/guazho01.png.transform/1col/image.png,19.0,,,0 days 00:01:25.159000,,,,,,,26.7,31.8,66.3,1.5,False
2023,22,Abu Dhabi Grand Prix,Yas Island,Q,2023-11-26,2,SAR,sargeant,Williams,williams,Logan,Sargeant,https://www.formula1.com/content/dam/fom-website/drivers/L/LOGSAR01_Logan_Sargeant/logsar01.png.transform/1col/image.png,20.0,,,,,,,,,,26.7,31.8,66.3,1.5,False
