Season,Round,EventName,Circuit,SessionType,EventDate,DriverNumber,Abbreviation,DriverId,TeamName,TeamId,FirstName,LastName,HeadshotUrl,Position,ClassifiedPosition,GridPosition,Q1,Q2,Q3,Time,Status,Points,Laps,AirTemp_mean,TrackTemp_mean,Humidity_mean,WindSpeed_mean,Rainfall
2023,1,Bahrain Grand Prix,Sakhir,R,2023-03-05,1,VER,max_verstappen,Red Bull Racing,red_bull,Max,Verstappen,https://www.formula1.com/content/dam/fom-website/drivers/M/MAXVER01_Max_Verstappen/maxver01.png.transform/1col/image.png,1.0,1,1.0,,,,0 days 01:33:56.736000,Finished,25.0,57.0,27.4,31.0,21.5,0.7,False
2023,1,Bahrain Grand Prix,Sakhir,R,2023-03-05,11,PER,perez,Red Bull Racing,red_bull,Sergio,Perez,https://www.formula1.com/content/dam/fom-website/drivers/S/SERPER01_Sergio_Perez/serper01.png.transform/1col/image.png,2.0,2,2.0,,,,0 days 00:00:11.987000,Finished,18.0,57.0,27.4,31.0,21.5,0.7,False
2023,1,Bahrain Grand Prix,Sakhir,R,2023-03-05,14,ALO,alonso,Aston Martin,aston_martin,Fernando,Alonso,https://www.formula1.com/content/dam/fom-website/drivers/F/FERALO01_Fernando_Alonso/feralo01.png.transform/1col/image.png,3.0,3,5.0,,,,0 days 00:00:38.637000,Finished,15.0,57.0,27.4,31.0,21.5,0.7,False
2023,1,Bahrain Grand Prix,Sakhir,R,2023-03-05,55,SAI,sainz,Ferrari,ferrari,Carlos,Sainz,https://www.formula1.com/content/dam/fom-website/drivers/C/CARSAI01_Carlos_Sainz/carsai01.png.transform/1col/image.png,4.0,4,4.0,,,,0 days 00:00:48.052000,Finished,12.0,57.0,27.4,31.0,21.5,0.7,False
2023,1,Bahrain Grand Prix,Sakhir,R,2023-03-05,44,HAM,hamilton,Mercedes,mercedes,Lewis,Hamilton,https://www.formula1.com/content/dam/fom-website/drivers/L/LEWHAM01_Lewis_Hamilton/lewham01.png.transform/1col/image.png,5.0,5,7.0,,,,0 days 00:00:50.977000,Finished,10.0,57.0,27.4,31.0,21.5,0.7,False
2023,1,Bahrain Grand Prix,Sakhir,R,2023-03-05,18,STR,stroll,Aston Martin,aston_martin,Lance,Stroll,https://www.formula1.com/content/dam/fom-website/drivers/L/LANSTR01_Lance_Stroll/lanstr01.png.transform/1col/image.png,6.0,6,8.0,,,,0 days 00:00:54.502000,Finished,8.0,57.0,27.4,31.0,21.5,0.7,False
2023,1,Bahrain Grand Prix,Sakhir,R,2023-03-05,63,RUS,russell,Mercedes,mercedes,George,Russell,https://www.formula1.com/content/dam/fom-website/drivers/G/GEORUS01_George_Russell/georus01.png.transform/1col/image.png,7.0,7,6.0,,,,0 days 00:00:55.873000,Finished,6.0,57.0,27.4,31.0,21.5,0.7,False
2023,1,Bahrain Grand Prix,Sakhir,R,2023-03-05,77,BOT,bottas,Alfa Romeo,alfa,Valtteri,Bottas,https://www.formula1.com/content/dam/fom-website/drivers/V/VALBOT01_Valtteri_Bottas/valbot01.png.transform/1col/image.png,8.0,8,12.0,,,,0 days 00:01:12.647000,Finished,4.0,57.0,27.4,31.0,21.5,0.7,False
2023,1,Bahrain Grand Prix,Sakhir,R,2023-03-05,10,GAS,gasly,Alpine,alpine,Pierre,Gasly,https://www.formula1.com/content/dam/fom-website/drivers/P/PIEGAS01_Pierre_Gasly/piegas01.png.transform/1col/image.png,9.0,9,20.0,,,,0 days 00:01:13.753000,Finished,2.0,57.0,27.4,31.0,21.5,0.7,False
2023,1,Bahrain Grand Prix,Sakhir,R,2023-03-05,23,ALB,albon,Williams,williams,Alexander,Albon,https://www.formula1.com/content/dam/fom-website/drivers/A/ALEALB01_Alexander_Albon/alealb01.png.transform/1col/image.png,10.0,10,15.0,,,,0 days 00:01:29.774000,Finished,1.0,57.0,27.4,31.0,21.5,0.7,False
2023,1,Bahrain Grand Prix,Sakhir,R,2023-03-05,22,TSU,tsunoda,AlphaTauri,alphatauri,Yuki,Tsunoda,https://www.formula1.com/content/dam/fom-website/drivers/Y/YUKTSU01_Yuki_Tsunoda/yuktsu01.png.transform/1col/image.png,11.0,11,14.0,,,,0 days 00:01:30.870000,Finished,0.0,57.0,27.4,31.0,21.5,0.7,False
2023,1,Bahrain Grand Prix,Sakhir,R,2023-03-05,2,SAR,sargeant,Williams,williams,Logan,Sargeant,https://www.formula1.com/content/dam/fom-website/drivers/L/LOGSAR01_Logan_Sargeant/logsar01.png.transform/1col/image.png,12.0,12,16.0,,,,0 days 00:00:01.136000,Lapped,0.0,56.0,27.4,31.0,21.5,0.7,False
2023,1,Bahrain Grand Prix,Sakhir,R,2023-03-05,20,MAG,kevin_magnussen,Haas F1 Team,haas,Kevin,Magnussen,https://www.formula1.com/content/dam/fom-website/drivers/K/KEVMAG01_Kevin_Magnussen/kevmag01.png.transform/1col/image.png,13.0,13,17.0,,,,0 days 00:00:16.757000,Lapped,0.0,56.0,27.4,31.0,21.5,0.7,False
2023,1,Bahrain Grand Prix,Sakhir,R,2023-03-05,21,DEV,de_vries,AlphaTauri,alphatauri,Nyck,De Vries,https://www.formula1.com/content/dam/fom-website/drivers/N/NYCDEV01_Nyck_De%20Vries/nycdev01.png.transform/1col/image.png,14.0,14,19.0,,,,0 days 00:00:22.523000,Lapped,0.0,56.0,27.4,31.0,21.5,0.7,False
2023,1,Bahrain Grand Prix,Sakhir,R,2023-03-05,27,HUL,hulkenberg,Haas F1 Team,haas,Nico,Hulkenberg,https://www.formula1.com/content/dam/fom-website/drivers/N/NICHUL01_Nico_Hulkenberg/nichul01.png.transform/1col/image.png,15.0,15,10.0,,,,0 days 00:00:38.911000,Lapped,0.0,56.0,27.4,31.0,21.5,0.7,False
2023,1,Bahrain Grand Prix,Sakhir,R,2023-03-05,24,ZHO,zhou,Alfa Romeo,alfa,Guanyu,Zhou,https://www.formula1.com/content/dam/fom-website/drivers/G/GUAZHO01_Guanyu_Zhou/guazho01.png.transform/1col/image.png,16.0,16,13.0,,,,0 days 00:00:39.649000,Lapped,0.0,56.0,27.4,31.0,21.5,0.7,False
2023,1,Bahrain Grand Prix,Sakhir,R,2023-03-05,4,NOR,norris,McLaren,mclaren,Lando,Norris,https://www.formula1.com/content/dam/fom-website/drivers/L/LANNOR01_Lando_Norris/lannor01.png.transform/1col/image.png,17.0,17,11.0,,,,0 days 00:00:06.636000,Lapped,0.0,55.0,27.4,31.0,21.5,0.7,False
2023,1,Bahrain Grand Prix,Sakhir,R,2023-03-05,31,OCO,ocon,Alpine,alpine,Esteban,Ocon,https://www.formula1.com/content/dam/fom-website/drivers/E/ESTOCO01_Esteban_Ocon/estoco01.png.transform/1col/image.png,18.0,R,9.0,,,,,Retired,0.0,41.0,27.4,31.0,21.5,0.7,False
2023,1,Bahrain Grand Prix,Sakhir,R,2023-03-05,16,LEC,leclerc,Ferrari,ferrari,Charles,Leclerc,https://www.formula1.com/content/dam/fom-website/drivers/C/CHALEC01_Charles_Leclerc/chalec01.png.transform/1col/image.png,19.0,R,3.0,,,,,Retired,0.0,39.0,27.4,31.0,21.5,0.7,False
2023,1,Bahrain Grand Prix,Sakhir,R,2023-03-05,81,PIA,piastri,McLaren,mclaren,Oscar,Piastri,https://www.formula1.com/content/dam/fom-website/drivers/O/OSCPIA01_Oscar_Piastri/oscpia01.png.transform/1col/image.png,20.0,R,18.0,,,,,Retired,0.0,13.0,27.4,31.0,21.5,0.7,False
2023,2,Saudi Arabian Grand Prix,Jeddah,R,2023-03-19,11,PER,perez,Red Bull Racing,red_bull,Sergio,Perez,https://www.formula1.com/content/dam/fom-website/drivers/S/SERPER01_Sergio_Perez/serper01.png.transform/1col/image.png,1.0,1,1.0,,,,0 days 01:21:14.894000,Finished,25.0,50.0,26.1,31.8,57.8,1.8,False
2023,2,Saudi Arabian Grand Prix,Jeddah,R,2023-03-19,1,VER,max_verstappen,Red Bull Racing,red_bull,Max,Verstappen,https://www.formula1.com/content/dam/fom-website/drivers/M/MAXVER01_Max_Verstappen/maxver01.png.transform/1col/image.png,2.0,2,15.0,,,,0 days 00:00:05.355000,Finished,19.0,50.0,26.1,31.8,57.8,1.8,False
2023,2,Saudi Arabian Grand Prix,Jeddah,R,2023-03-19,14,ALO,alonso,Aston Martin,aston_martin,Fernando,Alonso,https://www.formula1.com/content/dam/fom-website/drivers/F/FERALO01_Fernando_Alonso/feralo01.png.transform/1col/image.png,3.0,3,2.0,,,,0 days 00:00:20.728000,Finished,15.0,50.0,26.1,31.8,57.8,1.8,False
2023,2,Saudi Arabian Grand Prix,Jeddah,R,2023-03-19,63,RUS,russell,Mercedes,mercedes,George,Russell,https://www.formula1.com/content/dam/fom-website/drivers/G/GEORUS01_George_Russell/georus01.png.transform/1col/image.png,4.0,4,3.0,,,,0 days 00:00:25.866000,Finished,12.0,50.0,26.1,31.8,57.8,1.8,False
2023,2,Saudi Arabian Grand Prix,Jeddah,R,2023-03-19,44,HAM,hamilton,Mercedes,mercedes,Lewis,Hamilton,https://www.formula1.com/content/dam/fom-website/drivers/L/LEWHAM01_Lewis_Hamilton/lewham01.png.transform/1col/image.png,5.0,5,7.0,,,,0 days 00:00:31.065000,Finished,10.0,50.0,26.1,31.8,57.8,1.8,False
2023,2,Saudi Arabian Grand Prix,Jeddah,R,2023-03-19,55,SAI,sainz,Ferrari,ferrari,Carlos,Sainz,https://www.formula1.com/content/dam/fom-website/drivers/C/CARSAI01_Carlos_Sainz/carsai01.png.transform/1col/image.png,6.0,6,4.0,,,,0 days 00:00:35.876000,Finished,8.0,50.0,26.1,31.8,57.8,1.8,False
2023,2,Saudi Arabian Grand Prix,Jeddah,R,2023-03-19,16,LEC,leclerc,Ferrari,ferrari,Charles,Leclerc,https://www.formula1.com/content/dam/fom-website/drivers/C/CHALEC01_Charles_Leclerc/chalec01.png.transform/1col/image.png,7.0,7,12.0,,,,0 days 00:00:43.162000,Finished,6.0,50.0,26.1,31.8,57.8,1.8,False
2023,2,Saudi Arabian Grand Prix,Jeddah,R,2023-03-19,31,OCO,ocon,Alpine,alpine,Esteban,Ocon,https://www.formula1.com/content/dam/fom-website/drivers/E/ESTOCO01_Esteban_Ocon/estoco01.png.transform/1col/image.png,8.0,8,6.0,,,,0 days 00:00:52.832000,Finished,4.0,50.0,26.1,31.8,57.8,1.8,False
2023,2,Saudi Arabian Grand Prix,Jeddah,R,2023-03-19,10,GAS,gasly,Alpine,alpine,Pierre,Gasly,https://www.formula1.com/content/dam/fom-website/drivers/P/PIEGAS01_Pierre_Gasly/piegas01.png.transform/1col/image.png,9.0,9,9.0,,,,0 days 00:00:54.747000,Finished,2.0,50.0,26.1,31.8,57.8,1.8,False
2023,2,Saudi Arabian Grand Prix,Jeddah,R,2023-03-19,20,MAG,kevin_magnussen,Haas F1 Team,haas,Kevin,Magnussen,https://www.formula1.com/content/dam/fom-website/drivers/K/KEVMAG01_Kevin_Magnussen/kevmag01.png.transform/1col/image.png,10.0,10,13.0,,,,0 days 00:01:04.826000,Finished,1.0,50.0,26.1,31.8,57.8,1.8,False
2023,2,Saudi Arabian Grand Prix,Jeddah,R,2023-03-19,22,TSU,tsunoda,AlphaTauri,alphatauri,Yuki,Tsunoda,https://www.formula1.com/content/dam/fom-website/drivers/Y/YUKTSU01_Yuki_Tsunoda/yuktsu01.png.transform/1col/image.png,11.0,11,16.0,,,,0 days 00:01:07.494000,Finished,0.0,50.0,26.1,31.8,57.8,1.8,False
2023,2,Saudi Arabian Grand Prix,Jeddah,R,2023-03-19,27,HUL,hulkenberg,Haas F1 Team,haas,Nico,Hulkenberg,https://www.formula1.com/content/dam/fom-website/drivers/N/NICHUL01_Nico_Hulkenberg/nichul01.png.transform/1col/image.png,12.0,12,10.0,,,,0 days 00:01:10.588000,Finished,0.0,50.0,26.1,31.8,57.8,1.8,False
2023,2,Saudi Arabian Grand Prix,Jeddah,R,2023-03-19,24,ZHO,zhou,Alfa Romeo,alfa,Guanyu,Zhou,https://www.formula1.com/content/dam/fom-website/drivers/G/GUAZHO01_Guanyu_Zhou/guazho01.png.transform/1col/image.png,13.0,13,11.0,,,,0 days 00:01:16.060000,Finished,0.0,50.0,26.1,31.8,57.8,1.8,False
2023,2,Saudi Arabian Grand Prix,Jeddah,R,2023-03-19,21,DEV,de_vries,AlphaTauri,alphatauri,Nyck,De Vries,https://www.formula1.com/content/dam/fom-website/drivers/N/NYCDEV01_Nyck_De%20Vries/nycdev01.png.transform/1col/image.png,14.0,14,18.0,,,,0 days 00:01:17.478000,Finished,0.0,50.0,26.1,31.8,57.8,1.8,False
2023,2,Saudi Arabian Grand Prix,Jeddah,R,2023-03-19,81,PIA,piastri,McLaren,mclaren,Oscar,Piastri,https://www.formula1.com/content/dam/fom-website/drivers/O/OSCPIA01_Oscar_Piastri/oscpia01.png.transform/1col/image.png,15.0,15,8.0,,,,0 days 00:01:25.021000,Finished,0.0,50.0,26.1,31.8,57.8,1.8,False
2023,2,Saudi Arabian Grand Prix,Jeddah,R,2023-03-19,2,SAR,sargeant,Williams,williams,Logan,Sargeant,https://www.formula1.com/content/dam/fom-website/drivers/L/LOGSAR01_Logan_Sargeant/logsar01.png.transform/1col/image.png,16.0,16,20.0,,,,0 days 00:01:26.293000,Finished,0.0,50.0,26.1,31.8,57.8,1.8,False
2023,2,Saudi Arabian Grand Prix,Jeddah,R,2023-03-19,4,NOR,norris,McLaren,mclaren,Lando,Norris,https://www.formula1.com/content/dam/fom-website/drivers/L/LANNOR01_Lando_Norris/lannor01.png.transform/1col/image.png,17.0,17,19.0,,,,0 days 00:01:26.445000,Finished,0.0,50.0,26.1,31.8,57.8,1.8,False
2023,2,Saudi Arabian Grand Prix,Jeddah,R,2023-03-19,77,BOT,bottas,Alfa Romeo,alfa,Valtteri,Bottas,https://www.formula1.com/content/dam/fom-website/drivers/V/VALBOT01_Valtteri_Bottas/valbot01.png.transform/1col/image.png,18.0,18,14.0,,,,0 days 00:00:29.584000,Lapped,0.0,49.0,26.1,31.8,57.8,1.8,False
2023,2,Saudi Arabian Grand Prix,Jeddah,R,2023-03-19,23,ALB,albon,Williams,williams,Alexander,Albon,https://www.formula1.com/content/dam/fom-website/drivers/A/ALEALB01_Alexander_Albon/alealb01.png.transform/1col/image.png,19.0,R,17.0,,,,,Retired,0.0,27.0,26.1,31.8,57.8,1.8,False
2023,2,Saudi Arabian Grand Prix,Jeddah,R,2023-03-19,18,STR,stroll,Aston Martin,aston_martin,Lance,Stroll,https://www.formula1.com/content/dam/fom-website/drivers/L/LANSTR01_Lance_Stroll/lanstr01.png.transform/1col/image.png,20.0,R,5.0,,,,,Retired,0.0,16.0,26.1,31.8,57.8,1.8,False
2023,3,Australian Grand Prix,Melbourne,R,2023-04-02,1,VER,max_verstappen,Red Bull Racing,red_bull,Max,Verstappen,https://www.formula1.com/content/dam/fom-website/drivers/M/MAXVER01_Max_Verstappen/maxver01.png.transform/1col/image.png,1.0,1,1.0,,,,0 days 02:32:38.371000,Finished,25.0,58.0,17.4,30.1,54.2,1.1,False
2023,3,Australian Grand Prix,Melbourne,R,2023-04-02,44,HAM,hamilton,Mercedes,mercedes,Lewis,Hamilton,https://www.formula1.com/content/dam/fom-website/drivers/L/LEWHAM01_Lewis_Hamilton/lewham01.png.transform/1col/image.png,2.0,2,3.0,,,,0 days 00:00:00.179000,Finished,18.0,58.0,17.4,30.1,54.2,1.1,False
2023,3,Australian Grand Prix,Melbourne,R,2023-04-02,14,ALO,alonso,Aston Martin,aston_martin,Fernando,Alonso,https://www.formula1.com/content/dam/fom-website/drivers/F/FERALO01_Fernando_Alonso/feralo01.png.transform/1col/image.png,3.0,3,4.0,,,,0 days 00:00:00.769000,Finished,15.0,58.0,17.4,30.1,54.2,1.1,False
2023,3,Australian Grand Prix,Melbourne,R,2023-04-02,18,STR,stroll,Aston Martin,aston_martin,Lance,Stroll,https://www.formula1.com/content/dam/fom-website/drivers/L/LANSTR01_Lance_Stroll/lanstr01.png.transform/1col/image.png,4.0,4,6.0,,,,0 days 00:00:03.082000,Finished,12.0,58.0,17.4,30.1,54.2,1.1,False
2023,3,Australian Grand Prix,Melbourne,R,2023-04-02,11,PER,perez,Red Bull Racing,red_bull,Sergio,Perez,https://www.formula1.com/content/dam/fom-website/drivers/S/SERPER01_Sergio_Perez/serper01.png.transform/1col/image.png,5.0,5,20.0,,,,0 days 00:00:03.320000,Finished,11.0,58.0,17.4,30.1,54.2,1.1,False
2023,3,Australian Grand Prix,Melbourne,R,2023-04-02,4,NOR,norris,McLaren,mclaren,Lando,Norris,https://www.formula1.com/content/dam/fom-website/drivers/L/LANNOR01_Lando_Norris/lannor01.png.transform/1col/image.png,6.0,6,13.0,,,,0 days 00:00:03.701000,Finished,8.0,58.0,17.4,30.1,54.2,1.1,False
2023,3,Australian Grand Prix,Melbourne,R,2023-04-02,27,HUL,hulkenberg,Haas F1 Team,haas,Nico,Hulkenberg,https://www.formula1.com/content/dam/fom-website/drivers/N/NICHUL01_Nico_Hulkenberg/nichul01.png.transform/1col/image.png,7.0,7,10.0,,,,0 days 00:00:04.939000,Finished,6.0,58.0,17.4,30.1,54.2,1.1,False
2023,3,Australian Grand Prix,Melbourne,R,2023-04-02,81,PIA,piastri,McLaren,mclaren,Oscar,Piastri,https://www.formula1.com/content/dam/fom-website/drivers/O/OSCPIA01_Oscar_Piastri/oscpia01.png.transform/1col/image.png,8.0,8,16.0,,,,0 days 00:00:05.382000,Finished,4.0,58.0,17.4,30.1,54.2,1.1,False
2023,3,Australian Grand Prix,Melbourne,R,2023-04-02,24,ZHO,zhou,Alfa Romeo,alfa,Guanyu,Zhou,https://www.formula1.com/content/dam/fom-website/drivers/G/GUAZHO01_Guanyu_Zhou/guazho01.png.transform/1col/image.png,9.0,9,17.0,,,,0 days 00:00:05.713000,Finished,2.0,58.0,17.4,30.1,54.2,1.1,False
2023,3,Australian Grand Prix,Melbourne,R,2023-04-02,22,TSU,tsunoda,AlphaTauri,alphatauri,Yuki,Tsunoda,https://www.formula1.com/content/dam/fom-website/drivers/Y/YUKTSU01_Yuki_Tsunoda/yuktsu01.png.transform/1col/image.png,10.0,10,12.0,,,,0 days 00:00:06.052000,Finished,1.0,58.0,17.4,30.1,54.2,1.1,False
2023,3,Australian Grand Prix,Melbourne,R,2023-04-02,77,BOT,bottas,Alfa Romeo,alfa,Valtteri,Bottas,https://www.formula1.com/content/dam/fom-website/drivers/V/VALBOT01_Valtteri_Bottas/valbot01.png.transform/1col/image.png,11.0,11,19.0,,,,0 days 00:00:06.513000,Finished,0.0,58.0,17.4,30.1,54.2,1.1,False
2023,3,Australian Grand Prix,Melbourne,R,2023-04-02,55,SAI,sainz,Ferrari,ferrari,Carlos,Sainz,https://www.formula1.com/content/dam/fom-website/drivers/C/CARSAI01_Carlos_Sainz/carsai01.png.transform/1col/image.png,12.0,12,5.0,,,,0 days 00:00:06.594000,Finished,0.0,58.0,17.4,30.1,54.2,1.1,False
2023,3,Australian Grand Prix,Melbourne,R,2023-04-02,10,GAS,gasly,Alpine,alpine,Pierre,Gasly,https://www.formula1.com/content/dam/fom-website/drivers/P/PIEGAS01_Pierre_Gasly/piegas01.png.transform/1col/image.png,13.0,13,9.0,,,,,Retired,0.0,56.0,17.4,30.1,54.2,1.1,False
2023,3,Australian Grand Prix,Melbourne,R,2023-04-02,31,OCO,ocon,Alpine,alpine,Esteban,Ocon,https://www.formula1.com/content/dam/fom-website/drivers/E/ESTOCO01_Esteban_Ocon/estoco01.png.transform/1col/image.png,14.0,14,11.0,,,,,Retired,0.0,56.0,17.4,30.1,54.2,1.1,False
2023,3,Australian Grand Prix,Melbourne,R,2023-04-02,21,DEV,de_vries,AlphaTauri,alphatauri,Nyck,De Vries,https://www.formula1.com/content/dam/fom-website/drivers/N/NYCDEV01_Nyck_De%20Vries/nycdev01.png.transform/1col/image.png,15.0,15,15.0,,,,,Retired,0.0,56.0,17.4,30.1,54.2,1.1,False
2023,3,Australian Grand Prix,Melbourne,R,2023-04-02,2,SAR,sargeant,Williams,williams,Logan,Sargeant,https://www.formula1.com/content/dam/fom-website/drivers/L/LOGSAR01_Logan_Sargeant/logsar01.png.transform/1col/image.png,16.0,16,18.0,,,,,Retired,0.0,56.0,17.4,30.1,54.2,1.1,False
2023,3,Australian Grand Prix,Melbourne,R,2023-04-02,20,MAG,kevin_magnussen,Haas F1 Team,haas,Kevin,Magnussen,https://www.formula1.com/content/dam/fom-website/drivers/K/KEVMAG01_Kevin_Magnussen/kevmag01.png.transform/1col/image.png,17.0,17,14.0,,,,,Retired,0.0,52.0,17.4,30.1,54.2,1.1,False
2023,3,Australian Grand Prix,Melbourne,R,2023-04-02,63,RUS,russell,Mercedes,mercedes,George,Russell,https://www.formula1.com/content/dam/fom-website/drivers/G/GEORUS01_George_Russell/georus01.png.transform/1col/image.png,18.0,R,2.0,,,,,Retired,0.0,17.0,17.4,30.1,54.2,1.1,False
2023,3,Australian Grand Prix,Melbourne,R,2023-04-02,23,ALB,albon,Williams,williams,Alexander,Albon,https://www.formula1.com/content/dam/fom-website/drivers/A/ALEALB01_Alexander_Albon/alealb01.png.transform/1col/image.png,19.0,R,8.0,,,,,Retired,0.0,6.0,17.4,30.1,54.2,1.1,False
2023,3,Australian Grand Prix,Melbourne,R,2023-04-02,16,LEC,leclerc,Ferrari,ferrari,Charles,Leclerc,https://www.formula1.com/content/dam/fom-website/drivers/C/CHALEC01_Charles_Leclerc/chalec01.png.transform/1col/image.png,20.0,R,7.0,,,,,Retired,0.0,0.0,17.4,30.1,54.2,1.1,False
2023,4,Azerbaijan Grand Prix,Baku,R,2023-04-30,11,PER,perez,Red Bull Racing,red_bull,Sergio,Perez,https://www.formula1.com/content/dam/fom-website/drivers/S/SERPER01_Sergio_Perez/serper01.png.transform/1col/image.png,1.0,1,3.0,,,,0 days 01:32:42.436000,Finished,25.0,51.0,24.9,41.2,49.2,1.1,False
2023,4,Azerbaijan Grand Prix,Baku,R,2023-04-30,1,VER,max_verstappen,Red Bull Racing,red_bull,Max,Verstappen,https://www.formula1.com/content/dam/fom-website/drivers/M/MAXVER01_Max_Verstappen/maxver01.png.transform/1col/image.png,2.0,2,2.0,,,,0 days 00:00:02.137000,Finished,18.0,51.0,24.9,41.2,49.2,1.1,False
2023,4,Azerbaijan Grand Prix,Baku,R,2023-04-30,16,LEC,leclerc,Ferrari,ferrari,Charles,Leclerc,https://www.formula1.com/content/dam/fom-website/drivers/C/CHALEC01_Charles_Leclerc/chalec01.png.transform/1col/image.png,3.0,3,1.0,,,,0 days 00:00:21.217000,Finished,15.0,51.0,24.9,41.2,49.2,1.1,False
2023,4,Azerbaijan Grand Prix,Baku,R,2023-04-30,14,ALO,alonso,Aston Martin,aston_martin,Fernando,Alonso,https://www.formula1.com/content/dam/fom-website/drivers/F/FERALO01_Fernando_Alonso/feralo01.png.transform/1col/image.png,4.0,4,6.0,,,,0 days 00:00:22.024000,Finished,12.0,51.0,24.9,41.2,49.2,1.1,False
2023,4,Azerbaijan Grand Prix,Baku,R,2023-04-30,55,SAI,sainz,Ferrari,ferrari,Carlos,Sainz,https://www.formula1.com/content/dam/fom-website/drivers/C/CARSAI01_Carlos_Sainz/carsai01.png.transform/1col/image.png,5.0,5,4.0,,,,0 days 00:00:45.491000,Finished,10.0,51.0,24.9,41.2,49.2,1.1,False
2023,4,Azerbaijan Grand Prix,Baku,R,2023-04-30,44,HAM,hamilton,Mercedes,mercedes,Lewis,Hamilton,https://www.formula1.com/content/dam/fom-website/drivers/L/LEWHAM01_Lewis_Hamilton/lewham01.png.transform/1col/image.png,6.0,6,5.0,,,,0 days 00:00:46.145000,Finished,8.0,51.0,24.9,41.2,49.2,1.1,False
2023,4,Azerbaijan Grand Prix,Baku,R,2023-04-30,18,STR,stroll,Aston Martin,aston_martin,Lance,Stroll,https://www.formula1.com/content/dam/fom-website/drivers/L/LANSTR01_Lance_Stroll/lanstr01.png.transform/1col/image.png,7.0,7,9.0,,,,0 days 00:00:51.617000,Finished,6.0,51.0,24.9,41.2,49.2,1.1,False
2023,4,Azerbaijan Grand Prix,Baku,R,2023-04-30,63,RUS,russell,Mercedes,mercedes,George,Russell,https://www.formula1.com/content/dam/fom-website/drivers/G/GEORUS01_George_Russell/georus01.png.transform/1col/image.png,8.0,8,11.0,,,,0 days 00:01:14.240000,Finished,5.0,51.0,24.9,41.2,49.2,1.1,False
2023,4,Azerbaijan Grand Prix,Baku,R,2023-04-30,4,NOR,norris,McLaren,mclaren,Lando,Norris,https://www.formula1.com/content/dam/fom-website/drivers/L/LANNOR01_Lando_Norris/lannor01.png.transform/1col/image.png,9.0,9,7.0,,,,0 days 00:01:20.376000,Finished,2.0,51.0,24.9,41.2,49.2,1.1,False
2023,4,Azerbaijan Grand Prix,Baku,R,2023-04-30,22,TSU,tsunoda,AlphaTauri,alphatauri,Yuki,Tsunoda,https://www.formula1.com/content/dam/fom-website/drivers/Y/YUKTSU01_Yuki_Tsunoda/yuktsu01.png.transform/1col/image.png,10.0,10,8.0,,,,0 days 00:01:23.862000,Finished,1.0,51.0,24.9,41.2,49.2,1.1,False
2023,4,Azerbaijan Grand Prix,Baku,R,2023-04-30,81,PIA,piastri,McLaren,mclaren,Oscar,Piastri,https://www.formula1.com/content/dam/fom-website/drivers/O/OSCPIA01_Oscar_Piastri/oscpia01.png.transform/1col/image.png,11.0,11,10.0,,,,0 days 00:01:26.501000,Finished,0.0,51.0,24.9,41.2,49.2,1.1,False
2023,4,Azerbaijan Grand Prix,Baku,R,2023-04-30,23,ALB,albon,Williams,williams,Alexander,Albon,https://www.formula1.com/content/dam/fom-website/drivers/A/ALEALB01_Alexander_Albon/alealb01.png.transform/1col/image.png,12.0,12,12.0,,,,0 days 00:01:28.623000,Finished,0.0,51.0,24.9,41.2,49.2,1.1,False
2023,4,Azerbaijan Grand Prix,Baku,R,2023-04-30,20,MAG,kevin_magnussen,Haas F1 Team,haas,Kevin,Magnussen,https://www.formula1.com/content/dam/fom-website/drivers/K/KEVMAG01_Kevin_Magnussen/kevmag01.png.transform/1col/image.png,13.0,13,16.0,,,,0 days 00:01:29.729000,Finished,0.0,51.0,24.9,41.2,49.2,1.1,False
2023,4,Azerbaijan Grand Prix,Baku,R,2023-04-30,10,GAS,gasly,Alpine,alpine,Pierre,Gasly,https://www.formula1.com/content/dam/fom-website/drivers/P/PIEGAS01_Pierre_Gasly/piegas01.png.transform/1col/image.png,14.0,14,17.0,,,,0 days 00:01:31.332000,Finished,0.0,51.0,24.9,41.2,49.2,1.1,False
2023,4,Azerbaijan Grand Prix,Baku,R,2023-04-30,31,OCO,ocon,Alpine,alpine,Esteban,Ocon,https://www.formula1.com/content/dam/fom-website/drivers/E/ESTOCO01_Esteban_Ocon/estoco01.png.transform/1col/image.png,15.0,15,19.0,,,,0 days 00:01:37.794000,Finished,0.0,51.0,24.9,41.2,49.2,1.1,False
2023,4,Azerbaijan Grand Prix,Baku,R,2023-04-30,2,SAR,sargeant,Williams,williams,Logan,Sargeant,https://www.formula1.com/content/dam/fom-website/drivers/L/LOGSAR01_Logan_Sargeant/logsar01.png.transform/1col/image.png,16.0,16,14.0,,,,0 days 00:01:40.943000,Finished,0.0,51.0,24.9,41.2,49.2,1.1,False
2023,4,Azerbaijan Grand Prix,Baku,R,2023-04-30,27,HUL,hulkenberg,Haas F1 Team,haas,Nico,Hulkenberg,https://www.formula1.com/content/dam/fom-website/drivers/N/NICHUL01_Nico_Hulkenberg/nichul01.png.transform/1col/image.png,17.0,17,20.0,,,,0 days 00:00:09.937000,Lapped,0.0,50.0,24.9,41.2,49.2,1.1,False
2023,4,Azerbaijan Grand Prix,Baku,R,2023-04-30,77,BOT,bottas,Alfa Romeo,alfa,Valtteri,Bottas,https://www.formula1.com/content/dam/fom-website/drivers/V/VALBOT01_Valtteri_Bottas/valbot01.png.transform/1col/image.png,18.0,18,13.0,,,,0 days 00:00:19.098000,Lapped,0.0,50.0,24.9,41.2,49.2,1.1,False
2023,4,Azerbaijan Grand Prix,Baku,R,2023-04-30,24,ZHO,zhou,Alfa Romeo,alfa,Guanyu,Zhou,https://www.formula1.com/content/dam/fom-website/drivers/G/GUAZHO01_Guanyu_Zhou/guazho01.png.transform/1col/image.png,19.0,R,15.0,,,,,Retired,0.0,36.0,24.9,41.2,49.2,1.1,False
2023,4,Azerbaijan Grand Prix,Baku,R,2023-04-30,21,DEV,de_vries,AlphaTauri,alphatauri,Nyck,De Vries,https://www.formula1.com/content/dam/fom-website/drivers/N/NYCDEV01_Nyck_De%20Vries/nycdev01.png.transform/1col/image.png,20.0,R,18.0,,,,,Retired,0.0,9.0,24.9,41.2,49.2,1.1,False
2023,5,Miami Grand Prix,Miami,R,2023-05-07,1,VER,max_verstappen,Red Bull Racing,red_bull,Max,Verstappen,https://www.formula1.com/content/dam/fom-website/drivers/M/MAXVER01_Max_Verstappen/maxver01.png.transform/1col/image.png,1.0,1,9.0,,,,0 days 01:27:38.241000,Finished,26.0,57.0,27.1,36.7,59.4,4.0,False
2023,5,Miami Grand Prix,Miami,R,2023-05-07,11,PER,perez,Red Bull Racing,red_bull,Sergio,Perez,https://www.formula1.com/content/dam/fom-website/drivers/S/SERPER01_Sergio_Perez/serper01.png.transform/1col/image.png,2.0,2,1.0,,,,0 days 00:00:05.384000,Finished,18.0,57.0,27.1,36.7,59.4,4.0,False
2023,5,Miami Grand Prix,Miami,R,2023-05-07,14,ALO,alonso,Aston Martin,aston_martin,Fernando,Alonso,https://www.formula1.com/content/dam/fom-website/drivers/F/FERALO01_Fernando_Alonso/feralo01.png.transform/1col/image.png,3.0,3,2.0,,,,0 days 00:00:26.305000,Finished,15.0,57.0,27.1,36.7,59.4,4.0,False
2023,5,Miami Grand Prix,Miami,R,2023-05-07,63,RUS,russell,Mercedes,mercedes,George,Russell,https://www.formula1.com/content/dam/fom-website/drivers/G/GEORUS01_George_Russell/georus01.png.transform/1col/image.png,4.0,4,6.0,,,,0 days 00:00:33.229000,Finished,12.0,57.0,27.1,36.7,59.4,4.0,False
2023,5,Miami Grand Prix,Miami,R,2023-05-07,55,SAI,sainz,Ferrari,ferrari,Carlos,Sainz,https://www.formula1.com/content/dam/fom-website/drivers/C/CARSAI01_Carlos_Sainz/carsai01.png.transform/1col/image.png,5.0,5,3.0,,,,0 days 00:00:42.511000,Finished,10.0,57.0,27.1,36.7,59.4,4.0,False
2023,5,Miami Grand Prix,Miami,R,2023-05-07,44,HAM,hamilton,Mercedes,mercedes,Lewis,Hamilton,https://www.formula1.com/content/dam/fom-website/drivers/L/LEWHAM01_Lewis_Hamilton/lewham01.png.transform/1col/image.png,6.0,6,13.0,,,,0 days 00:00:51.249000,Finished,8.0,57.0,27.1,36.7,59.4,4.0,False
2023,5,Miami Grand Prix,Miami,R,2023-05-07,16,LEC,leclerc,Ferrari,ferrari,Charles,Leclerc,https://www.formula1.com/content/dam/fom-website/drivers/C/CHALEC01_Charles_Leclerc/chalec01.png.transform/1col/image.png,7.0,7,7.0,,,,0 days 00:00:52.988000,Finished,6.0,57.0,27.1,36.7,59.4,4.0,False
2023,5,Miami Grand Prix,Miami,R,2023-05-07,10,GAS,gasly,Alpine,alpine,Pierre,Gasly,https://www.formula1.com/content/dam/fom-website/drivers/P/PIEGAS01_Pierre_Gasly/piegas01.png.transform/1col/image.png,8.0,8,5.0,,,,0 days 00:00:55.670000,Finished,4.0,57.0,27.1,36.7,59.4,4.0,False
2023,5,Miami Grand Prix,Miami,R,2023-05-07,31,OCO,ocon,Alpine,alpine,Esteban,Ocon,https://www.formula1.com/content/dam/fom-website/drivers/E/ESTOCO01_Esteban_Ocon/estoco01.png.transform/1col/image.png,9.0,9,8.0,,,,0 days 00:00:58.123000,Finished,2.0,57.0,27.1,36.7,59.4,4.0,False
2023,5,Miami Grand Prix,Miami,R,2023-05-07,20,MAG,kevin_magnussen,Haas F1 Team,haas,Kevin,Magnussen,https://www.formula1.com/content/dam/fom-website/drivers/K/KEVMAG01_Kevin_Magnussen/kevmag01.png.transform/1col/image.png,10.0,10,4.0,,,,0 days 00:01:02.945000,Finished,1.0,57.0,27.1,36.7,59.4,4.0,False
2023,5,Miami Grand Prix,Miami,R,2023-05-07,22,TSU,tsunoda,AlphaTauri,alphatauri,Yuki,Tsunoda,https://www.formula1.com/content/dam/fom-website/drivers/Y/YUKTSU01_Yuki_Tsunoda/yuktsu01.png.transform/1col/image.png,11.0,11,17.0,,,,0 days 00:01:04.309000,Finished,0.0,57.0,27.1,36.7,59.4,4.0,False
2023,5,Miami Grand Prix,Miami,R,2023-05-07,18,STR,stroll,Aston Martin,aston_martin,Lance,Stroll,https://www.formula1.com/content/dam/fom-website/drivers/L/LANSTR01_Lance_Stroll/lanstr01.png.transform/1col/image.png,12.0,12,18.0,,,,0 days 00:01:04.754000,Finished,0.0,57.0,27.1,36.7,59.4,4.0,False
2023,5,Miami Grand Prix,Miami,R,2023-05-07,77,BOT,bottas,Alfa Romeo,alfa,Valtteri,Bottas,https://www.formula1.com/content/dam/fom-website/drivers/V/VALBOT01_Valtteri_Bottas/valbot01.png.transform/1col/image.png,13.0,13,10.0,,,,0 days 00:01:11.637000,Finished,0.0,57.0,27.1,36.7,59.4,4.0,False
2023,5,Miami Grand Prix,Miami,R,2023-05-07,23,ALB,albon,Williams,williams,Alexander,Albon,https://www.formula1.com/content/dam/fom-website/drivers/A/ALEALB01_Alexander_Albon/alealb01.png.transform/1col/image.png,14.0,14,11.0,,,,0 days 00:01:12.861000,Finished,0.0,57.0,27.1,36.7,59.4,4.0,False
2023,5,Miami Grand Prix,Miami,R,2023-05-07,27,HUL,hulkenberg,Haas F1 Team,haas,Nico,Hulkenberg,https://www.formula1.com/content/dam/fom-website/drivers/N/NICHUL01_Nico_Hulkenberg/nichul01.png.transform/1col/image.png,15.0,15,12.0,,,,0 days 00:01:14.950000,Finished,0.0,57.0,27.1,36.7,59.4,4.0,False
2023,5,Miami Grand Prix,Miami,R,2023-05-07,24,ZHO,zhou,Alfa Romeo,alfa,Guanyu,Zhou,https://www.formula1.com/content/dam/fom-website/drivers/G/GUAZHO01_Guanyu_Zhou/guazho01.png.transform/1col/image.png,16.0,16,14.0,,,,0 days 00:01:18.440000,Finished,0.0,57.0,27.1,36.7,59.4,4.0,False
2023,5,Miami Grand Prix,Miami,R,2023-05-07,4,NOR,norris,McLaren,mclaren,Lando,Norris,https://www.formula1.com/content/dam/fom-website/drivers/L/LANNOR01_Lando_Norris/lannor01.png.transform/1col/image.png,17.0,17,16.0,,,,0 days 00:01:27.717000,Finished,0.0,57.0,27.1,36.7,59.4,4.0,False
2023,5,Miami Grand Prix,Miami,R,2023-05-07,21,DEV,de_vries,AlphaTauri,alphatauri,Nyck,De Vries,https://www.formula1.com/content/dam/fom-website/drivers/N/NYCDEV01_Nyck_De%20Vries/nycdev01.png.transform/1col/image.png,18.0,18,15.0,,,,0 days 00:01:28.949000,Finished,0.0,57.0,27.1,36.7,59.4,4.0,False
2023,5,Miami Grand Prix,Miami,R,2023-05-07,81,PIA,piastri,McLaren,mclaren,Oscar,Piastri,https://www.formula1.com/content/dam/fom-website/drivers/O/OSCPIA01_Oscar_Piastri/oscpia01.png.transform/1col/image.png,19.0,19,19.0,,,,0 days 00:00:20.510000,Lapped,0.0,56.0,27.1,36.7,59.4,4.0,False
2023,5,Miami Grand Prix,Miami,R,2023-05-07,2,SAR,sargeant,Williams,williams,Logan,Sargeant,https://www.formula1.com/content/dam/fom-website/drivers/L/LOGSAR01_Logan_Sargeant/logsar01.png.transform/1col/image.png,20.0,20,20.0,,,,0 days 00:00:34.388000,Lapped,0.0,56.0,27.1,36.7,59.4,4.0,False
2023,6,Monaco Grand Prix,Monaco,R,2023-05-28,1,VER,max_verstappen,Red Bull Racing,red_bull,Max,Verstappen,https://www.formula1.com/content/dam/fom-website/drivers/M/MAXVER01_Max_Verstappen/maxver01.png.transform/1col/image.png,1.0,1,1.0,,,,0 days 01:48:51.980000,Finished,25.0,78.0,25.1,39.3,45.9,1.0,True
2023,6,Monaco Grand Prix,Monaco,R,2023-05-28,14,ALO,alonso,Aston Martin,aston_martin,Fernando,Alonso,https://www.formula1.com/content/dam/fom-website/drivers/F/FERALO01_Fernando_Alonso/feralo01.png.transform/1col/image.png,2.0,2,2.0,,,,0 days 00:00:27.921000,Finished,18.0,78.0,25.1,39.3,45.9,1.0,True
2023,6,Monaco Grand Prix,Monaco,R,2023-05-28,31,OCO,ocon,Alpine,alpine,Esteban,Ocon,https://www.formula1.com/content/dam/fom-website/drivers/E/ESTOCO01_Esteban_Ocon/estoco01.png.transform/1col/image.png,3.0,3,3.0,,,,0 days 00:00:36.990000,Finished,15.0,78.0,25.1,39.3,45.9,1.0,True
2023,6,Monaco Grand Prix,Monaco,R,2023-05-28,44,HAM,hamilton,Mercedes,mercedes,Lewis,Hamilton,https://www.formula1.com/content/dam/fom-website/drivers/L/LEWHAM01_Lewis_Hamilton/lewham01.png.transform/1col/image.png,4.0,4,5.0,,,,0 days 00:00:39.062000,Finished,13.0,78.0,25.1,39.3,45.9,1.0,True
2023,6,Monaco Grand Prix,Monaco,R,2023-05-28,63,RUS,russell,Mercedes,mercedes,George,Russell,https://www.formula1.com/content/dam/fom-website/drivers/G/GEORUS01_George_Russell/georus01.png.transform/1col/image.png,5.0,5,8.0,,,,0 days 00:00:56.284000,Finished,10.0,78.0,25.1,39.3,45.9,1.0,True
2023,6,Monaco Grand Prix,Monaco,R,2023-05-28,16,LEC,leclerc,Ferrari,ferrari,Charles,Leclerc,https://www.formula1.com/content/dam/fom-website/drivers/C/CHALEC01_Charles_Leclerc/chalec01.png.transform/1col/image.png,6.0,6,6.0,,,,0 days 00:01:01.890000,Finished,8.0,78.0,25.1,39.3,45.9,1.0,True
2023,6,Monaco Grand Prix,Monaco,R,2023-05-28,10,GAS,gasly,Alpine,alpine,Pierre,Gasly,https://www.formula1.com/content/dam/fom-website/drivers/P/PIEGAS01_Pierre_Gasly/piegas01.png.transform/1col/image.png,7.0,7,7.0,,,,0 days 00:01:02.362000,Finished,6.0,78.0,25.1,39.3,45.9,1.0,True
2023,6,Monaco Grand Prix,Monaco,R,2023-05-28,55,SAI,sainz,Ferrari,ferrari,Carlos,Sainz,https://www.formula1.com/content/dam/fom-website/drivers/C/CARSAI01_Carlos_Sainz/carsai01.png.transform/1col/image.png,8.0,8,4.0,,,,0 days 00:01:03.391000,Finished,4.0,78.0,25.1,39.3,45.9,1.0,True
2023,6,Monaco Grand Prix,Monaco,R,2023-05-28,4,NOR,norris,McLaren,mclaren,Lando,Norris,https://www.formula1.com/content/dam/fom-website/drivers/L/LANNOR01_Lando_Norris/lannor01.png.transform/1col/image.png,9.0,9,10.0,,,,0 days 00:00:04.061000,Lapped,2.0,77.0,25.1,39.3,45.9,1.0,True
2023,6,Monaco Grand Prix,Monaco,R,2023-05-28,81,PIA,piastri,McLaren,mclaren,Oscar,Piastri,https://www.formula1.com/content/dam/fom-website/drivers/O/OSCPIA01_Oscar_Piastri/oscpia01.png.transform/1col/image.png,10.0,10,11.0,,,,0 days 00:00:13.959000,Lapped,1.0,77.0,25.1,39.3,45.9,1.0,True
2023,6,Monaco Grand Prix,Monaco,R,2023-05-28,77,BOT,bottas,Alfa Romeo,alfa,Valtteri,Bottas,https://www.formula1.com/content/dam/fom-website/drivers/V/VALBOT01_Valtteri_Bottas/valbot01.png.transform/1col/image.png,11.0,11,15.0,,,,0 days 00:00:28.963000,Lapped,0.0,77.0,25.1,39.3,45.9,1.0,True
2023,6,Monaco Grand Prix,Monaco,R,2023-05-28,21,DEV,de_vries,AlphaTauri,alphatauri,Nyck,De Vries,https://www.formula1.com/content/dam/fom-website/drivers/N/NYCDEV01_Nyck_De%20Vries/nycdev01.png.transform/1col/image.png,12.0,12,12.0,,,,0 days 00:00:57.317000,Lapped,0.0,77.0,25.1,39.3,45.9,1.0,True
2023,6,Monaco Grand Prix,Monaco,R,2023-05-28,24,ZHO,zhou,Alfa Romeo,alfa,Guanyu,Zhou,https://www.formula1.com/content/dam/fom-website/drivers/G/GUAZHO01_Guanyu_Zhou/guazho01.png.transform/1col/image.png,13.0,13,19.0,,,,0 days 00:01:11.852000,Lapped,0.0,77.0,25.1,39.3,45.9,1.0,True
2023,6,Monaco Grand Prix,Monaco,R,2023-05-28,23,ALB,albon,Williams,williams,Alexander,Albon,https://www.formula1.com/content/dam/fom-website/drivers/A/ALEALB01_Alexander_Albon/alealb01.png.transform/1col/image.png,14.0,14,13.0,,,,0 days 00:01:19.210000,Lapped,0.0,77.0,25.1,39.3,45.9,1.0,True
2023,6,Monaco Grand Prix,Monaco,R,2023-05-28,22,TSU,tsunoda,AlphaTauri,alphatauri,Yuki,Tsunoda,https://www.formula1.com/content/dam/fom-website/drivers/Y/YUKTSU01_Yuki_Tsunoda/yuktsu01.png.transform/1col/image.png,15.0,15,9.0,,,,0 days 00:00:07.545000,Lapped,0.0,76.0,25.1,39.3,45.9,1.0,True
2023,6,Monaco Grand Prix,Monaco,R,2023-05-28,11,PER,perez,Red Bull Racing,red_bull,Sergio,Perez,https://www.formula1.com/content/dam/fom-website/drivers/S/SERPER01_Sergio_Perez/serper01.png.transform/1col/image.png,16.0,16,20.0,,,,0 days 00:00:49.024000,Lapped,0.0,76.0,25.1,39.3,45.9,1.0,True
2023,6,Monaco Grand Prix,Monaco,R,2023-05-28,27,HUL,hulkenberg,Haas F1 Team,haas,Nico,Hulkenberg,https://www.formula1.com/content/dam/fom-website/drivers/N/NICHUL01_Nico_Hulkenberg/nichul01.png.transform/1col/image.png,17.0,17,18.0,,,,0 days 00:00:58.506000,Lapped,0.0,76.0,25.1,39.3,45.9,1.0,True
2023,6,Monaco Grand Prix,Monaco,R,2023-05-28,2,SAR,sargeant,Williams,williams,Logan,Sargeant,https://www.formula1.com/content/dam/fom-website/drivers/L/LOGSAR01_Logan_Sargeant/logsar01.png.transform/1col/image.png,18.0,18,16.0,,,,0 days 00:01:17.983000,Lapped,0.0,76.0,25.1,39.3,45.9,1.0,True
2023,6,Monaco Grand Prix,Monaco,R,2023-05-28,20,MAG,kevin_magnussen,Haas F1 Team,haas,Kevin,Magnussen,https://www.formula1.com/content/dam/fom-website/drivers/K/KEVMAG01_Kevin_Magnussen/kevmag01.png.transform/1col/image.png,19.0,19,17.0,,,,,Retired,0.0,70.0,25.1,39.3,45.9,1.0,True
2023,6,Monaco Grand Prix,Monaco,R,2023-05-28,18,STR,stroll,Aston Martin,aston_martin,Lance,Stroll,https://www.formula1.com/content/dam/fom-website/drivers/L/LANSTR01_Lance_Stroll/lanstr01.png.transform/1col/image.png,20.0,R,14.0,,,,,Retired,0.0,53.0,25.1,39.3,45.9,1.0,True
2023,7,Spanish Grand Prix,Barcelona,R,2023-06-04,1,VER,max_verstappen,Red Bull Racing,red_bull,Max,Verstappen,https://www.formula1.com/content/dam/fom-website/drivers/M/MAXVER01_Max_Verstappen/maxver01.png.transform/1col/image.png,1.0,1,1.0,,,,0 days 01:27:57.940000,Finished,26.0,66.0,22.7,33.8,63.1,1.9,False
2023,7,Spanish Grand Prix,Barcelona,R,2023-06-04,44,HAM,hamilton,Mercedes,mercedes,Lewis,Hamilton,https://www.formula1.com/content/dam/fom-website/drivers/L/LEWHAM01_Lewis_Hamilton/lewham01.png.transform/1col/image.png,2.0,2,4.0,,,,0 days 00:00:24.090000,Finished,18.0,66.0,22.7,33.8,63.1,1.9,False
2023,7,Spanish Grand Prix,Barcelona,R,2023-06-04,63,RUS,russell,Mercedes,mercedes,George,Russell,https://www.formula1.com/content/dam/fom-website/drivers/G/GEORUS01_George_Russell/georus01.png.transform/1col/image.png,3.0,3,12.0,,,,0 days 00:00:32.389000,Finished,15.0,66.0,22.7,33.8,63.1,1.9,False
2023,7,Spanish Grand Prix,Barcelona,R,2023-06-04,11,PER,perez,Red Bull Racing,red_bull,Sergio,Perez,https://www.formula1.com/content/dam/fom-website/drivers/S/SERPER01_Sergio_Perez/serper01.png.transform/1col/image.png,4.0,4,11.0,,,,0 days 00:00:35.812000,Finished,12.0,66.0,22.7,33.8,63.1,1.9,False
2023,7,Spanish Grand Prix,Barcelona,R,2023-06-04,55,SAI,sainz,Ferrari,ferrari,Carlos,Sainz,https://www.formula1.com/content/dam/fom-website/drivers/C/CARSAI01_Carlos_Sainz/carsai01.png.transform/1col/image.png,5.0,5,2.0,,,,0 days 00:00:45.698000,Finished,10.0,66.0,22.7,33.8,63.1,1.9,False
2023,7,Spanish Grand Prix,Barcelona,R,2023-06-04,18,STR,stroll,Aston Martin,aston_martin,Lance,Stroll,https://www.formula1.com/content/dam/fom-website/drivers/L/LANSTR01_Lance_Stroll/lanstr01.png.transform/1col/image.png,6.0,6,5.0,,,,0 days 00:01:03.320000,Finished,8.0,66.0,22.7,33.8,63.1,1.9,False
2023,7,Spanish Grand Prix,Barcelona,R,2023-06-04,14,ALO,alonso,Aston Martin,aston_martin,Fernando,Alonso,https://www.formula1.com/content/dam/fom-website/drivers/F/FERALO01_Fernando_Alonso/feralo01.png.transform/1col/image.png,7.0,7,8.0,,,,0 days 00:01:04.127000,Finished,6.0,66.0,22.7,33.8,63.1,1.9,False
2023,7,Spanish Grand Prix,Barcelona,R,2023-06-04,31,OCO,ocon,Alpine,alpine,Esteban,Ocon,https://www.formula1.com/content/dam/fom-website/drivers/E/ESTOCO01_Esteban_Ocon/estoco01.png.transform/1col/image.png,8.0,8,6.0,,,,0 days 00:01:09.242000,Finished,4.0,66.0,22.7,33.8,63.1,1.9,False
2023,7,Spanish Grand Prix,Barcelona,R,2023-06-04,24,ZHO,zhou,Alfa Romeo,alfa,Guanyu,Zhou,https://www.formula1.com/content/dam/fom-website/drivers/G/GUAZHO01_Guanyu_Zhou/guazho01.png.transform/1col/image.png,9.0,9,13.0,,,,0 days 00:01:11.878000,Finished,2.0,66.0,22.7,33.8,63.1,1.9,False
2023,7,Spanish Grand Prix,Barcelona,R,2023-06-04,10,GAS,gasly,Alpine,alpine,Pierre,Gasly,https://www.formula1.com/content/dam/fom-website/drivers/P/PIEGAS01_Pierre_Gasly/piegas01.png.transform/1col/image.png,10.0,10,10.0,,,,0 days 00:01:13.530000,Finished,1.0,66.0,22.7,33.8,63.1,1.9,False
2023,7,Spanish Grand Prix,Barcelona,R,2023-06-04,16,LEC,leclerc,Ferrari,ferrari,Charles,Leclerc,https://www.formula1.com/content/dam/fom-website/drivers/C/CHALEC01_Charles_Leclerc/chalec01.png.transform/1col/image.png,11.0,11,19.0,,,,0 days 00:01:14.419000,Finished,0.0,66.0,22.7,33.8,63.1,1.9,False
2023,7,Spanish Grand Prix,Barcelona,R,2023-06-04,22,TSU,tsunoda,AlphaTauri,alphatauri,Yuki,Tsunoda,https://www.formula1.com/content/dam/fom-website/drivers/Y/YUKTSU01_Yuki_Tsunoda/yuktsu01.png.transform/1col/image.png,12.0,12,15.0,,,,0 days 00:01:15.416000,Finished,0.0,66.0,22.7,33.8,63.1,1.9,False
2023,7,Spanish Grand Prix,Barcelona,R,2023-06-04,81,PIA,piastri,McLaren,mclaren,Oscar,Piastri,https://www.formula1.com/content/dam/fom-website/drivers/O/OSCPIA01_Oscar_Piastri/oscpia01.png.transform/1col/image.png,13.0,13,9.0,,,,0 days 00:00:04.275000,Lapped,0.0,65.0,22.7,33.8,63.1,1.9,False
2023,7,Spanish Grand Prix,Barcelona,R,2023-06-04,21,DEV,de_vries,AlphaTauri,alphatauri,Nyck,De Vries,https://www.formula1.com/content/dam/fom-website/drivers/N/NYCDEV01_Nyck_De%20Vries/nycdev01.png.transform/1col/image.png,14.0,14,14.0,,,,0 days 00:00:05.327000,Lapped,0.0,65.0,22.7,33.8,63.1,1.9,False
2023,7,Spanish Grand Prix,Barcelona,R,2023-06-04,27,HUL,hulkenberg,Haas F1 Team,haas,Nico,Hulkenberg,https://www.formula1.com/content/dam/fom-website/drivers/N/NICHUL01_Nico_Hulkenberg/nichul01.png.transform/1col/image.png,15.0,15,7.0,,,,0 days 00:00:17.297000,Lapped,0.0,65.0,22.7,33.8,63.1,1.9,False
2023,7,Spanish Grand Prix,Barcelona,R,2023-06-04,23,ALB,albon,Williams,williams,Alexander,Albon,https://www.formula1.com/content/dam/fom-website/drivers/A/ALEALB01_Alexander_Albon/alealb01.png.transform/1col/image.png,16.0,16,18.0,,,,0 days 00:00:27.708000,Lapped,0.0,65.0,22.7,33.8,63.1,1.9,False
2023,7,Spanish Grand Prix,Barcelona,R,2023-06-04,4,NOR,norris,McLaren,mclaren,Lando,Norris,https://www.formula1.com/content/dam/fom-website/drivers/L/LANNOR01_Lando_Norris/lannor01.png.transform/1col/image.png,17.0,17,3.0,,,,0 days 00:00:30.390000,Lapped,0.0,65.0,22.7,33.8,63.1,1.9,False
2023,7,Spanish Grand Prix,Barcelona,R,2023-06-04,20,MAG,kevin_magnussen,Haas F1 Team,haas,Kevin,Magnussen,https://www.formula1.com/content/dam/fom-website/drivers/K/KEVMAG01_Kevin_Magnussen/kevmag01.png.transform/1col/image.png,18.0,18,17.0,,,,0 days 00:00:38.080000,Lapped,0.0,65.0,22.7,33.8,63.1,1.9,False
2023,7,Spanish Grand Prix,Barcelona,R,2023-06-04,77,BOT,bottas,Alfa Romeo,alfa,Valtteri,Bottas,https://www.formula1.com/content/dam/fom-website/drivers/V/VALBOT01_Valtteri_Bottas/valbot01.png.transform/1col/image.png,19.0,19,16.0,,,,0 days 00:00:49.943000,Lapped,0.0,65.0,22.7,33.8,63.1,1.9,False
2023,7,Spanish Grand Prix,Barcelona,R,2023-06-04,2,SAR,sargeant,Williams,williams,Logan,Sargeant,https://www.formula1.com/content/dam/fom-website/drivers/L/LOGSAR01_Logan_Sargeant/logsar01.png.transform/1col/image.png,20.0,20,20.0,,,,0 days 00:00:51.677000,Lapped,0.0,65.0,22.7,33.8,63.1,1.9,False
2023,8,Canadian Grand Prix,Montréal,R,2023-06-18,1,VER,max_verstappen,Red Bull Racing,red_bull,Max,Verstappen,https://www.formula1.com/content/dam/fom-website/drivers/M/MAXVER01_Max_Verstappen/maxver01.png.transform/1col/image.png,1.0,1,1.0,,,,0 days 01:33:58.348000,Finished,25.0,70.0,18.5,30.6,63.9,1.9,False
2023,8,Canadian Grand Prix,Montréal,R,2023-06-18,14,ALO,alonso,Aston Martin,aston_martin,Fernando,Alonso,https://www.formula1.com/content/dam/fom-website/drivers/F/FERALO01_Fernando_Alonso/feralo01.png.transform/1col/image.png,2.0,2,2.0,,,,0 days 00:00:09.570000,Finished,18.0,70.0,18.5,30.6,63.9,1.9,False
2023,8,Canadian Grand Prix,Montréal,R,2023-06-18,44,HAM,hamilton,Mercedes,mercedes,Lewis,Hamilton,https://www.formula1.com/content/dam/fom-website/drivers/L/LEWHAM01_Lewis_Hamilton/lewham01.png.transform/1col/image.png,3.0,3,3.0,,,,0 days 00:00:14.168000,Finished,15.0,70.0,18.5,30.6,63.9,1.9,False
2023,8,Canadian Grand Prix,Montréal,R,2023-06-18,16,LEC,leclerc,Ferrari,ferrari,Charles,Leclerc,https://www.formula1.com/content/dam/fom-website/drivers/C/CHALEC01_Charles_Leclerc/chalec01.png.transform/1col/image.png,4.0,4,10.0,,,,0 days 00:00:18.648000,Finished,12.0,70.0,18.5,30.6,63.9,1.9,False
2023,8,Canadian Grand Prix,Montréal,R,2023-06-18,55,SAI,sainz,Ferrari,ferrari,Carlos,Sainz,https://www.formula1.com/content/dam/fom-website/drivers/C/CARSAI01_Carlos_Sainz/carsai01.png.transform/1col/image.png,5.0,5,11.0,,,,0 days 00:00:21.540000,Finished,10.0,70.0,18.5,30.6,63.9,1.9,False
2023,8,Canadian Grand Prix,Montréal,R,2023-06-18,11,PER,perez,Red Bull Racing,red_bull,Sergio,Perez,https://www.formula1.com/content/dam/fom-website/drivers/S/SERPER01_Sergio_Perez/serper01.png.transform/1col/image.png,6.0,6,12.0,,,,0 days 00:00:51.028000,Finished,9.0,70.0,18.5,30.6,63.9,1.9,False
2023,8,Canadian Grand Prix,Montréal,R,2023-06-18,23,ALB,albon,Williams,williams,Alexander,Albon,https://www.formula1.com/content/dam/fom-website/drivers/A/ALEALB01_Alexander_Albon/alealb01.png.transform/1col/image.png,7.0,7,9.0,,,,0 days 00:01:00.813000,Finished,6.0,70.0,18.5,30.6,63.9,1.9,False
2023,8,Canadian Grand Prix,Montréal,R,2023-06-18,31,OCO,ocon,Alpine,alpine,Esteban,Ocon,https://www.formula1.com/content/dam/fom-website/drivers/E/ESTOCO01_Esteban_Ocon/estoco01.png.transform/1col/image.png,8.0,8,6.0,,,,0 days 00:01:01.692000,Finished,4.0,70.0,18.5,30.6,63.9,1.9,False
2023,8,Canadian Grand Prix,Montréal,R,2023-06-18,18,STR,stroll,Aston Martin,aston_martin,Lance,Stroll,https://www.formula1.com/content/dam/fom-website/drivers/L/LANSTR01_Lance_Stroll/lanstr01.png.transform/1col/image.png,9.0,9,16.0,,,,0 days 00:01:04.402000,Finished,2.0,70.0,18.5,30.6,63.9,1.9,False
2023,8,Canadian Grand Prix,Montréal,R,2023-06-18,77,BOT,bottas,Alfa Romeo,alfa,Valtteri,Bottas,https://www.formula1.com/content/dam/fom-website/drivers/V/VALBOT01_Valtteri_Bottas/valbot01.png.transform/1col/image.png,10.0,10,14.0,,,,0 days 00:01:04.432000,Finished,1.0,70.0,18.5,30.6,63.9,1.9,False
2023,8,Canadian Grand Prix,Montréal,R,2023-06-18,81,PIA,piastri,McLaren,mclaren,Oscar,Piastri,https://www.formula1.com/content/dam/fom-website/drivers/O/OSCPIA01_Oscar_Piastri/oscpia01.png.transform/1col/image.png,11.0,11,8.0,,,,0 days 00:01:05.101000,Finished,0.0,70.0,18.5,30.6,63.9,1.9,False
2023,8,Canadian Grand Prix,Montréal,R,2023-06-18,10,GAS,gasly,Alpine,alpine,Pierre,Gasly,https://www.formula1.com/content/dam/fom-website/drivers/P/PIEGAS01_Pierre_Gasly/piegas01.png.transform/1col/image.png,12.0,12,15.0,,,,0 days 00:01:05.249000,Finished,0.0,70.0,18.5,30.6,63.9,1.9,False
2023,8,Canadian Grand Prix,Montréal,R,2023-06-18,4,NOR,norris,McLaren,mclaren,Lando,Norris,https://www.formula1.com/content/dam/fom-website/drivers/L/LANNOR01_Lando_Norris/lannor01.png.transform/1col/image.png,13.0,13,7.0,,,,0 days 00:01:08.363000,Finished,0.0,70.0,18.5,30.6,63.9,1.9,False
2023,8,Canadian Grand Prix,Montréal,R,2023-06-18,22,TSU,tsunoda,AlphaTauri,alphatauri,Yuki,Tsunoda,https://www.formula1.com/content/dam/fom-website/drivers/Y/YUKTSU01_Yuki_Tsunoda/yuktsu01.png.transform/1col/image.png,14.0,14,19.0,,,,0 days 00:01:13.423000,Finished,0.0,70.0,18.5,30.6,63.9,1.9,False
2023,8,Canadian Grand Prix,Montréal,R,2023-06-18,27,HUL,hulkenberg,Haas F1 Team,haas,Nico,Hulkenberg,https://www.formula1.com/content/dam/fom-website/drivers/N/NICHUL01_Nico_Hulkenberg/nichul01.png.transform/1col/image.png,15.0,15,5.0,,,,0 days 00:00:16.943000,Lapped,0.0,69.0,18.5,30.6,63.9,1.9,False
2023,8,Canadian Grand Prix,Montréal,R,2023-06-18,24,ZHO,zhou,Alfa Romeo,alfa,Guanyu,Zhou,https://www.formula1.com/content/dam/fom-website/drivers/G/GUAZHO01_Guanyu_Zhou/guazho01.png.transform/1col/image.png,16.0,16,20.0,,,,0 days 00:00:17.377000,Lapped,0.0,69.0,18.5,30.6,63.9,1.9,False
2023,8,Canadian Grand Prix,Montréal,R,2023-06-18,20,MAG,kevin_magnussen,Haas F1 Team,haas,Kevin,Magnussen,https://www.formula1.com/content/dam/fom-website/drivers/K/KEVMAG01_Kevin_Magnussen/kevmag01.png.transform/1col/image.png,17.0,17,13.0,,,,0 days 00:01:10.259000,Lapped,0.0,69.0,18.5,30.6,63.9,1.9,False
2023,8,Canadian Grand Prix,Montréal,R,2023-06-18,21,DEV,de_vries,AlphaTauri,alphatauri,Nyck,De Vries,https://www.formula1.com/content/dam/fom-website/drivers/N/NYCDEV01_Nyck_De%20Vries/nycdev01.png.transform/1col/image.png,18.0,18,17.0,,,,0 days 00:01:14.967000,Lapped,0.0,69.0,18.5,30.6,63.9,1.9,False
2023,8,Canadian Grand Prix,Montréal,R,2023-06-18,63,RUS,russell,Mercedes,mercedes,George,Russell,https://www.formula1.com/content/dam/fom-website/drivers/G/GEORUS01_George_Russell/georus01.png.transform/1col/image.png,19.0,R,4.0,,,,,Retired,0.0,53.0,18.5,30.6,63.9,1.9,False
2023,8,Canadian Grand Prix,Montréal,R,2023-06-18,2,SAR,sargeant,Williams,williams,Logan,Sargeant,https://www.formula1.com/content/dam/fom-website/drivers/L/LOGSAR01_Logan_Sargeant/logsar01.png.transform/1col/image.png,20.0,R,18.0,,,,,Retired,0.0,6.0,18.5,30.6,63.9,1.9,False
2023,9,Austrian Grand Prix,Spielberg,R,2023-07-02,1,VER,max_verstappen,Red Bull Racing,red_bull,Max,Verstappen,https://www.formula1.com/content/dam/fom-website/drivers/M/MAXVER01_Max_Verstappen/maxver01.png.transform/1col/image.png,1.0,1,1.0,,,,0 days 01:25:33.607000,Finished,26.0,71.0,22.4,32.1,52.0,1.1,True
2023,9,Austrian Grand Prix,Spielberg,R,2023-07-02,16,LEC,leclerc,Ferrari,ferrari,Charles,Leclerc,https://www.formula1.com/content/dam/fom-website/drivers/C/CHALEC01_Charles_Leclerc/chalec01.png.transform/1col/image.png,2.0,2,2.0,,,,0 days 00:00:05.155000,Finished,18.0,71.0,22.4,32.1,52.0,1.1,True
2023,9,Austrian Grand Prix,Spielberg,R,2023-07-02,11,PER,perez,Red Bull Racing,red_bull,Sergio,Perez,https://www.formula1.com/content/dam/fom-website/drivers/S/SERPER01_Sergio_Perez/serper01.png.transform/1col/image.png,3.0,3,15.0,,,,0 days 00:00:17.188000,Finished,15.0,71.0,22.4,32.1,52.0,1.1,True
2023,9,Austrian Grand Prix,Spielberg,R,2023-07-02,4,NOR,norris,McLaren,mclaren,Lando,Norris,https://www.formula1.com/content/dam/fom-website/drivers/L/LANNOR01_Lando_Norris/lannor01.png.transform/1col/image.png,4.0,4,4.0,,,,0 days 00:00:26.327000,Finished,12.0,71.0,22.4,32.1,52.0,1.1,True
2023,9,Austrian Grand Prix,Spielberg,R,2023-07-02,14,ALO,alonso,Aston Martin,aston_martin,Fernando,Alonso,https://www.formula1.com/content/dam/fom-website/drivers/F/FERALO01_Fernando_Alonso/feralo01.png.transform/1col/image.png,5.0,5,7.0,,,,0 days 00:00:30.317000,Finished,10.0,71.0,22.4,32.1,52.0,1.1,True
2023,9,Austrian Grand Prix,Spielberg,R,2023-07-02,55,SAI,sainz,Ferrari,ferrari,Carlos,Sainz,https://www.formula1.com/content/dam/fom-website/drivers/C/CARSAI01_Carlos_Sainz/carsai01.png.transform/1col/image.png,6.0,6,3.0,,,,0 days 00:00:31.377000,Finished,8.0,71.0,22.4,32.1,52.0,1.1,True
2023,9,Austrian Grand Prix,Spielberg,R,2023-07-02,63,RUS,russell,Mercedes,mercedes,George,Russell,https://www.formula1.com/content/dam/fom-website/drivers/G/GEORUS01_George_Russell/georus01.png.transform/1col/image.png,7.0,7,11.0,,,,0 days 00:00:48.403000,Finished,6.0,71.0,22.4,32.1,52.0,1.1,True
2023,9,Austrian Grand Prix,Spielberg,R,2023-07-02,44,HAM,hamilton,Mercedes,mercedes,Lewis,Hamilton,https://www.formula1.com/content/dam/fom-website/drivers/L/LEWHAM01_Lewis_Hamilton/lewham01.png.transform/1col/image.png,8.0,8,5.0,,,,0 days 00:00:49.196000,Finished,4.0,71.0,22.4,32.1,52.0,1.1,True
2023,9,Austrian Grand Prix,Spielberg,R,2023-07-02,18,STR,stroll,Aston Martin,aston_martin,Lance,Stroll,https://www.formula1.com/content/dam/fom-website/drivers/L/LANSTR01_Lance_Stroll/lanstr01.png.transform/1col/image.png,9.0,9,6.0,,,,0 days 00:00:59.043000,Finished,2.0,71.0,22.4,32.1,52.0,1.1,True
2023,9,Austrian Grand Prix,Spielberg,R,2023-07-02,10,GAS,gasly,Alpine,alpine,Pierre,Gasly,https://www.formula1.com/content/dam/fom-website/drivers/P/PIEGAS01_Pierre_Gasly/piegas01.png.transform/1col/image.png,10.0,10,9.0,,,,0 days 00:01:07.667000,Finished,1.0,71.0,22.4,32.1,52.0,1.1,True
2023,9,Austrian Grand Prix,Spielberg,R,2023-07-02,23,ALB,albon,Williams,williams,Alexander,Albon,https://www.formula1.com/content/dam/fom-website/drivers/A/ALEALB01_Alexander_Albon/alealb01.png.transform/1col/image.png,11.0,11,10.0,,,,0 days 00:01:19.767000,Finished,0.0,71.0,22.4,32.1,52.0,1.1,True
2023,9,Austrian Grand Prix,Spielberg,R,2023-07-02,24,ZHO,zhou,Alfa Romeo,alfa,Guanyu,Zhou,https://www.formula1.com/content/dam/fom-website/drivers/G/GUAZHO01_Guanyu_Zhou/guazho01.png.transform/1col/image.png,12.0,12,17.0,,,,0 days 00:00:24.633000,Lapped,0.0,70.0,22.4,32.1,52.0,1.1,True
2023,9,Austrian Grand Prix,Spielberg,R,2023-07-02,2,SAR,sargeant,Williams,williams,Logan,Sargeant,https://www.formula1.com/content/dam/fom-website/drivers/L/LOGSAR01_Logan_Sargeant/logsar01.png.transform/1col/image.png,13.0,13,18.0,,,,0 days 00:00:31.384000,Lapped,0.0,70.0,22.4,32.1,52.0,1.1,True
2023,9,Austrian Grand Prix,Spielberg,R,2023-07-02,31,OCO,ocon,Alpine,alpine,Esteban,Ocon,https://www.formula1.com/content/dam/fom-website/drivers/E/ESTOCO01_Esteban_Ocon/estoco01.png.transform/1col/image.png,14.0,14,12.0,,,,0 days 00:00:42.140000,Lapped,0.0,70.0,22.4,32.1,52.0,1.1,True
2023,9,Austrian Grand Prix,Spielberg,R,2023-07-02,77,BOT,bottas,Alfa Romeo,alfa,Valtteri,Bottas,https://www.formula1.com/content/dam/fom-website/drivers/V/VALBOT01_Valtteri_Bottas/valbot01.png.transform/1col/image.png,15.0,15,14.0,,,,0 days 00:00:42.777000,Lapped,0.0,70.0,22.4,32.1,52.0,1.1,True
2023,9,Austrian Grand Prix,Spielberg,R,2023-07-02,81,PIA,piastri,McLaren,mclaren,Oscar,Piastri,https://www.formula1.com/content/dam/fom-website/drivers/O/OSCPIA01_Oscar_Piastri/oscpia01.png.transform/1col/image.png,16.0,16,13.0,,,,0 days 00:00:46.569000,Lapped,0.0,70.0,22.4,32.1,52.0,1.1,True
2023,9,Austrian Grand Prix,Spielberg,R,2023-07-02,21,DEV,de_vries,AlphaTauri,alphatauri,Nyck,De Vries,https://www.formula1.com/content/dam/fom-website/drivers/N/NYCDEV01_Nyck_De%20Vries/nycdev01.png.transform/1col/image.png,17.0,17,20.0,,,,0 days 00:00:49.703000,Lapped,0.0,70.0,22.4,32.1,52.0,1.1,True
2023,9,Austrian Grand Prix,Spielberg,R,2023-07-02,20,MAG,kevin_magnussen,Haas F1 Team,haas,Kevin,Magnussen,https://www.formula1.com/content/dam/fom-website/drivers/K/KEVMAG01_Kevin_Magnussen/kevmag01.png.transform/1col/image.png,18.0,18,19.0,,,,0 days 00:00:56.653000,Lapped,0.0,70.0,22.4,32.1,52.0,1.1,True
2023,9,Austrian Grand Prix,Spielberg,R,2023-07-02,22,TSU,tsunoda,AlphaTauri,alphatauri,Yuki,Tsunoda,https://www.formula1.com/content/dam/fom-website/drivers/Y/YUKTSU01_Yuki_Tsunoda/yuktsu01.png.transform/1col/image.png,19.0,19,16.0,,,,0 days 00:00:59.873000,Lapped,0.0,70.0,22.4,32.1,52.0,1.1,True
2023,9,Austrian Grand Prix,Spielberg,R,2023-07-02,27,HUL,hulkenberg,Haas F1 Team,haas,Nico,Hulkenberg,https://www.formula1.com/content/dam/fom-website/drivers/N/NICHUL01_Nico_Hulkenberg/nichul01.png.transform/1col/image.png,20.0,R,8.0,,,,,Retired,0.0,12.0,22.4,32.1,52.0,1.1,True
2023,10,British Grand Prix,Silverstone,R,2023-07-09,1,VER,max_verstappen,Red Bull Racing,red_bull,Max,Verstappen,https://www.formula1.com/content/dam/fom-website/drivers/M/MAXVER01_Max_Verstappen/maxver01.png.transform/1col/image.png,1.0,1,1.0,,,,0 days 01:25:16.938000,Finished,26.0,52.0,21.5,30.9,56.2,3.0,False
2023,10,British Grand Prix,Silverstone,R,2023-07-09,4,NOR,norris,McLaren,mclaren,Lando,Norris,https://www.formula1.com/content/dam/fom-website/drivers/L/LANNOR01_Lando_Norris/lannor01.png.transform/1col/image.png,2.0,2,2.0,,,,0 days 00:00:03.798000,Finished,18.0,52.0,21.5,30.9,56.2,3.0,False
2023,10,British Grand Prix,Silverstone,R,2023-07-09,44,HAM,hamilton,Mercedes,mercedes,Lewis,Hamilton,https://www.formula1.com/content/dam/fom-website/drivers/L/LEWHAM01_Lewis_Hamilton/lewham01.png.transform/1col/image.png,3.0,3,7.0,,,,0 days 00:00:06.783000,Finished,15.0,52.0,21.5,30.9,56.2,3.0,False
2023,10,British Grand Prix,Silverstone,R,2023-07-09,81,PIA,piastri,McLaren,mclaren,Oscar,Piastri,https://www.formula1.com/content/dam/fom-website/drivers/O/OSCPIA01_Oscar_Piastri/oscpia01.png.transform/1col/image.png,4.0,4,3.0,,,,0 days 00:00:07.776000,Finished,12.0,52.0,21.5,30.9,56.2,3.0,False
2023,10,British Grand Prix,Silverstone,R,2023-07-09,63,RUS,russell,Mercedes,mercedes,George,Russell,https://www.formula1.com/content/dam/fom-website/drivers/G/GEORUS01_George_Russell/georus01.png.transform/1col/image.png,5.0,5,6.0,,,,0 days 00:00:11.206000,Finished,10.0,52.0,21.5,30.9,56.2,3.0,False
2023,10,British Grand Prix,Silverstone,R,2023-07-09,11,PER,perez,Red Bull Racing,red_bull,Sergio,Perez,https://www.formula1.com/content/dam/fom-website/drivers/S/SERPER01_Sergio_Perez/serper01.png.transform/1col/image.png,6.0,6,15.0,,,,0 days 00:00:12.882000,Finished,8.0,52.0,21.5,30.9,56.2,3.0,False
2023,10,British Grand Prix,Silverstone,R,2023-07-09,14,ALO,alonso,Aston Martin,aston_martin,Fernando,Alonso,https://www.formula1.com/content/dam/fom-website/drivers/F/FERALO01_Fernando_Alonso/feralo01.png.transform/1col/image.png,7.0,7,9.0,,,,0 days 00:00:17.193000,Finished,6.0,52.0,21.5,30.9,56.2,3.0,False
2023,10,British Grand Prix,Silverstone,R,2023-07-09,23,ALB,albon,Williams,williams,Alexander,Albon,https://www.formula1.com/content/dam/fom-website/drivers/A/ALEALB01_Alexander_Albon/alealb01.png.transform/1col/image.png,8.0,8,8.0,,,,0 days 00:00:17.878000,Finished,4.0,52.0,21.5,30.9,56.2,3.0,False
2023,10,British Grand Prix,Silverstone,R,2023-07-09,16,LEC,leclerc,Ferrari,ferrari,Charles,Leclerc,https://www.formula1.com/content/dam/fom-website/drivers/C/CHALEC01_Charles_Leclerc/chalec01.png.transform/1col/image.png,9.0,9,4.0,,,,0 days 00:00:18.689000,Finished,2.0,52.0,21.5,30.9,56.2,3.0,False
2023,10,British Grand Prix,Silverstone,R,2023-07-09,55,SAI,sainz,Ferrari,ferrari,Carlos,Sainz,https://www.formula1.com/content/dam/fom-website/drivers/C/CARSAI01_Carlos_Sainz/carsai01.png.transform/1col/image.png,10.0,10,5.0,,,,0 days 00:00:19.448000,Finished,1.0,52.0,21.5,30.9,56.2,3.0,False
2023,10,British Grand Prix,Silverstone,R,2023-07-09,2,SAR,sargeant,Williams,williams,Logan,Sargeant,https://www.formula1.com/content/dam/fom-website/drivers/L/LOGSAR01_Logan_Sargeant/logsar01.png.transform/1col/image.png,11.0,11,14.0,,,,0 days 00:00:23.632000,Finished,0.0,52.0,21.5,30.9,56.2,3.0,False
2023,10,British Grand Prix,Silverstone,R,2023-07-09,77,BOT,bottas,Alfa Romeo,alfa,Valtteri,Bottas,https://www.formula1.com/content/dam/fom-website/drivers/V/VALBOT01_Valtteri_Bottas/valbot01.png.transform/1col/image.png,12.0,12,20.0,,,,0 days 00:00:25.830000,Finished,0.0,52.0,21.5,30.9,56.2,3.0,False
2023,10,British Grand Prix,Silverstone,R,2023-07-09,27,HUL,hulkenberg,Haas F1 Team,haas,Nico,Hulkenberg,https://www.formula1.com/content/dam/fom-website/drivers/N/NICHUL01_Nico_Hulkenberg/nichul01.png.transform/1col/image.png,13.0,13,11.0,,,,0 days 00:00:26.663000,Finished,0.0,52.0,21.5,30.9,56.2,3.0,False
2023,10,British Grand Prix,Silverstone,R,2023-07-09,18,STR,stroll,Aston Martin,aston_martin,Lance,Stroll,https://www.formula1.com/content/dam/fom-website/drivers/L/LANSTR01_Lance_Stroll/lanstr01.png.transform/1col/image.png,14.0,14,12.0,,,,0 days 00:00:27.483000,Finished,0.0,52.0,21.5,30.9,56.2,3.0,False
2023,10,British Grand Prix,Silverstone,R,2023-07-09,24,ZHO,zhou,Alfa Romeo,alfa,Guanyu,Zhou,https://www.formula1.com/content/dam/fom-website/drivers/G/GUAZHO01_Guanyu_Zhou/guazho01.png.transform/1col/image.png,15.0,15,17.0,,,,0 days 00:00:29.820000,Finished,0.0,52.0,21.5,30.9,56.2,3.0,False
2023,10,British Grand Prix,Silverstone,R,2023-07-09,22,TSU,tsunoda,AlphaTauri,alphatauri,Yuki,Tsunoda,https://www.formula1.com/content/dam/fom-website/drivers/Y/YUKTSU01_Yuki_Tsunoda/yuktsu01.png.transform/1col/image.png,16.0,16,16.0,,,,0 days 00:00:31.225000,Finished,0.0,52.0,21.5,30.9,56.2,3.0,False
2023,10,British Grand Prix,Silverstone,R,2023-07-09,21,DEV,de_vries,AlphaTauri,alphatauri,Nyck,De Vries,https://www.formula1.com/content/dam/fom-website/drivers/N/NYCDEV01_Nyck_De%20Vries/nycdev01.png.transform/1col/image.png,17.0,17,18.0,,,,0 days 00:00:33.128000,Finished,0.0,52.0,21.5,30.9,56.2,3.0,False
2023,10,British Grand Prix,Silverstone,R,2023-07-09,10,GAS,gasly,Alpine,alpine,Pierre,Gasly,https://www.formula1.com/content/dam/fom-website/drivers/P/PIEGAS01_Pierre_Gasly/piegas01.png.transform/1col/image.png,18.0,18,10.0,,,,,Retired,0.0,46.0,21.5,30.9,56.2,3.0,False
2023,10,British Grand Prix,Silverstone,R,2023-07-09,20,MAG,kevin_magnussen,Haas F1 Team,haas,Kevin,Magnussen,https://www.formula1.com/content/dam/fom-website/drivers/K/KEVMAG01_Kevin_Magnussen/kevmag01.png.transform/1col/image.png,19.0,R,19.0,,,,,Retired,0.0,31.0,21.5,30.9,56.2,3.0,False
2023,10,British Grand Prix,Silverstone,R,2023-07-09,31,OCO,ocon,Alpine,alpine,Esteban,Ocon,https://www.formula1.com/content/dam/fom-website/drivers/E/ESTOCO01_Esteban_Ocon/estoco01.png.transform/1col/image.png,20.0,R,13.0,,,,,Retired,0.0,9.0,21.5,30.9,56.2,3.0,False
2023,11,Hungarian Grand Prix,Budapest,R,2023-07-23,1,VER,max_verstappen,Red Bull Racing,red_bull,Max,Verstappen,https://www.formula1.com/content/dam/fom-website/drivers/M/MAXVER01_Max_Verstappen/maxver01.png.transform/1col/image.png,1.0,1,2.0,,,,0 days 01:38:08.634000,Finished,26.0,70.0,28.8,48.6,32.8,1.4,False
2023,11,Hungarian Grand Prix,Budapest,R,2023-07-23,4,NOR,norris,McLaren,mclaren,Lando,Norris,https://www.formula1.com/content/dam/fom-website/drivers/L/LANNOR01_Lando_Norris/lannor01.png.transform/1col/image.png,2.0,2,3.0,,,,0 days 00:00:33.731000,Finished,18.0,70.0,28.8,48.6,32.8,1.4,False
2023,11,Hungarian Grand Prix,Budapest,R,2023-07-23,11,PER,perez,Red Bull Racing,red_bull,Sergio,Perez,https://www.formula1.com/content/dam/fom-website/drivers/S/SERPER01_Sergio_Perez/serper01.png.transform/1col/image.png,3.0,3,9.0,,,,0 days 00:00:37.603000,Finished,15.0,70.0,28.8,48.6,32.8,1.4,False
2023,11,Hungarian Grand Prix,Budapest,R,2023-07-23,44,HAM,hamilton,Mercedes,mercedes,Lewis,Hamilton,https://www.formula1.com/content/dam/fom-website/drivers/L/LEWHAM01_Lewis_Hamilton/lewham01.png.transform/1col/image.png,4.0,4,1.0,,,,0 days 00:00:39.134000,Finished,12.0,70.0,28.8,48.6,32.8,1.4,False
2023,11,Hungarian Grand Prix,Budapest,R,2023-07-23,81,PIA,piastri,McLaren,mclaren,Oscar,Piastri,https://www.formula1.com/content/dam/fom-website/drivers/O/OSCPIA01_Oscar_Piastri/oscpia01.png.transform/1col/image.png,5.0,5,4.0,,,,0 days 00:01:02.572000,Finished,10.0,70.0,28.8,48.6,32.8,1.4,False
2023,11,Hungarian Grand Prix,Budapest,R,2023-07-23,63,RUS,russell,Mercedes,mercedes,George,Russell,https://www.formula1.com/content/dam/fom-website/drivers/G/GEORUS01_George_Russell/georus01.png.transform/1col/image.png,6.0,6,18.0,,,,0 days 00:01:05.825000,Finished,8.0,70.0,28.8,48.6,32.8,1.4,False
2023,11,Hungarian Grand Prix,Budapest,R,2023-07-23,16,LEC,leclerc,Ferrari,ferrari,Charles,Leclerc,https://www.formula1.com/content/dam/fom-website/drivers/C/CHALEC01_Charles_Leclerc/chalec01.png.transform/1col/image.png,7.0,7,6.0,,,,0 days 00:01:10.317000,Finished,6.0,70.0,28.8,48.6,32.8,1.4,False
2023,11,Hungarian Grand Prix,Budapest,R,2023-07-23,55,SAI,sainz,Ferrari,ferrari,Carlos,Sainz,https://www.formula1.com/content/dam/fom-website/drivers/C/CARSAI01_Carlos_Sainz/carsai01.png.transform/1col/image.png,8.0,8,11.0,,,,0 days 00:01:11.073000,Finished,4.0,70.0,28.8,48.6,32.8,1.4,False
2023,11,Hungarian Grand Prix,Budapest,R,2023-07-23,14,ALO,alonso,Aston Martin,aston_martin,Fernando,Alonso,https://www.formula1.com/content/dam/fom-website/drivers/F/FERALO01_Fernando_Alonso/feralo01.png.transform/1col/image.png,9.0,9,8.0,,,,0 days 00:01:15.709000,Finished,2.0,70.0,28.8,48.6,32.8,1.4,False
2023,11,Hungarian Grand Prix,Budapest,R,2023-07-23,18,STR,stroll,Aston Martin,aston_martin,Lance,Stroll,https://www.formula1.com/content/dam/fom-website/drivers/L/LANSTR01_Lance_Stroll/lanstr01.png.transform/1col/image.png,10.0,10,14.0,,,,0 days 00:00:14.615000,Lapped,1.0,69.0,28.8,48.6,32.8,1.4,False
2023,11,Hungarian Grand Prix,Budapest,R,2023-07-23,23,ALB,albon,Williams,williams,Alexander,Albon,https://www.formula1.com/content/dam/fom-website/drivers/A/ALEALB01_Alexander_Albon/alealb01.png.transform/1col/image.png,11.0,11,16.0,,,,0 days 00:00:29.087000,Lapped,0.0,69.0,28.8,48.6,32.8,1.4,False
2023,11,Hungarian Grand Prix,Budapest,R,2023-07-23,77,BOT,bottas,Alfa Romeo,alfa,Valtteri,Bottas,https://www.formula1.com/content/dam/fom-website/drivers/V/VALBOT01_Valtteri_Bottas/valbot01.png.transform/1col/image.png,12.0,12,7.0,,,,0 days 00:00:30.079000,Lapped,0.0,69.0,28.8,48.6,32.8,1.4,False
2023,11,Hungarian Grand Prix,Budapest,R,2023-07-23,3,RIC,ricciardo,AlphaTauri,alphatauri,Daniel,Ricciardo,None,13.0,13,13.0,,,,0 days 00:00:36.257000,Lapped,0.0,69.0,28.8,48.6,32.8,1.4,False
2023,11,Hungarian Grand Prix,Budapest,R,2023-07-23,27,HUL,hulkenberg,Haas F1 Team,haas,Nico,Hulkenberg,https://www.formula1.com/content/dam/fom-website/drivers/N/NICHUL01_Nico_Hulkenberg/nichul01.png.transform/1col/image.png,14.0,14,10.0,,,,0 days 00:00:51.298000,Lapped,0.0,69.0,28.8,48.6,32.8,1.4,False
2023,11,Hungarian Grand Prix,Budapest,R,2023-07-23,22,TSU,tsunoda,AlphaTauri,alphatauri,Yuki,Tsunoda,https://www.formula1.com/content/dam/fom-website/drivers/Y/YUKTSU01_Yuki_Tsunoda/yuktsu01.png.transform/1col/image.png,15.0,15,17.0,,,,0 days 00:00:51.543000,Lapped,0.0,69.0,28.8,48.6,32.8,1.4,False
2023,11,Hungarian Grand Prix,Budapest,R,2023-07-23,24,ZHO,zhou,Alfa Romeo,alfa,Guanyu,Zhou,https://www.formula1.com/content/dam/fom-website/drivers/G/GUAZHO01_Guanyu_Zhou/guazho01.png.transform/1col/image.png,16.0,16,5.0,,,,0 days 00:01:00.491000,Lapped,0.0,69.0,28.8,48.6,32.8,1.4,False
2023,11,Hungarian Grand Prix,Budapest,R,2023-07-23,20,MAG,kevin_magnussen,Haas F1 Team,haas,Kevin,Magnussen,https://www.formula1.com/content/dam/fom-website/drivers/K/KEVMAG01_Kevin_Magnussen/kevmag01.png.transform/1col/image.png,17.0,17,19.0,,,,0 days 00:01:22.351000,Lapped,0.0,69.0,28.8,48.6,32.8,1.4,False
2023,11,Hungarian Grand Prix,Budapest,R,2023-07-23,2,SAR,sargeant,Williams,williams,Logan,Sargeant,https://www.formula1.com/content/dam/fom-website/drivers/L/LOGSAR01_Logan_Sargeant/logsar01.png.transform/1col/image.png,18.0,18,20.0,,,,,Retired,0.0,67.0,28.8,48.6,32.8,1.4,False
2023,11,Hungarian Grand Prix,Budapest,R,2023-07-23,31,OCO,ocon,Alpine,alpine,Esteban,Ocon,https://www.formula1.com/content/dam/fom-website/drivers/E/ESTOCO01_Esteban_Ocon/estoco01.png.transform/1col/image.png,19.0,R,12.0,,,,,Retired,0.0,2.0,28.8,48.6,32.8,1.4,False
2023,11,Hungarian Grand Prix,Budapest,R,2023-07-23,10,GAS,gasly,Alpine,alpine,Pierre,Gasly,https://www.formula1.com/content/dam/fom-website/drivers/P/PIEGAS01_Pierre_Gasly/piegas01.png.transform/1col/image.png,20.0,R,15.0,,,,,Retired,0.0,1.0,28.8,48.6,32.8,1.4,False
2023,12,Belgian Grand Prix,Spa-Francorchamps,R,2023-07-30,1,VER,max_verstappen,Red Bull Racing,red_bull,Max,Verstappen,https://www.formula1.com/content/dam/fom-website/drivers/M/MAXVER01_Max_Verstappen/maxver01.png.transform/1col/image.png,1.0,1,6.0,,,,0 days 01:22:30.450000,Finished,25.0,44.0,17.9,28.2,61.9,1.6,True
2023,12,Belgian Grand Prix,Spa-Francorchamps,R,2023-07-30,11,PER,perez,Red Bull Racing,red_bull,Sergio,Perez,https://www.formula1.com/content/dam/fom-website/drivers/S/SERPER01_Sergio_Perez/serper01.png.transform/1col/image.png,2.0,2,2.0,,,,0 days 00:00:22.305000,Finished,18.0,44.0,17.9,28.2,61.9,1.6,True
2023,12,Belgian Grand Prix,Spa-Francorchamps,R,2023-07-30,16,LEC,leclerc,Ferrari,ferrari,Charles,Leclerc,https://www.formula1.com/content/dam/fom-website/drivers/C/CHALEC01_Charles_Leclerc/chalec01.png.transform/1col/image.png,3.0,3,1.0,,,,0 days 00:00:32.259000,Finished,15.0,44.0,17.9,28.2,61.9,1.6,True
2023,12,Belgian Grand Prix,Spa-Francorchamps,R,2023-07-30,44,HAM,hamilton,Mercedes,mercedes,Lewis,Hamilton,https://www.formula1.com/content/dam/fom-website/drivers/L/LEWHAM01_Lewis_Hamilton/lewham01.png.transform/1col/image.png,4.0,4,3.0,,,,0 days 00:00:49.671000,Finished,13.0,44.0,17.9,28.2,61.9,1.6,True
2023,12,Belgian Grand Prix,Spa-Francorchamps,R,2023-07-30,14,ALO,alonso,Aston Martin,aston_martin,Fernando,Alonso,https://www.formula1.com/content/dam/fom-website/drivers/F/FERALO01_Fernando_Alonso/feralo01.png.transform/1col/image.png,5.0,5,9.0,,,,0 days 00:00:56.184000,Finished,10.0,44.0,17.9,28.2,61.9,1.6,True
2023,12,Belgian Grand Prix,Spa-Francorchamps,R,2023-07-30,63,RUS,russell,Mercedes,mercedes,George,Russell,https://www.formula1.com/content/dam/fom-website/drivers/G/GEORUS01_George_Russell/georus01.png.transform/1col/image.png,6.0,6,8.0,,,,0 days 00:01:03.101000,Finished,8.0,44.0,17.9,28.2,61.9,1.6,True
2023,12,Belgian Grand Prix,Spa-Francorchamps,R,2023-07-30,4,NOR,norris,McLaren,mclaren,Lando,Norris,https://www.formula1.com/content/dam/fom-website/drivers/L/LANNOR01_Lando_Norris/lannor01.png.transform/1col/image.png,7.0,7,7.0,,,,0 days 00:01:13.719000,Finished,6.0,44.0,17.9,28.2,61.9,1.6,True
2023,12,Belgian Grand Prix,Spa-Francorchamps,R,2023-07-30,31,OCO,ocon,Alpine,alpine,Esteban,Ocon,https://www.formula1.com/content/dam/fom-website/drivers/E/ESTOCO01_Esteban_Ocon/estoco01.png.transform/1col/image.png,8.0,8,14.0,,,,0 days 00:01:14.719000,Finished,4.0,44.0,17.9,28.2,61.9,1.6,True
2023,12,Belgian Grand Prix,Spa-Francorchamps,R,2023-07-30,18,STR,stroll,Aston Martin,aston_martin,Lance,Stroll,https://www.formula1.com/content/dam/fom-website/drivers/L/LANSTR01_Lance_Stroll/lanstr01.png.transform/1col/image.png,9.0,9,10.0,,,,0 days 00:01:19.340000,Finished,2.0,44.0,17.9,28.2,61.9,1.6,True
2023,12,Belgian Grand Prix,Spa-Francorchamps,R,2023-07-30,22,TSU,tsunoda,AlphaTauri,alphatauri,Yuki,Tsunoda,https://www.formula1.com/content/dam/fom-website/drivers/Y/YUKTSU01_Yuki_Tsunoda/yuktsu01.png.transform/1col/image.png,10.0,10,11.0,,,,0 days 00:01:20.221000,Finished,1.0,44.0,17.9,28.2,61.9,1.6,True
2023,12,Belgian Grand Prix,Spa-Francorchamps,R,2023-07-30,10,GAS,gasly,Alpine,alpine,Pierre,Gasly,https://www.formula1.com/content/dam/fom-website/drivers/P/PIEGAS01_Pierre_Gasly/piegas01.png.transform/1col/image.png,11.0,11,12.0,,,,0 days 00:01:23.084000,Finished,0.0,44.0,17.9,28.2,61.9,1.6,True
2023,12,Belgian Grand Prix,Spa-Francorchamps,R,2023-07-30,77,BOT,bottas,Alfa Romeo,alfa,Valtteri,Bottas,https://www.formula1.com/content/dam/fom-website/drivers/V/VALBOT01_Valtteri_Bottas/valbot01.png.transform/1col/image.png,12.0,12,13.0,,,,0 days 00:01:25.191000,Finished,0.0,44.0,17.9,28.2,61.9,1.6,True
2023,12,Belgian Grand Prix,Spa-Francorchamps,R,2023-07-30,24,ZHO,zhou,Alfa Romeo,alfa,Guanyu,Zhou,https://www.formula1.com/content/dam/fom-website/drivers/G/GUAZHO01_Guanyu_Zhou/guazho01.png.transform/1col/image.png,13.0,13,17.0,,,,0 days 00:01:35.441000,Finished,0.0,44.0,17.9,28.2,61.9,1.6,True
2023,12,Belgian Grand Prix,Spa-Francorchamps,R,2023-07-30,23,ALB,albon,Williams,williams,Alexander,Albon,https://www.formula1.com/content/dam/fom-website/drivers/A/ALEALB01_Alexander_Albon/alealb01.png.transform/1col/image.png,14.0,14,15.0,,,,0 days 00:01:36.184000,Finished,0.0,44.0,17.9,28.2,61.9,1.6,True
2023,12,Belgian Grand Prix,Spa-Francorchamps,R,2023-07-30,20,MAG,kevin_magnussen,Haas F1 Team,haas,Kevin,Magnussen,https://www.formula1.com/content/dam/fom-website/drivers/K/KEVMAG01_Kevin_Magnussen/kevmag01.png.transform/1col/image.png,15.0,15,16.0,,,,0 days 00:01:41.754000,Finished,0.0,44.0,17.9,28.2,61.9,1.6,True
2023,12,Belgian Grand Prix,Spa-Francorchamps,R,2023-07-30,3,RIC,ricciardo,AlphaTauri,alphatauri,Daniel,Ricciardo,None,16.0,16,19.0,,,,0 days 00:01:43.071000,Finished,0.0,44.0,17.9,28.2,61.9,1.6,True
2023,12,Belgian Grand Prix,Spa-Francorchamps,R,2023-07-30,2,SAR,sargeant,Williams,williams,Logan,Sargeant,https://www.formula1.com/content/dam/fom-website/drivers/L/LOGSAR01_Logan_Sargeant/logsar01.png.transform/1col/image.png,17.0,17,18.0,,,,0 days 00:01:44.476000,Finished,0.0,44.0,17.9,28.2,61.9,1.6,True
2023,12,Belgian Grand Prix,Spa-Francorchamps,R,2023-07-30,27,HUL,hulkenberg,Haas F1 Team,haas,Nico,Hulkenberg,https://www.formula1.com/content/dam/fom-website/drivers/N/NICHUL01_Nico_Hulkenberg/nichul01.png.transform/1col/image.png,18.0,18,20.0,,,,0 days 00:01:50.450000,Finished,0.0,44.0,17.9,28.2,61.9,1.6,True
2023,12,Belgian Grand Prix,Spa-Francorchamps,R,2023-07-30,55,SAI,sainz,Ferrari,ferrari,Carlos,Sainz,https://www.formula1.com/content/dam/fom-website/drivers/C/CARSAI01_Carlos_Sainz/carsai01.png.transform/1col/image.png,19.0,R,4.0,,,,,Retired,0.0,23.0,17.9,28.2,61.9,1.6,True
2023,12,Belgian Grand Prix,Spa-Francorchamps,R,2023-07-30,81,PIA,piastri,McLaren,mclaren,Oscar,Piastri,https://www.formula1.com/content/dam/fom-website/drivers/O/OSCPIA01_Oscar_Piastri/oscpia01.png.transform/1col/image.png,20.0,R,5.0,,,,,Retired,0.0,0.0,17.9,28.2,61.9,1.6,True
2023,13,Dutch Grand Prix,Zandvoort,R,2023-08-27,1,VER,max_verstappen,Red Bull Racing,red_bull,Max,Verstappen,https://www.formula1.com/content/dam/fom-website/drivers/M/MAXVER01_Max_Verstappen/maxver01.png.transform/1col/image.png,1.0,1,1.0,,,,0 days 02:24:04.411000,Finished,25.0,72.0,16.8,24.9,70.8,2.8,True
2023,13,Dutch Grand Prix,Zandvoort,R,2023-08-27,14,ALO,alonso,Aston Martin,aston_martin,Fernando,Alonso,https://www.formula1.com/content/dam/fom-website/drivers/F/FERALO01_Fernando_Alonso/feralo01.png.transform/1col/image.png,2.0,2,5.0,,,,0 days 00:00:03.744000,Finished,19.0,72.0,16.8,24.9,70.8,2.8,True
2023,13,Dutch Grand Prix,Zandvoort,R,2023-08-27,10,GAS,gasly,Alpine,alpine,Pierre,Gasly,https://www.formula1.com/content/dam/fom-website/drivers/P/PIEGAS01_Pierre_Gasly/piegas01.png.transform/1col/image.png,3.0,3,12.0,,,,0 days 00:00:07.058000,Finished,15.0,72.0,16.8,24.9,70.8,2.8,True
2023,13,Dutch Grand Prix,Zandvoort,R,2023-08-27,11,PER,perez,Red Bull Racing,red_bull,Sergio,Perez,https://www.formula1.com/content/dam/fom-website/drivers/S/SERPER01_Sergio_Perez/serper01.png.transform/1col/image.png,4.0,4,7.0,,,,0 days 00:00:10.068000,Finished,12.0,72.0,16.8,24.9,70.8,2.8,True
2023,13,Dutch Grand Prix,Zandvoort,R,2023-08-27,55,SAI,sainz,Ferrari,ferrari,Carlos,Sainz,https://www.formula1.com/content/dam/fom-website/drivers/C/CARSAI01_Carlos_Sainz/carsai01.png.transform/1col/image.png,5.0,5,6.0,,,,0 days 00:00:12.541000,Finished,10.0,72.0,16.8,24.9,70.8,2.8,True
2023,13,Dutch Grand Prix,Zandvoort,R,2023-08-27,44,HAM,hamilton,Mercedes,mercedes,Lewis,Hamilton,https://www.formula1.com/content/dam/fom-website/drivers/L/LEWHAM01_Lewis_Hamilton/lewham01.png.transform/1col/image.png,6.0,6,13.0,,,,0 days 00:00:13.209000,Finished,8.0,72.0,16.8,24.9,70.8,2.8,True
2023,13,Dutch Grand Prix,Zandvoort,R,2023-08-27,4,NOR,norris,McLaren,mclaren,Lando,Norris,https://www.formula1.com/content/dam/fom-website/drivers/L/LANNOR01_Lando_Norris/lannor01.png.transform/1col/image.png,7.0,7,2.0,,,,0 days 00:00:13.232000,Finished,6.0,72.0,16.8,24.9,70.8,2.8,True
2023,13,Dutch Grand Prix,Zandvoort,R,2023-08-27,23,ALB,albon,Williams,williams,Alexander,Albon,https://www.formula1.com/content/dam/fom-website/drivers/A/ALEALB01_Alexander_Albon/alealb01.png.transform/1col/image.png,8.0,8,4.0,,,,0 days 00:00:15.155000,Finished,4.0,72.0,16.8,24.9,70.8,2.8,True
2023,13,Dutch Grand Prix,Zandvoort,R,2023-08-27,81,PIA,piastri,McLaren,mclaren,Oscar,Piastri,https://www.formula1.com/content/dam/fom-website/drivers/O/OSCPIA01_Oscar_Piastri/oscpia01.png.transform/1col/image.png,9.0,9,8.0,,,,0 days 00:00:16.580000,Finished,2.0,72.0,16.8,24.9,70.8,2.8,True
2023,13,Dutch Grand Prix,Zandvoort,R,2023-08-27,31,OCO,ocon,Alpine,alpine,Esteban,Ocon,https://www.formula1.com/content/dam/fom-website/drivers/E/ESTOCO01_Esteban_Ocon/estoco01.png.transform/1col/image.png,10.0,10,16.0,,,,0 days 00:00:18.346000,Finished,1.0,72.0,16.8,24.9,70.8,2.8,True
2023,13,Dutch Grand Prix,Zandvoort,R,2023-08-27,18,STR,stroll,Aston Martin,aston_martin,Lance,Stroll,https://www.formula1.com/content/dam/fom-website/drivers/L/LANSTR01_Lance_Stroll/lanstr01.png.transform/1col/image.png,11.0,11,11.0,,,,0 days 00:00:20.087000,Finished,0.0,72.0,16.8,24.9,70.8,2.8,True
2023,13,Dutch Grand Prix,Zandvoort,R,2023-08-27,27,HUL,hulkenberg,Haas F1 Team,haas,Nico,Hulkenberg,https://www.formula1.com/content/dam/fom-website/drivers/N/NICHUL01_Nico_Hulkenberg/nichul01.png.transform/1col/image.png,12.0,12,14.0,,,,0 days 00:00:20.840000,Finished,0.0,72.0,16.8,24.9,70.8,2.8,True
2023,13,Dutch Grand Prix,Zandvoort,R,2023-08-27,40,LAW,lawson,AlphaTauri,alphatauri,Liam,Lawson,None,13.0,13,19.0,,,,0 days 00:00:26.147000,Finished,0.0,72.0,16.8,24.9,70.8,2.8,True
2023,13,Dutch Grand Prix,Zandvoort,R,2023-08-27,77,BOT,bottas,Alfa Romeo,alfa,Valtteri,Bottas,https://www.formula1.com/content/dam/fom-website/drivers/V/VALBOT01_Valtteri_Bottas/valbot01.png.transform/1col/image.png,14.0,14,18.0,,,,0 days 00:00:27.388000,Finished,0.0,72.0,16.8,24.9,70.8,2.8,True
2023,13,Dutch Grand Prix,Zandvoort,R,2023-08-27,22,TSU,tsunoda,AlphaTauri,alphatauri,Yuki,Tsunoda,https://www.formula1.com/content/dam/fom-website/drivers/Y/YUKTSU01_Yuki_Tsunoda/yuktsu01.png.transform/1col/image.png,15.0,15,17.0,,,,0 days 00:00:29.893000,Finished,0.0,72.0,16.8,24.9,70.8,2.8,True
2023,13,Dutch Grand Prix,Zandvoort,R,2023-08-27,20,MAG,kevin_magnussen,Haas F1 Team,haas,Kevin,Magnussen,https://www.formula1.com/content/dam/fom-website/drivers/K/KEVMAG01_Kevin_Magnussen/kevmag01.png.transform/1col/image.png,16.0,16,0.0,,,,0 days 00:00:31.410000,Finished,0.0,72.0,16.8,24.9,70.8,2.8,True
2023,13,Dutch Grand Prix,Zandvoort,R,2023-08-27,63,RUS,russell,Mercedes,mercedes,George,Russell,https://www.formula1.com/content/dam/fom-website/drivers/G/GEORUS01_George_Russell/georus01.png.transform/1col/image.png,17.0,17,3.0,,,,0 days 00:00:55.754000,Finished,0.0,72.0,16.8,24.9,70.8,2.8,True
2023,13,Dutch Grand Prix,Zandvoort,R,2023-08-27,24,ZHO,zhou,Alfa Romeo,alfa,Guanyu,Zhou,https://www.formula1.com/content/dam/fom-website/drivers/G/GUAZHO01_Guanyu_Zhou/guazho01.png.transform/1col/image.png,18.0,R,15.0,,,,,Accident,0.0,62.0,16.8,24.9,70.8,2.8,True
2023,13,Dutch Grand Prix,Zandvoort,R,2023-08-27,16,LEC,leclerc,Ferrari,ferrari,Charles,Leclerc,https://www.formula1.com/content/dam/fom-website/drivers/C/CHALEC01_Charles_Leclerc/chalec01.png.transform/1col/image.png,19.0,R,9.0,,,,,Undertray,0.0,41.0,16.8,24.9,70.8,2.8,True
2023,13,Dutch Grand Prix,Zandvoort,R,2023-08-27,2,SAR,sargeant,Williams,williams,Logan,Sargeant,https://www.formula1.com/content/dam/fom-website/drivers/L/LOGSAR01_Logan_Sargeant/logsar01.png.transform/1col/image.png,20.0,R,10.0,,,,,Accident,0.0,14.0,16.8,24.9,70.8,2.8,True
2023,14,Italian Grand Prix,Monza,R,2023-09-03,1,VER,max_verstappen,Red Bull Racing,red_bull,Max,Verstappen,https://www.formula1.com/content/dam/fom-website/drivers/M/MAXVER01_Max_Verstappen/maxver01.png.transform/1col/image.png,1.0,1,2.0,,,,0 days 01:13:41.143000,Finished,25.0,51.0,29.3,42.9,42.3,1.1,False
2023,14,Italian Grand Prix,Monza,R,2023-09-03,11,PER,perez,Red Bull Racing,red_bull,Sergio,Perez,https://www.formula1.com/content/dam/fom-website/drivers/S/SERPER01_Sergio_Perez/serper01.png.transform/1col/image.png,2.0,2,5.0,,,,0 days 00:00:06.064000,Finished,18.0,51.0,29.3,42.9,42.3,1.1,False
2023,14,Italian Grand Prix,Monza,R,2023-09-03,55,SAI,sainz,Ferrari,ferrari,Carlos,Sainz,https://www.formula1.com/content/dam/fom-website/drivers/C/CARSAI01_Carlos_Sainz/carsai01.png.transform/1col/image.png,3.0,3,1.0,,,,0 days 00:00:11.193000,Finished,15.0,51.0,29.3,42.9,42.3,1.1,False
2023,14,Italian Grand Prix,Monza,R,2023-09-03,16,LEC,leclerc,Ferrari,ferrari,Charles,Leclerc,https://www.formula1.com/content/dam/fom-website/drivers/C/CHALEC01_Charles_Leclerc/chalec01.png.transform/1col/image.png,4.0,4,3.0,,,,0 days 00:00:11.377000,Finished,12.0,51.0,29.3,42.9,42.3,1.1,False
2023,14,Italian Grand Prix,Monza,R,2023-09-03,63,RUS,russell,Mercedes,mercedes,George,Russell,https://www.formula1.com/content/dam/fom-website/drivers/G/GEORUS01_George_Russell/georus01.png.transform/1col/image.png,5.0,5,4.0,,,,0 days 00:00:23.028000,Finished,10.0,51.0,29.3,42.9,42.3,1.1,False
2023,14,Italian Grand Prix,Monza,R,2023-09-03,44,HAM,hamilton,Mercedes,mercedes,Lewis,Hamilton,https://www.formula1.com/content/dam/fom-website/drivers/L/LEWHAM01_Lewis_Hamilton/lewham01.png.transform/1col/image.png,6.0,6,8.0,,,,0 days 00:00:42.679000,Finished,8.0,51.0,29.3,42.9,42.3,1.1,False
2023,14,Italian Grand Prix,Monza,R,2023-09-03,23,ALB,albon,Williams,williams,Alexander,Albon,https://www.formula1.com/content/dam/fom-website/drivers/A/ALEALB01_Alexander_Albon/alealb01.png.transform/1col/image.png,7.0,7,6.0,,,,0 days 00:00:45.106000,Finished,6.0,51.0,29.3,42.9,42.3,1.1,False
2023,14,Italian Grand Prix,Monza,R,2023-09-03,4,NOR,norris,McLaren,mclaren,Lando,Norris,https://www.formula1.com/content/dam/fom-website/drivers/L/LANNOR01_Lando_Norris/lannor01.png.transform/1col/image.png,8.0,8,9.0,,,,0 days 00:00:45.449000,Finished,4.0,51.0,29.3,42.9,42.3,1.1,False
2023,14,Italian Grand Prix,Monza,R,2023-09-03,14,ALO,alonso,Aston Martin,aston_martin,Fernando,Alonso,https://www.formula1.com/content/dam/fom-website/drivers/F/FERALO01_Fernando_Alonso/feralo01.png.transform/1col/image.png,9.0,9,10.0,,,,0 days 00:00:46.294000,Finished,2.0,51.0,29.3,42.9,42.3,1.1,False
2023,14,Italian Grand Prix,Monza,R,2023-09-03,77,BOT,bottas,Alfa Romeo,alfa,Valtteri,Bottas,https://www.formula1.com/content/dam/fom-website/drivers/V/VALBOT01_Valtteri_Bottas/valbot01.png.transform/1col/image.png,10.0,10,14.0,,,,0 days 00:01:04.056000,Finished,1.0,51.0,29.3,42.9,42.3,1.1,False
2023,14,Italian Grand Prix,Monza,R,2023-09-03,40,LAW,lawson,AlphaTauri,alphatauri,Liam,Lawson,None,11.0,11,12.0,,,,0 days 00:01:10.638000,Finished,0.0,51.0,29.3,42.9,42.3,1.1,False
2023,14,Italian Grand Prix,Monza,R,2023-09-03,81,PIA,piastri,McLaren,mclaren,Oscar,Piastri,https://www.formula1.com/content/dam/fom-website/drivers/O/OSCPIA01_Oscar_Piastri/oscpia01.png.transform/1col/image.png,12.0,12,7.0,,,,0 days 00:01:13.074000,Finished,0.0,51.0,29.3,42.9,42.3,1.1,False
2023,14,Italian Grand Prix,Monza,R,2023-09-03,2,SAR,sargeant,Williams,williams,Logan,Sargeant,https://www.formula1.com/content/dam/fom-website/drivers/L/LOGSAR01_Logan_Sargeant/logsar01.png.transform/1col/image.png,13.0,13,15.0,,,,0 days 00:01:18.557000,Finished,0.0,51.0,29.3,42.9,42.3,1.1,False
2023,14,Italian Grand Prix,Monza,R,2023-09-03,24,ZHO,zhou,Alfa Romeo,alfa,Guanyu,Zhou,https://www.formula1.com/content/dam/fom-website/drivers/G/GUAZHO01_Guanyu_Zhou/guazho01.png.transform/1col/image.png,14.0,14,16.0,,,,0 days 00:01:20.164000,Finished,0.0,51.0,29.3,42.9,42.3,1.1,False
2023,14,Italian Grand Prix,Monza,R,2023-09-03,10,GAS,gasly,Alpine,alpine,Pierre,Gasly,https://www.formula1.com/content/dam/fom-website/drivers/P/PIEGAS01_Pierre_Gasly/piegas01.png.transform/1col/image.png,15.0,15,17.0,,,,0 days 00:01:22.510000,Finished,0.0,51.0,29.3,42.9,42.3,1.1,False
2023,14,Italian Grand Prix,Monza,R,2023-09-03,18,STR,stroll,Aston Martin,aston_martin,Lance,Stroll,https://www.formula1.com/content/dam/fom-website/drivers/L/LANSTR01_Lance_Stroll/lanstr01.png.transform/1col/image.png,16.0,16,20.0,,,,0 days 00:01:27.266000,Finished,0.0,51.0,29.3,42.9,42.3,1.1,False
2023,14,Italian Grand Prix,Monza,R,2023-09-03,27,HUL,hulkenberg,Haas F1 Team,haas,Nico,Hulkenberg,https://www.formula1.com/content/dam/fom-website/drivers/N/NICHUL01_Nico_Hulkenberg/nichul01.png.transform/1col/image.png,17.0,17,13.0,,,,0 days 00:00:02.093000,Lapped,0.0,50.0,29.3,42.9,42.3,1.1,False
2023,14,Italian Grand Prix,Monza,R,2023-09-03,20,MAG,kevin_magnussen,Haas F1 Team,haas,Kevin,Magnussen,https://www.formula1.com/content/dam/fom-website/drivers/K/KEVMAG01_Kevin_Magnussen/kevmag01.png.transform/1col/image.png,18.0,18,19.0,,,,0 days 00:00:12.624000,Lapped,0.0,50.0,29.3,42.9,42.3,1.1,False
2023,14,Italian Grand Prix,Monza,R,2023-09-03,31,OCO,ocon,Alpine,alpine,Esteban,Ocon,https://www.formula1.com/content/dam/fom-website/drivers/E/ESTOCO01_Esteban_Ocon/estoco01.png.transform/1col/image.png,19.0,R,18.0,,,,,Retired,0.0,39.0,29.3,42.9,42.3,1.1,False
2023,14,Italian Grand Prix,Monza,R,2023-09-03,22,TSU,tsunoda,AlphaTauri,alphatauri,Yuki,Tsunoda,https://www.formula1.com/content/dam/fom-website/drivers/Y/YUKTSU01_Yuki_Tsunoda/yuktsu01.png.transform/1col/image.png,20.0,W,11.0,,,,,Did not start,0.0,0.0,29.3,42.9,42.3,1.1,False
2023,15,Singapore Grand Prix,Marina Bay,R,2023-09-17,55,SAI,sainz,Ferrari,ferrari,Carlos,Sainz,https://www.formula1.com/content/dam/fom-website/drivers/C/CARSAI01_Carlos_Sainz/carsai01.png.transform/1col/image.png,1.0,1,1.0,,,,0 days 01:46:37.418000,Finished,25.0,62.0,29.8,36.4,72.0,1.4,False
2023,15,Singapore Grand Prix,Marina Bay,R,2023-09-17,4,NOR,norris,McLaren,mclaren,Lando,Norris,https://www.formula1.com/content/dam/fom-website/drivers/L/LANNOR01_Lando_Norris/lannor01.png.transform/1col/image.png,2.0,2,4.0,,,,0 days 00:00:00.812000,Finished,18.0,62.0,29.8,36.4,72.0,1.4,False
2023,15,Singapore Grand Prix,Marina Bay,R,2023-09-17,44,HAM,hamilton,Mercedes,mercedes,Lewis,Hamilton,https://www.formula1.com/content/dam/fom-website/drivers/L/LEWHAM01_Lewis_Hamilton/lewham01.png.transform/1col/image.png,3.0,3,5.0,,,,0 days 00:00:01.269000,Finished,16.0,62.0,29.8,36.4,72.0,1.4,False
2023,15,Singapore Grand Prix,Marina Bay,R,2023-09-17,16,LEC,leclerc,Ferrari,ferrari,Charles,Leclerc,https://www.formula1.com/content/dam/fom-website/drivers/C/CHALEC01_Charles_Leclerc/chalec01.png.transform/1col/image.png,4.0,4,3.0,,,,0 days 00:00:21.177000,Finished,12.0,62.0,29.8,36.4,72.0,1.4,False
2023,15,Singapore Grand Prix,Marina Bay,R,2023-09-17,1,VER,max_verstappen,Red Bull Racing,red_bull,Max,Verstappen,https://www.formula1.com/content/dam/fom-website/drivers/M/MAXVER01_Max_Verstappen/maxver01.png.transform/1col/image.png,5.0,5,11.0,,,,0 days 00:00:21.441000,Finished,10.0,62.0,29.8,36.4,72.0,1.4,False
2023,15,Singapore Grand Prix,Marina Bay,R,2023-09-17,10,GAS,gasly,Alpine,alpine,Pierre,Gasly,https://www.formula1.com/content/dam/fom-website/drivers/P/PIEGAS01_Pierre_Gasly/piegas01.png.transform/1col/image.png,6.0,6,12.0,,,,0 days 00:00:38.441000,Finished,8.0,62.0,29.8,36.4,72.0,1.4,False
2023,15,Singapore Grand Prix,Marina Bay,R,2023-09-17,81,PIA,piastri,McLaren,mclaren,Oscar,Piastri,https://www.formula1.com/content/dam/fom-website/drivers/O/OSCPIA01_Oscar_Piastri/oscpia01.png.transform/1col/image.png,7.0,7,17.0,,,,0 days 00:00:41.479000,Finished,6.0,62.0,29.8,36.4,72.0,1.4,False
2023,15,Singapore Grand Prix,Marina Bay,R,2023-09-17,11,PER,perez,Red Bull Racing,red_bull,Sergio,Perez,https://www.formula1.com/content/dam/fom-website/drivers/S/SERPER01_Sergio_Perez/serper01.png.transform/1col/image.png,8.0,8,13.0,,,,0 days 00:00:59.534000,Finished,4.0,62.0,29.8,36.4,72.0,1.4,False
2023,15,Singapore Grand Prix,Marina Bay,R,2023-09-17,40,LAW,lawson,AlphaTauri,alphatauri,Liam,Lawson,None,9.0,9,10.0,,,,0 days 00:01:05.918000,Finished,2.0,62.0,29.8,36.4,72.0,1.4,False
2023,15,Singapore Grand Prix,Marina Bay,R,2023-09-17,20,MAG,kevin_magnussen,Haas F1 Team,haas,Kevin,Magnussen,https://www.formula1.com/content/dam/fom-website/drivers/K/KEVMAG01_Kevin_Magnussen/kevmag01.png.transform/1col/image.png,10.0,10,6.0,,,,0 days 00:01:12.116000,Finished,1.0,62.0,29.8,36.4,72.0,1.4,False
2023,15,Singapore Grand Prix,Marina Bay,R,2023-09-17,23,ALB,albon,Williams,williams,Alexander,Albon,https://www.formula1.com/content/dam/fom-website/drivers/A/ALEALB01_Alexander_Albon/alealb01.png.transform/1col/image.png,11.0,11,14.0,,,,0 days 00:01:13.417000,Finished,0.0,62.0,29.8,36.4,72.0,1.4,False
2023,15,Singapore Grand Prix,Marina Bay,R,2023-09-17,24,ZHO,zhou,Alfa Romeo,alfa,Guanyu,Zhou,https://www.formula1.com/content/dam/fom-website/drivers/G/GUAZHO01_Guanyu_Zhou/guazho01.png.transform/1col/image.png,12.0,12,19.0,,,,0 days 00:01:23.649000,Finished,0.0,62.0,29.8,36.4,72.0,1.4,False
2023,15,Singapore Grand Prix,Marina Bay,R,2023-09-17,27,HUL,hulkenberg,Haas F1 Team,haas,Nico,Hulkenberg,https://www.formula1.com/content/dam/fom-website/drivers/N/NICHUL01_Nico_Hulkenberg/nichul01.png.transform/1col/image.png,13.0,13,9.0,,,,0 days 00:01:26.201000,Finished,0.0,62.0,29.8,36.4,72.0,1.4,False
2023,15,Singapore Grand Prix,Marina Bay,R,2023-09-17,2,SAR,sargeant,Williams,williams,Logan,Sargeant,https://www.formula1.com/content/dam/fom-website/drivers/L/LOGSAR01_Logan_Sargeant/logsar01.png.transform/1col/image.png,14.0,14,18.0,,,,0 days 00:01:26.889000,Finished,0.0,62.0,29.8,36.4,72.0,1.4,False
2023,15,Singapore Grand Prix,Marina Bay,R,2023-09-17,14,ALO,alonso,Aston Martin,aston_martin,Fernando,Alonso,https://www.formula1.com/content/dam/fom-website/drivers/F/FERALO01_Fernando_Alonso/feralo01.png.transform/1col/image.png,15.0,15,7.0,,,,0 days 00:01:27.603000,Finished,0.0,62.0,29.8,36.4,72.0,1.4,False
2023,15,Singapore Grand Prix,Marina Bay,R,2023-09-17,63,RUS,russell,Mercedes,mercedes,George,Russell,https://www.formula1.com/content/dam/fom-website/drivers/G/GEORUS01_George_Russell/georus01.png.transform/1col/image.png,16.0,16,2.0,,,,,Retired,0.0,61.0,29.8,36.4,72.0,1.4,False
2023,15,Singapore Grand Prix,Marina Bay,R,2023-09-17,77,BOT,bottas,Alfa Romeo,alfa,Valtteri,Bottas,https://www.formula1.com/content/dam/fom-website/drivers/V/VALBOT01_Valtteri_Bottas/valbot01.png.transform/1col/image.png,17.0,R,16.0,,,,,Retired,0.0,51.0,29.8,36.4,72.0,1.4,False
2023,15,Singapore Grand Prix,Marina Bay,R,2023-09-17,31,OCO,ocon,Alpine,alpine,Esteban,Ocon,https://www.formula1.com/content/dam/fom-website/drivers/E/ESTOCO01_Esteban_Ocon/estoco01.png.transform/1col/image.png,18.0,R,8.0,,,,,Retired,0.0,42.0,29.8,36.4,72.0,1.4,False
2023,15,Singapore Grand Prix,Marina Bay,R,2023-09-17,22,TSU,tsunoda,AlphaTauri,alphatauri,Yuki,Tsunoda,https://www.formula1.com/content/dam/fom-website/drivers/Y/YUKTSU01_Yuki_Tsunoda/yuktsu01.png.transform/1col/image.png,19.0,R,15.0,,,,,Retired,0.0,0.0,29.8,36.4,72.0,1.4,False
2023,15,Singapore Grand Prix,Marina Bay,R,2023-09-17,18,STR,stroll,Aston Martin,aston_martin,Lance,Stroll,nan,,W,,,,,,Withdrew,0.0,0.0,29.8,36.4,72.0,1.4,False
2023,16,Japanese Grand Prix,Suzuka,R,2023-09-24,1,VER,max_verstappen,Red Bull Racing,red_bull,Max,Verstappen,https://www.formula1.com/content/dam/fom-website/drivers/M/MAXVER01_Max_Verstappen/maxver01.png.transform/1col/image.png,1.0,1,1.0,,,,0 days 01:30:58.421000,Finished,26.0,53.0,27.3,42.1,42.3,1.8,False
2023,16,Japanese Grand Prix,Suzuka,R,2023-09-24,4,NOR,norris,McLaren,mclaren,Lando,Norris,https://www.formula1.com/content/dam/fom-website/drivers/L/LANNOR01_Lando_Norris/lannor01.png.transform/1col/image.png,2.0,2,3.0,,,,0 days 00:00:19.387000,Finished,18.0,53.0,27.3,42.1,42.3,1.8,False
2023,16,Japanese Grand Prix,Suzuka,R,2023-09-24,81,PIA,piastri,McLaren,mclaren,Oscar,Piastri,https://www.formula1.com/content/dam/fom-website/drivers/O/OSCPIA01_Oscar_Piastri/oscpia01.png.transform/1col/image.png,3.0,3,2.0,,,,0 days 00:00:36.494000,Finished,15.0,53.0,27.3,42.1,42.3,1.8,False
2023,16,Japanese Grand Prix,Suzuka,R,2023-09-24,16,LEC,leclerc,Ferrari,ferrari,Charles,Leclerc,https://www.formula1.com/content/dam/fom-website/drivers/C/CHALEC01_Charles_Leclerc/chalec01.png.transform/1col/image.png,4.0,4,4.0,,,,0 days 00:00:43.998000,Finished,12.0,53.0,27.3,42.1,42.3,1.8,False
2023,16,Japanese Grand Prix,Suzuka,R,2023-09-24,44,HAM,hamilton,Mercedes,mercedes,Lewis,Hamilton,https://www.formula1.com/content/dam/fom-website/drivers/L/LEWHAM01_Lewis_Hamilton/lewham01.png.transform/1col/image.png,5.0,5,7.0,,,,0 days 00:00:49.376000,Finished,10.0,53.0,27.3,42.1,42.3,1.8,False
2023,16,Japanese Grand Prix,Suzuka,R,2023-09-24,55,SAI,sainz,Ferrari,ferrari,Carlos,Sainz,https://www.formula1.com/content/dam/fom-website/drivers/C/CARSAI01_Carlos_Sainz/carsai01.png.transform/1col/image.png,6.0,6,6.0,,,,0 days 00:00:50.221000,Finished,8.0,53.0,27.3,42.1,42.3,1.8,False
2023,16,Japanese Grand Prix,Suzuka,R,2023-09-24,63,RUS,russell,Mercedes,mercedes,George,Russell,https://www.formula1.com/content/dam/fom-website/drivers/G/GEORUS01_George_Russell/georus01.png.transform/1col/image.png,7.0,7,8.0,,,,0 days 00:00:57.659000,Finished,6.0,53.0,27.3,42.1,42.3,1.8,False
2023,16,Japanese Grand Prix,Suzuka,R,2023-09-24,14,ALO,alonso,Aston Martin,aston_martin,Fernando,Alonso,https://www.formula1.com/content/dam/fom-website/drivers/F/FERALO01_Fernando_Alonso/feralo01.png.transform/1col/image.png,8.0,8,10.0,,,,0 days 00:01:14.725000,Finished,4.0,53.0,27.3,42.1,42.3,1.8,False
2023,16,Japanese Grand Prix,Suzuka,R,2023-09-24,31,OCO,ocon,Alpine,alpine,Esteban,Ocon,https://www.formula1.com/content/dam/fom-website/drivers/E/ESTOCO01_Esteban_Ocon/estoco01.png.transform/1col/image.png,9.0,9,14.0,,,,0 days 00:01:19.678000,Finished,2.0,53.0,27.3,42.1,42.3,1.8,False
2023,16,Japanese Grand Prix,Suzuka,R,2023-09-24,10,GAS,gasly,Alpine,alpine,Pierre,Gasly,https://www.formula1.com/content/dam/fom-website/drivers/P/PIEGAS01_Pierre_Gasly/piegas01.png.transform/1col/image.png,10.0,10,12.0,,,,0 days 00:01:23.155000,Finished,1.0,53.0,27.3,42.1,42.3,1.8,False
2023,16,Japanese Grand Prix,Suzuka,R,2023-09-24,40,LAW,lawson,AlphaTauri,alphatauri,Liam,Lawson,None,11.0,11,11.0,,,,0 days 00:00:03.089000,Lapped,0.0,52.0,27.3,42.1,42.3,1.8,False
2023,16,Japanese Grand Prix,Suzuka,R,2023-09-24,22,TSU,tsunoda,AlphaTauri,alphatauri,Yuki,Tsunoda,https://www.formula1.com/content/dam/fom-website/drivers/Y/YUKTSU01_Yuki_Tsunoda/yuktsu01.png.transform/1col/image.png,12.0,12,9.0,,,,0 days 00:00:03.974000,Lapped,0.0,52.0,27.3,42.1,42.3,1.8,False
2023,16,Japanese Grand Prix,Suzuka,R,2023-09-24,24,ZHO,zhou,Alfa Romeo,alfa,Guanyu,Zhou,https://www.formula1.com/content/dam/fom-website/drivers/G/GUAZHO01_Guanyu_Zhou/guazho01.png.transform/1col/image.png,13.0,13,19.0,,,,0 days 00:00:06.340000,Lapped,0.0,52.0,27.3,42.1,42.3,1.8,False
2023,16,Japanese Grand Prix,Suzuka,R,2023-09-24,27,HUL,hulkenberg,Haas F1 Team,haas,Nico,Hulkenberg,https://www.formula1.com/content/dam/fom-website/drivers/N/NICHUL01_Nico_Hulkenberg/nichul01.png.transform/1col/image.png,14.0,14,18.0,,,,0 days 00:00:09.598000,Lapped,0.0,52.0,27.3,42.1,42.3,1.8,False
2023,16,Japanese Grand Prix,Suzuka,R,2023-09-24,20,MAG,kevin_magnussen,Haas F1 Team,haas,Kevin,Magnussen,https://www.formula1.com/content/dam/fom-website/drivers/K/KEVMAG01_Kevin_Magnussen/kevmag01.png.transform/1col/image.png,15.0,15,15.0,,,,0 days 00:00:29.570000,Lapped,0.0,52.0,27.3,42.1,42.3,1.8,False
2023,16,Japanese Grand Prix,Suzuka,R,2023-09-24,23,ALB,albon,Williams,williams,Alexander,Albon,https://www.formula1.com/content/dam/fom-website/drivers/A/ALEALB01_Alexander_Albon/alealb01.png.transform/1col/image.png,16.0,R,13.0,,,,,Retired,0.0,26.0,27.3,42.1,42.3,1.8,False
2023,16,Japanese Grand Prix,Suzuka,R,2023-09-24,2,SAR,sargeant,Williams,williams,Logan,Sargeant,https://www.formula1.com/content/dam/fom-website/drivers/L/LOGSAR01_Logan_Sargeant/logsar01.png.transform/1col/image.png,17.0,R,20.0,,,,,Retired,0.0,22.0,27.3,42.1,42.3,1.8,False
2023,16,Japanese Grand Prix,Suzuka,R,2023-09-24,18,STR,stroll,Aston Martin,aston_martin,Lance,Stroll,https://www.formula1.com/content/dam/fom-website/drivers/L/LANSTR01_Lance_Stroll/lanstr01.png.transform/1col/image.png,18.0,R,17.0,,,,,Retired,0.0,20.0,27.3,42.1,42.3,1.8,False
2023,16,Japanese Grand Prix,Suzuka,R,2023-09-24,11,PER,perez,Red Bull Racing,red_bull,Sergio,Perez,https://www.formula1.com/content/dam/fom-website/drivers/S/SERPER01_Sergio_Perez/serper01.png.transform/1col/image.png,19.0,R,5.0,,,,,Retired,0.0,15.0,27.3,42.1,42.3,1.8,False
2023,16,Japanese Grand Prix,Suzuka,R,2023-09-24,77,BOT,bottas,Alfa Romeo,alfa,Valtteri,Bottas,https://www.formula1.com/content/dam/fom-website/drivers/V/VALBOT01_Valtteri_Bottas/valbot01.png.transform/1col/image.png,20.0,R,16.0,,,,,Retired,0.0,7.0,27.3,42.1,42.3,1.8,False
2023,17,Qatar Grand Prix,Lusail,R,2023-10-08,1,VER,max_verstappen,Red Bull Racing,red_bull,Max,Verstappen,https://www.formula1.com/content/dam/fom-website/drivers/M/MAXVER01_Max_Verstappen/maxver01.png.transform/1col/image.png,1.0,1,1.0,,,,0 days 01:27:39.168000,Finished,26.0,57.0,31.5,36.9,73.2,0.9,False
2023,17,Qatar Grand Prix,Lusail,R,2023-10-08,81,PIA,piastri,McLaren,mclaren,Oscar,Piastri,https://www.formula1.com/content/dam/fom-website/drivers/O/OSCPIA01_Oscar_Piastri/oscpia01.png.transform/1col/image.png,2.0,2,6.0,,,,0 days 00:00:04.833000,Finished,18.0,57.0,31.5,36.9,73.2,0.9,False
2023,17,Qatar Grand Prix,Lusail,R,2023-10-08,4,NOR,norris,McLaren,mclaren,Lando,Norris,https://www.formula1.com/content/dam/fom-website/drivers/L/LANNOR01_Lando_Norris/lannor01.png.transform/1col/image.png,3.0,3,10.0,,,,0 days 00:00:05.969000,Finished,15.0,57.0,31.5,36.9,73.2,0.9,False
2023,17,Qatar Grand Prix,Lusail,R,2023-10-08,63,RUS,russell,Mercedes,mercedes,George,Russell,https://www.formula1.com/content/dam/fom-website/drivers/G/GEORUS01_George_Russell/georus01.png.transform/1col/image.png,4.0,4,2.0,,,,0 days 00:00:34.119000,Finished,12.0,57.0,31.5,36.9,73.2,0.9,False
2023,17,Qatar Grand Prix,Lusail,R,2023-10-08,16,LEC,leclerc,Ferrari,ferrari,Charles,Leclerc,https://www.formula1.com/content/dam/fom-website/drivers/C/CHALEC01_Charles_Leclerc/chalec01.png.transform/1col/image.png,5.0,5,5.0,,,,0 days 00:00:38.976000,Finished,10.0,57.0,31.5,36.9,73.2,0.9,False
2023,17,Qatar Grand Prix,Lusail,R,2023-10-08,14,ALO,alonso,Aston Martin,aston_martin,Fernando,Alonso,https://www.formula1.com/content/dam/fom-website/drivers/F/FERALO01_Fernando_Alonso/feralo01.png.transform/1col/image.png,6.0,6,4.0,,,,0 days 00:00:49.032000,Finished,8.0,57.0,31.5,36.9,73.2,0.9,False
2023,17,Qatar Grand Prix,Lusail,R,2023-10-08,31,OCO,ocon,Alpine,alpine,Esteban,Ocon,https://www.formula1.com/content/dam/fom-website/drivers/E/ESTOCO01_Esteban_Ocon/estoco01.png.transform/1col/image.png,7.0,7,8.0,,,,0 days 00:01:02.390000,Finished,6.0,57.0,31.5,36.9,73.2,0.9,False
2023,17,Qatar Grand Prix,Lusail,R,2023-10-08,77,BOT,bottas,Alfa Romeo,alfa,Valtteri,Bottas,https://www.formula1.com/content/dam/fom-website/drivers/V/VALBOT01_Valtteri_Bottas/valbot01.png.transform/1col/image.png,8.0,8,9.0,,,,0 days 00:01:06.563000,Finished,4.0,57.0,31.5,36.9,73.2,0.9,False
2023,17,Qatar Grand Prix,Lusail,R,2023-10-08,24,ZHO,zhou,Alfa Romeo,alfa,Guanyu,Zhou,https://www.formula1.com/content/dam/fom-website/drivers/G/GUAZHO01_Guanyu_Zhou/guazho01.png.transform/1col/image.png,9.0,9,19.0,,,,0 days 00:01:16.127000,Finished,2.0,57.0,31.5,36.9,73.2,0.9,False
2023,17,Qatar Grand Prix,Lusail,R,2023-10-08,11,PER,perez,Red Bull Racing,red_bull,Sergio,Perez,https://www.formula1.com/content/dam/fom-website/drivers/S/SERPER01_Sergio_Perez/serper01.png.transform/1col/image.png,10.0,10,20.0,,,,0 days 00:01:20.181000,Finished,1.0,57.0,31.5,36.9,73.2,0.9,False
2023,17,Qatar Grand Prix,Lusail,R,2023-10-08,18,STR,stroll,Aston Martin,aston_martin,Lance,Stroll,https://www.formula1.com/content/dam/fom-website/drivers/L/LANSTR01_Lance_Stroll/lanstr01.png.transform/1col/image.png,11.0,11,16.0,,,,0 days 00:01:21.652000,Finished,0.0,57.0,31.5,36.9,73.2,0.9,False
2023,17,Qatar Grand Prix,Lusail,R,2023-10-08,10,GAS,gasly,Alpine,alpine,Pierre,Gasly,https://www.formula1.com/content/dam/fom-website/drivers/P/PIEGAS01_Pierre_Gasly/piegas01.png.transform/1col/image.png,12.0,12,7.0,,,,0 days 00:01:22.300000,Finished,0.0,57.0,31.5,36.9,73.2,0.9,False
2023,17,Qatar Grand Prix,Lusail,R,2023-10-08,23,ALB,albon,Williams,williams,Alexander,Albon,https://www.formula1.com/content/dam/fom-website/drivers/A/ALEALB01_Alexander_Albon/alealb01.png.transform/1col/image.png,13.0,13,13.0,,,,0 days 00:01:31.014000,Finished,0.0,57.0,31.5,36.9,73.2,0.9,False
2023,17,Qatar Grand Prix,Lusail,R,2023-10-08,20,MAG,kevin_magnussen,Haas F1 Team,haas,Kevin,Magnussen,https://www.formula1.com/content/dam/fom-website/drivers/K/KEVMAG01_Kevin_Magnussen/kevmag01.png.transform/1col/image.png,14.0,14,18.0,,,,0 days 00:00:01.246000,Lapped,0.0,56.0,31.5,36.9,73.2,0.9,False
2023,17,Qatar Grand Prix,Lusail,R,2023-10-08,22,TSU,tsunoda,AlphaTauri,alphatauri,Yuki,Tsunoda,https://www.formula1.com/content/dam/fom-website/drivers/Y/YUKTSU01_Yuki_Tsunoda/yuktsu01.png.transform/1col/image.png,15.0,15,11.0,,,,0 days 00:00:08.958000,Lapped,0.0,56.0,31.5,36.9,73.2,0.9,False
2023,17,Qatar Grand Prix,Lusail,R,2023-10-08,27,HUL,hulkenberg,Haas F1 Team,haas,Nico,Hulkenberg,https://www.formula1.com/content/dam/fom-website/drivers/N/NICHUL01_Nico_Hulkenberg/nichul01.png.transform/1col/image.png,16.0,16,14.0,,,,0 days 00:00:15.085000,Lapped,0.0,56.0,31.5,36.9,73.2,0.9,False
2023,17,Qatar Grand Prix,Lusail,R,2023-10-08,40,LAW,lawson,AlphaTauri,alphatauri,Liam,Lawson,None,17.0,17,17.0,,,,0 days 00:00:27.108000,Lapped,0.0,56.0,31.5,36.9,73.2,0.9,False
2023,17,Qatar Grand Prix,Lusail,R,2023-10-08,2,SAR,sargeant,Williams,williams,Logan,Sargeant,https://www.formula1.com/content/dam/fom-website/drivers/L/LOGSAR01_Logan_Sargeant/logsar01.png.transform/1col/image.png,18.0,R,15.0,,,,,Retired,0.0,40.0,31.5,36.9,73.2,0.9,False
2023,17,Qatar Grand Prix,Lusail,R,2023-10-08,44,HAM,hamilton,Mercedes,mercedes,Lewis,Hamilton,https://www.formula1.com/content/dam/fom-website/drivers/L/LEWHAM01_Lewis_Hamilton/lewham01.png.transform/1col/image.png,19.0,R,3.0,,,,,Retired,0.0,0.0,31.5,36.9,73.2,0.9,False
2023,17,Qatar Grand Prix,Lusail,R,2023-10-08,55,SAI,sainz,Ferrari,ferrari,Carlos,Sainz,https://www.formula1.com/content/dam/fom-website/drivers/C/CARSAI01_Carlos_Sainz/carsai01.png.transform/1col/image.png,20.0,W,12.0,,,,,Did not start,0.0,0.0,31.5,36.9,73.2,0.9,False
2023,18,United States Grand Prix,Austin,R,2023-10-22,1,VER,max_verstappen,Red Bull Racing,red_bull,Max,Verstappen,https://www.formula1.com/content/dam/fom-website/drivers/M/MAXVER01_Max_Verstappen/maxver01.png.transform/1col/image.png,1.0,1,6.0,,,,0 days 01:35:21.362000,Finished,25.0,56.0,30.0,40.6,41.9,3.3,False
2023,18,United States Grand Prix,Austin,R,2023-10-22,4,NOR,norris,McLaren,mclaren,Lando,Norris,https://www.formula1.com/content/dam/fom-website/drivers/L/LANNOR01_Lando_Norris/lannor01.png.transform/1col/image.png,2.0,2,2.0,,,,0 days 00:00:10.730000,Finished,18.0,56.0,30.0,40.6,41.9,3.3,False
2023,18,United States Grand Prix,Austin,R,2023-10-22,55,SAI,sainz,Ferrari,ferrari,Carlos,Sainz,https://www.formula1.com/content/dam/fom-website/drivers/C/CARSAI01_Carlos_Sainz/carsai01.png.transform/1col/image.png,3.0,3,4.0,,,,0 days 00:00:15.134000,Finished,15.0,56.0,30.0,40.6,41.9,3.3,False
2023,18,United States Grand Prix,Austin,R,2023-10-22,11,PER,perez,Red Bull Racing,red_bull,Sergio,Perez,https://www.formula1.com/content/dam/fom-website/drivers/S/SERPER01_Sergio_Perez/serper01.png.transform/1col/image.png,4.0,4,9.0,,,,0 days 00:00:18.460000,Finished,12.0,56.0,30.0,40.6,41.9,3.3,False
2023,18,United States Grand Prix,Austin,R,2023-10-22,63,RUS,russell,Mercedes,mercedes,George,Russell,https://www.formula1.com/content/dam/fom-website/drivers/G/GEORUS01_George_Russell/georus01.png.transform/1col/image.png,5.0,5,5.0,,,,0 days 00:00:24.999000,Finished,10.0,56.0,30.0,40.6,41.9,3.3,False
2023,18,United States Grand Prix,Austin,R,2023-10-22,10,GAS,gasly,Alpine,alpine,Pierre,Gasly,https://www.formula1.com/content/dam/fom-website/drivers/P/PIEGAS01_Pierre_Gasly/piegas01.png.transform/1col/image.png,6.0,6,7.0,,,,0 days 00:00:47.996000,Finished,8.0,56.0,30.0,40.6,41.9,3.3,False
2023,18,United States Grand Prix,Austin,R,2023-10-22,18,STR,stroll,Aston Martin,aston_martin,Lance,Stroll,https://www.formula1.com/content/dam/fom-website/drivers/L/LANSTR01_Lance_Stroll/lanstr01.png.transform/1col/image.png,7.0,7,20.0,,,,0 days 00:00:48.696000,Finished,6.0,56.0,30.0,40.6,41.9,3.3,False
2023,18,United States Grand Prix,Austin,R,2023-10-22,22,TSU,tsunoda,AlphaTauri,alphatauri,Yuki,Tsunoda,https://www.formula1.com/content/dam/fom-website/drivers/Y/YUKTSU01_Yuki_Tsunoda/yuktsu01.png.transform/1col/image.png,8.0,8,11.0,,,,0 days 00:01:14.385000,Finished,5.0,56.0,30.0,40.6,41.9,3.3,False
2023,18,United States Grand Prix,Austin,R,2023-10-22,23,ALB,albon,Williams,williams,Alexander,Albon,https://www.formula1.com/content/dam/fom-website/drivers/A/ALEALB01_Alexander_Albon/alealb01.png.transform/1col/image.png,9.0,9,15.0,,,,0 days 00:01:26.714000,Finished,2.0,56.0,30.0,40.6,41.9,3.3,False
2023,18,United States Grand Prix,Austin,R,2023-10-22,2,SAR,sargeant,Williams,williams,Logan,Sargeant,https://www.formula1.com/content/dam/fom-website/drivers/L/LOGSAR01_Logan_Sargeant/logsar01.png.transform/1col/image.png,10.0,10,16.0,,,,0 days 00:01:27.998000,Finished,1.0,56.0,30.0,40.6,41.9,3.3,False
2023,18,United States Grand Prix,Austin,R,2023-10-22,27,HUL,hulkenberg,Haas F1 Team,haas,Nico,Hulkenberg,https://www.formula1.com/content/dam/fom-website/drivers/N/NICHUL01_Nico_Hulkenberg/nichul01.png.transform/1col/image.png,11.0,11,18.0,,,,0 days 00:01:29.904000,Finished,0.0,56.0,30.0,40.6,41.9,3.3,False
2023,18,United States Grand Prix,Austin,R,2023-10-22,77,BOT,bottas,Alfa Romeo,alfa,Valtteri,Bottas,https://www.formula1.com/content/dam/fom-website/drivers/V/VALBOT01_Valtteri_Bottas/valbot01.png.transform/1col/image.png,12.0,12,13.0,,,,0 days 00:01:38.601000,Finished,0.0,56.0,30.0,40.6,41.9,3.3,False
2023,18,United States Grand Prix,Austin,R,2023-10-22,24,ZHO,zhou,Alfa Romeo,alfa,Guanyu,Zhou,https://www.formula1.com/content/dam/fom-website/drivers/G/GUAZHO01_Guanyu_Zhou/guazho01.png.transform/1col/image.png,13.0,13,12.0,,,,0 days 00:00:03.576000,Lapped,0.0,55.0,30.0,40.6,41.9,3.3,False
2023,18,United States Grand Prix,Austin,R,2023-10-22,20,MAG,kevin_magnussen,Haas F1 Team,haas,Kevin,Magnussen,https://www.formula1.com/content/dam/fom-website/drivers/K/KEVMAG01_Kevin_Magnussen/kevmag01.png.transform/1col/image.png,14.0,14,17.0,,,,0 days 00:00:08.072000,Lapped,0.0,55.0,30.0,40.6,41.9,3.3,False
2023,18,United States Grand Prix,Austin,R,2023-10-22,3,RIC,ricciardo,AlphaTauri,alphatauri,Daniel,Ricciardo,None,15.0,15,14.0,,,,0 days 00:00:08.852000,Lapped,0.0,55.0,30.0,40.6,41.9,3.3,False
2023,18,United States Grand Prix,Austin,R,2023-10-22,14,ALO,alonso,Aston Martin,aston_martin,Fernando,Alonso,https://www.formula1.com/content/dam/fom-website/drivers/F/FERALO01_Fernando_Alonso/feralo01.png.transform/1col/image.png,16.0,R,19.0,,,,,Retired,0.0,49.0,30.0,40.6,41.9,3.3,False
2023,18,United States Grand Prix,Austin,R,2023-10-22,81,PIA,piastri,McLaren,mclaren,Oscar,Piastri,https://www.formula1.com/content/dam/fom-website/drivers/O/OSCPIA01_Oscar_Piastri/oscpia01.png.transform/1col/image.png,17.0,R,10.0,,,,,Retired,0.0,10.0,30.0,40.6,41.9,3.3,False
2023,18,United States Grand Prix,Austin,R,2023-10-22,31,OCO,ocon,Alpine,alpine,Esteban,Ocon,https://www.formula1.com/content/dam/fom-website/drivers/E/ESTOCO01_Esteban_Ocon/estoco01.png.transform/1col/image.png,18.0,R,8.0,,,,,Retired,0.0,6.0,30.0,40.6,41.9,3.3,False
2023,18,United States Grand Prix,Austin,R,2023-10-22,44,HAM,hamilton,Mercedes,mercedes,Lewis,Hamilton,https://www.formula1.com/content/dam/fom-website/drivers/L/LEWHAM01_Lewis_Hamilton/lewham01.png.transform/1col/image.png,19.0,19,3.0,,,,0 days 00:00:02.225000,Disqualified,0.0,56.0,30.0,40.6,41.9,3.3,False
2023,18,United States Grand Prix,Austin,R,2023-10-22,16,LEC,leclerc,Ferrari,ferrari,Charles,Leclerc,https://www.formula1.com/content/dam/fom-website/drivers/C/CHALEC01_Charles_Leclerc/chalec01.png.transform/1col/image.png,20.0,20,1.0,,,,0 days 00:00:24.662000,Disqualified,0.0,56.0,30.0,40.6,41.9,3.3,False
2023,19,Mexico City Grand Prix,Mexico City,R,2023-10-29,1,VER,max_verstappen,Red Bull Racing,red_bull,Max,Verstappen,https://www.formula1.com/content/dam/fom-website/drivers/M/MAXVER01_Max_Verstappen/maxver01.png.transform/1col/image.png,1.0,1,3.0,,,,0 days 02:02:30.814000,Finished,25.0,71.0,25.5,45.6,23.6,1.5,False
2023,19,Mexico City Grand Prix,Mexico City,R,2023-10-29,44,HAM,hamilton,Mercedes,mercedes,Lewis,Hamilton,https://www.formula1.com/content/dam/fom-website/drivers/L/LEWHAM01_Lewis_Hamilton/lewham01.png.transform/1col/image.png,2.0,2,6.0,,,,0 days 00:00:13.875000,Finished,19.0,71.0,25.5,45.6,23.6,1.5,False
2023,19,Mexico City Grand Prix,Mexico City,R,2023-10-29,16,LEC,leclerc,Ferrari,ferrari,Charles,Leclerc,https://www.formula1.com/content/dam/fom-website/drivers/C/CHALEC01_Charles_Leclerc/chalec01.png.transform/1col/image.png,3.0,3,1.0,,,,0 days 00:00:23.124000,Finished,15.0,71.0,25.5,45.6,23.6,1.5,False
2023,19,Mexico City Grand Prix,Mexico City,R,2023-10-29,55,SAI,sainz,Ferrari,ferrari,Carlos,Sainz,https://www.formula1.com/content/dam/fom-website/drivers/C/CARSAI01_Carlos_Sainz/carsai01.png.transform/1col/image.png,4.0,4,2.0,,,,0 days 00:00:27.154000,Finished,12.0,71.0,25.5,45.6,23.6,1.5,False
2023,19,Mexico City Grand Prix,Mexico City,R,2023-10-29,4,NOR,norris,McLaren,mclaren,Lando,Norris,https://www.formula1.com/content/dam/fom-website/drivers/L/LANNOR01_Lando_Norris/lannor01.png.transform/1col/image.png,5.0,5,17.0,,,,0 days 00:00:33.266000,Finished,10.0,71.0,25.5,45.6,23.6,1.5,False
2023,19,Mexico City Grand Prix,Mexico City,R,2023-10-29,63,RUS,russell,Mercedes,mercedes,George,Russell,https://www.formula1.com/content/dam/fom-website/drivers/G/GEORUS01_George_Russell/georus01.png.transform/1col/image.png,6.0,6,8.0,,,,0 days 00:00:41.020000,Finished,8.0,71.0,25.5,45.6,23.6,1.5,False
2023,19,Mexico City Grand Prix,Mexico City,R,2023-10-29,3,RIC,ricciardo,AlphaTauri,alphatauri,Daniel,Ricciardo,None,7.0,7,4.0,,,,0 days 00:00:41.570000,Finished,6.0,71.0,25.5,45.6,23.6,1.5,False
2023,19,Mexico City Grand Prix,Mexico City,R,2023-10-29,81,PIA,piastri,McLaren,mclaren,Oscar,Piastri,https://www.formula1.com/content/dam/fom-website/drivers/O/OSCPIA01_Oscar_Piastri/oscpia01.png.transform/1col/image.png,8.0,8,7.0,,,,0 days 00:00:43.104000,Finished,4.0,71.0,25.5,45.6,23.6,1.5,False
2023,19,Mexico City Grand Prix,Mexico City,R,2023-10-29,23,ALB,albon,Williams,williams,Alexander,Albon,https://www.formula1.com/content/dam/fom-website/drivers/A/ALEALB01_Alexander_Albon/alealb01.png.transform/1col/image.png,9.0,9,14.0,,,,0 days 00:00:48.573000,Finished,2.0,71.0,25.5,45.6,23.6,1.5,False
2023,19,Mexico City Grand Prix,Mexico City,R,2023-10-29,31,OCO,ocon,Alpine,alpine,Esteban,Ocon,https://www.formula1.com/content/dam/fom-website/drivers/E/ESTOCO01_Esteban_Ocon/estoco01.png.transform/1col/image.png,10.0,10,15.0,,,,0 days 00:01:02.879000,Finished,1.0,71.0,25.5,45.6,23.6,1.5,False
2023,19,Mexico City Grand Prix,Mexico City,R,2023-10-29,10,GAS,gasly,Alpine,alpine,Pierre,Gasly,https://www.formula1.com/content/dam/fom-website/drivers/P/PIEGAS01_Pierre_Gasly/piegas01.png.transform/1col/image.png,11.0,11,11.0,,,,0 days 00:01:06.208000,Finished,0.0,71.0,25.5,45.6,23.6,1.5,False
2023,19,Mexico City Grand Prix,Mexico City,R,2023-10-29,22,TSU,tsunoda,AlphaTauri,alphatauri,Yuki,Tsunoda,https://www.formula1.com/content/dam/fom-website/drivers/Y/YUKTSU01_Yuki_Tsunoda/yuktsu01.png.transform/1col/image.png,12.0,12,18.0,,,,0 days 00:01:18.982000,Finished,0.0,71.0,25.5,45.6,23.6,1.5,False
2023,19,Mexico City Grand Prix,Mexico City,R,2023-10-29,27,HUL,hulkenberg,Haas F1 Team,haas,Nico,Hulkenberg,https://www.formula1.com/content/dam/fom-website/drivers/N/NICHUL01_Nico_Hulkenberg/nichul01.png.transform/1col/image.png,13.0,13,12.0,,,,0 days 00:01:20.309000,Finished,0.0,71.0,25.5,45.6,23.6,1.5,False
2023,19,Mexico City Grand Prix,Mexico City,R,2023-10-29,24,ZHO,zhou,Alfa Romeo,alfa,Guanyu,Zhou,https://www.formula1.com/content/dam/fom-website/drivers/G/GUAZHO01_Guanyu_Zhou/guazho01.png.transform/1col/image.png,14.0,14,10.0,,,,0 days 00:01:21.676000,Finished,0.0,71.0,25.5,45.6,23.6,1.5,False
2023,19,Mexico City Grand Prix,Mexico City,R,2023-10-29,77,BOT,bottas,Alfa Romeo,alfa,Valtteri,Bottas,https://www.formula1.com/content/dam/fom-website/drivers/V/VALBOT01_Valtteri_Bottas/valbot01.png.transform/1col/image.png,15.0,15,9.0,,,,0 days 00:01:25.597000,Finished,0.0,71.0,25.5,45.6,23.6,1.5,False
2023,19,Mexico City Grand Prix,Mexico City,R,2023-10-29,2,SAR,sargeant,Williams,williams,Logan,Sargeant,https://www.formula1.com/content/dam/fom-website/drivers/L/LOGSAR01_Logan_Sargeant/logsar01.png.transform/1col/image.png,16.0,16,19.0,,,,,Retired,0.0,70.0,25.5,45.6,23.6,1.5,False
2023,19,Mexico City Grand Prix,Mexico City,R,2023-10-29,18,STR,stroll,Aston Martin,aston_martin,Lance,Stroll,https://www.formula1.com/content/dam/fom-website/drivers/L/LANSTR01_Lance_Stroll/lanstr01.png.transform/1col/image.png,17.0,17,0.0,,,,,Collision damage,0.0,66.0,25.5,45.6,23.6,1.5,False
2023,19,Mexico City Grand Prix,Mexico City,R,2023-10-29,14,ALO,alonso,Aston Martin,aston_martin,Fernando,Alonso,https://www.formula1.com/content/dam/fom-website/drivers/F/FERALO01_Fernando_Alonso/feralo01.png.transform/1col/image.png,18.0,W,13.0,,,,,Withdrew,0.0,47.0,25.5,45.6,23.6,1.5,False
2023,19,Mexico City Grand Prix,Mexico City,R,2023-10-29,20,MAG,kevin_magnussen,Haas F1 Team,haas,Kevin,Magnussen,https://www.formula1.com/content/dam/fom-website/drivers/K/KEVMAG01_Kevin_Magnussen/kevmag01.png.transform/1col/image.png,19.0,R,16.0,,,,,Accident,0.0,31.0,25.5,45.6,23.6,1.5,False
2023,19,Mexico City Grand Prix,Mexico City,R,2023-10-29,11,PER,perez,Red Bull Racing,red_bull,Sergio,Perez,https://www.formula1.com/content/dam/fom-website/drivers/S/SERPER01_Sergio_Perez/serper01.png.transform/1col/image.png,20.0,R,5.0,,,,,Collision damage,0.0,1.0,25.5,45.6,23.6,1.5,False
2023,20,São Paulo Grand Prix,São Paulo,R,2023-11-05,1,VER,max_verstappen,Red Bull Racing,red_bull,Max,Verstappen,https://www.formula1.com/content/dam/fom-website/drivers/M/MAXVER01_Max_Verstappen/maxver01.png.transform/1col/image.png,1.0,1,1.0,,,,0 days 01:56:48.894000,Finished,25.0,71.0,20.5,46.8,58.2,1.3,True
2023,20,São Paulo Grand Prix,São Paulo,R,2023-11-05,4,NOR,norris,McLaren,mclaren,Lando,Norris,https://www.formula1.com/content/dam/fom-website/drivers/L/LANNOR01_Lando_Norris/lannor01.png.transform/1col/image.png,2.0,2,6.0,,,,0 days 00:00:08.277000,Finished,19.0,71.0,20.5,46.8,58.2,1.3,True
2023,20,São Paulo Grand Prix,São Paulo,R,2023-11-05,14,ALO,alonso,Aston Martin,aston_martin,Fernando,Alonso,https://www.formula1.com/content/dam/fom-website/drivers/F/FERALO01_Fernando_Alonso/feralo01.png.transform/1col/image.png,3.0,3,4.0,,,,0 days 00:00:34.155000,Finished,15.0,71.0,20.5,46.8,58.2,1.3,True
2023,20,São Paulo Grand Prix,São Paulo,R,2023-11-05,11,PER,perez,Red Bull Racing,red_bull,Sergio,Perez,https://www.formula1.com/content/dam/fom-website/drivers/S/SERPER01_Sergio_Perez/serper01.png.transform/1col/image.png,4.0,4,9.0,,,,0 days 00:00:34.208000,Finished,12.0,71.0,20.5,46.8,58.2,1.3,True
2023,20,São Paulo Grand Prix,São Paulo,R,2023-11-05,18,STR,stroll,Aston Martin,aston_martin,Lance,Stroll,https://www.formula1.com/content/dam/fom-website/drivers/L/LANSTR01_Lance_Stroll/lanstr01.png.transform/1col/image.png,5.0,5,3.0,,,,0 days 00:00:40.845000,Finished,10.0,71.0,20.5,46.8,58.2,1.3,True
2023,20,São Paulo Grand Prix,São Paulo,R,2023-11-05,55,SAI,sainz,Ferrari,ferrari,Carlos,Sainz,https://www.formula1.com/content/dam/fom-website/drivers/C/CARSAI01_Carlos_Sainz/carsai01.png.transform/1col/image.png,6.0,6,7.0,,,,0 days 00:00:50.188000,Finished,8.0,71.0,20.5,46.8,58.2,1.3,True
2023,20,São Paulo Grand Prix,São Paulo,R,2023-11-05,10,GAS,gasly,Alpine,alpine,Pierre,Gasly,https://www.formula1.com/content/dam/fom-website/drivers/P/PIEGAS01_Pierre_Gasly/piegas01.png.transform/1col/image.png,7.0,7,15.0,,,,0 days 00:00:56.093000,Finished,6.0,71.0,20.5,46.8,58.2,1.3,True
2023,20,São Paulo Grand Prix,São Paulo,R,2023-11-05,44,HAM,hamilton,Mercedes,mercedes,Lewis,Hamilton,https://www.formula1.com/content/dam/fom-website/drivers/L/LEWHAM01_Lewis_Hamilton/lewham01.png.transform/1col/image.png,8.0,8,5.0,,,,0 days 00:01:02.859000,Finished,4.0,71.0,20.5,46.8,58.2,1.3,True
2023,20,São Paulo Grand Prix,São Paulo,R,2023-11-05,22,TSU,tsunoda,AlphaTauri,alphatauri,Yuki,Tsunoda,https://www.formula1.com/content/dam/fom-website/drivers/Y/YUKTSU01_Yuki_Tsunoda/yuktsu01.png.transform/1col/image.png,9.0,9,16.0,,,,0 days 00:01:09.880000,Finished,2.0,71.0,20.5,46.8,58.2,1.3,True
2023,20,São Paulo Grand Prix,São Paulo,R,2023-11-05,31,OCO,ocon,Alpine,alpine,Esteban,Ocon,https://www.formula1.com/content/dam/fom-website/drivers/E/ESTOCO01_Esteban_Ocon/estoco01.png.transform/1col/image.png,10.0,10,14.0,,,,0 days 00:00:09.841000,Lapped,1.0,70.0,20.5,46.8,58.2,1.3,True
2023,20,São Paulo Grand Prix,São Paulo,R,2023-11-05,2,SAR,sargeant,Williams,williams,Logan,Sargeant,https://www.formula1.com/content/dam/fom-website/drivers/L/LOGSAR01_Logan_Sargeant/logsar01.png.transform/1col/image.png,11.0,11,19.0,,,,0 days 00:00:26.208000,Lapped,0.0,70.0,20.5,46.8,58.2,1.3,True
2023,20,São Paulo Grand Prix,São Paulo,R,2023-11-05,27,HUL,hulkenberg,Haas F1 Team,haas,Nico,Hulkenberg,https://www.formula1.com/content/dam/fom-website/drivers/N/NICHUL01_Nico_Hulkenberg/nichul01.png.transform/1col/image.png,12.0,12,11.0,,,,0 days 00:00:29.960000,Lapped,0.0,70.0,20.5,46.8,58.2,1.3,True
2023,20,São Paulo Grand Prix,São Paulo,R,2023-11-05,3,RIC,ricciardo,AlphaTauri,alphatauri,Daniel,Ricciardo,None,13.0,13,17.0,,,,0 days 00:01:09.961000,Lapped,0.0,70.0,20.5,46.8,58.2,1.3,True
2023,20,São Paulo Grand Prix,São Paulo,R,2023-11-05,81,PIA,piastri,McLaren,mclaren,Oscar,Piastri,https://www.formula1.com/content/dam/fom-website/drivers/O/OSCPIA01_Oscar_Piastri/oscpia01.png.transform/1col/image.png,14.0,14,10.0,,,,0 days 00:00:03.636000,Lapped,0.0,69.0,20.5,46.8,58.2,1.3,True
2023,20,São Paulo Grand Prix,São Paulo,R,2023-11-05,63,RUS,russell,Mercedes,mercedes,George,Russell,https://www.formula1.com/content/dam/fom-website/drivers/G/GEORUS01_George_Russell/georus01.png.transform/1col/image.png,15.0,R,8.0,,,,,Retired,0.0,57.0,20.5,46.8,58.2,1.3,True
2023,20,São Paulo Grand Prix,São Paulo,R,2023-11-05,77,BOT,bottas,Alfa Romeo,alfa,Valtteri,Bottas,https://www.formula1.com/content/dam/fom-website/drivers/V/VALBOT01_Valtteri_Bottas/valbot01.png.transform/1col/image.png,16.0,R,18.0,,,,,Retired,0.0,39.0,20.5,46.8,58.2,1.3,True
2023,20,São Paulo Grand Prix,São Paulo,R,2023-11-05,24,ZHO,zhou,Alfa Romeo,alfa,Guanyu,Zhou,https://www.formula1.com/content/dam/fom-website/drivers/G/GUAZHO01_Guanyu_Zhou/guazho01.png.transform/1col/image.png,17.0,R,20.0,,,,,Retired,0.0,22.0,20.5,46.8,58.2,1.3,True
2023,20,São Paulo Grand Prix,São Paulo,R,2023-11-05,20,MAG,kevin_magnussen,Haas F1 Team,haas,Kevin,Magnussen,https://www.formula1.com/content/dam/fom-website/drivers/K/KEVMAG01_Kevin_Magnussen/kevmag01.png.transform/1col/image.png,18.0,R,12.0,,,,,Retired,0.0,0.0,20.5,46.8,58.2,1.3,True
2023,20,São Paulo Grand Prix,São Paulo,R,2023-11-05,23,ALB,albon,Williams,williams,Alexander,Albon,https://www.formula1.com/content/dam/fom-website/drivers/A/ALEALB01_Alexander_Albon/alealb01.png.transform/1col/image.png,19.0,R,13.0,,,,,Retired,0.0,0.0,20.5,46.8,58.2,1.3,True
2023,20,São Paulo Grand Prix,São Paulo,R,2023-11-05,16,LEC,leclerc,Ferrari,ferrari,Charles,Leclerc,https://www.formula1.com/content/dam/fom-website/drivers/C/CHALEC01_Charles_Leclerc/chalec01.png.transform/1col/image.png,20.0,W,2.0,,,,,Did not start,0.0,0.0,20.5,46.8,58.2,1.3,True
2023,21,Las Vegas Grand Prix,Las Vegas,R,2023-11-18,1,VER,max_verstappen,Red Bull Racing,red_bull,Max,Verstappen,https://www.formula1.com/content/dam/fom-website/drivers/M/MAXVER01_Max_Verstappen/maxver01.png.transform/1col/image.png,1.0,1,2.0,,,,0 days 01:29:08.289000,Finished,25.0,50.0,18.0,18.0,47.4,2.3,False
2023,21,Las Vegas Grand Prix,Las Vegas,R,2023-11-18,16,LEC,leclerc,Ferrari,ferrari,Charles,Leclerc,https://www.formula1.com/content/dam/fom-website/drivers/C/CHALEC01_Charles_Leclerc/chalec01.png.transform/1col/image.png,2.0,2,1.0,,,,0 days 00:00:02.070000,Finished,18.0,50.0,18.0,18.0,47.4,2.3,False
2023,21,Las Vegas Grand Prix,Las Vegas,R,2023-11-18,11,PER,perez,Red Bull Racing,red_bull,Sergio,Perez,https://www.formula1.com/content/dam/fom-website/drivers/S/SERPER01_Sergio_Perez/serper01.png.transform/1col/image.png,3.0,3,11.0,,,,0 days 00:00:02.241000,Finished,15.0,50.0,18.0,18.0,47.4,2.3,False
2023,21,Las Vegas Grand Prix,Las Vegas,R,2023-11-18,31,OCO,ocon,Alpine,alpine,Esteban,Ocon,https://www.formula1.com/content/dam/fom-website/drivers/E/ESTOCO01_Esteban_Ocon/estoco01.png.transform/1col/image.png,4.0,4,16.0,,,,0 days 00:00:18.665000,Finished,12.0,50.0,18.0,18.0,47.4,2.3,False
2023,21,Las Vegas Grand Prix,Las Vegas,R,2023-11-18,18,STR,stroll,Aston Martin,aston_martin,Lance,Stroll,https://www.formula1.com/content/dam/fom-website/drivers/L/LANSTR01_Lance_Stroll/lanstr01.png.transform/1col/image.png,5.0,5,19.0,,,,0 days 00:00:20.067000,Finished,10.0,50.0,18.0,18.0,47.4,2.3,False
2023,21,Las Vegas Grand Prix,Las Vegas,R,2023-11-18,55,SAI,sainz,Ferrari,ferrari,Carlos,Sainz,https://www.formula1.com/content/dam/fom-website/drivers/C/CARSAI01_Carlos_Sainz/carsai01.png.transform/1col/image.png,6.0,6,12.0,,,,0 days 00:00:20.834000,Finished,8.0,50.0,18.0,18.0,47.4,2.3,False
2023,21,Las Vegas Grand Prix,Las Vegas,R,2023-11-18,44,HAM,hamilton,Mercedes,mercedes,Lewis,Hamilton,https://www.formula1.com/content/dam/fom-website/drivers/L/LEWHAM01_Lewis_Hamilton/lewham01.png.transform/1col/image.png,7.0,7,10.0,,,,0 days 00:00:21.755000,Finished,6.0,50.0,18.0,18.0,47.4,2.3,False
2023,21,Las Vegas Grand Prix,Las Vegas,R,2023-11-18,63,RUS,russell,Mercedes,mercedes,George,Russell,https://www.formula1.com/content/dam/fom-website/drivers/G/GEORUS01_George_Russell/georus01.png.transform/1col/image.png,8.0,8,3.0,,,,0 days 00:00:23.091000,Finished,4.0,50.0,18.0,18.0,47.4,2.3,False
2023,21,Las Vegas Grand Prix,Las Vegas,R,2023-11-18,14,ALO,alonso,Aston Martin,aston_martin,Fernando,Alonso,https://www.formula1.com/content/dam/fom-website/drivers/F/FERALO01_Fernando_Alonso/feralo01.png.transform/1col/image.png,9.0,9,9.0,,,,0 days 00:00:25.964000,Finished,2.0,50.0,18.0,18.0,47.4,2.3,False
2023,21,Las Vegas Grand Prix,Las Vegas,R,2023-11-18,81,PIA,piastri,McLaren,mclaren,Oscar,Piastri,https://www.formula1.com/content/dam/fom-website/drivers/O/OSCPIA01_Oscar_Piastri/oscpia01.png.transform/1col/image.png,10.0,10,18.0,,,,0 days 00:00:29.496000,Finished,2.0,50.0,18.0,18.0,47.4,2.3,False
2023,21,Las Vegas Grand Prix,Las Vegas,R,2023-11-18,10,GAS,gasly,Alpine,alpine,Pierre,Gasly,https://www.formula1.com/content/dam/fom-website/drivers/P/PIEGAS01_Pierre_Gasly/piegas01.png.transform/1col/image.png,11.0,11,4.0,,,,0 days 00:00:34.270000,Finished,0.0,50.0,18.0,18.0,47.4,2.3,False
2023,21,Las Vegas Grand Prix,Las Vegas,R,2023-11-18,23,ALB,albon,Williams,williams,Alexander,Albon,https://www.formula1.com/content/dam/fom-website/drivers/A/ALEALB01_Alexander_Albon/alealb01.png.transform/1col/image.png,12.0,12,5.0,,,,0 days 00:00:43.398000,Finished,0.0,50.0,18.0,18.0,47.4,2.3,False
2023,21,Las Vegas Grand Prix,Las Vegas,R,2023-11-18,20,MAG,kevin_magnussen,Haas F1 Team,haas,Kevin,Magnussen,https://www.formula1.com/content/dam/fom-website/drivers/K/KEVMAG01_Kevin_Magnussen/kevmag01.png.transform/1col/image.png,13.0,13,8.0,,,,0 days 00:00:44.825000,Finished,0.0,50.0,18.0,18.0,47.4,2.3,False
2023,21,Las Vegas Grand Prix,Las Vegas,R,2023-11-18,3,RIC,ricciardo,AlphaTauri,alphatauri,Daniel,Ricciardo,None,14.0,14,14.0,,,,0 days 00:00:48.525000,Finished,0.0,50.0,18.0,18.0,47.4,2.3,False
2023,21,Las Vegas Grand Prix,Las Vegas,R,2023-11-18,24,ZHO,zhou,Alfa Romeo,alfa,Guanyu,Zhou,https://www.formula1.com/content/dam/fom-website/drivers/G/GUAZHO01_Guanyu_Zhou/guazho01.png.transform/1col/image.png,15.0,15,17.0,,,,0 days 00:00:50.162000,Finished,0.0,50.0,18.0,18.0,47.4,2.3,False
2023,21,Las Vegas Grand Prix,Las Vegas,R,2023-11-18,2,SAR,sargeant,Williams,williams,Logan,Sargeant,https://www.formula1.com/content/dam/fom-website/drivers/L/LOGSAR01_Logan_Sargeant/logsar01.png.transform/1col/image.png,16.0,16,6.0,,,,0 days 00:00:50.882000,Finished,0.0,50.0,18.0,18.0,47.4,2.3,False
2023,21,Las Vegas Grand Prix,Las Vegas,R,2023-11-18,77,BOT,bottas,Alfa Romeo,alfa,Valtteri,Bottas,https://www.formula1.com/content/dam/fom-website/drivers/V/VALBOT01_Valtteri_Bottas/valbot01.png.transform/1col/image.png,17.0,17,7.0,,,,0 days 00:01:25.350000,Finished,0.0,50.0,18.0,18.0,47.4,2.3,False
2023,21,Las Vegas Grand Prix,Las Vegas,R,2023-11-18,22,TSU,tsunoda,AlphaTauri,alphatauri,Yuki,Tsunoda,https://www.formula1.com/content/dam/fom-website/drivers/Y/YUKTSU01_Yuki_Tsunoda/yuktsu01.png.transform/1col/image.png,18.0,18,20.0,,,,,Retired,0.0,46.0,18.0,18.0,47.4,2.3,False
2023,21,Las Vegas Grand Prix,Las Vegas,R,2023-11-18,27,HUL,hulkenberg,Haas F1 Team,haas,Nico,Hulkenberg,https://www.formula1.com/content/dam/fom-website/drivers/N/NICHUL01_Nico_Hulkenberg/nichul01.png.transform/1col/image.png,19.0,19,13.0,,,,,Retired,0.0,45.0,18.0,18.0,47.4,2.3,False
2023,21,Las Vegas Grand Prix,Las Vegas,R,2023-11-18,4,NOR,norris,McLaren,mclaren,Lando,Norris,https://www.formula1.com/content/dam/fom-website/drivers/L/LANNOR01_Lando_Norris/lannor01.png.transform/1col/image.png,20.0,R,15.0,,,,,Retired,0.0,2.0,18.0,18.0,47.4,2.3,False
2023,22,Abu Dhabi Grand Prix,Yas Island,R,2023-11-26,1,VER,max_verstappen,Red Bull Racing,red_bull,Max,Verstappen,https://www.formula1.com/content/dam/fom-website/drivers/M/MAXVER01_Max_Verstappen/maxver01.png.transform/1col/image.png,1.0,1,1.0,,,,0 days 01:27:02.624000,Finished,26.0,58.0,27.0,33.5,51.0,1.8,False
2023,22,Abu Dhabi Grand Prix,Yas Island,R,2023-11-26,16,LEC,leclerc,Ferrari,ferrari,Charles,Leclerc,https://www.formula1.com/content/dam/fom-website/drivers/C/CHALEC01_Charles_Leclerc/chalec01.png.transform/1col/image.png,2.0,2,2.0,,,,0 days 00:00:17.993000,Finished,18.0,58.0,27.0,33.5,51.0,1.8,False
2023,22,Abu Dhabi Grand Prix,Yas Island,R,2023-11-26,63,RUS,russell,Mercedes,mercedes,George,Russell,https://www.formula1.com/content/dam/fom-website/drivers/G/GEORUS01_George_Russell/georus01.png.transform/1col/image.png,3.0,3,4.0,,,,0 days 00:00:20.328000,Finished,15.0,58.0,27.0,33.5,51.0,1.8,False
2023,22,Abu Dhabi Grand Prix,Yas Island,R,2023-11-26,11,PER,perez,Red Bull Racing,red_bull,Sergio,Perez,https://www.formula1.com/content/dam/fom-website/drivers/S/SERPER01_Sergio_Perez/serper01.png.transform/1col/image.png,4.0,4,9.0,,,,0 days 00:00:21.453000,Finished,12.0,58.0,27.0,33.5,51.0,1.8,False
2023,22,Abu Dhabi Grand Prix,Yas Island,R,2023-11-26,4,NOR,norris,McLaren,mclaren,Lando,Norris,https://www.formula1.com/content/dam/fom-website/drivers/L/LANNOR01_Lando_Norris/lannor01.png.transform/1col/image.png,5.0,5,5.0,,,,0 days 00:00:24.284000,Finished,10.0,58.0,27.0,33.5,51.0,1.8,False
2023,22,Abu Dhabi Grand Prix,Yas Island,R,2023-11-26,81,PIA,piastri,McLaren,mclaren,Oscar,Piastri,https://www.formula1.com/content/dam/fom-website/drivers/O/OSCPIA01_Oscar_Piastri/oscpia01.png.transform/1col/image.png,6.0,6,3.0,,,,0 days 00:00:31.487000,Finished,8.0,58.0,27.0,33.5,51.0,1.8,False
2023,22,Abu Dhabi Grand Prix,Yas Island,R,2023-11-26,14,ALO,alonso,Aston Martin,aston_martin,Fernando,Alonso,https://www.formula1.com/content/dam/fom-website/drivers/F/FERALO01_Fernando_Alonso/feralo01.png.transform/1col/image.png,7.0,7,7.0,,,,0 days 00:00:39.512000,Finished,6.0,58.0,27.0,33.5,51.0,1.8,False
2023,22,Abu Dhabi Grand Prix,Yas Island,R,2023-11-26,22,TSU,tsunoda,AlphaTauri,alphatauri,Yuki,Tsunoda,https://www.formula1.com/content/dam/fom-website/drivers/Y/YUKTSU01_Yuki_Tsunoda/yuktsu01.png.transform/1col/image.png,8.0,8,6.0,,,,0 days 00:00:43.088000,Finished,4.0,58.0,27.0,33.5,51.0,1.8,False
2023,22,Abu Dhabi Grand Prix,Yas Island,R,2023-11-26,44,HAM,hamilton,Mercedes,mercedes,Lewis,Hamilton,https://www.formula1.com/content/dam/fom-website/drivers/L/LEWHAM01_Lewis_Hamilton/lewham01.png.transform/1col/image.png,9.0,9,11.0,,,,0 days 00:00:44.424000,Finished,2.0,58.0,27.0,33.5,51.0,1.8,False
2023,22,Abu Dhabi Grand Prix,Yas Island,R,2023-11-26,18,STR,stroll,Aston Martin,aston_martin,Lance,Stroll,https://www.formula1.com/content/dam/fom-website/drivers/L/LANSTR01_Lance_Stroll/lanstr01.png.transform/1col/image.png,10.0,10,13.0,,,,0 days 00:00:55.632000,Finished,1.0,58.0,27.0,33.5,51.0,1.8,False
2023,22,Abu Dhabi Grand Prix,Yas Island,R,2023-11-26,3,RIC,ricciardo,AlphaTauri,alphatauri,Daniel,Ricciardo,None,11.0,11,15.0,,,,0 days 00:00:56.229000,Finished,0.0,58.0,27.0,33.5,51.0,1.8,False
2023,22,Abu Dhabi Grand Prix,Yas Island,R,2023-11-26,31,OCO,ocon,Alpine,alpine,Esteban,Ocon,https://www.formula1.com/content/dam/fom-website/drivers/E/ESTOCO01_Esteban_Ocon/estoco01.png.transform/1col/image.png,12.0,12,12.0,,,,0 days 00:01:06.373000,Finished,0.0,58.0,27.0,33.5,51.0,1.8,False
2023,22,Abu Dhabi Grand Prix,Yas Island,R,2023-11-26,10,GAS,gasly,Alpine,alpine,Pierre,Gasly,https://www.formula1.com/content/dam/fom-website/drivers/P/PIEGAS01_Pierre_Gasly/piegas01.png.transform/1col/image.png,13.0,13,10.0,,,,0 days 00:01:10.360000,Finished,0.0,58.0,27.0,33.5,51.0,1.8,False
2023,22,Abu Dhabi Grand Prix,Yas Island,R,2023-11-26,23,ALB,albon,Williams,williams,Alexander,Albon,https://www.formula1.com/content/dam/fom-website/drivers/A/ALEALB01_Alexander_Albon/alealb01.png.transform/1col/image.png,14.0,14,14.0,,,,0 days 00:01:13.184000,Finished,0.0,58.0,27.0,33.5,51.0,1.8,False
2023,22,Abu Dhabi Grand Prix,Yas Island,R,2023-11-26,27,HUL,hulkenberg,Haas F1 Team,haas,Nico,Hulkenberg,https://www.formula1.com/content/dam/fom-website/drivers/N/NICHUL01_Nico_Hulkenberg/nichul01.png.transform/1col/image.png,15.0,15,8.0,,,,0 days 00:01:23.696000,Finished,0.0,58.0,27.0,33.5,51.0,1.8,False
2023,22,Abu Dhabi Grand Prix,Yas Island,R,2023-11-26,2,SAR,sargeant,Williams,williams,Logan,Sargeant,https://www.formula1.com/content/dam/fom-website/drivers/L/LOGSAR01_Logan_Sargeant/logsar01.png.transform/1col/image.png,16.0,16,20.0,,,,0 days 00:01:27.791000,Finished,0.0,58.0,27.0,33.5,51.0,1.8,False
2023,22,Abu Dhabi Grand Prix,Yas Island,R,2023-11-26,24,ZHO,zhou,Alfa Romeo,alfa,Guanyu,Zhou,https://www.formula1.com/content/dam/fom-website/drivers/G/GUAZHO01_Guanyu_Zhou/guazho01.png.transform/1col/image.png,17.0,17,19.0,,,,0 days 00:01:29.422000,Finished,0.0,58.0,27.0,33.5,51.0,1.8,False
2023,22,Abu Dhabi Grand Prix,Yas Island,R,2023-11-26,55,SAI,sainz,Ferrari,ferrari,Carlos,Sainz,https://www.formula1.com/content/dam/fom-website/drivers/C/CARSAI01_Carlos_Sainz/carsai01.png.transform/1col/image.png,18.0,18,16.0,,,,,Retired,0.0,57.0,27.0,33.5,51.0,1.8,False
2023,22,Abu Dhabi Grand Prix,Yas Island,R,2023-11-26,77,BOT,bottas,Alfa Romeo,alfa,Valtteri,Bottas,https://www.formula1.com/content/dam/fom-website/drivers/V/VALBOT01_Valtteri_Bottas/valbot01.png.transform/1col/image.png,19.0,19,18.0,,,,0 days 00:00:12.411000,Lapped,0.0,57.0,27.0,33.5,51.0,1.8,False
2023,22,Abu Dhabi Grand Prix,Yas Island,R,2023-11-26,20,MAG,kevin_magnussen,Haas F1 Team,haas,Kevin,Magnussen,https://www.formula1.com/content/dam/fom-website/drivers/K/KEVMAG01_Kevin_Magnussen/kevmag01.png.transform/1col/image.png,20.0,20,17.0,,,,0 days 00:00:14.876000,Lapped,0.0,57.0,27.0,33.5,51.0,1.8,False
