Season,Round,EventName,Circuit,SessionType,EventDate,DriverNumber,Abbreviation,DriverId,TeamName,TeamId,FirstName,LastName,HeadshotUrl,Position,ClassifiedPosition,GridPosition,Q1,Q2,Q3,Time,Status,Points,Laps,AirTemp_mean,TrackTemp_mean,Humidity_mean,WindSpeed_mean,Rainfall
2019,1,Australian Grand Prix,Melbourne,Q,2019-03-17,44,HAM,hamilton,Mercedes,mercedes,Lewis,Hamilton,,1.0,,,0 days 00:01:22.043000,0 days 00:01:21.014000,0 days 00:01:20.486000,,,,,23.2,37.8,69.1,1.6,False
2019,1,Australian Grand Prix,Melbourne,Q,2019-03-17,77,BOT,bottas,Mercedes,mercedes,Valtteri,Bottas,,2.0,,,0 days 00:01:22.367000,0 days 00:01:21.193000,0 days 00:01:20.598000,,,,,23.2,37.8,69.1,1.6,False
2019,1,Australian Grand Prix,Melbourne,Q,2019-03-17,5,VET,vettel,Ferrari,ferrari,Sebastian,Vettel,,3.0,,,0 days 00:01:22.885000,0 days 00:01:21.912000,0 days 00:01:21.190000,,,,,23.2,37.8,69.1,1.6,False
2019,1,Australian Grand Prix,Melbourne,Q,2019-03-17,33,VER,max_verstappen,Red Bull Racing,red_bull,Max,Verstappen,,4.0,,,0 days 00:01:22.876000,0 days 00:01:21.678000,0 days 00:01:21.320000,,,,,23.2,37.8,69.1,1.6,False
2019,1,Australian Grand Prix,Melbourne,Q,2019-03-17,16,LEC,leclerc,Ferrari,ferrari,Charles,Leclerc,,5.0,,,0 days 00:01:22.017000,0 days 00:01:21.739000,0 days 00:01:21.442000,,,,,23.2,37.8,69.1,1.6,False
2019,1,Australian Grand Prix,Melbourne,Q,2019-03-17,8,GRO,grosjean,Haas F1 Team,haas,Romain,Grosjean,,6.0,,,0 days 00:01:22.959000,0 days 00:01:21.870000,0 days 00:01:21.826000,,,,,23.2,37.8,69.1,1.6,False
2019,1,Australian Grand Prix,Melbourne,Q,2019-03-17,20,MAG,kevin_magnussen,Haas F1 Team,haas,Kevin,Magnussen,,7.0,,,0 days 00:01:22.519000,0 days 00:01:22.221000,0 days 00:01:22.099000,,,,,23.2,37.8,69.1,1.6,False
2019,1,Australian Grand Prix,Melbourne,Q,2019-03-17,4,NOR,norris,McLaren,mclaren,Lando,Norris,,8.0,,,0 days 00:01:22.702000,0 days 00:01:22.423000,0 days 00:01:22.304000,,,,,23.2,37.8,69.1,1.6,False
2019,1,Australian Grand Prix,Melbourne,Q,2019-03-17,7,RAI,raikkonen,Alfa Romeo Racing,alfa,Kimi,Räikkönen,,9.0,,,0 days 00:01:22.966000,0 days 00:01:22.349000,0 days 00:01:22.314000,,,,,23.2,37.8,69.1,1.6,False
2019,1,Australian Grand Prix,Melbourne,Q,2019-03-17,11,PER,perez,Racing Point,racing_point,Sergio,Perez,,10.0,,,0 days 00:01:22.908000,0 days 00:01:22.532000,0 days 00:01:22.781000,,,,,23.2,37.8,69.1,1.6,False
2019,1,Australian Grand Prix,Melbourne,Q,2019-03-17,27,HUL,hulkenberg,Renault,renault,Nico,Hulkenberg,,11.0,,,0 days 00:01:22.540000,0 days 00:01:22.562000,,,,,,23.2,37.8,69.1,1.6,False
2019,1,Australian Grand Prix,Melbourne,Q,2019-03-17,3,RIC,ricciardo,Renault,renault,Daniel,Ricciardo,,12.0,,,0 days 00:01:22.921000,0 days 00:01:22.570000,,,,,,23.2,37.8,69.1,1.6,False
2019,1,Australian Grand Prix,Melbourne,Q,2019-03-17,23,ALB,albon,Toro Rosso,toro_rosso,Alexander,Albon,,13.0,,,0 days 00:01:22.757000,0 days 00:01:22.636000,,,,,,23.2,37.8,69.1,1.6,False
2019,1,Australian Grand Prix,Melbourne,Q,2019-03-17,99,GIO,giovinazzi,Alfa Romeo Racing,alfa,Antonio,Giovinazzi,,14.0,,,0 days 00:01:22.431000,0 days 00:01:22.714000,,,,,,23.2,37.8,69.1,1.6,False
2019,1,Australian Grand Prix,Melbourne,Q,2019-03-17,26,KVY,kvyat,Toro Rosso,toro_rosso,Daniil,Kvyat,,15.0,,,0 days 00:01:22.511000,0 days 00:01:22.774000,,,,,,23.2,37.8,69.1,1.6,False
2019,1,Australian Grand Prix,Melbourne,Q,2019-03-17,18,STR,stroll,Racing Point,racing_point,Lance,Stroll,,16.0,,,0 days 00:01:23.017000,,,,,,,23.2,37.8,69.1,1.6,False
2019,1,Australian Grand Prix,Melbourne,Q,2019-03-17,10,GAS,gasly,Red Bull Racing,red_bull,Pierre,Gasly,,17.0,,,0 days 00:01:23.020000,,,,,,,23.2,37.8,69.1,1.6,False
2019,1,Australian Grand Prix,Melbourne,Q,2019-03-17,55,SAI,sainz,McLaren,mclaren,Carlos,Sainz,,18.0,,,0 days 00:01:23.084000,,,,,,,23.2,37.8,69.1,1.6,False
2019,1,Australian Grand Prix,Melbourne,Q,2019-03-17,63,RUS,russell,Williams,williams,George,Russell,,19.0,,,0 days 00:01:24.360000,,,,,,,23.2,37.8,69.1,1.6,False
2019,1,Australian Grand Prix,Melbourne,Q,2019-03-17,88,KUB,kubica,Williams,williams,Robert,Kubica,,20.0,,,0 days 00:01:26.067000,,,,,,,23.2,37.8,69.1,1.6,False
2019,2,Bahrain Grand Prix,Sakhir,Q,2019-03-31,16,LEC,leclerc,Ferrari,ferrari,Charles,Leclerc,,1.0,,,0 days 00:01:28.495000,0 days 00:01:28.046000,0 days 00:01:27.866000,,,,,25.1,29.0,53.8,1.5,True
2019,2,Bahrain Grand Prix,Sakhir,Q,2019-03-31,5,VET,vettel,Ferrari,ferrari,Sebastian,Vettel,,2.0,,,0 days 00:01:28.733000,0 days 00:01:28.356000,0 days 00:01:28.160000,,,,,25.1,29.0,53.8,1.5,True
2019,2,Bahrain Grand Prix,Sakhir,Q,2019-03-31,44,HAM,hamilton,Mercedes,mercedes,Lewis,Hamilton,,3.0,,,0 days 00:01:29.262000,0 days 00:01:28.578000,0 days 00:01:28.190000,,,,,25.1,29.0,53.8,1.5,True
2019,2,Bahrain Grand Prix,Sakhir,Q,2019-03-31,77,BOT,bottas,Mercedes,mercedes,Valtteri,Bottas,,4.0,,,0 days 00:01:29.498000,0 days 00:01:28.830000,0 days 00:01:28.256000,,,,,25.1,29.0,53.8,1.5,True
2019,2,Bahrain Grand Prix,Sakhir,Q,2019-03-31,33,VER,max_verstappen,Red Bull Racing,red_bull,Max,Verstappen,,5.0,,,0 days 00:01:29.579000,0 days 00:01:29.109000,0 days 00:01:28.752000,,,,,25.1,29.0,53.8,1.5,True
2019,2,Bahrain Grand Prix,Sakhir,Q,2019-03-31,20,MAG,kevin_magnussen,Haas F1 Team,haas,Kevin,Magnussen,,6.0,,,0 days 00:01:29.532000,0 days 00:01:29.017000,0 days 00:01:28.757000,,,,,25.1,29.0,53.8,1.5,True
2019,2,Bahrain Grand Prix,Sakhir,Q,2019-03-31,55,SAI,sainz,McLaren,mclaren,Carlos,Sainz,,7.0,,,0 days 00:01:29.528000,0 days 00:01:29.055000,0 days 00:01:28.813000,,,,,25.1,29.0,53.8,1.5,True
2019,2,Bahrain Grand Prix,Sakhir,Q,2019-03-31,8,GRO,grosjean,Haas F1 Team,haas,Romain,Grosjean,,8.0,,,0 days 00:01:29.688000,0 days 00:01:29.249000,0 days 00:01:29.015000,,,,,25.1,29.0,53.8,1.5,True
2019,2,Bahrain Grand Prix,Sakhir,Q,2019-03-31,7,RAI,raikkonen,Alfa Romeo Racing,alfa,Kimi,Räikkönen,,9.0,,,0 days 00:01:29.959000,0 days 00:01:29.471000,0 days 00:01:29.022000,,,,,25.1,29.0,53.8,1.5,True
2019,2,Bahrain Grand Prix,Sakhir,Q,2019-03-31,4,NOR,norris,McLaren,mclaren,Lando,Norris,,10.0,,,0 days 00:01:29.381000,0 days 00:01:29.258000,0 days 00:01:29.043000,,,,,25.1,29.0,53.8,1.5,True
2019,2,Bahrain Grand Prix,Sakhir,Q,2019-03-31,3,RIC,ricciardo,Renault,renault,Daniel,Ricciardo,,11.0,,,0 days 00:01:29.859000,0 days 00:01:29.488000,,,,,,25.1,29.0,53.8,1.5,True
2019,2,Bahrain Grand Prix,Sakhir,Q,2019-03-31,23,ALB,albon,Toro Rosso,toro_rosso,Alexander,Albon,,12.0,,,0 days 00:01:29.514000,0 days 00:01:29.513000,,,,,,25.1,29.0,53.8,1.5,True
2019,2,Bahrain Grand Prix,Sakhir,Q,2019-03-31,10,GAS,gasly,Red Bull Racing,red_bull,Pierre,Gasly,,13.0,,,0 days 00:01:29.900000,0 days 00:01:29.526000,,,,,,25.1,29.0,53.8,1.5,True
2019,2,Bahrain Grand Prix,Sakhir,Q,2019-03-31,11,PER,perez,Racing Point,racing_point,Sergio,Perez,,14.0,,,0 days 00:01:29.893000,0 days 00:01:29.756000,,,,,,25.1,29.0,53.8,1.5,True
2019,2,Bahrain Grand Prix,Sakhir,Q,2019-03-31,26,KVY,kvyat,Toro Rosso,toro_rosso,Daniil,Kvyat,,15.0,,,0 days 00:01:29.876000,0 days 00:01:29.854000,,,,,,25.1,29.0,53.8,1.5,True
2019,2,Bahrain Grand Prix,Sakhir,Q,2019-03-31,99,GIO,giovinazzi,Alfa Romeo Racing,alfa,Antonio,Giovinazzi,,16.0,,,0 days 00:01:30.026000,,,,,,,25.1,29.0,53.8,1.5,True
2019,2,Bahrain Grand Prix,Sakhir,Q,2019-03-31,27,HUL,hulkenberg,Renault,renault,Nico,Hulkenberg,,17.0,,,0 days 00:01:30.034000,,,,,,,25.1,29.0,53.8,1.5,True
2019,2,Bahrain Grand Prix,Sakhir,Q,2019-03-31,18,STR,stroll,Racing Point,racing_point,Lance,Stroll,,18.0,,,0 days 00:01:30.217000,,,,,,,25.1,29.0,53.8,1.5,True
2019,2,Bahrain Grand Prix,Sakhir,Q,2019-03-31,63,RUS,russell,Williams,williams,George,Russell,,19.0,,,0 days 00:01:31.759000,,,,,,,25.1,29.0,53.8,1.5,True
2019,2,Bahrain Grand Prix,Sakhir,Q,2019-03-31,88,KUB,kubica,Williams,williams,Robert,Kubica,,20.0,,,0 days 00:01:31.799000,,,,,,,25.1,29.0,53.8,1.5,True
2019,3,Chinese Grand Prix,Shanghai,Q,2019-04-14,77,BOT,bottas,Mercedes,mercedes,Valtteri,Bottas,,1.0,,,0 days 00:01:32.658000,0 days 00:01:31.728000,0 days 00:01:31.547000,,,,,20.6,34.0,48.4,1.2,False
2019,3,Chinese Grand Prix,Shanghai,Q,2019-04-14,44,HAM,hamilton,Mercedes,mercedes,Lewis,Hamilton,,2.0,,,0 days 00:01:33.115000,0 days 00:01:31.637000,0 days 00:01:31.570000,,,,,20.6,34.0,48.4,1.2,False
2019,3,Chinese Grand Prix,Shanghai,Q,2019-04-14,5,VET,vettel,Ferrari,ferrari,Sebastian,Vettel,,3.0,,,0 days 00:01:33.557000,0 days 00:01:32.232000,0 days 00:01:31.848000,,,,,20.6,34.0,48.4,1.2,False
2019,3,Chinese Grand Prix,Shanghai,Q,2019-04-14,16,LEC,leclerc,Ferrari,ferrari,Charles,Leclerc,,4.0,,,0 days 00:01:32.712000,0 days 00:01:32.324000,0 days 00:01:31.865000,,,,,20.6,34.0,48.4,1.2,False
2019,3,Chinese Grand Prix,Shanghai,Q,2019-04-14,33,VER,max_verstappen,Red Bull Racing,red_bull,Max,Verstappen,,5.0,,,0 days 00:01:33.274000,0 days 00:01:32.369000,0 days 00:01:32.089000,,,,,20.6,34.0,48.4,1.2,False
2019,3,Chinese Grand Prix,Shanghai,Q,2019-04-14,10,GAS,gasly,Red Bull Racing,red_bull,Pierre,Gasly,,6.0,,,0 days 00:01:33.863000,0 days 00:01:32.948000,0 days 00:01:32.930000,,,,,20.6,34.0,48.4,1.2,False
2019,3,Chinese Grand Prix,Shanghai,Q,2019-04-14,3,RIC,ricciardo,Renault,renault,Daniel,Ricciardo,,7.0,,,0 days 00:01:33.709000,0 days 00:01:33.214000,0 days 00:01:32.958000,,,,,20.6,34.0,48.4,1.2,False
2019,3,Chinese Grand Prix,Shanghai,Q,2019-04-14,27,HUL,hulkenberg,Renault,renault,Nico,Hulkenberg,,8.0,,,0 days 00:01:33.644000,0 days 00:01:33.968000,0 days 00:01:32.962000,,,,,20.6,34.0,48.4,1.2,False
2019,3,Chinese Grand Prix,Shanghai,Q,2019-04-14,20,MAG,kevin_magnussen,Haas F1 Team,haas,Kevin,Magnussen,,9.0,,,0 days 00:01:34.036000,0 days 00:01:33.150000,,,,,,20.6,34.0,48.4,1.2,False
2019,3,Chinese Grand Prix,Shanghai,Q,2019-04-14,8,GRO,grosjean,Haas F1 Team,haas,Romain,Grosjean,,10.0,,,0 days 00:01:33.752000,0 days 00:01:33.156000,,,,,,20.6,34.0,48.4,1.2,False
2019,3,Chinese Grand Prix,Shanghai,Q,2019-04-14,26,KVY,kvyat,Toro Rosso,toro_rosso,Daniil,Kvyat,,11.0,,,0 days 00:01:33.783000,0 days 00:01:33.236000,,,,,,20.6,34.0,48.4,1.2,False
2019,3,Chinese Grand Prix,Shanghai,Q,2019-04-14,11,PER,perez,Racing Point,racing_point,Sergio,Perez,,12.0,,,0 days 00:01:34.026000,0 days 00:01:33.299000,,,,,,20.6,34.0,48.4,1.2,False
2019,3,Chinese Grand Prix,Shanghai,Q,2019-04-14,7,RAI,raikkonen,Alfa Romeo Racing,alfa,Kimi,Räikkönen,,13.0,,,0 days 00:01:34.125000,0 days 00:01:33.419000,,,,,,20.6,34.0,48.4,1.2,False
2019,3,Chinese Grand Prix,Shanghai,Q,2019-04-14,55,SAI,sainz,McLaren,mclaren,Carlos,Sainz,,14.0,,,0 days 00:01:33.686000,0 days 00:01:33.523000,,,,,,20.6,34.0,48.4,1.2,False
2019,3,Chinese Grand Prix,Shanghai,Q,2019-04-14,4,NOR,norris,McLaren,mclaren,Lando,Norris,,15.0,,,0 days 00:01:34.148000,0 days 00:01:33.967000,,,,,,20.6,34.0,48.4,1.2,False
2019,3,Chinese Grand Prix,Shanghai,Q,2019-04-14,18,STR,stroll,Racing Point,racing_point,Lance,Stroll,,16.0,,,0 days 00:01:34.292000,,,,,,,20.6,34.0,48.4,1.2,False
2019,3,Chinese Grand Prix,Shanghai,Q,2019-04-14,63,RUS,russell,Williams,williams,George,Russell,,17.0,,,0 days 00:01:35.253000,,,,,,,20.6,34.0,48.4,1.2,False
2019,3,Chinese Grand Prix,Shanghai,Q,2019-04-14,88,KUB,kubica,Williams,williams,Robert,Kubica,,18.0,,,0 days 00:01:35.281000,,,,,,,20.6,34.0,48.4,1.2,False
2019,3,Chinese Grand Prix,Shanghai,Q,2019-04-14,23,ALB,nan,Toro Rosso,nan,Alexander,Albon,,,,,,,,,,,,20.6,34.0,48.4,1.2,False
2019,3,Chinese Grand Prix,Shanghai,Q,2019-04-14,99,GIO,nan,Alfa Romeo Racing,nan,Antonio,Giovinazzi,,,,,,,,,,,,20.6,34.0,48.4,1.2,False
2019,4,Azerbaijan Grand Prix,Baku,Q,2019-04-28,77,BOT,bottas,Mercedes,mercedes,Valtteri,Bottas,,1.0,,,0 days 00:01:42.026000,0 days 00:01:41.500000,0 days 00:01:40.495000,,,,,15.9,31.9,72.2,1.1,False
2019,4,Azerbaijan Grand Prix,Baku,Q,2019-04-28,44,HAM,hamilton,Mercedes,mercedes,Lewis,Hamilton,,2.0,,,0 days 00:01:41.614000,0 days 00:01:41.580000,0 days 00:01:40.554000,,,,,15.9,31.9,72.2,1.1,False
2019,4,Azerbaijan Grand Prix,Baku,Q,2019-04-28,5,VET,vettel,Ferrari,ferrari,Sebastian,Vettel,,3.0,,,0 days 00:01:42.042000,0 days 00:01:41.889000,0 days 00:01:40.797000,,,,,15.9,31.9,72.2,1.1,False
2019,4,Azerbaijan Grand Prix,Baku,Q,2019-04-28,33,VER,max_verstappen,Red Bull Racing,red_bull,Max,Verstappen,,4.0,,,0 days 00:01:41.727000,0 days 00:01:41.388000,0 days 00:01:41.069000,,,,,15.9,31.9,72.2,1.1,False
2019,4,Azerbaijan Grand Prix,Baku,Q,2019-04-28,11,PER,perez,Racing Point,racing_point,Sergio,Perez,,5.0,,,0 days 00:01:42.249000,0 days 00:01:41.870000,0 days 00:01:41.593000,,,,,15.9,31.9,72.2,1.1,False
2019,4,Azerbaijan Grand Prix,Baku,Q,2019-04-28,26,KVY,kvyat,Toro Rosso,toro_rosso,Daniil,Kvyat,,6.0,,,0 days 00:01:42.324000,0 days 00:01:42.221000,0 days 00:01:41.681000,,,,,15.9,31.9,72.2,1.1,False
2019,4,Azerbaijan Grand Prix,Baku,Q,2019-04-28,4,NOR,norris,McLaren,mclaren,Lando,Norris,,7.0,,,0 days 00:01:42.371000,0 days 00:01:42.084000,0 days 00:01:41.886000,,,,,15.9,31.9,72.2,1.1,False
2019,4,Azerbaijan Grand Prix,Baku,Q,2019-04-28,99,GIO,giovinazzi,Alfa Romeo Racing,alfa,Antonio,Giovinazzi,,8.0,,,0 days 00:01:42.140000,0 days 00:01:42.381000,0 days 00:01:42.424000,,,,,15.9,31.9,72.2,1.1,False
2019,4,Azerbaijan Grand Prix,Baku,Q,2019-04-28,16,LEC,leclerc,Ferrari,ferrari,Charles,Leclerc,,9.0,,,0 days 00:01:41.426000,0 days 00:01:41.995000,,,,,,15.9,31.9,72.2,1.1,False
2019,4,Azerbaijan Grand Prix,Baku,Q,2019-04-28,55,SAI,sainz,McLaren,mclaren,Carlos,Sainz,,10.0,,,0 days 00:01:41.936000,0 days 00:01:42.398000,,,,,,15.9,31.9,72.2,1.1,False
2019,4,Azerbaijan Grand Prix,Baku,Q,2019-04-28,3,RIC,ricciardo,Renault,renault,Daniel,Ricciardo,,11.0,,,0 days 00:01:42.486000,0 days 00:01:42.477000,,,,,,15.9,31.9,72.2,1.1,False
2019,4,Azerbaijan Grand Prix,Baku,Q,2019-04-28,23,ALB,albon,Toro Rosso,toro_rosso,Alexander,Albon,,12.0,,,0 days 00:01:42.154000,0 days 00:01:42.494000,,,,,,15.9,31.9,72.2,1.1,False
2019,4,Azerbaijan Grand Prix,Baku,Q,2019-04-28,20,MAG,kevin_magnussen,Haas F1 Team,haas,Kevin,Magnussen,,13.0,,,0 days 00:01:42.382000,0 days 00:01:42.699000,,,,,,15.9,31.9,72.2,1.1,False
2019,4,Azerbaijan Grand Prix,Baku,Q,2019-04-28,18,STR,stroll,Racing Point,racing_point,Lance,Stroll,,14.0,,,0 days 00:01:42.630000,,,,,,,15.9,31.9,72.2,1.1,False
2019,4,Azerbaijan Grand Prix,Baku,Q,2019-04-28,8,GRO,grosjean,Haas F1 Team,haas,Romain,Grosjean,,15.0,,,0 days 00:01:43.407000,,,,,,,15.9,31.9,72.2,1.1,False
2019,4,Azerbaijan Grand Prix,Baku,Q,2019-04-28,27,HUL,hulkenberg,Renault,renault,Nico,Hulkenberg,,16.0,,,0 days 00:01:43.427000,,,,,,,15.9,31.9,72.2,1.1,False
2019,4,Azerbaijan Grand Prix,Baku,Q,2019-04-28,63,RUS,russell,Williams,williams,George,Russell,,17.0,,,0 days 00:01:45.062000,,,,,,,15.9,31.9,72.2,1.1,False
2019,4,Azerbaijan Grand Prix,Baku,Q,2019-04-28,88,KUB,kubica,Williams,williams,Robert,Kubica,,18.0,,,0 days 00:01:45.455000,,,,,,,15.9,31.9,72.2,1.1,False
2019,4,Azerbaijan Grand Prix,Baku,Q,2019-04-28,7,RAI,raikkonen,Alfa Romeo Racing,alfa,Kimi,Räikkönen,,19.0,,,,,,,,,,15.9,31.9,72.2,1.1,False
2019,4,Azerbaijan Grand Prix,Baku,Q,2019-04-28,10,GAS,gasly,Red Bull Racing,red_bull,Pierre,Gasly,,20.0,,,,,,,,,,15.9,31.9,72.2,1.1,False
2019,5,Spanish Grand Prix,Barcelona,Q,2019-05-12,77,BOT,bottas,Mercedes,mercedes,Valtteri,Bottas,,1.0,,,0 days 00:01:16.979000,0 days 00:01:15.924000,0 days 00:01:15.406000,,,,,21.1,33.8,58.3,2.2,False
2019,5,Spanish Grand Prix,Barcelona,Q,2019-05-12,44,HAM,hamilton,Mercedes,mercedes,Lewis,Hamilton,,2.0,,,0 days 00:01:17.292000,0 days 00:01:16.038000,0 days 00:01:16.040000,,,,,21.1,33.8,58.3,2.2,False
2019,5,Spanish Grand Prix,Barcelona,Q,2019-05-12,5,VET,vettel,Ferrari,ferrari,Sebastian,Vettel,,3.0,,,0 days 00:01:17.425000,0 days 00:01:16.667000,0 days 00:01:16.272000,,,,,21.1,33.8,58.3,2.2,False
2019,5,Spanish Grand Prix,Barcelona,Q,2019-05-12,33,VER,max_verstappen,Red Bull Racing,red_bull,Max,Verstappen,,4.0,,,0 days 00:01:17.244000,0 days 00:01:16.726000,0 days 00:01:16.357000,,,,,21.1,33.8,58.3,2.2,False
2019,5,Spanish Grand Prix,Barcelona,Q,2019-05-12,16,LEC,leclerc,Ferrari,ferrari,Charles,Leclerc,,5.0,,,0 days 00:01:17.388000,0 days 00:01:16.714000,0 days 00:01:16.588000,,,,,21.1,33.8,58.3,2.2,False
2019,5,Spanish Grand Prix,Barcelona,Q,2019-05-12,10,GAS,gasly,Red Bull Racing,red_bull,Pierre,Gasly,,6.0,,,0 days 00:01:17.862000,0 days 00:01:16.932000,0 days 00:01:16.708000,,,,,21.1,33.8,58.3,2.2,False
2019,5,Spanish Grand Prix,Barcelona,Q,2019-05-12,8,GRO,grosjean,Haas F1 Team,haas,Romain,Grosjean,,7.0,,,0 days 00:01:18.042000,0 days 00:01:17.066000,0 days 00:01:16.911000,,,,,21.1,33.8,58.3,2.2,False
2019,5,Spanish Grand Prix,Barcelona,Q,2019-05-12,20,MAG,kevin_magnussen,Haas F1 Team,haas,Kevin,Magnussen,,8.0,,,0 days 00:01:17.669000,0 days 00:01:17.272000,0 days 00:01:16.922000,,,,,21.1,33.8,58.3,2.2,False
2019,5,Spanish Grand Prix,Barcelona,Q,2019-05-12,26,KVY,kvyat,Toro Rosso,toro_rosso,Daniil,Kvyat,,9.0,,,0 days 00:01:17.914000,0 days 00:01:17.243000,0 days 00:01:17.573000,,,,,21.1,33.8,58.3,2.2,False
2019,5,Spanish Grand Prix,Barcelona,Q,2019-05-12,3,RIC,ricciardo,Renault,renault,Daniel,Ricciardo,,10.0,,,0 days 00:01:18.385000,0 days 00:01:17.299000,0 days 00:01:18.106000,,,,,21.1,33.8,58.3,2.2,False
2019,5,Spanish Grand Prix,Barcelona,Q,2019-05-12,4,NOR,norris,McLaren,mclaren,Lando,Norris,,11.0,,,0 days 00:01:17.611000,0 days 00:01:17.338000,,,,,,21.1,33.8,58.3,2.2,False
2019,5,Spanish Grand Prix,Barcelona,Q,2019-05-12,23,ALB,albon,Toro Rosso,toro_rosso,Alexander,Albon,,12.0,,,0 days 00:01:17.796000,0 days 00:01:17.445000,,,,,,21.1,33.8,58.3,2.2,False
2019,5,Spanish Grand Prix,Barcelona,Q,2019-05-12,55,SAI,sainz,McLaren,mclaren,Carlos,Sainz,,13.0,,,0 days 00:01:17.760000,0 days 00:01:17.599000,,,,,,21.1,33.8,58.3,2.2,False
2019,5,Spanish Grand Prix,Barcelona,Q,2019-05-12,7,RAI,raikkonen,Alfa Romeo Racing,alfa,Kimi,Räikkönen,,14.0,,,0 days 00:01:18.132000,0 days 00:01:17.788000,,,,,,21.1,33.8,58.3,2.2,False
2019,5,Spanish Grand Prix,Barcelona,Q,2019-05-12,11,PER,perez,Racing Point,racing_point,Sergio,Perez,,15.0,,,0 days 00:01:18.286000,0 days 00:01:17.886000,,,,,,21.1,33.8,58.3,2.2,False
2019,5,Spanish Grand Prix,Barcelona,Q,2019-05-12,27,HUL,hulkenberg,Renault,renault,Nico,Hulkenberg,,16.0,,,0 days 00:01:18.404000,,,,,,,21.1,33.8,58.3,2.2,False
2019,5,Spanish Grand Prix,Barcelona,Q,2019-05-12,18,STR,stroll,Racing Point,racing_point,Lance,Stroll,,17.0,,,0 days 00:01:18.471000,,,,,,,21.1,33.8,58.3,2.2,False
2019,5,Spanish Grand Prix,Barcelona,Q,2019-05-12,99,GIO,giovinazzi,Alfa Romeo Racing,alfa,Antonio,Giovinazzi,,18.0,,,0 days 00:01:18.664000,,,,,,,21.1,33.8,58.3,2.2,False
2019,5,Spanish Grand Prix,Barcelona,Q,2019-05-12,63,RUS,russell,Williams,williams,George,Russell,,19.0,,,0 days 00:01:19.072000,,,,,,,21.1,33.8,58.3,2.2,False
2019,5,Spanish Grand Prix,Barcelona,Q,2019-05-12,88,KUB,kubica,Williams,williams,Robert,Kubica,,20.0,,,0 days 00:01:20.254000,,,,,,,21.1,33.8,58.3,2.2,False
2019,6,Monaco Grand Prix,Monte Carlo,Q,2019-05-26,44,HAM,hamilton,Mercedes,mercedes,Lewis,Hamilton,,1.0,,,0 days 00:01:11.542000,0 days 00:01:10.835000,0 days 00:01:10.166000,,,,,21.4,42.4,63.3,1.0,False
2019,6,Monaco Grand Prix,Monte Carlo,Q,2019-05-26,77,BOT,bottas,Mercedes,mercedes,Valtteri,Bottas,,2.0,,,0 days 00:01:11.562000,0 days 00:01:10.701000,0 days 00:01:10.252000,,,,,21.4,42.4,63.3,1.0,False
2019,6,Monaco Grand Prix,Monte Carlo,Q,2019-05-26,33,VER,max_verstappen,Red Bull Racing,red_bull,Max,Verstappen,,3.0,,,0 days 00:01:11.597000,0 days 00:01:10.618000,0 days 00:01:10.641000,,,,,21.4,42.4,63.3,1.0,False
2019,6,Monaco Grand Prix,Monte Carlo,Q,2019-05-26,5,VET,vettel,Ferrari,ferrari,Sebastian,Vettel,,4.0,,,0 days 00:01:11.434000,0 days 00:01:11.227000,0 days 00:01:10.947000,,,,,21.4,42.4,63.3,1.0,False
2019,6,Monaco Grand Prix,Monte Carlo,Q,2019-05-26,10,GAS,gasly,Red Bull Racing,red_bull,Pierre,Gasly,,5.0,,,0 days 00:01:11.740000,0 days 00:01:11.457000,0 days 00:01:11.041000,,,,,21.4,42.4,63.3,1.0,False
2019,6,Monaco Grand Prix,Monte Carlo,Q,2019-05-26,20,MAG,kevin_magnussen,Haas F1 Team,haas,Kevin,Magnussen,,6.0,,,0 days 00:01:11.865000,0 days 00:01:11.363000,0 days 00:01:11.109000,,,,,21.4,42.4,63.3,1.0,False
2019,6,Monaco Grand Prix,Monte Carlo,Q,2019-05-26,3,RIC,ricciardo,Renault,renault,Daniel,Ricciardo,,7.0,,,0 days 00:01:11.767000,0 days 00:01:11.543000,0 days 00:01:11.218000,,,,,21.4,42.4,63.3,1.0,False
2019,6,Monaco Grand Prix,Monte Carlo,Q,2019-05-26,26,KVY,kvyat,Toro Rosso,toro_rosso,Daniil,Kvyat,,8.0,,,0 days 00:01:11.602000,0 days 00:01:11.412000,0 days 00:01:11.271000,,,,,21.4,42.4,63.3,1.0,False
2019,6,Monaco Grand Prix,Monte Carlo,Q,2019-05-26,55,SAI,sainz,McLaren,mclaren,Carlos,Sainz,,9.0,,,0 days 00:01:11.872000,0 days 00:01:11.608000,0 days 00:01:11.417000,,,,,21.4,42.4,63.3,1.0,False
2019,6,Monaco Grand Prix,Monte Carlo,Q,2019-05-26,23,ALB,albon,Toro Rosso,toro_rosso,Alexander,Albon,,10.0,,,0 days 00:01:12.007000,0 days 00:01:11.429000,0 days 00:01:11.653000,,,,,21.4,42.4,63.3,1.0,False
2019,6,Monaco Grand Prix,Monte Carlo,Q,2019-05-26,27,HUL,hulkenberg,Renault,renault,Nico,Hulkenberg,,11.0,,,0 days 00:01:12.097000,0 days 00:01:11.670000,,,,,,21.4,42.4,63.3,1.0,False
2019,6,Monaco Grand Prix,Monte Carlo,Q,2019-05-26,4,NOR,norris,McLaren,mclaren,Lando,Norris,,12.0,,,0 days 00:01:11.845000,0 days 00:01:11.724000,,,,,,21.4,42.4,63.3,1.0,False
2019,6,Monaco Grand Prix,Monte Carlo,Q,2019-05-26,8,GRO,grosjean,Haas F1 Team,haas,Romain,Grosjean,,13.0,,,0 days 00:01:11.837000,0 days 00:01:12.027000,,,,,,21.4,42.4,63.3,1.0,False
2019,6,Monaco Grand Prix,Monte Carlo,Q,2019-05-26,7,RAI,raikkonen,Alfa Romeo Racing,alfa,Kimi,Räikkönen,,14.0,,,0 days 00:01:11.993000,0 days 00:01:12.115000,,,,,,21.4,42.4,63.3,1.0,False
2019,6,Monaco Grand Prix,Monte Carlo,Q,2019-05-26,99,GIO,giovinazzi,Alfa Romeo Racing,alfa,Antonio,Giovinazzi,,15.0,,,0 days 00:01:11.976000,0 days 00:01:12.185000,,,,,,21.4,42.4,63.3,1.0,False
2019,6,Monaco Grand Prix,Monte Carlo,Q,2019-05-26,16,LEC,leclerc,Ferrari,ferrari,Charles,Leclerc,,16.0,,,0 days 00:01:12.149000,,,,,,,21.4,42.4,63.3,1.0,False
2019,6,Monaco Grand Prix,Monte Carlo,Q,2019-05-26,11,PER,perez,Racing Point,racing_point,Sergio,Perez,,17.0,,,0 days 00:01:12.233000,,,,,,,21.4,42.4,63.3,1.0,False
2019,6,Monaco Grand Prix,Monte Carlo,Q,2019-05-26,18,STR,stroll,Racing Point,racing_point,Lance,Stroll,,18.0,,,0 days 00:01:12.846000,,,,,,,21.4,42.4,63.3,1.0,False
2019,6,Monaco Grand Prix,Monte Carlo,Q,2019-05-26,63,RUS,russell,Williams,williams,George,Russell,,19.0,,,0 days 00:01:13.477000,,,,,,,21.4,42.4,63.3,1.0,False
2019,6,Monaco Grand Prix,Monte Carlo,Q,2019-05-26,88,KUB,kubica,Williams,williams,Robert,Kubica,,20.0,,,0 days 00:01:13.751000,,,,,,,21.4,42.4,63.3,1.0,False
2019,7,Canadian Grand Prix,Montréal,Q,2019-06-09,5,VET,vettel,Ferrari,ferrari,Sebastian,Vettel,https://www.formula1.com/content/dam/fom-website/drivers/S/SEBVET01_Sebastian_Vettel/sebvet01.png,1.0,,,0 days 00:01:11.200000,0 days 00:01:11.142000,0 days 00:01:10.240000,,,,,22.5,48.0,22.3,1.5,False
2019,7,Canadian Grand Prix,Montréal,Q,2019-06-09,44,HAM,hamilton,Mercedes,mercedes,Lewis,Hamilton,https://www.formula1.com/content/dam/fom-website/drivers/L/LEWHAM01_Lewis_Hamilton/lewham01.png,2.0,,,0 days 00:01:11.518000,0 days 00:01:11.010000,0 days 00:01:10.446000,,,,,22.5,48.0,22.3,1.5,False
2019,7,Canadian Grand Prix,Montréal,Q,2019-06-09,16,LEC,leclerc,Ferrari,ferrari,Charles,Leclerc,https://www.formula1.com/content/dam/fom-website/drivers/C/CHALEC01_Charles_Leclerc/chalec01.png,3.0,,,0 days 00:01:11.214000,0 days 00:01:11.205000,0 days 00:01:10.920000,,,,,22.5,48.0,22.3,1.5,False
2019,7,Canadian Grand Prix,Montréal,Q,2019-06-09,3,RIC,ricciardo,Renault,renault,Daniel,Ricciardo,https://www.formula1.com/content/dam/fom-website/drivers/D/DANRIC01_Daniel_Ricciardo/danric01.png,4.0,,,0 days 00:01:11.837000,0 days 00:01:11.532000,0 days 00:01:11.071000,,,,,22.5,48.0,22.3,1.5,False
2019,7,Canadian Grand Prix,Montréal,Q,2019-06-09,10,GAS,gasly,Red Bull Racing,red_bull,Pierre,Gasly,https://www.formula1.com/content/dam/fom-website/drivers/P/PIEGAS01_Pierre_Gasly/piegas01.png,5.0,,,0 days 00:01:12.023000,0 days 00:01:11.196000,0 days 00:01:11.079000,,,,,22.5,48.0,22.3,1.5,False
2019,7,Canadian Grand Prix,Montréal,Q,2019-06-09,77,BOT,bottas,Mercedes,mercedes,Valtteri,Bottas,https://www.formula1.com/content/dam/fom-website/drivers/V/VALBOT01_Valtteri_Bottas/valbot01.png,6.0,,,0 days 00:01:11.229000,0 days 00:01:11.095000,0 days 00:01:11.101000,,,,,22.5,48.0,22.3,1.5,False
2019,7,Canadian Grand Prix,Montréal,Q,2019-06-09,27,HUL,hulkenberg,Renault,renault,Nico,Hulkenberg,https://www.formula1.com/content/dam/fom-website/drivers/N/NICHUL01_Nico_Hulkenberg/nichul01.png,7.0,,,0 days 00:01:11.720000,0 days 00:01:11.553000,0 days 00:01:11.324000,,,,,22.5,48.0,22.3,1.5,False
2019,7,Canadian Grand Prix,Montréal,Q,2019-06-09,4,NOR,norris,McLaren,mclaren,Lando,Norris,https://www.formula1.com/content/dam/fom-website/drivers/L/LANNOR01_Lando_Norris/lannor01.png,8.0,,,0 days 00:01:11.780000,0 days 00:01:11.735000,0 days 00:01:11.863000,,,,,22.5,48.0,22.3,1.5,False
2019,7,Canadian Grand Prix,Montréal,Q,2019-06-09,55,SAI,sainz,McLaren,mclaren,Carlos,Sainz,https://www.formula1.com/content/dam/fom-website/drivers/C/CARSAI01_Carlos_Sainz/carsai01.png,9.0,,,0 days 00:01:11.750000,0 days 00:01:11.572000,0 days 00:01:13.981000,,,,,22.5,48.0,22.3,1.5,False
2019,7,Canadian Grand Prix,Montréal,Q,2019-06-09,20,MAG,kevin_magnussen,Haas F1 Team,haas,Kevin,Magnussen,https://www.formula1.com/content/dam/fom-website/drivers/K/KEVMAG01_Kevin_Magnussen/kevmag01.png,10.0,,,0 days 00:01:12.107000,0 days 00:01:11.786000,,,,,,22.5,48.0,22.3,1.5,False
2019,7,Canadian Grand Prix,Montréal,Q,2019-06-09,33,VER,max_verstappen,Red Bull Racing,red_bull,Max,Verstappen,https://www.formula1.com/content/dam/fom-website/drivers/M/MAXVER01_Max_Verstappen/maxver01.png,11.0,,,0 days 00:01:11.619000,0 days 00:01:11.800000,,,,,,22.5,48.0,22.3,1.5,False
2019,7,Canadian Grand Prix,Montréal,Q,2019-06-09,26,KVY,kvyat,Toro Rosso,toro_rosso,Daniil,Kvyat,https://www.formula1.com/content/dam/fom-website/drivers/D/DANKVY01_Daniil_Kvyat/dankvy01.png,12.0,,,0 days 00:01:11.965000,0 days 00:01:11.921000,,,,,,22.5,48.0,22.3,1.5,False
2019,7,Canadian Grand Prix,Montréal,Q,2019-06-09,99,GIO,giovinazzi,Alfa Romeo Racing,alfa,Antonio,Giovinazzi,https://www.formula1.com/content/dam/fom-website/drivers/A/ANTGIO01_Antonio_Giovinazzi/antgio01.png,13.0,,,0 days 00:01:12.122000,0 days 00:01:12.136000,,,,,,22.5,48.0,22.3,1.5,False
2019,7,Canadian Grand Prix,Montréal,Q,2019-06-09,23,ALB,albon,Toro Rosso,toro_rosso,Alexander,Albon,https://www.formula1.com/content/dam/fom-website/drivers/A/ALEALB01_Alexander_Albon/alealb01.png,14.0,,,0 days 00:01:12.020000,0 days 00:01:12.193000,,,,,,22.5,48.0,22.3,1.5,False
2019,7,Canadian Grand Prix,Montréal,Q,2019-06-09,8,GRO,grosjean,Haas F1 Team,haas,Romain,Grosjean,https://www.formula1.com/content/dam/fom-website/drivers/R/ROMGRO01_Romain_Grosjean/romgro01.png,15.0,,,0 days 00:01:12.109000,,,,,,,22.5,48.0,22.3,1.5,False
2019,7,Canadian Grand Prix,Montréal,Q,2019-06-09,11,PER,perez,Racing Point,racing_point,Sergio,Perez,https://www.formula1.com/content/dam/fom-website/drivers/S/SERPER01_Sergio_Perez/serper01.png,16.0,,,0 days 00:01:12.197000,,,,,,,22.5,48.0,22.3,1.5,False
2019,7,Canadian Grand Prix,Montréal,Q,2019-06-09,7,RAI,raikkonen,Alfa Romeo Racing,alfa,Kimi,Räikkönen,https://www.formula1.com/content/dam/fom-website/drivers/K/KIMRAI01_Kimi_R%C3%A4ikk%C3%B6nen/kimrai01.png,17.0,,,0 days 00:01:12.230000,,,,,,,22.5,48.0,22.3,1.5,False
2019,7,Canadian Grand Prix,Montréal,Q,2019-06-09,18,STR,stroll,Racing Point,racing_point,Lance,Stroll,https://www.formula1.com/content/dam/fom-website/drivers/L/LANSTR01_Lance_Stroll/lanstr01.png,18.0,,,0 days 00:01:12.266000,,,,,,,22.5,48.0,22.3,1.5,False
2019,7,Canadian Grand Prix,Montréal,Q,2019-06-09,63,RUS,russell,Williams,williams,George,Russell,https://www.formula1.com/content/dam/fom-website/drivers/G/GEORUS01_George_Russell/georus01.png,19.0,,,0 days 00:01:13.617000,,,,,,,22.5,48.0,22.3,1.5,False
2019,7,Canadian Grand Prix,Montréal,Q,2019-06-09,88,KUB,kubica,Williams,williams,Robert,Kubica,https://www.formula1.com/content/dam/fom-website/drivers/R/ROBKUB01_Robert_Kubica/robkub01.png,20.0,,,0 days 00:01:14.393000,,,,,,,22.5,48.0,22.3,1.5,False
2019,8,French Grand Prix,Le Castellet,Q,2019-06-23,44,HAM,hamilton,Mercedes,mercedes,Lewis,Hamilton,https://www.formula1.com/content/dam/fom-website/drivers/L/LEWHAM01_Lewis_Hamilton/lewham01.png,1.0,,,0 days 00:01:30.609000,0 days 00:01:29.520000,0 days 00:01:28.319000,,,,,26.3,54.0,45.8,2.4,False
2019,8,French Grand Prix,Le Castellet,Q,2019-06-23,77,BOT,bottas,Mercedes,mercedes,Valtteri,Bottas,https://www.formula1.com/content/dam/fom-website/drivers/V/VALBOT01_Valtteri_Bottas/valbot01.png,2.0,,,0 days 00:01:30.550000,0 days 00:01:29.437000,0 days 00:01:28.605000,,,,,26.3,54.0,45.8,2.4,False
2019,8,French Grand Prix,Le Castellet,Q,2019-06-23,16,LEC,leclerc,Ferrari,ferrari,Charles,Leclerc,https://www.formula1.com/content/dam/fom-website/drivers/C/CHALEC01_Charles_Leclerc/chalec01.png,3.0,,,0 days 00:01:30.647000,0 days 00:01:29.699000,0 days 00:01:28.965000,,,,,26.3,54.0,45.8,2.4,False
2019,8,French Grand Prix,Le Castellet,Q,2019-06-23,33,VER,max_verstappen,Red Bull Racing,red_bull,Max,Verstappen,https://www.formula1.com/content/dam/fom-website/drivers/M/MAXVER01_Max_Verstappen/maxver01.png,4.0,,,0 days 00:01:31.327000,0 days 00:01:30.099000,0 days 00:01:29.409000,,,,,26.3,54.0,45.8,2.4,False
2019,8,French Grand Prix,Le Castellet,Q,2019-06-23,4,NOR,norris,McLaren,mclaren,Lando,Norris,https://www.formula1.com/content/dam/fom-website/drivers/L/LANNOR01_Lando_Norris/lannor01.png,5.0,,,0 days 00:01:30.989000,0 days 00:01:30.019000,0 days 00:01:29.418000,,,,,26.3,54.0,45.8,2.4,False
2019,8,French Grand Prix,Le Castellet,Q,2019-06-23,55,SAI,sainz,McLaren,mclaren,Carlos,Sainz,https://www.formula1.com/content/dam/fom-website/drivers/C/CARSAI01_Carlos_Sainz/carsai01.png,6.0,,,0 days 00:01:31.073000,0 days 00:01:30.319000,0 days 00:01:29.522000,,,,,26.3,54.0,45.8,2.4,False
2019,8,French Grand Prix,Le Castellet,Q,2019-06-23,5,VET,vettel,Ferrari,ferrari,Sebastian,Vettel,https://www.formula1.com/content/dam/fom-website/drivers/S/SEBVET01_Sebastian_Vettel/sebvet01.png,7.0,,,0 days 00:01:31.075000,0 days 00:01:29.506000,0 days 00:01:29.799000,,,,,26.3,54.0,45.8,2.4,False
2019,8,French Grand Prix,Le Castellet,Q,2019-06-23,3,RIC,ricciardo,Renault,renault,Daniel,Ricciardo,https://www.formula1.com/content/dam/fom-website/drivers/D/DANRIC01_Daniel_Ricciardo/danric01.png,8.0,,,0 days 00:01:30.954000,0 days 00:01:30.369000,0 days 00:01:29.918000,,,,,26.3,54.0,45.8,2.4,False
2019,8,French Grand Prix,Le Castellet,Q,2019-06-23,10,GAS,gasly,Red Bull Racing,red_bull,Pierre,Gasly,https://www.formula1.com/content/dam/fom-website/drivers/P/PIEGAS01_Pierre_Gasly/piegas01.png,9.0,,,0 days 00:01:31.152000,0 days 00:01:30.421000,0 days 00:01:30.184000,,,,,26.3,54.0,45.8,2.4,False
2019,8,French Grand Prix,Le Castellet,Q,2019-06-23,99,GIO,giovinazzi,Alfa Romeo Racing,alfa,Antonio,Giovinazzi,https://www.formula1.com/content/dam/fom-website/drivers/A/ANTGIO01_Antonio_Giovinazzi/antgio01.png,10.0,,,0 days 00:01:31.180000,0 days 00:01:30.408000,0 days 00:01:33.420000,,,,,26.3,54.0,45.8,2.4,False
2019,8,French Grand Prix,Le Castellet,Q,2019-06-23,23,ALB,albon,Toro Rosso,toro_rosso,Alexander,Albon,https://www.formula1.com/content/dam/fom-website/drivers/A/ALEALB01_Alexander_Albon/alealb01.png,11.0,,,0 days 00:01:31.445000,0 days 00:01:30.461000,,,,,,26.3,54.0,45.8,2.4,False
2019,8,French Grand Prix,Le Castellet,Q,2019-06-23,7,RAI,raikkonen,Alfa Romeo Racing,alfa,Kimi,Räikkönen,https://www.formula1.com/content/dam/fom-website/drivers/K/KIMRAI01_Kimi_R%C3%A4ikk%C3%B6nen/kimrai01.png,12.0,,,0 days 00:01:30.972000,0 days 00:01:30.533000,,,,,,26.3,54.0,45.8,2.4,False
2019,8,French Grand Prix,Le Castellet,Q,2019-06-23,27,HUL,hulkenberg,Renault,renault,Nico,Hulkenberg,https://www.formula1.com/content/dam/fom-website/drivers/N/NICHUL01_Nico_Hulkenberg/nichul01.png,13.0,,,0 days 00:01:30.865000,0 days 00:01:30.544000,,,,,,26.3,54.0,45.8,2.4,False
2019,8,French Grand Prix,Le Castellet,Q,2019-06-23,11,PER,perez,Racing Point,racing_point,Sergio,Perez,https://www.formula1.com/content/dam/fom-website/drivers/S/SERPER01_Sergio_Perez/serper01.png,14.0,,,0 days 00:01:30.964000,0 days 00:01:30.738000,,,,,,26.3,54.0,45.8,2.4,False
2019,8,French Grand Prix,Le Castellet,Q,2019-06-23,20,MAG,kevin_magnussen,Haas F1 Team,haas,Kevin,Magnussen,https://www.formula1.com/content/dam/fom-website/drivers/K/KEVMAG01_Kevin_Magnussen/kevmag01.png,15.0,,,0 days 00:01:31.166000,0 days 00:01:31.440000,,,,,,26.3,54.0,45.8,2.4,False
2019,8,French Grand Prix,Le Castellet,Q,2019-06-23,26,KVY,kvyat,Toro Rosso,toro_rosso,Daniil,Kvyat,https://www.formula1.com/content/dam/fom-website/drivers/D/DANKVY01_Daniil_Kvyat/dankvy01.png,16.0,,,0 days 00:01:31.564000,,,,,,,26.3,54.0,45.8,2.4,False
2019,8,French Grand Prix,Le Castellet,Q,2019-06-23,8,GRO,grosjean,Haas F1 Team,haas,Romain,Grosjean,https://www.formula1.com/content/dam/fom-website/drivers/R/ROMGRO01_Romain_Grosjean/romgro01.png,17.0,,,0 days 00:01:31.626000,,,,,,,26.3,54.0,45.8,2.4,False
2019,8,French Grand Prix,Le Castellet,Q,2019-06-23,18,STR,stroll,Racing Point,racing_point,Lance,Stroll,https://www.formula1.com/content/dam/fom-website/drivers/L/LANSTR01_Lance_Stroll/lanstr01.png,18.0,,,0 days 00:01:31.726000,,,,,,,26.3,54.0,45.8,2.4,False
2019,8,French Grand Prix,Le Castellet,Q,2019-06-23,63,RUS,russell,Williams,williams,George,Russell,https://www.formula1.com/content/dam/fom-website/drivers/G/GEORUS01_George_Russell/georus01.png,19.0,,,0 days 00:01:32.789000,,,,,,,26.3,54.0,45.8,2.4,False
2019,8,French Grand Prix,Le Castellet,Q,2019-06-23,88,KUB,kubica,Williams,williams,Robert,Kubica,https://www.formula1.com/content/dam/fom-website/drivers/R/ROBKUB01_Robert_Kubica/robkub01.png,20.0,,,0 days 00:01:33.205000,,,,,,,26.3,54.0,45.8,2.4,False
2019,9,Austrian Grand Prix,Spielberg,Q,2019-06-30,16,LEC,leclerc,Ferrari,ferrari,Charles,Leclerc,https://www.formula1.com/content/dam/fom-website/drivers/C/CHALEC01_Charles_Leclerc/chalec01.png,1.0,,,0 days 00:01:04.138000,0 days 00:01:03.378000,0 days 00:01:03.003000,,,,,29.7,51.0,27.1,1.5,False
2019,9,Austrian Grand Prix,Spielberg,Q,2019-06-30,44,HAM,hamilton,Mercedes,mercedes,Lewis,Hamilton,https://www.formula1.com/content/dam/fom-website/drivers/L/LEWHAM01_Lewis_Hamilton/lewham01.png,2.0,,,0 days 00:01:03.818000,0 days 00:01:03.803000,0 days 00:01:03.262000,,,,,29.7,51.0,27.1,1.5,False
2019,9,Austrian Grand Prix,Spielberg,Q,2019-06-30,33,VER,max_verstappen,Red Bull Racing,red_bull,Max,Verstappen,https://www.formula1.com/content/dam/fom-website/drivers/M/MAXVER01_Max_Verstappen/maxver01.png,3.0,,,0 days 00:01:03.807000,0 days 00:01:03.835000,0 days 00:01:03.439000,,,,,29.7,51.0,27.1,1.5,False
2019,9,Austrian Grand Prix,Spielberg,Q,2019-06-30,77,BOT,bottas,Mercedes,mercedes,Valtteri,Bottas,https://www.formula1.com/content/dam/fom-website/drivers/V/VALBOT01_Valtteri_Bottas/valbot01.png,4.0,,,0 days 00:01:04.084000,0 days 00:01:03.863000,0 days 00:01:03.537000,,,,,29.7,51.0,27.1,1.5,False
2019,9,Austrian Grand Prix,Spielberg,Q,2019-06-30,20,MAG,kevin_magnussen,Haas F1 Team,haas,Kevin,Magnussen,https://www.formula1.com/content/dam/fom-website/drivers/K/KEVMAG01_Kevin_Magnussen/kevmag01.png,5.0,,,0 days 00:01:04.778000,0 days 00:01:04.466000,0 days 00:01:04.072000,,,,,29.7,51.0,27.1,1.5,False
2019,9,Austrian Grand Prix,Spielberg,Q,2019-06-30,4,NOR,norris,McLaren,mclaren,Lando,Norris,https://www.formula1.com/content/dam/fom-website/drivers/L/LANNOR01_Lando_Norris/lannor01.png,6.0,,,0 days 00:01:04.361000,0 days 00:01:04.211000,0 days 00:01:04.099000,,,,,29.7,51.0,27.1,1.5,False
2019,9,Austrian Grand Prix,Spielberg,Q,2019-06-30,7,RAI,raikkonen,Alfa Romeo Racing,alfa,Kimi,Räikkönen,https://www.formula1.com/content/dam/fom-website/drivers/K/KIMRAI01_Kimi_R%C3%A4ikk%C3%B6nen/kimrai01.png,7.0,,,0 days 00:01:04.615000,0 days 00:01:04.056000,0 days 00:01:04.166000,,,,,29.7,51.0,27.1,1.5,False
2019,9,Austrian Grand Prix,Spielberg,Q,2019-06-30,99,GIO,giovinazzi,Alfa Romeo Racing,alfa,Antonio,Giovinazzi,https://www.formula1.com/content/dam/fom-website/drivers/A/ANTGIO01_Antonio_Giovinazzi/antgio01.png,8.0,,,0 days 00:01:04.450000,0 days 00:01:04.194000,0 days 00:01:04.179000,,,,,29.7,51.0,27.1,1.5,False
2019,9,Austrian Grand Prix,Spielberg,Q,2019-06-30,10,GAS,gasly,Red Bull Racing,red_bull,Pierre,Gasly,https://www.formula1.com/content/dam/fom-website/drivers/P/PIEGAS01_Pierre_Gasly/piegas01.png,9.0,,,0 days 00:01:04.412000,0 days 00:01:03.988000,0 days 00:01:04.199000,,,,,29.7,51.0,27.1,1.5,False
2019,9,Austrian Grand Prix,Spielberg,Q,2019-06-30,5,VET,vettel,Ferrari,ferrari,Sebastian,Vettel,https://www.formula1.com/content/dam/fom-website/drivers/S/SEBVET01_Sebastian_Vettel/sebvet01.png,10.0,,,0 days 00:01:04.430000,0 days 00:01:03.667000,,,,,,29.7,51.0,27.1,1.5,False
2019,9,Austrian Grand Prix,Spielberg,Q,2019-06-30,8,GRO,grosjean,Haas F1 Team,haas,Romain,Grosjean,https://www.formula1.com/content/dam/fom-website/drivers/R/ROMGRO01_Romain_Grosjean/romgro01.png,11.0,,,0 days 00:01:04.552000,0 days 00:01:04.490000,,,,,,29.7,51.0,27.1,1.5,False
2019,9,Austrian Grand Prix,Spielberg,Q,2019-06-30,27,HUL,hulkenberg,Renault,renault,Nico,Hulkenberg,https://www.formula1.com/content/dam/fom-website/drivers/N/NICHUL01_Nico_Hulkenberg/nichul01.png,12.0,,,0 days 00:01:04.733000,0 days 00:01:04.516000,,,,,,29.7,51.0,27.1,1.5,False
2019,9,Austrian Grand Prix,Spielberg,Q,2019-06-30,23,ALB,albon,Toro Rosso,toro_rosso,Alexander,Albon,https://www.formula1.com/content/dam/fom-website/drivers/A/ALEALB01_Alexander_Albon/alealb01.png,13.0,,,0 days 00:01:04.708000,0 days 00:01:04.665000,,,,,,29.7,51.0,27.1,1.5,False
2019,9,Austrian Grand Prix,Spielberg,Q,2019-06-30,3,RIC,ricciardo,Renault,renault,Daniel,Ricciardo,https://www.formula1.com/content/dam/fom-website/drivers/D/DANRIC01_Daniel_Ricciardo/danric01.png,14.0,,,0 days 00:01:04.647000,0 days 00:01:04.790000,,,,,,29.7,51.0,27.1,1.5,False
2019,9,Austrian Grand Prix,Spielberg,Q,2019-06-30,55,SAI,sainz,McLaren,mclaren,Carlos,Sainz,https://www.formula1.com/content/dam/fom-website/drivers/C/CARSAI01_Carlos_Sainz/carsai01.png,15.0,,,0 days 00:01:04.453000,0 days 00:01:13.601000,,,,,,29.7,51.0,27.1,1.5,False
2019,9,Austrian Grand Prix,Spielberg,Q,2019-06-30,11,PER,perez,Racing Point,racing_point,Sergio,Perez,https://www.formula1.com/content/dam/fom-website/drivers/S/SERPER01_Sergio_Perez/serper01.png,16.0,,,0 days 00:01:04.789000,,,,,,,29.7,51.0,27.1,1.5,False
2019,9,Austrian Grand Prix,Spielberg,Q,2019-06-30,18,STR,stroll,Racing Point,racing_point,Lance,Stroll,https://www.formula1.com/content/dam/fom-website/drivers/L/LANSTR01_Lance_Stroll/lanstr01.png,17.0,,,0 days 00:01:04.832000,,,,,,,29.7,51.0,27.1,1.5,False
2019,9,Austrian Grand Prix,Spielberg,Q,2019-06-30,26,KVY,kvyat,Toro Rosso,toro_rosso,Daniil,Kvyat,https://www.formula1.com/content/dam/fom-website/drivers/D/DANKVY01_Daniil_Kvyat/dankvy01.png,18.0,,,0 days 00:01:05.324000,,,,,,,29.7,51.0,27.1,1.5,False
2019,9,Austrian Grand Prix,Spielberg,Q,2019-06-30,63,RUS,russell,Williams,williams,George,Russell,https://www.formula1.com/content/dam/fom-website/drivers/G/GEORUS01_George_Russell/georus01.png,19.0,,,0 days 00:01:05.904000,,,,,,,29.7,51.0,27.1,1.5,False
2019,9,Austrian Grand Prix,Spielberg,Q,2019-06-30,88,KUB,kubica,Williams,williams,Robert,Kubica,https://www.formula1.com/content/dam/fom-website/drivers/R/ROBKUB01_Robert_Kubica/robkub01.png,20.0,,,0 days 00:01:06.206000,,,,,,,29.7,51.0,27.1,1.5,False
2019,10,British Grand Prix,Silverstone,Q,2019-07-14,77,BOT,bottas,Mercedes,mercedes,Valtteri,Bottas,https://www.formula1.com/content/dam/fom-website/drivers/V/VALBOT01_Valtteri_Bottas/valbot01.png,1.0,,,0 days 00:01:25.750000,0 days 00:01:25.672000,0 days 00:01:25.093000,,,,,19.0,29.5,67.7,1.7,False
2019,10,British Grand Prix,Silverstone,Q,2019-07-14,44,HAM,hamilton,Mercedes,mercedes,Lewis,Hamilton,https://www.formula1.com/content/dam/fom-website/drivers/L/LEWHAM01_Lewis_Hamilton/lewham01.png,2.0,,,0 days 00:01:25.513000,0 days 00:01:25.840000,0 days 00:01:25.099000,,,,,19.0,29.5,67.7,1.7,False
2019,10,British Grand Prix,Silverstone,Q,2019-07-14,16,LEC,leclerc,Ferrari,ferrari,Charles,Leclerc,https://www.formula1.com/content/dam/fom-website/drivers/C/CHALEC01_Charles_Leclerc/chalec01.png,3.0,,,0 days 00:01:25.533000,0 days 00:01:25.546000,0 days 00:01:25.172000,,,,,19.0,29.5,67.7,1.7,False
2019,10,British Grand Prix,Silverstone,Q,2019-07-14,33,VER,max_verstappen,Red Bull Racing,red_bull,Max,Verstappen,https://www.formula1.com/content/dam/fom-website/drivers/M/MAXVER01_Max_Verstappen/maxver01.png,4.0,,,0 days 00:01:25.700000,0 days 00:01:25.848000,0 days 00:01:25.276000,,,,,19.0,29.5,67.7,1.7,False
2019,10,British Grand Prix,Silverstone,Q,2019-07-14,10,GAS,gasly,Red Bull Racing,red_bull,Pierre,Gasly,https://www.formula1.com/content/dam/fom-website/drivers/P/PIEGAS01_Pierre_Gasly/piegas01.png,5.0,,,0 days 00:01:26.273000,0 days 00:01:26.038000,0 days 00:01:25.590000,,,,,19.0,29.5,67.7,1.7,False
2019,10,British Grand Prix,Silverstone,Q,2019-07-14,5,VET,vettel,Ferrari,ferrari,Sebastian,Vettel,https://www.formula1.com/content/dam/fom-website/drivers/S/SEBVET01_Sebastian_Vettel/sebvet01.png,6.0,,,0 days 00:01:25.898000,0 days 00:01:26.023000,0 days 00:01:25.787000,,,,,19.0,29.5,67.7,1.7,False
2019,10,British Grand Prix,Silverstone,Q,2019-07-14,3,RIC,ricciardo,Renault,renault,Daniel,Ricciardo,https://www.formula1.com/content/dam/fom-website/drivers/D/DANRIC01_Daniel_Ricciardo/danric01.png,7.0,,,0 days 00:01:26.428000,0 days 00:01:26.283000,0 days 00:01:26.182000,,,,,19.0,29.5,67.7,1.7,False
2019,10,British Grand Prix,Silverstone,Q,2019-07-14,4,NOR,norris,McLaren,mclaren,Lando,Norris,https://www.formula1.com/content/dam/fom-website/drivers/L/LANNOR01_Lando_Norris/lannor01.png,8.0,,,0 days 00:01:26.079000,0 days 00:01:26.385000,0 days 00:01:26.224000,,,,,19.0,29.5,67.7,1.7,False
2019,10,British Grand Prix,Silverstone,Q,2019-07-14,23,ALB,albon,Toro Rosso,toro_rosso,Alexander,Albon,https://www.formula1.com/content/dam/fom-website/drivers/A/ALEALB01_Alexander_Albon/alealb01.png,9.0,,,0 days 00:01:26.482000,0 days 00:01:26.403000,0 days 00:01:26.345000,,,,,19.0,29.5,67.7,1.7,False
2019,10,British Grand Prix,Silverstone,Q,2019-07-14,27,HUL,hulkenberg,Renault,renault,Nico,Hulkenberg,https://www.formula1.com/content/dam/fom-website/drivers/N/NICHUL01_Nico_Hulkenberg/nichul01.png,10.0,,,0 days 00:01:26.568000,0 days 00:01:26.397000,0 days 00:01:26.386000,,,,,19.0,29.5,67.7,1.7,False
2019,10,British Grand Prix,Silverstone,Q,2019-07-14,99,GIO,giovinazzi,Alfa Romeo Racing,alfa,Antonio,Giovinazzi,https://www.formula1.com/content/dam/fom-website/drivers/A/ANTGIO01_Antonio_Giovinazzi/antgio01.png,11.0,,,0 days 00:01:26.449000,0 days 00:01:26.519000,,,,,,19.0,29.5,67.7,1.7,False
2019,10,British Grand Prix,Silverstone,Q,2019-07-14,7,RAI,raikkonen,Alfa Romeo Racing,alfa,Kimi,Räikkönen,https://www.formula1.com/content/dam/fom-website/drivers/K/KIMRAI01_Kimi_R%C3%A4ikk%C3%B6nen/kimrai01.png,12.0,,,0 days 00:01:26.558000,0 days 00:01:26.546000,,,,,,19.0,29.5,67.7,1.7,False
2019,10,British Grand Prix,Silverstone,Q,2019-07-14,55,SAI,sainz,McLaren,mclaren,Carlos,Sainz,https://www.formula1.com/content/dam/fom-website/drivers/C/CARSAI01_Carlos_Sainz/carsai01.png,13.0,,,0 days 00:01:26.203000,0 days 00:01:26.578000,,,,,,19.0,29.5,67.7,1.7,False
2019,10,British Grand Prix,Silverstone,Q,2019-07-14,8,GRO,grosjean,Haas F1 Team,haas,Romain,Grosjean,https://www.formula1.com/content/dam/fom-website/drivers/R/ROMGRO01_Romain_Grosjean/romgro01.png,14.0,,,0 days 00:01:26.347000,0 days 00:01:26.757000,,,,,,19.0,29.5,67.7,1.7,False
2019,10,British Grand Prix,Silverstone,Q,2019-07-14,11,PER,perez,Racing Point,racing_point,Sergio,Perez,https://www.formula1.com/content/dam/fom-website/drivers/S/SERPER01_Sergio_Perez/serper01.png,15.0,,,0 days 00:01:26.649000,0 days 00:01:26.928000,,,,,,19.0,29.5,67.7,1.7,False
2019,10,British Grand Prix,Silverstone,Q,2019-07-14,20,MAG,kevin_magnussen,Haas F1 Team,haas,Kevin,Magnussen,https://www.formula1.com/content/dam/fom-website/drivers/K/KEVMAG01_Kevin_Magnussen/kevmag01.png,16.0,,,0 days 00:01:26.662000,,,,,,,19.0,29.5,67.7,1.7,False
2019,10,British Grand Prix,Silverstone,Q,2019-07-14,26,KVY,kvyat,Toro Rosso,toro_rosso,Daniil,Kvyat,https://www.formula1.com/content/dam/fom-website/drivers/D/DANKVY01_Daniil_Kvyat/dankvy01.png,17.0,,,0 days 00:01:26.721000,,,,,,,19.0,29.5,67.7,1.7,False
2019,10,British Grand Prix,Silverstone,Q,2019-07-14,18,STR,stroll,Racing Point,racing_point,Lance,Stroll,https://www.formula1.com/content/dam/fom-website/drivers/L/LANSTR01_Lance_Stroll/lanstr01.png,18.0,,,0 days 00:01:26.762000,,,,,,,19.0,29.5,67.7,1.7,False
2019,10,British Grand Prix,Silverstone,Q,2019-07-14,63,RUS,russell,Williams,williams,George,Russell,https://www.formula1.com/content/dam/fom-website/drivers/G/GEORUS01_George_Russell/georus01.png,19.0,,,0 days 00:01:27.789000,,,,,,,19.0,29.5,67.7,1.7,False
2019,10,British Grand Prix,Silverstone,Q,2019-07-14,88,KUB,kubica,Williams,williams,Robert,Kubica,https://www.formula1.com/content/dam/fom-website/drivers/R/ROBKUB01_Robert_Kubica/robkub01.png,20.0,,,0 days 00:01:28.257000,,,,,,,19.0,29.5,67.7,1.7,False
2019,11,German Grand Prix,Hockenheim,Q,2019-07-28,44,HAM,hamilton,Mercedes,mercedes,Lewis,Hamilton,https://www.formula1.com/content/dam/fom-website/drivers/L/LEWHAM01_Lewis_Hamilton/lewham01.png,1.0,,,0 days 00:01:12.852000,0 days 00:01:12.149000,0 days 00:01:11.767000,,,,,28.3,44.0,51.7,1.4,False
2019,11,German Grand Prix,Hockenheim,Q,2019-07-28,33,VER,max_verstappen,Red Bull Racing,red_bull,Max,Verstappen,https://www.formula1.com/content/dam/fom-website/drivers/M/MAXVER01_Max_Verstappen/maxver01.png,2.0,,,0 days 00:01:12.593000,0 days 00:01:12.427000,0 days 00:01:12.113000,,,,,28.3,44.0,51.7,1.4,False
2019,11,German Grand Prix,Hockenheim,Q,2019-07-28,77,BOT,bottas,Mercedes,mercedes,Valtteri,Bottas,https://www.formula1.com/content/dam/fom-website/drivers/V/VALBOT01_Valtteri_Bottas/valbot01.png,3.0,,,0 days 00:01:13.075000,0 days 00:01:12.424000,0 days 00:01:12.129000,,,,,28.3,44.0,51.7,1.4,False
2019,11,German Grand Prix,Hockenheim,Q,2019-07-28,10,GAS,gasly,Red Bull Racing,red_bull,Pierre,Gasly,https://www.formula1.com/content/dam/fom-website/drivers/P/PIEGAS01_Pierre_Gasly/piegas01.png,4.0,,,0 days 00:01:12.991000,0 days 00:01:12.385000,0 days 00:01:12.522000,,,,,28.3,44.0,51.7,1.4,False
2019,11,German Grand Prix,Hockenheim,Q,2019-07-28,7,RAI,raikkonen,Alfa Romeo Racing,alfa,Kimi,Räikkönen,https://www.formula1.com/content/dam/fom-website/drivers/K/KIMRAI01_Kimi_R%C3%A4ikk%C3%B6nen/kimrai01.png,5.0,,,0 days 00:01:13.066000,0 days 00:01:12.519000,0 days 00:01:12.538000,,,,,28.3,44.0,51.7,1.4,False
2019,11,German Grand Prix,Hockenheim,Q,2019-07-28,8,GRO,grosjean,Haas F1 Team,haas,Romain,Grosjean,https://www.formula1.com/content/dam/fom-website/drivers/R/ROMGRO01_Romain_Grosjean/romgro01.png,6.0,,,0 days 00:01:13.146000,0 days 00:01:12.769000,0 days 00:01:12.851000,,,,,28.3,44.0,51.7,1.4,False
2019,11,German Grand Prix,Hockenheim,Q,2019-07-28,55,SAI,sainz,McLaren,mclaren,Carlos,Sainz,https://www.formula1.com/content/dam/fom-website/drivers/C/CARSAI01_Carlos_Sainz/carsai01.png,7.0,,,0 days 00:01:13.221000,0 days 00:01:12.632000,0 days 00:01:12.897000,,,,,28.3,44.0,51.7,1.4,False
2019,11,German Grand Prix,Hockenheim,Q,2019-07-28,11,PER,perez,Racing Point,racing_point,Sergio,Perez,https://www.formula1.com/content/dam/fom-website/drivers/S/SERPER01_Sergio_Perez/serper01.png,8.0,,,0 days 00:01:13.194000,0 days 00:01:12.776000,0 days 00:01:13.065000,,,,,28.3,44.0,51.7,1.4,False
2019,11,German Grand Prix,Hockenheim,Q,2019-07-28,27,HUL,hulkenberg,Renault,renault,Nico,Hulkenberg,https://www.formula1.com/content/dam/fom-website/drivers/N/NICHUL01_Nico_Hulkenberg/nichul01.png,9.0,,,0 days 00:01:13.186000,0 days 00:01:12.766000,0 days 00:01:13.126000,,,,,28.3,44.0,51.7,1.4,False
2019,11,German Grand Prix,Hockenheim,Q,2019-07-28,16,LEC,leclerc,Ferrari,ferrari,Charles,Leclerc,https://www.formula1.com/content/dam/fom-website/drivers/C/CHALEC01_Charles_Leclerc/chalec01.png,10.0,,,0 days 00:01:12.229000,0 days 00:01:12.344000,,,,,,28.3,44.0,51.7,1.4,False
2019,11,German Grand Prix,Hockenheim,Q,2019-07-28,99,GIO,giovinazzi,Alfa Romeo Racing,alfa,Antonio,Giovinazzi,https://www.formula1.com/content/dam/fom-website/drivers/A/ANTGIO01_Antonio_Giovinazzi/antgio01.png,11.0,,,0 days 00:01:13.170000,0 days 00:01:12.786000,,,,,,28.3,44.0,51.7,1.4,False
2019,11,German Grand Prix,Hockenheim,Q,2019-07-28,20,MAG,kevin_magnussen,Haas F1 Team,haas,Kevin,Magnussen,https://www.formula1.com/content/dam/fom-website/drivers/K/KEVMAG01_Kevin_Magnussen/kevmag01.png,12.0,,,0 days 00:01:13.103000,0 days 00:01:12.789000,,,,,,28.3,44.0,51.7,1.4,False
2019,11,German Grand Prix,Hockenheim,Q,2019-07-28,3,RIC,ricciardo,Renault,renault,Daniel,Ricciardo,https://www.formula1.com/content/dam/fom-website/drivers/D/DANRIC01_Daniel_Ricciardo/danric01.png,13.0,,,0 days 00:01:13.131000,0 days 00:01:12.799000,,,,,,28.3,44.0,51.7,1.4,False
2019,11,German Grand Prix,Hockenheim,Q,2019-07-28,26,KVY,kvyat,Toro Rosso,toro_rosso,Daniil,Kvyat,https://www.formula1.com/content/dam/fom-website/drivers/D/DANKVY01_Daniil_Kvyat/dankvy01.png,14.0,,,0 days 00:01:13.278000,0 days 00:01:13.135000,,,,,,28.3,44.0,51.7,1.4,False
2019,11,German Grand Prix,Hockenheim,Q,2019-07-28,18,STR,stroll,Racing Point,racing_point,Lance,Stroll,https://www.formula1.com/content/dam/fom-website/drivers/L/LANSTR01_Lance_Stroll/lanstr01.png,15.0,,,0 days 00:01:13.256000,0 days 00:01:13.450000,,,,,,28.3,44.0,51.7,1.4,False
2019,11,German Grand Prix,Hockenheim,Q,2019-07-28,4,NOR,norris,McLaren,mclaren,Lando,Norris,https://www.formula1.com/content/dam/fom-website/drivers/L/LANNOR01_Lando_Norris/lannor01.png,16.0,,,0 days 00:01:13.333000,,,,,,,28.3,44.0,51.7,1.4,False
2019,11,German Grand Prix,Hockenheim,Q,2019-07-28,23,ALB,albon,Toro Rosso,toro_rosso,Alexander,Albon,https://www.formula1.com/content/dam/fom-website/drivers/A/ALEALB01_Alexander_Albon/alealb01.png,17.0,,,0 days 00:01:13.461000,,,,,,,28.3,44.0,51.7,1.4,False
2019,11,German Grand Prix,Hockenheim,Q,2019-07-28,63,RUS,russell,Williams,williams,George,Russell,https://www.formula1.com/content/dam/fom-website/drivers/G/GEORUS01_George_Russell/georus01.png,18.0,,,0 days 00:01:14.721000,,,,,,,28.3,44.0,51.7,1.4,False
2019,11,German Grand Prix,Hockenheim,Q,2019-07-28,88,KUB,kubica,Williams,williams,Robert,Kubica,https://www.formula1.com/content/dam/fom-website/drivers/R/ROBKUB01_Robert_Kubica/robkub01.png,19.0,,,0 days 00:01:14.839000,,,,,,,28.3,44.0,51.7,1.4,False
2019,11,German Grand Prix,Hockenheim,Q,2019-07-28,5,VET,vettel,Ferrari,ferrari,Sebastian,Vettel,https://www.formula1.com/content/dam/fom-website/drivers/S/SEBVET01_Sebastian_Vettel/sebvet01.png,20.0,,,,,,,,,,28.3,44.0,51.7,1.4,False
2019,12,Hungarian Grand Prix,Budapest,Q,2019-08-04,33,VER,max_verstappen,Red Bull Racing,red_bull,Max,Verstappen,https://www.formula1.com/content/dam/fom-website/drivers/M/MAXVER01_Max_Verstappen/maxver01.png,1.0,,,0 days 00:01:15.817000,0 days 00:01:15.573000,0 days 00:01:14.572000,,,,,23.9,42.9,51.7,1.8,False
2019,12,Hungarian Grand Prix,Budapest,Q,2019-08-04,77,BOT,bottas,Mercedes,mercedes,Valtteri,Bottas,https://www.formula1.com/content/dam/fom-website/drivers/V/VALBOT01_Valtteri_Bottas/valbot01.png,2.0,,,0 days 00:01:16.078000,0 days 00:01:15.669000,0 days 00:01:14.590000,,,,,23.9,42.9,51.7,1.8,False
2019,12,Hungarian Grand Prix,Budapest,Q,2019-08-04,44,HAM,hamilton,Mercedes,mercedes,Lewis,Hamilton,https://www.formula1.com/content/dam/fom-website/drivers/L/LEWHAM01_Lewis_Hamilton/lewham01.png,3.0,,,0 days 00:01:16.068000,0 days 00:01:15.548000,0 days 00:01:14.769000,,,,,23.9,42.9,51.7,1.8,False
2019,12,Hungarian Grand Prix,Budapest,Q,2019-08-04,16,LEC,leclerc,Ferrari,ferrari,Charles,Leclerc,https://www.formula1.com/content/dam/fom-website/drivers/C/CHALEC01_Charles_Leclerc/chalec01.png,4.0,,,0 days 00:01:16.337000,0 days 00:01:15.792000,0 days 00:01:15.043000,,,,,23.9,42.9,51.7,1.8,False
2019,12,Hungarian Grand Prix,Budapest,Q,2019-08-04,5,VET,vettel,Ferrari,ferrari,Sebastian,Vettel,https://www.formula1.com/content/dam/fom-website/drivers/S/SEBVET01_Sebastian_Vettel/sebvet01.png,5.0,,,0 days 00:01:16.452000,0 days 00:01:15.885000,0 days 00:01:15.071000,,,,,23.9,42.9,51.7,1.8,False
2019,12,Hungarian Grand Prix,Budapest,Q,2019-08-04,10,GAS,gasly,Red Bull Racing,red_bull,Pierre,Gasly,https://www.formula1.com/content/dam/fom-website/drivers/P/PIEGAS01_Pierre_Gasly/piegas01.png,6.0,,,0 days 00:01:16.716000,0 days 00:01:16.393000,0 days 00:01:15.450000,,,,,23.9,42.9,51.7,1.8,False
2019,12,Hungarian Grand Prix,Budapest,Q,2019-08-04,4,NOR,norris,McLaren,mclaren,Lando,Norris,https://www.formula1.com/content/dam/fom-website/drivers/L/LANNOR01_Lando_Norris/lannor01.png,7.0,,,0 days 00:01:16.697000,0 days 00:01:16.060000,0 days 00:01:15.800000,,,,,23.9,42.9,51.7,1.8,False
2019,12,Hungarian Grand Prix,Budapest,Q,2019-08-04,55,SAI,sainz,McLaren,mclaren,Carlos,Sainz,https://www.formula1.com/content/dam/fom-website/drivers/C/CARSAI01_Carlos_Sainz/carsai01.png,8.0,,,0 days 00:01:16.493000,0 days 00:01:16.308000,0 days 00:01:15.852000,,,,,23.9,42.9,51.7,1.8,False
2019,12,Hungarian Grand Prix,Budapest,Q,2019-08-04,8,GRO,grosjean,Haas F1 Team,haas,Romain,Grosjean,https://www.formula1.com/content/dam/fom-website/drivers/R/ROMGRO01_Romain_Grosjean/romgro01.png,9.0,,,0 days 00:01:16.978000,0 days 00:01:16.319000,0 days 00:01:16.013000,,,,,23.9,42.9,51.7,1.8,False
2019,12,Hungarian Grand Prix,Budapest,Q,2019-08-04,7,RAI,raikkonen,Alfa Romeo Racing,alfa,Kimi,Räikkönen,https://www.formula1.com/content/dam/fom-website/drivers/K/KIMRAI01_Kimi_R%C3%A4ikk%C3%B6nen/kimrai01.png,10.0,,,0 days 00:01:16.506000,0 days 00:01:16.518000,0 days 00:01:16.041000,,,,,23.9,42.9,51.7,1.8,False
2019,12,Hungarian Grand Prix,Budapest,Q,2019-08-04,27,HUL,hulkenberg,Renault,renault,Nico,Hulkenberg,https://www.formula1.com/content/dam/fom-website/drivers/N/NICHUL01_Nico_Hulkenberg/nichul01.png,11.0,,,0 days 00:01:16.790000,0 days 00:01:16.565000,,,,,,23.9,42.9,51.7,1.8,False
2019,12,Hungarian Grand Prix,Budapest,Q,2019-08-04,23,ALB,albon,Toro Rosso,toro_rosso,Alexander,Albon,https://www.formula1.com/content/dam/fom-website/drivers/A/ALEALB01_Alexander_Albon/alealb01.png,12.0,,,0 days 00:01:16.912000,0 days 00:01:16.687000,,,,,,23.9,42.9,51.7,1.8,False
2019,12,Hungarian Grand Prix,Budapest,Q,2019-08-04,26,KVY,kvyat,Toro Rosso,toro_rosso,Daniil,Kvyat,https://www.formula1.com/content/dam/fom-website/drivers/D/DANKVY01_Daniil_Kvyat/dankvy01.png,13.0,,,0 days 00:01:16.750000,0 days 00:01:16.692000,,,,,,23.9,42.9,51.7,1.8,False
2019,12,Hungarian Grand Prix,Budapest,Q,2019-08-04,99,GIO,giovinazzi,Alfa Romeo Racing,alfa,Antonio,Giovinazzi,https://www.formula1.com/content/dam/fom-website/drivers/A/ANTGIO01_Antonio_Giovinazzi/antgio01.png,14.0,,,0 days 00:01:16.894000,0 days 00:01:16.804000,,,,,,23.9,42.9,51.7,1.8,False
2019,12,Hungarian Grand Prix,Budapest,Q,2019-08-04,20,MAG,kevin_magnussen,Haas F1 Team,haas,Kevin,Magnussen,https://www.formula1.com/content/dam/fom-website/drivers/K/KEVMAG01_Kevin_Magnussen/kevmag01.png,15.0,,,0 days 00:01:16.122000,0 days 00:01:17.081000,,,,,,23.9,42.9,51.7,1.8,False
2019,12,Hungarian Grand Prix,Budapest,Q,2019-08-04,63,RUS,russell,Williams,williams,George,Russell,https://www.formula1.com/content/dam/fom-website/drivers/G/GEORUS01_George_Russell/georus01.png,16.0,,,0 days 00:01:17.031000,,,,,,,23.9,42.9,51.7,1.8,False
2019,12,Hungarian Grand Prix,Budapest,Q,2019-08-04,11,PER,perez,Racing Point,racing_point,Sergio,Perez,https://www.formula1.com/content/dam/fom-website/drivers/S/SERPER01_Sergio_Perez/serper01.png,17.0,,,0 days 00:01:17.109000,,,,,,,23.9,42.9,51.7,1.8,False
2019,12,Hungarian Grand Prix,Budapest,Q,2019-08-04,3,RIC,ricciardo,Renault,renault,Daniel,Ricciardo,https://www.formula1.com/content/dam/fom-website/drivers/D/DANRIC01_Daniel_Ricciardo/danric01.png,18.0,,,0 days 00:01:17.257000,,,,,,,23.9,42.9,51.7,1.8,False
2019,12,Hungarian Grand Prix,Budapest,Q,2019-08-04,18,STR,stroll,Racing Point,racing_point,Lance,Stroll,https://www.formula1.com/content/dam/fom-website/drivers/L/LANSTR01_Lance_Stroll/lanstr01.png,19.0,,,0 days 00:01:17.542000,,,,,,,23.9,42.9,51.7,1.8,False
2019,12,Hungarian Grand Prix,Budapest,Q,2019-08-04,88,KUB,kubica,Williams,williams,Robert,Kubica,https://www.formula1.com/content/dam/fom-website/drivers/R/ROBKUB01_Robert_Kubica/robkub01.png,20.0,,,0 days 00:01:18.324000,,,,,,,23.9,42.9,51.7,1.8,False
2019,13,Belgian Grand Prix,Spa-Francorchamps,Q,2019-09-01,16,LEC,leclerc,Ferrari,ferrari,Charles,Leclerc,https://www.formula1.com/content/dam/fom-website/drivers/C/CHALEC01_Charles_Leclerc/chalec01.png,1.0,,,0 days 00:01:43.587000,0 days 00:01:42.938000,0 days 00:01:42.519000,,,,,29.2,41.3,36.5,2.8,False
2019,13,Belgian Grand Prix,Spa-Francorchamps,Q,2019-09-01,5,VET,vettel,Ferrari,ferrari,Sebastian,Vettel,https://www.formula1.com/content/dam/fom-website/drivers/S/SEBVET01_Sebastian_Vettel/sebvet01.png,2.0,,,0 days 00:01:44.109000,0 days 00:01:43.037000,0 days 00:01:43.267000,,,,,29.2,41.3,36.5,2.8,False
2019,13,Belgian Grand Prix,Spa-Francorchamps,Q,2019-09-01,44,HAM,hamilton,Mercedes,mercedes,Lewis,Hamilton,https://www.formula1.com/content/dam/fom-website/drivers/L/LEWHAM01_Lewis_Hamilton/lewham01.png,3.0,,,0 days 00:01:45.260000,0 days 00:01:43.592000,0 days 00:01:43.282000,,,,,29.2,41.3,36.5,2.8,False
2019,13,Belgian Grand Prix,Spa-Francorchamps,Q,2019-09-01,77,BOT,bottas,Mercedes,mercedes,Valtteri,Bottas,https://www.formula1.com/content/dam/fom-website/drivers/V/VALBOT01_Valtteri_Bottas/valbot01.png,4.0,,,0 days 00:01:45.141000,0 days 00:01:43.980000,0 days 00:01:43.415000,,,,,29.2,41.3,36.5,2.8,False
2019,13,Belgian Grand Prix,Spa-Francorchamps,Q,2019-09-01,33,VER,max_verstappen,Red Bull Racing,red_bull,Max,Verstappen,https://www.formula1.com/content/dam/fom-website/drivers/M/MAXVER01_Max_Verstappen/maxver01.png,5.0,,,0 days 00:01:44.622000,0 days 00:01:44.132000,0 days 00:01:43.690000,,,,,29.2,41.3,36.5,2.8,False
2019,13,Belgian Grand Prix,Spa-Francorchamps,Q,2019-09-01,3,RIC,ricciardo,Renault,renault,Daniel,Ricciardo,https://www.formula1.com/content/dam/fom-website/drivers/D/DANRIC01_Daniel_Ricciardo/danric01.png,6.0,,,0 days 00:01:45.560000,0 days 00:01:44.103000,0 days 00:01:44.257000,,,,,29.2,41.3,36.5,2.8,False
2019,13,Belgian Grand Prix,Spa-Francorchamps,Q,2019-09-01,27,HUL,hulkenberg,Renault,renault,Nico,Hulkenberg,https://www.formula1.com/content/dam/fom-website/drivers/N/NICHUL01_Nico_Hulkenberg/nichul01.png,7.0,,,0 days 00:01:45.899000,0 days 00:01:44.549000,0 days 00:01:44.542000,,,,,29.2,41.3,36.5,2.8,False
2019,13,Belgian Grand Prix,Spa-Francorchamps,Q,2019-09-01,7,RAI,raikkonen,Alfa Romeo Racing,alfa,Kimi,Räikkönen,https://www.formula1.com/content/dam/fom-website/drivers/K/KIMRAI01_Kimi_R%C3%A4ikk%C3%B6nen/kimrai01.png,8.0,,,0 days 00:01:45.842000,0 days 00:01:44.140000,0 days 00:01:44.557000,,,,,29.2,41.3,36.5,2.8,False
2019,13,Belgian Grand Prix,Spa-Francorchamps,Q,2019-09-01,11,PER,perez,Racing Point,racing_point,Sergio,Perez,https://www.formula1.com/content/dam/fom-website/drivers/S/SERPER01_Sergio_Perez/serper01.png,9.0,,,0 days 00:01:45.732000,0 days 00:01:44.707000,0 days 00:01:44.706000,,,,,29.2,41.3,36.5,2.8,False
2019,13,Belgian Grand Prix,Spa-Francorchamps,Q,2019-09-01,20,MAG,kevin_magnussen,Haas F1 Team,haas,Kevin,Magnussen,https://www.formula1.com/content/dam/fom-website/drivers/K/KEVMAG01_Kevin_Magnussen/kevmag01.png,10.0,,,0 days 00:01:45.839000,0 days 00:01:44.738000,0 days 00:01:45.086000,,,,,29.2,41.3,36.5,2.8,False
2019,13,Belgian Grand Prix,Spa-Francorchamps,Q,2019-09-01,8,GRO,grosjean,Haas F1 Team,haas,Romain,Grosjean,https://www.formula1.com/content/dam/fom-website/drivers/R/ROMGRO01_Romain_Grosjean/romgro01.png,11.0,,,0 days 00:01:45.694000,0 days 00:01:44.797000,,,,,,29.2,41.3,36.5,2.8,False
2019,13,Belgian Grand Prix,Spa-Francorchamps,Q,2019-09-01,4,NOR,norris,McLaren,mclaren,Lando,Norris,https://www.formula1.com/content/dam/fom-website/drivers/L/LANNOR01_Lando_Norris/lannor01.png,12.0,,,0 days 00:01:46.154000,0 days 00:01:44.847000,,,,,,29.2,41.3,36.5,2.8,False
2019,13,Belgian Grand Prix,Spa-Francorchamps,Q,2019-09-01,18,STR,stroll,Racing Point,racing_point,Lance,Stroll,https://www.formula1.com/content/dam/fom-website/drivers/L/LANSTR01_Lance_Stroll/lanstr01.png,13.0,,,0 days 00:01:46,0 days 00:01:45.047000,,,,,,29.2,41.3,36.5,2.8,False
2019,13,Belgian Grand Prix,Spa-Francorchamps,Q,2019-09-01,23,ALB,albon,Red Bull Racing,red_bull,Alexander,Albon,https://www.formula1.com/content/dam/fom-website/drivers/A/ALEALB01_Alexander_Albon/alealb01.png,14.0,,,0 days 00:01:45.528000,0 days 00:01:45.799000,,,,,,29.2,41.3,36.5,2.8,False
2019,13,Belgian Grand Prix,Spa-Francorchamps,Q,2019-09-01,99,GIO,giovinazzi,Alfa Romeo Racing,alfa,Antonio,Giovinazzi,https://www.formula1.com/content/dam/fom-website/drivers/A/ANTGIO01_Antonio_Giovinazzi/antgio01.png,15.0,,,0 days 00:01:45.637000,,,,,,,29.2,41.3,36.5,2.8,False
2019,13,Belgian Grand Prix,Spa-Francorchamps,Q,2019-09-01,10,GAS,gasly,Toro Rosso,toro_rosso,Pierre,Gasly,https://www.formula1.com/content/dam/fom-website/drivers/P/PIEGAS01_Pierre_Gasly/piegas01.png,16.0,,,0 days 00:01:46.435000,,,,,,,29.2,41.3,36.5,2.8,False
2019,13,Belgian Grand Prix,Spa-Francorchamps,Q,2019-09-01,55,SAI,sainz,McLaren,mclaren,Carlos,Sainz,https://www.formula1.com/content/dam/fom-website/drivers/C/CARSAI01_Carlos_Sainz/carsai01.png,17.0,,,0 days 00:01:46.507000,,,,,,,29.2,41.3,36.5,2.8,False
2019,13,Belgian Grand Prix,Spa-Francorchamps,Q,2019-09-01,26,KVY,kvyat,Toro Rosso,toro_rosso,Daniil,Kvyat,https://www.formula1.com/content/dam/fom-website/drivers/D/DANKVY01_Daniil_Kvyat/dankvy01.png,18.0,,,0 days 00:01:46.518000,,,,,,,29.2,41.3,36.5,2.8,False
2019,13,Belgian Grand Prix,Spa-Francorchamps,Q,2019-09-01,63,RUS,russell,Williams,williams,George,Russell,https://www.formula1.com/content/dam/fom-website/drivers/G/GEORUS01_George_Russell/georus01.png,19.0,,,0 days 00:01:47.548000,,,,,,,29.2,41.3,36.5,2.8,False
2019,13,Belgian Grand Prix,Spa-Francorchamps,Q,2019-09-01,88,KUB,kubica,Williams,williams,Robert,Kubica,https://www.formula1.com/content/dam/fom-website/drivers/R/ROBKUB01_Robert_Kubica/robkub01.png,20.0,,,,,,,,,,29.2,41.3,36.5,2.8,False
2019,14,Italian Grand Prix,Monza,Q,2019-09-08,16,LEC,leclerc,Ferrari,ferrari,Charles,Leclerc,https://www.formula1.com/content/dam/fom-website/drivers/C/CHALEC01_Charles_Leclerc/chalec01.png,1.0,,,0 days 00:01:20.126000,0 days 00:01:19.553000,0 days 00:01:19.307000,,,,,23.0,37.3,51.2,1.4,False
2019,14,Italian Grand Prix,Monza,Q,2019-09-08,44,HAM,hamilton,Mercedes,mercedes,Lewis,Hamilton,https://www.formula1.com/content/dam/fom-website/drivers/L/LEWHAM01_Lewis_Hamilton/lewham01.png,2.0,,,0 days 00:01:20.272000,0 days 00:01:19.464000,0 days 00:01:19.346000,,,,,23.0,37.3,51.2,1.4,False
2019,14,Italian Grand Prix,Monza,Q,2019-09-08,77,BOT,bottas,Mercedes,mercedes,Valtteri,Bottas,https://www.formula1.com/content/dam/fom-website/drivers/V/VALBOT01_Valtteri_Bottas/valbot01.png,3.0,,,0 days 00:01:20.156000,0 days 00:01:20.018000,0 days 00:01:19.354000,,,,,23.0,37.3,51.2,1.4,False
2019,14,Italian Grand Prix,Monza,Q,2019-09-08,5,VET,vettel,Ferrari,ferrari,Sebastian,Vettel,https://www.formula1.com/content/dam/fom-website/drivers/S/SEBVET01_Sebastian_Vettel/sebvet01.png,4.0,,,0 days 00:01:20.378000,0 days 00:01:19.715000,0 days 00:01:19.457000,,,,,23.0,37.3,51.2,1.4,False
2019,14,Italian Grand Prix,Monza,Q,2019-09-08,3,RIC,ricciardo,Renault,renault,Daniel,Ricciardo,https://www.formula1.com/content/dam/fom-website/drivers/D/DANRIC01_Daniel_Ricciardo/danric01.png,5.0,,,0 days 00:01:20.374000,0 days 00:01:19.833000,0 days 00:01:19.839000,,,,,23.0,37.3,51.2,1.4,False
2019,14,Italian Grand Prix,Monza,Q,2019-09-08,27,HUL,hulkenberg,Renault,renault,Nico,Hulkenberg,https://www.formula1.com/content/dam/fom-website/drivers/N/NICHUL01_Nico_Hulkenberg/nichul01.png,6.0,,,0 days 00:01:20.155000,0 days 00:01:20.275000,0 days 00:01:20.049000,,,,,23.0,37.3,51.2,1.4,False
2019,14,Italian Grand Prix,Monza,Q,2019-09-08,55,SAI,sainz,McLaren,mclaren,Carlos,Sainz,https://www.formula1.com/content/dam/fom-website/drivers/C/CARSAI01_Carlos_Sainz/carsai01.png,7.0,,,0 days 00:01:20.413000,0 days 00:01:20.202000,0 days 00:01:20.455000,,,,,23.0,37.3,51.2,1.4,False
2019,14,Italian Grand Prix,Monza,Q,2019-09-08,23,ALB,albon,Red Bull Racing,red_bull,Alexander,Albon,https://www.formula1.com/content/dam/fom-website/drivers/A/ALEALB01_Alexander_Albon/alealb01.png,8.0,,,0 days 00:01:20.382000,0 days 00:01:20.021000,,,,,,23.0,37.3,51.2,1.4,False
2019,14,Italian Grand Prix,Monza,Q,2019-09-08,18,STR,stroll,Racing Point,racing_point,Lance,Stroll,https://www.formula1.com/content/dam/fom-website/drivers/L/LANSTR01_Lance_Stroll/lanstr01.png,9.0,,,0 days 00:01:20.643000,0 days 00:01:20.498000,,,,,,23.0,37.3,51.2,1.4,False
2019,14,Italian Grand Prix,Monza,Q,2019-09-08,7,RAI,raikkonen,Alfa Romeo Racing,alfa,Kimi,Räikkönen,https://www.formula1.com/content/dam/fom-website/drivers/K/KIMRAI01_Kimi_R%C3%A4ikk%C3%B6nen/kimrai01.png,10.0,,,0 days 00:01:20.634000,0 days 00:01:20.515000,,,,,,23.0,37.3,51.2,1.4,False
2019,14,Italian Grand Prix,Monza,Q,2019-09-08,99,GIO,giovinazzi,Alfa Romeo Racing,alfa,Antonio,Giovinazzi,https://www.formula1.com/content/dam/fom-website/drivers/A/ANTGIO01_Antonio_Giovinazzi/antgio01.png,11.0,,,0 days 00:01:20.657000,0 days 00:01:20.517000,,,,,,23.0,37.3,51.2,1.4,False
2019,14,Italian Grand Prix,Monza,Q,2019-09-08,20,MAG,kevin_magnussen,Haas F1 Team,haas,Kevin,Magnussen,https://www.formula1.com/content/dam/fom-website/drivers/K/KEVMAG01_Kevin_Magnussen/kevmag01.png,12.0,,,0 days 00:01:20.616000,0 days 00:01:20.615000,,,,,,23.0,37.3,51.2,1.4,False
2019,14,Italian Grand Prix,Monza,Q,2019-09-08,26,KVY,kvyat,Toro Rosso,toro_rosso,Daniil,Kvyat,https://www.formula1.com/content/dam/fom-website/drivers/D/DANKVY01_Daniil_Kvyat/dankvy01.png,13.0,,,0 days 00:01:20.723000,0 days 00:01:20.630000,,,,,,23.0,37.3,51.2,1.4,False
2019,14,Italian Grand Prix,Monza,Q,2019-09-08,4,NOR,norris,McLaren,mclaren,Lando,Norris,https://www.formula1.com/content/dam/fom-website/drivers/L/LANNOR01_Lando_Norris/lannor01.png,14.0,,,0 days 00:01:20.646000,0 days 00:01:21.068000,,,,,,23.0,37.3,51.2,1.4,False
2019,14,Italian Grand Prix,Monza,Q,2019-09-08,10,GAS,gasly,Toro Rosso,toro_rosso,Pierre,Gasly,https://www.formula1.com/content/dam/fom-website/drivers/P/PIEGAS01_Pierre_Gasly/piegas01.png,15.0,,,0 days 00:01:20.508000,0 days 00:01:21.125000,,,,,,23.0,37.3,51.2,1.4,False
2019,14,Italian Grand Prix,Monza,Q,2019-09-08,8,GRO,grosjean,Haas F1 Team,haas,Romain,Grosjean,https://www.formula1.com/content/dam/fom-website/drivers/R/ROMGRO01_Romain_Grosjean/romgro01.png,16.0,,,0 days 00:01:20.784000,,,,,,,23.0,37.3,51.2,1.4,False
2019,14,Italian Grand Prix,Monza,Q,2019-09-08,11,PER,perez,Racing Point,racing_point,Sergio,Perez,https://www.formula1.com/content/dam/fom-website/drivers/S/SERPER01_Sergio_Perez/serper01.png,17.0,,,0 days 00:01:21.291000,,,,,,,23.0,37.3,51.2,1.4,False
2019,14,Italian Grand Prix,Monza,Q,2019-09-08,63,RUS,russell,Williams,williams,George,Russell,https://www.formula1.com/content/dam/fom-website/drivers/G/GEORUS01_George_Russell/georus01.png,18.0,,,0 days 00:01:21.800000,,,,,,,23.0,37.3,51.2,1.4,False
2019,14,Italian Grand Prix,Monza,Q,2019-09-08,88,KUB,kubica,Williams,williams,Robert,Kubica,https://www.formula1.com/content/dam/fom-website/drivers/R/ROBKUB01_Robert_Kubica/robkub01.png,19.0,,,0 days 00:01:22.356000,,,,,,,23.0,37.3,51.2,1.4,False
2019,14,Italian Grand Prix,Monza,Q,2019-09-08,33,VER,max_verstappen,Red Bull Racing,red_bull,Max,Verstappen,https://www.formula1.com/content/dam/fom-website/drivers/M/MAXVER01_Max_Verstappen/maxver01.png,20.0,,,,,,,,,,23.0,37.3,51.2,1.4,False
2019,15,Singapore Grand Prix,Singapore,Q,2019-09-22,16,LEC,leclerc,Ferrari,ferrari,Charles,Leclerc,https://www.formula1.com/content/dam/fom-website/drivers/C/CHALEC01_Charles_Leclerc/chalec01.png,1.0,,,0 days 00:01:38.014000,0 days 00:01:36.650000,0 days 00:01:36.217000,,,,,30.0,34.6,61.3,1.2,False
2019,15,Singapore Grand Prix,Singapore,Q,2019-09-22,44,HAM,hamilton,Mercedes,mercedes,Lewis,Hamilton,https://www.formula1.com/content/dam/fom-website/drivers/L/LEWHAM01_Lewis_Hamilton/lewham01.png,2.0,,,0 days 00:01:37.565000,0 days 00:01:36.933000,0 days 00:01:36.408000,,,,,30.0,34.6,61.3,1.2,False
2019,15,Singapore Grand Prix,Singapore,Q,2019-09-22,5,VET,vettel,Ferrari,ferrari,Sebastian,Vettel,https://www.formula1.com/content/dam/fom-website/drivers/S/SEBVET01_Sebastian_Vettel/sebvet01.png,3.0,,,0 days 00:01:38.374000,0 days 00:01:36.720000,0 days 00:01:36.437000,,,,,30.0,34.6,61.3,1.2,False
2019,15,Singapore Grand Prix,Singapore,Q,2019-09-22,33,VER,max_verstappen,Red Bull Racing,red_bull,Max,Verstappen,https://www.formula1.com/content/dam/fom-website/drivers/M/MAXVER01_Max_Verstappen/maxver01.png,4.0,,,0 days 00:01:38.540000,0 days 00:01:37.089000,0 days 00:01:36.813000,,,,,30.0,34.6,61.3,1.2,False
2019,15,Singapore Grand Prix,Singapore,Q,2019-09-22,77,BOT,bottas,Mercedes,mercedes,Valtteri,Bottas,https://www.formula1.com/content/dam/fom-website/drivers/V/VALBOT01_Valtteri_Bottas/valbot01.png,5.0,,,0 days 00:01:37.317000,0 days 00:01:37.142000,0 days 00:01:37.146000,,,,,30.0,34.6,61.3,1.2,False
2019,15,Singapore Grand Prix,Singapore,Q,2019-09-22,23,ALB,albon,Red Bull Racing,red_bull,Alexander,Albon,https://www.formula1.com/content/dam/fom-website/drivers/A/ALEALB01_Alexander_Albon/alealb01.png,6.0,,,0 days 00:01:39.106000,0 days 00:01:37.865000,0 days 00:01:37.411000,,,,,30.0,34.6,61.3,1.2,False
2019,15,Singapore Grand Prix,Singapore,Q,2019-09-22,55,SAI,sainz,McLaren,mclaren,Carlos,Sainz,https://www.formula1.com/content/dam/fom-website/drivers/C/CARSAI01_Carlos_Sainz/carsai01.png,7.0,,,0 days 00:01:38.882000,0 days 00:01:37.982000,0 days 00:01:37.818000,,,,,30.0,34.6,61.3,1.2,False
2019,15,Singapore Grand Prix,Singapore,Q,2019-09-22,27,HUL,hulkenberg,Renault,renault,Nico,Hulkenberg,https://www.formula1.com/content/dam/fom-website/drivers/N/NICHUL01_Nico_Hulkenberg/nichul01.png,8.0,,,0 days 00:01:39.001000,0 days 00:01:38.580000,0 days 00:01:38.264000,,,,,30.0,34.6,61.3,1.2,False
2019,15,Singapore Grand Prix,Singapore,Q,2019-09-22,4,NOR,norris,McLaren,mclaren,Lando,Norris,https://www.formula1.com/content/dam/fom-website/drivers/L/LANNOR01_Lando_Norris/lannor01.png,9.0,,,0 days 00:01:38.606000,0 days 00:01:37.572000,0 days 00:01:38.329000,,,,,30.0,34.6,61.3,1.2,False
2019,15,Singapore Grand Prix,Singapore,Q,2019-09-22,11,PER,perez,Racing Point,racing_point,Sergio,Perez,https://www.formula1.com/content/dam/fom-website/drivers/S/SERPER01_Sergio_Perez/serper01.png,10.0,,,0 days 00:01:39.909000,0 days 00:01:38.520000,,,,,,30.0,34.6,61.3,1.2,False
2019,15,Singapore Grand Prix,Singapore,Q,2019-09-22,99,GIO,giovinazzi,Alfa Romeo Racing,alfa,Antonio,Giovinazzi,https://www.formula1.com/content/dam/fom-website/drivers/A/ANTGIO01_Antonio_Giovinazzi/antgio01.png,11.0,,,0 days 00:01:39.272000,0 days 00:01:38.697000,,,,,,30.0,34.6,61.3,1.2,False
2019,15,Singapore Grand Prix,Singapore,Q,2019-09-22,10,GAS,gasly,Toro Rosso,toro_rosso,Pierre,Gasly,https://www.formula1.com/content/dam/fom-website/drivers/P/PIEGAS01_Pierre_Gasly/piegas01.png,12.0,,,0 days 00:01:39.085000,0 days 00:01:38.699000,,,,,,30.0,34.6,61.3,1.2,False
2019,15,Singapore Grand Prix,Singapore,Q,2019-09-22,7,RAI,raikkonen,Alfa Romeo Racing,alfa,Kimi,Räikkönen,https://www.formula1.com/content/dam/fom-website/drivers/K/KIMRAI01_Kimi_R%C3%A4ikk%C3%B6nen/kimrai01.png,13.0,,,0 days 00:01:39.454000,0 days 00:01:38.858000,,,,,,30.0,34.6,61.3,1.2,False
2019,15,Singapore Grand Prix,Singapore,Q,2019-09-22,20,MAG,kevin_magnussen,Haas F1 Team,haas,Kevin,Magnussen,https://www.formula1.com/content/dam/fom-website/drivers/K/KEVMAG01_Kevin_Magnussen/kevmag01.png,14.0,,,0 days 00:01:39.942000,0 days 00:01:39.650000,,,,,,30.0,34.6,61.3,1.2,False
2019,15,Singapore Grand Prix,Singapore,Q,2019-09-22,26,KVY,kvyat,Toro Rosso,toro_rosso,Daniil,Kvyat,https://www.formula1.com/content/dam/fom-website/drivers/D/DANKVY01_Daniil_Kvyat/dankvy01.png,15.0,,,0 days 00:01:39.957000,,,,,,,30.0,34.6,61.3,1.2,False
2019,15,Singapore Grand Prix,Singapore,Q,2019-09-22,18,STR,stroll,Racing Point,racing_point,Lance,Stroll,https://www.formula1.com/content/dam/fom-website/drivers/L/LANSTR01_Lance_Stroll/lanstr01.png,16.0,,,0 days 00:01:39.979000,,,,,,,30.0,34.6,61.3,1.2,False
2019,15,Singapore Grand Prix,Singapore,Q,2019-09-22,8,GRO,grosjean,Haas F1 Team,haas,Romain,Grosjean,https://www.formula1.com/content/dam/fom-website/drivers/R/ROMGRO01_Romain_Grosjean/romgro01.png,17.0,,,0 days 00:01:40.277000,,,,,,,30.0,34.6,61.3,1.2,False
2019,15,Singapore Grand Prix,Singapore,Q,2019-09-22,63,RUS,russell,Williams,williams,George,Russell,https://www.formula1.com/content/dam/fom-website/drivers/G/GEORUS01_George_Russell/georus01.png,18.0,,,0 days 00:01:40.867000,,,,,,,30.0,34.6,61.3,1.2,False
2019,15,Singapore Grand Prix,Singapore,Q,2019-09-22,88,KUB,kubica,Williams,williams,Robert,Kubica,https://www.formula1.com/content/dam/fom-website/drivers/R/ROBKUB01_Robert_Kubica/robkub01.png,19.0,,,0 days 00:01:41.186000,,,,,,,30.0,34.6,61.3,1.2,False
2019,15,Singapore Grand Prix,Singapore,Q,2019-09-22,3,RIC,ricciardo,Renault,renault,Daniel,Ricciardo,https://www.formula1.com/content/dam/fom-website/drivers/D/DANRIC01_Daniel_Ricciardo/danric01.png,20.0,,,,,,,,,,30.0,34.6,61.3,1.2,False
2019,16,Russian Grand Prix,Sochi,Q,2019-09-29,16,LEC,leclerc,Ferrari,ferrari,Charles,Leclerc,https://www.formula1.com/content/dam/fom-website/drivers/C/CHALEC01_Charles_Leclerc/chalec01.png,1.0,,,0 days 00:01:33.613000,0 days 00:01:32.434000,0 days 00:01:31.628000,,,,,22.1,30.8,60.3,2.4,False
2019,16,Russian Grand Prix,Sochi,Q,2019-09-29,44,HAM,hamilton,Mercedes,mercedes,Lewis,Hamilton,https://www.formula1.com/content/dam/fom-website/drivers/L/LEWHAM01_Lewis_Hamilton/lewham01.png,2.0,,,0 days 00:01:33.230000,0 days 00:01:33.134000,0 days 00:01:32.030000,,,,,22.1,30.8,60.3,2.4,False
2019,16,Russian Grand Prix,Sochi,Q,2019-09-29,5,VET,vettel,Ferrari,ferrari,Sebastian,Vettel,https://www.formula1.com/content/dam/fom-website/drivers/S/SEBVET01_Sebastian_Vettel/sebvet01.png,3.0,,,0 days 00:01:33.032000,0 days 00:01:32.536000,0 days 00:01:32.053000,,,,,22.1,30.8,60.3,2.4,False
2019,16,Russian Grand Prix,Sochi,Q,2019-09-29,33,VER,max_verstappen,Red Bull Racing,red_bull,Max,Verstappen,https://www.formula1.com/content/dam/fom-website/drivers/M/MAXVER01_Max_Verstappen/maxver01.png,4.0,,,0 days 00:01:33.368000,0 days 00:01:32.634000,0 days 00:01:32.310000,,,,,22.1,30.8,60.3,2.4,False
2019,16,Russian Grand Prix,Sochi,Q,2019-09-29,77,BOT,bottas,Mercedes,mercedes,Valtteri,Bottas,https://www.formula1.com/content/dam/fom-website/drivers/V/VALBOT01_Valtteri_Bottas/valbot01.png,5.0,,,0 days 00:01:33.413000,0 days 00:01:33.281000,0 days 00:01:32.632000,,,,,22.1,30.8,60.3,2.4,False
2019,16,Russian Grand Prix,Sochi,Q,2019-09-29,55,SAI,sainz,McLaren,mclaren,Carlos,Sainz,https://www.formula1.com/content/dam/fom-website/drivers/C/CARSAI01_Carlos_Sainz/carsai01.png,6.0,,,0 days 00:01:34.184000,0 days 00:01:33.807000,0 days 00:01:33.222000,,,,,22.1,30.8,60.3,2.4,False
2019,16,Russian Grand Prix,Sochi,Q,2019-09-29,27,HUL,hulkenberg,Renault,renault,Nico,Hulkenberg,https://www.formula1.com/content/dam/fom-website/drivers/N/NICHUL01_Nico_Hulkenberg/nichul01.png,7.0,,,0 days 00:01:34.236000,0 days 00:01:33.898000,0 days 00:01:33.289000,,,,,22.1,30.8,60.3,2.4,False
2019,16,Russian Grand Prix,Sochi,Q,2019-09-29,4,NOR,norris,McLaren,mclaren,Lando,Norris,https://www.formula1.com/content/dam/fom-website/drivers/L/LANNOR01_Lando_Norris/lannor01.png,8.0,,,0 days 00:01:34.201000,0 days 00:01:33.725000,0 days 00:01:33.301000,,,,,22.1,30.8,60.3,2.4,False
2019,16,Russian Grand Prix,Sochi,Q,2019-09-29,8,GRO,grosjean,Haas F1 Team,haas,Romain,Grosjean,https://www.formula1.com/content/dam/fom-website/drivers/R/ROMGRO01_Romain_Grosjean/romgro01.png,9.0,,,0 days 00:01:34.283000,0 days 00:01:33.643000,0 days 00:01:33.517000,,,,,22.1,30.8,60.3,2.4,False
2019,16,Russian Grand Prix,Sochi,Q,2019-09-29,3,RIC,ricciardo,Renault,renault,Daniel,Ricciardo,https://www.formula1.com/content/dam/fom-website/drivers/D/DANRIC01_Daniel_Ricciardo/danric01.png,10.0,,,0 days 00:01:34.138000,0 days 00:01:33.862000,0 days 00:01:33.661000,,,,,22.1,30.8,60.3,2.4,False
2019,16,Russian Grand Prix,Sochi,Q,2019-09-29,10,GAS,gasly,Toro Rosso,toro_rosso,Pierre,Gasly,https://www.formula1.com/content/dam/fom-website/drivers/P/PIEGAS01_Pierre_Gasly/piegas01.png,11.0,,,0 days 00:01:34.456000,0 days 00:01:33.950000,,,,,,22.1,30.8,60.3,2.4,False
2019,16,Russian Grand Prix,Sochi,Q,2019-09-29,11,PER,perez,Racing Point,racing_point,Sergio,Perez,https://www.formula1.com/content/dam/fom-website/drivers/S/SERPER01_Sergio_Perez/serper01.png,12.0,,,0 days 00:01:34.336000,0 days 00:01:33.958000,,,,,,22.1,30.8,60.3,2.4,False
2019,16,Russian Grand Prix,Sochi,Q,2019-09-29,99,GIO,giovinazzi,Alfa Romeo Racing,alfa,Antonio,Giovinazzi,https://www.formula1.com/content/dam/fom-website/drivers/A/ANTGIO01_Antonio_Giovinazzi/antgio01.png,13.0,,,0 days 00:01:34.755000,0 days 00:01:34.037000,,,,,,22.1,30.8,60.3,2.4,False
2019,16,Russian Grand Prix,Sochi,Q,2019-09-29,20,MAG,kevin_magnussen,Haas F1 Team,haas,Kevin,Magnussen,https://www.formula1.com/content/dam/fom-website/drivers/K/KEVMAG01_Kevin_Magnussen/kevmag01.png,14.0,,,0 days 00:01:33.889000,0 days 00:01:34.082000,,,,,,22.1,30.8,60.3,2.4,False
2019,16,Russian Grand Prix,Sochi,Q,2019-09-29,18,STR,stroll,Racing Point,racing_point,Lance,Stroll,https://www.formula1.com/content/dam/fom-website/drivers/L/LANSTR01_Lance_Stroll/lanstr01.png,15.0,,,0 days 00:01:34.287000,0 days 00:01:34.233000,,,,,,22.1,30.8,60.3,2.4,False
2019,16,Russian Grand Prix,Sochi,Q,2019-09-29,7,RAI,raikkonen,Alfa Romeo Racing,alfa,Kimi,Räikkönen,https://www.formula1.com/content/dam/fom-website/drivers/K/KIMRAI01_Kimi_R%C3%A4ikk%C3%B6nen/kimrai01.png,16.0,,,0 days 00:01:34.840000,,,,,,,22.1,30.8,60.3,2.4,False
2019,16,Russian Grand Prix,Sochi,Q,2019-09-29,63,RUS,russell,Williams,williams,George,Russell,https://www.formula1.com/content/dam/fom-website/drivers/G/GEORUS01_George_Russell/georus01.png,17.0,,,0 days 00:01:35.356000,,,,,,,22.1,30.8,60.3,2.4,False
2019,16,Russian Grand Prix,Sochi,Q,2019-09-29,88,KUB,kubica,Williams,williams,Robert,Kubica,https://www.formula1.com/content/dam/fom-website/drivers/R/ROBKUB01_Robert_Kubica/robkub01.png,18.0,,,0 days 00:01:36.474000,,,,,,,22.1,30.8,60.3,2.4,False
2019,16,Russian Grand Prix,Sochi,Q,2019-09-29,23,ALB,albon,Red Bull Racing,red_bull,Alexander,Albon,https://www.formula1.com/content/dam/fom-website/drivers/A/ALEALB01_Alexander_Albon/alealb01.png,19.0,,,0 days 00:01:39.197000,,,,,,,22.1,30.8,60.3,2.4,False
2019,16,Russian Grand Prix,Sochi,Q,2019-09-29,26,KVY,kvyat,Toro Rosso,toro_rosso,Daniil,Kvyat,https://www.formula1.com/content/dam/fom-website/drivers/D/DANKVY01_Daniil_Kvyat/dankvy01.png,20.0,,,0 days 00:01:39.544000,,,,,,,22.1,30.8,60.3,2.4,False
2019,17,Japanese Grand Prix,Suzuka,Q,2019-10-13,5,VET,vettel,Ferrari,ferrari,Sebastian,Vettel,https://www.formula1.com/content/dam/fom-website/drivers/S/SEBVET01_Sebastian_Vettel/sebvet01.png,1.0,,,0 days 00:01:28.988000,0 days 00:01:28.174000,0 days 00:01:27.064000,,,,,22.1,35.7,61.4,5.7,False
2019,17,Japanese Grand Prix,Suzuka,Q,2019-10-13,16,LEC,leclerc,Ferrari,ferrari,Charles,Leclerc,https://www.formula1.com/content/dam/fom-website/drivers/C/CHALEC01_Charles_Leclerc/chalec01.png,2.0,,,0 days 00:01:28.405000,0 days 00:01:28.179000,0 days 00:01:27.253000,,,,,22.1,35.7,61.4,5.7,False
2019,17,Japanese Grand Prix,Suzuka,Q,2019-10-13,77,BOT,bottas,Mercedes,mercedes,Valtteri,Bottas,https://www.formula1.com/content/dam/fom-website/drivers/V/VALBOT01_Valtteri_Bottas/valbot01.png,3.0,,,0 days 00:01:28.896000,0 days 00:01:27.688000,0 days 00:01:27.293000,,,,,22.1,35.7,61.4,5.7,False
2019,17,Japanese Grand Prix,Suzuka,Q,2019-10-13,44,HAM,hamilton,Mercedes,mercedes,Lewis,Hamilton,https://www.formula1.com/content/dam/fom-website/drivers/L/LEWHAM01_Lewis_Hamilton/lewham01.png,4.0,,,0 days 00:01:28.735000,0 days 00:01:27.826000,0 days 00:01:27.302000,,,,,22.1,35.7,61.4,5.7,False
2019,17,Japanese Grand Prix,Suzuka,Q,2019-10-13,33,VER,max_verstappen,Red Bull Racing,red_bull,Max,Verstappen,https://www.formula1.com/content/dam/fom-website/drivers/M/MAXVER01_Max_Verstappen/maxver01.png,5.0,,,0 days 00:01:28.754000,0 days 00:01:28.499000,0 days 00:01:27.851000,,,,,22.1,35.7,61.4,5.7,False
2019,17,Japanese Grand Prix,Suzuka,Q,2019-10-13,23,ALB,albon,Red Bull Racing,red_bull,Alexander,Albon,https://www.formula1.com/content/dam/fom-website/drivers/A/ALEALB01_Alexander_Albon/alealb01.png,6.0,,,0 days 00:01:29.351000,0 days 00:01:28.156000,0 days 00:01:27.851000,,,,,22.1,35.7,61.4,5.7,False
2019,17,Japanese Grand Prix,Suzuka,Q,2019-10-13,55,SAI,sainz,McLaren,mclaren,Carlos,Sainz,https://www.formula1.com/content/dam/fom-website/drivers/C/CARSAI01_Carlos_Sainz/carsai01.png,7.0,,,0 days 00:01:29.018000,0 days 00:01:28.577000,0 days 00:01:28.304000,,,,,22.1,35.7,61.4,5.7,False
2019,17,Japanese Grand Prix,Suzuka,Q,2019-10-13,4,NOR,norris,McLaren,mclaren,Lando,Norris,https://www.formula1.com/content/dam/fom-website/drivers/L/LANNOR01_Lando_Norris/lannor01.png,8.0,,,0 days 00:01:28.873000,0 days 00:01:28.571000,0 days 00:01:28.464000,,,,,22.1,35.7,61.4,5.7,False
2019,17,Japanese Grand Prix,Suzuka,Q,2019-10-13,10,GAS,gasly,Toro Rosso,toro_rosso,Pierre,Gasly,https://www.formula1.com/content/dam/fom-website/drivers/P/PIEGAS01_Pierre_Gasly/piegas01.png,9.0,,,0 days 00:01:29.411000,0 days 00:01:28.779000,0 days 00:01:28.836000,,,,,22.1,35.7,61.4,5.7,False
2019,17,Japanese Grand Prix,Suzuka,Q,2019-10-13,8,GRO,grosjean,Haas F1 Team,haas,Romain,Grosjean,https://www.formula1.com/content/dam/fom-website/drivers/R/ROMGRO01_Romain_Grosjean/romgro01.png,10.0,,,0 days 00:01:29.572000,0 days 00:01:29.144000,0 days 00:01:29.341000,,,,,22.1,35.7,61.4,5.7,False
2019,17,Japanese Grand Prix,Suzuka,Q,2019-10-13,99,GIO,giovinazzi,Alfa Romeo Racing,alfa,Antonio,Giovinazzi,https://www.formula1.com/content/dam/fom-website/drivers/A/ANTGIO01_Antonio_Giovinazzi/antgio01.png,11.0,,,0 days 00:01:29.604000,0 days 00:01:29.254000,,,,,,22.1,35.7,61.4,5.7,False
2019,17,Japanese Grand Prix,Suzuka,Q,2019-10-13,18,STR,stroll,Racing Point,racing_point,Lance,Stroll,https://www.formula1.com/content/dam/fom-website/drivers/L/LANSTR01_Lance_Stroll/lanstr01.png,12.0,,,0 days 00:01:29.594000,0 days 00:01:29.345000,,,,,,22.1,35.7,61.4,5.7,False
2019,17,Japanese Grand Prix,Suzuka,Q,2019-10-13,7,RAI,raikkonen,Alfa Romeo Racing,alfa,Kimi,Räikkönen,https://www.formula1.com/content/dam/fom-website/drivers/K/KIMRAI01_Kimi_R%C3%A4ikk%C3%B6nen/kimrai01.png,13.0,,,0 days 00:01:29.636000,0 days 00:01:29.358000,,,,,,22.1,35.7,61.4,5.7,False
2019,17,Japanese Grand Prix,Suzuka,Q,2019-10-13,26,KVY,kvyat,Toro Rosso,toro_rosso,Daniil,Kvyat,https://www.formula1.com/content/dam/fom-website/drivers/D/DANKVY01_Daniil_Kvyat/dankvy01.png,14.0,,,0 days 00:01:29.723000,0 days 00:01:29.563000,,,,,,22.1,35.7,61.4,5.7,False
2019,17,Japanese Grand Prix,Suzuka,Q,2019-10-13,27,HUL,hulkenberg,Renault,renault,Nico,Hulkenberg,https://www.formula1.com/content/dam/fom-website/drivers/N/NICHUL01_Nico_Hulkenberg/nichul01.png,15.0,,,0 days 00:01:29.619000,0 days 00:01:30.112000,,,,,,22.1,35.7,61.4,5.7,False
2019,17,Japanese Grand Prix,Suzuka,Q,2019-10-13,3,RIC,ricciardo,Renault,renault,Daniel,Ricciardo,https://www.formula1.com/content/dam/fom-website/drivers/D/DANRIC01_Daniel_Ricciardo/danric01.png,16.0,,,0 days 00:01:29.822000,,,,,,,22.1,35.7,61.4,5.7,False
2019,17,Japanese Grand Prix,Suzuka,Q,2019-10-13,11,PER,perez,Racing Point,racing_point,Sergio,Perez,https://www.formula1.com/content/dam/fom-website/drivers/S/SERPER01_Sergio_Perez/serper01.png,17.0,,,0 days 00:01:30.344000,,,,,,,22.1,35.7,61.4,5.7,False
2019,17,Japanese Grand Prix,Suzuka,Q,2019-10-13,63,RUS,russell,Williams,williams,George,Russell,https://www.formula1.com/content/dam/fom-website/drivers/G/GEORUS01_George_Russell/georus01.png,18.0,,,0 days 00:01:30.364000,,,,,,,22.1,35.7,61.4,5.7,False
2019,17,Japanese Grand Prix,Suzuka,Q,2019-10-13,20,MAG,kevin_magnussen,Haas F1 Team,haas,Kevin,Magnussen,https://www.formula1.com/content/dam/fom-website/drivers/K/KEVMAG01_Kevin_Magnussen/kevmag01.png,19.0,,,,,,,,,,22.1,35.7,61.4,5.7,False
2019,17,Japanese Grand Prix,Suzuka,Q,2019-10-13,88,KUB,kubica,Williams,williams,Robert,Kubica,https://www.formula1.com/content/dam/fom-website/drivers/R/ROBKUB01_Robert_Kubica/robkub01.png,20.0,,,,,,,,,,22.1,35.7,61.4,5.7,False
2019,18,Mexican Grand Prix,Mexico City,Q,2019-10-27,33,VER,max_verstappen,Red Bull Racing,red_bull,Max,Verstappen,https://www.formula1.com/content/dam/fom-website/drivers/M/MAXVER01_Max_Verstappen/maxver01.png,1.0,,,0 days 00:01:15.949000,0 days 00:01:16.136000,0 days 00:01:14.758000,,,,,20.6,35.0,56.8,1.1,False
2019,18,Mexican Grand Prix,Mexico City,Q,2019-10-27,16,LEC,leclerc,Ferrari,ferrari,Charles,Leclerc,https://www.formula1.com/content/dam/fom-website/drivers/C/CHALEC01_Charles_Leclerc/chalec01.png,2.0,,,0 days 00:01:16.364000,0 days 00:01:16.219000,0 days 00:01:15.024000,,,,,20.6,35.0,56.8,1.1,False
2019,18,Mexican Grand Prix,Mexico City,Q,2019-10-27,5,VET,vettel,Ferrari,ferrari,Sebastian,Vettel,https://www.formula1.com/content/dam/fom-website/drivers/S/SEBVET01_Sebastian_Vettel/sebvet01.png,3.0,,,0 days 00:01:16.696000,0 days 00:01:15.914000,0 days 00:01:15.170000,,,,,20.6,35.0,56.8,1.1,False
2019,18,Mexican Grand Prix,Mexico City,Q,2019-10-27,44,HAM,hamilton,Mercedes,mercedes,Lewis,Hamilton,https://www.formula1.com/content/dam/fom-website/drivers/L/LEWHAM01_Lewis_Hamilton/lewham01.png,4.0,,,0 days 00:01:16.424000,0 days 00:01:15.721000,0 days 00:01:15.262000,,,,,20.6,35.0,56.8,1.1,False
2019,18,Mexican Grand Prix,Mexico City,Q,2019-10-27,23,ALB,albon,Red Bull Racing,red_bull,Alexander,Albon,https://www.formula1.com/content/dam/fom-website/drivers/A/ALEALB01_Alexander_Albon/alealb01.png,5.0,,,0 days 00:01:16.175000,0 days 00:01:16.574000,0 days 00:01:15.336000,,,,,20.6,35.0,56.8,1.1,False
2019,18,Mexican Grand Prix,Mexico City,Q,2019-10-27,77,BOT,bottas,Mercedes,mercedes,Valtteri,Bottas,https://www.formula1.com/content/dam/fom-website/drivers/V/VALBOT01_Valtteri_Bottas/valbot01.png,6.0,,,0 days 00:01:17.062000,0 days 00:01:15.852000,0 days 00:01:15.338000,,,,,20.6,35.0,56.8,1.1,False
2019,18,Mexican Grand Prix,Mexico City,Q,2019-10-27,55,SAI,sainz,McLaren,mclaren,Carlos,Sainz,https://www.formula1.com/content/dam/fom-website/drivers/C/CARSAI01_Carlos_Sainz/carsai01.png,7.0,,,0 days 00:01:17.044000,0 days 00:01:16.267000,0 days 00:01:16.014000,,,,,20.6,35.0,56.8,1.1,False
2019,18,Mexican Grand Prix,Mexico City,Q,2019-10-27,4,NOR,norris,McLaren,mclaren,Lando,Norris,https://www.formula1.com/content/dam/fom-website/drivers/L/LANNOR01_Lando_Norris/lannor01.png,8.0,,,0 days 00:01:17.092000,0 days 00:01:16.447000,0 days 00:01:16.322000,,,,,20.6,35.0,56.8,1.1,False
2019,18,Mexican Grand Prix,Mexico City,Q,2019-10-27,26,KVY,kvyat,Toro Rosso,toro_rosso,Daniil,Kvyat,https://www.formula1.com/content/dam/fom-website/drivers/D/DANKVY01_Daniil_Kvyat/dankvy01.png,9.0,,,0 days 00:01:17.041000,0 days 00:01:16.657000,0 days 00:01:16.469000,,,,,20.6,35.0,56.8,1.1,False
2019,18,Mexican Grand Prix,Mexico City,Q,2019-10-27,10,GAS,gasly,Toro Rosso,toro_rosso,Pierre,Gasly,https://www.formula1.com/content/dam/fom-website/drivers/P/PIEGAS01_Pierre_Gasly/piegas01.png,10.0,,,0 days 00:01:17.065000,0 days 00:01:16.679000,0 days 00:01:16.586000,,,,,20.6,35.0,56.8,1.1,False
2019,18,Mexican Grand Prix,Mexico City,Q,2019-10-27,11,PER,perez,Racing Point,racing_point,Sergio,Perez,https://www.formula1.com/content/dam/fom-website/drivers/S/SERPER01_Sergio_Perez/serper01.png,11.0,,,0 days 00:01:17.465000,0 days 00:01:16.687000,,,,,,20.6,35.0,56.8,1.1,False
2019,18,Mexican Grand Prix,Mexico City,Q,2019-10-27,27,HUL,hulkenberg,Renault,renault,Nico,Hulkenberg,https://www.formula1.com/content/dam/fom-website/drivers/N/NICHUL01_Nico_Hulkenberg/nichul01.png,12.0,,,0 days 00:01:17.608000,0 days 00:01:16.885000,,,,,,20.6,35.0,56.8,1.1,False
2019,18,Mexican Grand Prix,Mexico City,Q,2019-10-27,3,RIC,ricciardo,Renault,renault,Daniel,Ricciardo,https://www.formula1.com/content/dam/fom-website/drivers/D/DANRIC01_Daniel_Ricciardo/danric01.png,13.0,,,0 days 00:01:17.270000,0 days 00:01:16.933000,,,,,,20.6,35.0,56.8,1.1,False
2019,18,Mexican Grand Prix,Mexico City,Q,2019-10-27,7,RAI,raikkonen,Alfa Romeo Racing,alfa,Kimi,Räikkönen,https://www.formula1.com/content/dam/fom-website/drivers/K/KIMRAI01_Kimi_R%C3%A4ikk%C3%B6nen/kimrai01.png,14.0,,,0 days 00:01:17.225000,0 days 00:01:16.967000,,,,,,20.6,35.0,56.8,1.1,False
2019,18,Mexican Grand Prix,Mexico City,Q,2019-10-27,99,GIO,giovinazzi,Alfa Romeo Racing,alfa,Antonio,Giovinazzi,https://www.formula1.com/content/dam/fom-website/drivers/A/ANTGIO01_Antonio_Giovinazzi/antgio01.png,15.0,,,0 days 00:01:17.794000,0 days 00:01:17.269000,,,,,,20.6,35.0,56.8,1.1,False
2019,18,Mexican Grand Prix,Mexico City,Q,2019-10-27,18,STR,stroll,Racing Point,racing_point,Lance,Stroll,https://www.formula1.com/content/dam/fom-website/drivers/L/LANSTR01_Lance_Stroll/lanstr01.png,16.0,,,0 days 00:01:18.065000,,,,,,,20.6,35.0,56.8,1.1,False
2019,18,Mexican Grand Prix,Mexico City,Q,2019-10-27,20,MAG,kevin_magnussen,Haas F1 Team,haas,Kevin,Magnussen,https://www.formula1.com/content/dam/fom-website/drivers/K/KEVMAG01_Kevin_Magnussen/kevmag01.png,17.0,,,0 days 00:01:18.436000,,,,,,,20.6,35.0,56.8,1.1,False
2019,18,Mexican Grand Prix,Mexico City,Q,2019-10-27,8,GRO,grosjean,Haas F1 Team,haas,Romain,Grosjean,https://www.formula1.com/content/dam/fom-website/drivers/R/ROMGRO01_Romain_Grosjean/romgro01.png,18.0,,,0 days 00:01:18.599000,,,,,,,20.6,35.0,56.8,1.1,False
2019,18,Mexican Grand Prix,Mexico City,Q,2019-10-27,63,RUS,russell,Williams,williams,George,Russell,https://www.formula1.com/content/dam/fom-website/drivers/G/GEORUS01_George_Russell/georus01.png,19.0,,,0 days 00:01:18.823000,,,,,,,20.6,35.0,56.8,1.1,False
2019,18,Mexican Grand Prix,Mexico City,Q,2019-10-27,88,KUB,kubica,Williams,williams,Robert,Kubica,https://www.formula1.com/content/dam/fom-website/drivers/R/ROBKUB01_Robert_Kubica/robkub01.png,20.0,,,0 days 00:01:20.179000,,,,,,,20.6,35.0,56.8,1.1,False
2019,19,United States Grand Prix,Austin,Q,2019-11-03,77,BOT,bottas,Mercedes,mercedes,Valtteri,Bottas,https://www.formula1.com/content/dam/fom-website/drivers/V/VALBOT01_Valtteri_Bottas/valbot01.png,1.0,,,0 days 00:01:33.750000,0 days 00:01:33.160000,0 days 00:01:32.029000,,,,,20.5,26.4,25.0,1.2,False
2019,19,United States Grand Prix,Austin,Q,2019-11-03,5,VET,vettel,Ferrari,ferrari,Sebastian,Vettel,https://www.formula1.com/content/dam/fom-website/drivers/S/SEBVET01_Sebastian_Vettel/sebvet01.png,2.0,,,0 days 00:01:33.766000,0 days 00:01:33.782000,0 days 00:01:32.041000,,,,,20.5,26.4,25.0,1.2,False
2019,19,United States Grand Prix,Austin,Q,2019-11-03,33,VER,max_verstappen,Red Bull Racing,red_bull,Max,Verstappen,https://www.formula1.com/content/dam/fom-website/drivers/M/MAXVER01_Max_Verstappen/maxver01.png,3.0,,,0 days 00:01:33.549000,0 days 00:01:33.120000,0 days 00:01:32.096000,,,,,20.5,26.4,25.0,1.2,False
2019,19,United States Grand Prix,Austin,Q,2019-11-03,16,LEC,leclerc,Ferrari,ferrari,Charles,Leclerc,https://www.formula1.com/content/dam/fom-website/drivers/C/CHALEC01_Charles_Leclerc/chalec01.png,4.0,,,0 days 00:01:33.988000,0 days 00:01:32.760000,0 days 00:01:32.137000,,,,,20.5,26.4,25.0,1.2,False
2019,19,United States Grand Prix,Austin,Q,2019-11-03,44,HAM,hamilton,Mercedes,mercedes,Lewis,Hamilton,https://www.formula1.com/content/dam/fom-website/drivers/L/LEWHAM01_Lewis_Hamilton/lewham01.png,5.0,,,0 days 00:01:33.454000,0 days 00:01:33.045000,0 days 00:01:32.321000,,,,,20.5,26.4,25.0,1.2,False
2019,19,United States Grand Prix,Austin,Q,2019-11-03,23,ALB,albon,Red Bull Racing,red_bull,Alexander,Albon,https://www.formula1.com/content/dam/fom-website/drivers/A/ALEALB01_Alexander_Albon/alealb01.png,6.0,,,0 days 00:01:33.984000,0 days 00:01:32.898000,0 days 00:01:32.548000,,,,,20.5,26.4,25.0,1.2,False
2019,19,United States Grand Prix,Austin,Q,2019-11-03,55,SAI,sainz,McLaren,mclaren,Carlos,Sainz,https://www.formula1.com/content/dam/fom-website/drivers/C/CARSAI01_Carlos_Sainz/carsai01.png,7.0,,,0 days 00:01:33.916000,0 days 00:01:33.422000,0 days 00:01:32.847000,,,,,20.5,26.4,25.0,1.2,False
2019,19,United States Grand Prix,Austin,Q,2019-11-03,4,NOR,norris,McLaren,mclaren,Lando,Norris,https://www.formula1.com/content/dam/fom-website/drivers/L/LANNOR01_Lando_Norris/lannor01.png,8.0,,,0 days 00:01:33.353000,0 days 00:01:33.316000,0 days 00:01:33.175000,,,,,20.5,26.4,25.0,1.2,False
2019,19,United States Grand Prix,Austin,Q,2019-11-03,3,RIC,ricciardo,Renault,renault,Daniel,Ricciardo,https://www.formula1.com/content/dam/fom-website/drivers/D/DANRIC01_Daniel_Ricciardo/danric01.png,9.0,,,0 days 00:01:33.835000,0 days 00:01:33.608000,0 days 00:01:33.488000,,,,,20.5,26.4,25.0,1.2,False
2019,19,United States Grand Prix,Austin,Q,2019-11-03,10,GAS,gasly,Toro Rosso,toro_rosso,Pierre,Gasly,https://www.formula1.com/content/dam/fom-website/drivers/P/PIEGAS01_Pierre_Gasly/piegas01.png,10.0,,,0 days 00:01:33.556000,0 days 00:01:33.715000,0 days 00:01:33.601000,,,,,20.5,26.4,25.0,1.2,False
2019,19,United States Grand Prix,Austin,Q,2019-11-03,27,HUL,hulkenberg,Renault,renault,Nico,Hulkenberg,https://www.formula1.com/content/dam/fom-website/drivers/N/NICHUL01_Nico_Hulkenberg/nichul01.png,11.0,,,0 days 00:01:34.092000,0 days 00:01:33.815000,,,,,,20.5,26.4,25.0,1.2,False
2019,19,United States Grand Prix,Austin,Q,2019-11-03,20,MAG,kevin_magnussen,Haas F1 Team,haas,Kevin,Magnussen,https://www.formula1.com/content/dam/fom-website/drivers/K/KEVMAG01_Kevin_Magnussen/kevmag01.png,12.0,,,0 days 00:01:33.812000,0 days 00:01:33.979000,,,,,,20.5,26.4,25.0,1.2,False
2019,19,United States Grand Prix,Austin,Q,2019-11-03,26,KVY,kvyat,Toro Rosso,toro_rosso,Daniil,Kvyat,https://www.formula1.com/content/dam/fom-website/drivers/D/DANKVY01_Daniil_Kvyat/dankvy01.png,13.0,,,0 days 00:01:34.138000,0 days 00:01:33.989000,,,,,,20.5,26.4,25.0,1.2,False
2019,19,United States Grand Prix,Austin,Q,2019-11-03,18,STR,stroll,Racing Point,racing_point,Lance,Stroll,https://www.formula1.com/content/dam/fom-website/drivers/L/LANSTR01_Lance_Stroll/lanstr01.png,14.0,,,0 days 00:01:33.921000,0 days 00:01:34.100000,,,,,,20.5,26.4,25.0,1.2,False
2019,19,United States Grand Prix,Austin,Q,2019-11-03,8,GRO,grosjean,Haas F1 Team,haas,Romain,Grosjean,https://www.formula1.com/content/dam/fom-website/drivers/R/ROMGRO01_Romain_Grosjean/romgro01.png,15.0,,,0 days 00:01:34.161000,0 days 00:01:34.158000,,,,,,20.5,26.4,25.0,1.2,False
2019,19,United States Grand Prix,Austin,Q,2019-11-03,99,GIO,giovinazzi,Alfa Romeo Racing,alfa,Antonio,Giovinazzi,https://www.formula1.com/content/dam/fom-website/drivers/A/ANTGIO01_Antonio_Giovinazzi/antgio01.png,16.0,,,0 days 00:01:34.226000,,,,,,,20.5,26.4,25.0,1.2,False
2019,19,United States Grand Prix,Austin,Q,2019-11-03,7,RAI,raikkonen,Alfa Romeo Racing,alfa,Kimi,Räikkönen,https://www.formula1.com/content/dam/fom-website/drivers/K/KIMRAI01_Kimi_R%C3%A4ikk%C3%B6nen/kimrai01.png,17.0,,,0 days 00:01:34.369000,,,,,,,20.5,26.4,25.0,1.2,False
2019,19,United States Grand Prix,Austin,Q,2019-11-03,63,RUS,russell,Williams,williams,George,Russell,https://www.formula1.com/content/dam/fom-website/drivers/G/GEORUS01_George_Russell/georus01.png,18.0,,,0 days 00:01:35.372000,,,,,,,20.5,26.4,25.0,1.2,False
2019,19,United States Grand Prix,Austin,Q,2019-11-03,11,PER,perez,Racing Point,racing_point,Sergio,Perez,https://www.formula1.com/content/dam/fom-website/drivers/S/SERPER01_Sergio_Perez/serper01.png,19.0,,,0 days 00:01:35.808000,,,,,,,20.5,26.4,25.0,1.2,False
2019,19,United States Grand Prix,Austin,Q,2019-11-03,88,KUB,kubica,Williams,williams,Robert,Kubica,https://www.formula1.com/content/dam/fom-website/drivers/R/ROBKUB01_Robert_Kubica/robkub01.png,20.0,,,0 days 00:01:35.889000,,,,,,,20.5,26.4,25.0,1.2,False
2019,20,Brazilian Grand Prix,São Paulo,Q,2019-11-17,33,VER,max_verstappen,Red Bull Racing,red_bull,Max,Verstappen,None,1.0,,,0 days 00:01:08.242000,0 days 00:01:07.503000,0 days 00:01:07.508000,,,,,20.7,33.9,66.5,1.4,False
2019,20,Brazilian Grand Prix,São Paulo,Q,2019-11-17,5,VET,vettel,Ferrari,ferrari,Sebastian,Vettel,None,2.0,,,0 days 00:01:08.556000,0 days 00:01:08.050000,0 days 00:01:07.631000,,,,,20.7,33.9,66.5,1.4,False
2019,20,Brazilian Grand Prix,São Paulo,Q,2019-11-17,44,HAM,hamilton,Mercedes,mercedes,Lewis,Hamilton,None,3.0,,,0 days 00:01:08.614000,0 days 00:01:08.088000,0 days 00:01:07.699000,,,,,20.7,33.9,66.5,1.4,False
2019,20,Brazilian Grand Prix,São Paulo,Q,2019-11-17,16,LEC,leclerc,Ferrari,ferrari,Charles,Leclerc,None,4.0,,,0 days 00:01:08.496000,0 days 00:01:07.888000,0 days 00:01:07.728000,,,,,20.7,33.9,66.5,1.4,False
2019,20,Brazilian Grand Prix,São Paulo,Q,2019-11-17,77,BOT,bottas,Mercedes,mercedes,Valtteri,Bottas,None,5.0,,,0 days 00:01:08.545000,0 days 00:01:08.232000,0 days 00:01:07.874000,,,,,20.7,33.9,66.5,1.4,False
2019,20,Brazilian Grand Prix,São Paulo,Q,2019-11-17,23,ALB,albon,Red Bull Racing,red_bull,Alexander,Albon,None,6.0,,,0 days 00:01:08.503000,0 days 00:01:08.117000,0 days 00:01:07.935000,,,,,20.7,33.9,66.5,1.4,False
2019,20,Brazilian Grand Prix,São Paulo,Q,2019-11-17,10,GAS,gasly,Toro Rosso,toro_rosso,Pierre,Gasly,None,7.0,,,0 days 00:01:08.909000,0 days 00:01:08.770000,0 days 00:01:08.837000,,,,,20.7,33.9,66.5,1.4,False
2019,20,Brazilian Grand Prix,São Paulo,Q,2019-11-17,8,GRO,grosjean,Haas F1 Team,haas,Romain,Grosjean,None,8.0,,,0 days 00:01:09.197000,0 days 00:01:08.705000,0 days 00:01:08.854000,,,,,20.7,33.9,66.5,1.4,False
2019,20,Brazilian Grand Prix,São Paulo,Q,2019-11-17,7,RAI,raikkonen,Alfa Romeo Racing,alfa,Kimi,Räikkönen,None,9.0,,,0 days 00:01:09.276000,0 days 00:01:08.858000,0 days 00:01:08.984000,,,,,20.7,33.9,66.5,1.4,False
2019,20,Brazilian Grand Prix,São Paulo,Q,2019-11-17,20,MAG,kevin_magnussen,Haas F1 Team,haas,Kevin,Magnussen,None,10.0,,,0 days 00:01:08.875000,0 days 00:01:08.803000,0 days 00:01:09.037000,,,,,20.7,33.9,66.5,1.4,False
2019,20,Brazilian Grand Prix,São Paulo,Q,2019-11-17,4,NOR,norris,McLaren,mclaren,Lando,Norris,None,11.0,,,0 days 00:01:08.891000,0 days 00:01:08.868000,,,,,,20.7,33.9,66.5,1.4,False
2019,20,Brazilian Grand Prix,São Paulo,Q,2019-11-17,3,RIC,ricciardo,Renault,renault,Daniel,Ricciardo,None,12.0,,,0 days 00:01:09.086000,0 days 00:01:08.903000,,,,,,20.7,33.9,66.5,1.4,False
2019,20,Brazilian Grand Prix,São Paulo,Q,2019-11-17,99,GIO,giovinazzi,Alfa Romeo Racing,alfa,Antonio,Giovinazzi,None,13.0,,,0 days 00:01:09.175000,0 days 00:01:08.919000,,,,,,20.7,33.9,66.5,1.4,False
2019,20,Brazilian Grand Prix,São Paulo,Q,2019-11-17,27,HUL,hulkenberg,Renault,renault,Nico,Hulkenberg,None,14.0,,,0 days 00:01:09.050000,0 days 00:01:08.921000,,,,,,20.7,33.9,66.5,1.4,False
2019,20,Brazilian Grand Prix,São Paulo,Q,2019-11-17,11,PER,perez,Racing Point,racing_point,Sergio,Perez,None,15.0,,,0 days 00:01:09.288000,0 days 00:01:09.035000,,,,,,20.7,33.9,66.5,1.4,False
2019,20,Brazilian Grand Prix,São Paulo,Q,2019-11-17,26,KVY,kvyat,Toro Rosso,toro_rosso,Daniil,Kvyat,None,16.0,,,0 days 00:01:09.320000,,,,,,,20.7,33.9,66.5,1.4,False
2019,20,Brazilian Grand Prix,São Paulo,Q,2019-11-17,18,STR,stroll,Racing Point,racing_point,Lance,Stroll,None,17.0,,,0 days 00:01:09.536000,,,,,,,20.7,33.9,66.5,1.4,False
2019,20,Brazilian Grand Prix,São Paulo,Q,2019-11-17,63,RUS,russell,Williams,williams,George,Russell,https://www.formula1.com/content/dam/fom-website/drivers/G/GEORUS01_George_Russell/georus01.png.transform/1col/image.png,18.0,,,0 days 00:01:10.126000,,,,,,,20.7,33.9,66.5,1.4,False
2019,20,Brazilian Grand Prix,São Paulo,Q,2019-11-17,88,KUB,kubica,Williams,williams,Robert,Kubica,https://www.formula1.com/content/dam/fom-website/drivers/R/ROBKUB01_Robert_Kubica/robkub01.png.transform/1col/image.png,19.0,,,0 days 00:01:10.614000,,,,,,,20.7,33.9,66.5,1.4,False
2019,20,Brazilian Grand Prix,São Paulo,Q,2019-11-17,55,SAI,sainz,McLaren,mclaren,Carlos,Sainz,None,20.0,,,,,,,,,,20.7,33.9,66.5,1.4,False
2019,21,Abu Dhabi Grand Prix,Yas Island,Q,2019-12-01,44,HAM,hamilton,Mercedes,mercedes,Lewis,Hamilton,https://www.formula1.com/content/dam/fom-website/drivers/L/LEWHAM01_Lewis_Hamilton/lewham01.png.transform/1col/image.png,1.0,,,0 days 00:01:35.851000,0 days 00:01:35.634000,0 days 00:01:34.779000,,,,,25.9,30.4,64.2,1.5,False
2019,21,Abu Dhabi Grand Prix,Yas Island,Q,2019-12-01,77,BOT,bottas,Mercedes,mercedes,Valtteri,Bottas,https://www.formula1.com/content/dam/fom-website/drivers/V/VALBOT01_Valtteri_Bottas/valbot01.png.transform/1col/image.png,2.0,,,0 days 00:01:36.200000,0 days 00:01:35.674000,0 days 00:01:34.973000,,,,,25.9,30.4,64.2,1.5,False
2019,21,Abu Dhabi Grand Prix,Yas Island,Q,2019-12-01,33,VER,max_verstappen,Red Bull Racing,red_bull,Max,Verstappen,https://www.formula1.com/content/dam/fom-website/drivers/M/MAXVER01_Max_Verstappen/maxver01.png.transform/1col/image.png,3.0,,,0 days 00:01:36.390000,0 days 00:01:36.275000,0 days 00:01:35.139000,,,,,25.9,30.4,64.2,1.5,False
2019,21,Abu Dhabi Grand Prix,Yas Island,Q,2019-12-01,16,LEC,leclerc,Ferrari,ferrari,Charles,Leclerc,https://www.formula1.com/content/dam/fom-website/drivers/C/CHALEC01_Charles_Leclerc/chalec01.png.transform/1col/image.png,4.0,,,0 days 00:01:36.478000,0 days 00:01:35.543000,0 days 00:01:35.219000,,,,,25.9,30.4,64.2,1.5,False
2019,21,Abu Dhabi Grand Prix,Yas Island,Q,2019-12-01,5,VET,vettel,Ferrari,ferrari,Sebastian,Vettel,https://www.formula1.com/content/dam/fom-website/drivers/S/SEBVET01_Sebastian_Vettel/sebvet01.png.transform/1col/image.png,5.0,,,0 days 00:01:36.963000,0 days 00:01:35.786000,0 days 00:01:35.339000,,,,,25.9,30.4,64.2,1.5,False
2019,21,Abu Dhabi Grand Prix,Yas Island,Q,2019-12-01,23,ALB,albon,Red Bull Racing,red_bull,Alexander,Albon,https://www.formula1.com/content/dam/fom-website/drivers/A/ALEALB01_Alexander_Albon/alealb01.png.transform/1col/image.png,6.0,,,0 days 00:01:36.102000,0 days 00:01:36.718000,0 days 00:01:35.682000,,,,,25.9,30.4,64.2,1.5,False
2019,21,Abu Dhabi Grand Prix,Yas Island,Q,2019-12-01,4,NOR,norris,McLaren,mclaren,Lando,Norris,https://www.formula1.com/content/dam/fom-website/drivers/L/LANNOR01_Lando_Norris/lannor01.png.transform/1col/image.png,7.0,,,0 days 00:01:37.545000,0 days 00:01:36.764000,0 days 00:01:36.436000,,,,,25.9,30.4,64.2,1.5,False
2019,21,Abu Dhabi Grand Prix,Yas Island,Q,2019-12-01,3,RIC,ricciardo,Renault,renault,Daniel,Ricciardo,https://www.formula1.com/content/dam/fom-website/drivers/D/DANRIC01_Daniel_Ricciardo/danric01.png.transform/1col/image.png,8.0,,,0 days 00:01:37.106000,0 days 00:01:36.785000,0 days 00:01:36.456000,,,,,25.9,30.4,64.2,1.5,False
2019,21,Abu Dhabi Grand Prix,Yas Island,Q,2019-12-01,55,SAI,sainz,McLaren,mclaren,Carlos,Sainz,https://www.formula1.com/content/dam/fom-website/drivers/C/CARSAI01_Carlos_Sainz/carsai01.png.transform/1col/image.png,9.0,,,0 days 00:01:37.358000,0 days 00:01:36.308000,0 days 00:01:36.459000,,,,,25.9,30.4,64.2,1.5,False
2019,21,Abu Dhabi Grand Prix,Yas Island,Q,2019-12-01,27,HUL,hulkenberg,Renault,renault,Nico,Hulkenberg,https://www.formula1.com/content/dam/fom-website/drivers/N/NICHUL01_Nico_Hulkenberg/nichul01.png.transform/1col/image.png,10.0,,,0 days 00:01:37.506000,0 days 00:01:36.859000,0 days 00:01:36.710000,,,,,25.9,30.4,64.2,1.5,False
2019,21,Abu Dhabi Grand Prix,Yas Island,Q,2019-12-01,11,PER,perez,Racing Point,racing_point,Sergio,Perez,https://www.formula1.com/content/dam/fom-website/drivers/S/SERPER01_Sergio_Perez/serper01.png.transform/1col/image.png,11.0,,,0 days 00:01:36.961000,0 days 00:01:37.055000,,,,,,25.9,30.4,64.2,1.5,False
2019,21,Abu Dhabi Grand Prix,Yas Island,Q,2019-12-01,10,GAS,gasly,Toro Rosso,toro_rosso,Pierre,Gasly,https://www.formula1.com/content/dam/fom-website/drivers/P/PIEGAS01_Pierre_Gasly/piegas01.png.transform/1col/image.png,12.0,,,0 days 00:01:37.198000,0 days 00:01:37.089000,,,,,,25.9,30.4,64.2,1.5,False
2019,21,Abu Dhabi Grand Prix,Yas Island,Q,2019-12-01,18,STR,stroll,Racing Point,racing_point,Lance,Stroll,https://www.formula1.com/content/dam/fom-website/drivers/L/LANSTR01_Lance_Stroll/lanstr01.png.transform/1col/image.png,13.0,,,0 days 00:01:37.528000,0 days 00:01:37.103000,,,,,,25.9,30.4,64.2,1.5,False
2019,21,Abu Dhabi Grand Prix,Yas Island,Q,2019-12-01,26,KVY,kvyat,Toro Rosso,toro_rosso,Daniil,Kvyat,https://www.formula1.com/content/dam/fom-website/drivers/D/DANKVY01_Daniil_Kvyat/dankvy01.png.transform/1col/image.png,14.0,,,0 days 00:01:37.683000,0 days 00:01:37.141000,,,,,,25.9,30.4,64.2,1.5,False
2019,21,Abu Dhabi Grand Prix,Yas Island,Q,2019-12-01,20,MAG,kevin_magnussen,Haas F1 Team,haas,Kevin,Magnussen,https://www.formula1.com/content/dam/fom-website/drivers/K/KEVMAG01_Kevin_Magnussen/kevmag01.png.transform/1col/image.png,15.0,,,0 days 00:01:37.710000,0 days 00:01:37.254000,,,,,,25.9,30.4,64.2,1.5,False
2019,21,Abu Dhabi Grand Prix,Yas Island,Q,2019-12-01,8,GRO,grosjean,Haas F1 Team,haas,Romain,Grosjean,https://www.formula1.com/content/dam/fom-website/drivers/R/ROMGRO01_Romain_Grosjean/romgro01.png.transform/1col/image.png,16.0,,,0 days 00:01:38.051000,,,,,,,25.9,30.4,64.2,1.5,False
2019,21,Abu Dhabi Grand Prix,Yas Island,Q,2019-12-01,99,GIO,giovinazzi,Alfa Romeo Racing,alfa,Antonio,Giovinazzi,https://www.formula1.com/content/dam/fom-website/drivers/A/ANTGIO01_Antonio_Giovinazzi/antgio01.png.transform/1col/image.png,17.0,,,0 days 00:01:38.114000,,,,,,,25.9,30.4,64.2,1.5,False
2019,21,Abu Dhabi Grand Prix,Yas Island,Q,2019-12-01,7,RAI,raikkonen,Alfa Romeo Racing,alfa,Kimi,Räikkönen,https://www.formula1.com/content/dam/fom-website/drivers/K/KIMRAI01_Kimi_R%C3%A4ikk%C3%B6nen/kimrai01.png.transform/1col/image.png,18.0,,,0 days 00:01:38.383000,,,,,,,25.9,30.4,64.2,1.5,False
2019,21,Abu Dhabi Grand Prix,Yas Island,Q,2019-12-01,63,RUS,russell,Williams,williams,George,Russell,https://www.formula1.com/content/dam/fom-website/drivers/G/GEORUS01_George_Russell/georus01.png.transform/1col/image.png,19.0,,,0 days 00:01:38.717000,,,,,,,25.9,30.4,64.2,1.5,False
2019,21,Abu Dhabi Grand Prix,Yas Island,Q,2019-12-01,88,KUB,kubica,Williams,williams,Robert,Kubica,https://www.formula1.com/content/dam/fom-website/drivers/R/ROBKUB01_Robert_Kubica/robkub01.png.transform/1col/image.png,20.0,,,0 days 00:01:39.236000,,,,,,,25.9,30.4,64.2,1.5,False
