Season,Round,EventName,Circuit,SessionType,EventDate,DriverNumber,Abbreviation,DriverId,TeamName,TeamId,FirstName,LastName,HeadshotUrl,Position,ClassifiedPosition,GridPosition,Q1,Q2,Q3,Time,Status,Points,Laps,AirTemp_mean,TrackTemp_mean,Humidity_mean,WindSpeed_mean,Rainfall
2020,1,Austrian Grand Prix,Spielberg,Q,2020-07-05,77,BOT,bottas,Mercedes,mercedes,Valtteri,Bottas,https://www.formula1.com/content/dam/fom-website/drivers/V/VALBOT01_Valtteri_Bottas/valbot01.png.transform/1col/image.png,1.0,,,0 days 00:01:04.111000,0 days 00:01:03.015000,0 days 00:01:02.939000,,,,,24.6,49.9,34.7,1.4,False
2020,1,Austrian Grand Prix,Spielberg,Q,2020-07-05,44,HAM,hamilton,Mercedes,mercedes,Lewis,Hamilton,https://www.formula1.com/content/dam/fom-website/drivers/L/LEWHAM01_Lewis_Hamilton/lewham01.png.transform/1col/image.png,2.0,,,0 days 00:01:04.198000,0 days 00:01:03.096000,0 days 00:01:02.951000,,,,,24.6,49.9,34.7,1.4,False
2020,1,Austrian Grand Prix,Spielberg,Q,2020-07-05,33,VER,max_verstappen,Red Bull Racing,red_bull,Max,Verstappen,https://www.formula1.com/content/dam/fom-website/drivers/M/MAXVER01_Max_Verstappen/maxver01.png.transform/1col/image.png,3.0,,,0 days 00:01:04.024000,0 days 00:01:04,0 days 00:01:03.477000,,,,,24.6,49.9,34.7,1.4,False
2020,1,Austrian Grand Prix,Spielberg,Q,2020-07-05,4,NOR,norris,McLaren,mclaren,Lando,Norris,https://www.formula1.com/content/dam/fom-website/drivers/L/LANNOR01_Lando_Norris/lannor01.png.transform/1col/image.png,4.0,,,0 days 00:01:04.606000,0 days 00:01:03.819000,0 days 00:01:03.626000,,,,,24.6,49.9,34.7,1.4,False
2020,1,Austrian Grand Prix,Spielberg,Q,2020-07-05,23,ALB,albon,Red Bull Racing,red_bull,Alexander,Albon,https://www.formula1.com/content/dam/fom-website/drivers/A/ALEALB01_Alexander_Albon/alealb01.png.transform/1col/image.png,5.0,,,0 days 00:01:04.661000,0 days 00:01:03.746000,0 days 00:01:03.868000,,,,,24.6,49.9,34.7,1.4,False
2020,1,Austrian Grand Prix,Spielberg,Q,2020-07-05,11,PER,perez,Racing Point,racing_point,Sergio,Perez,https://www.formula1.com/content/dam/fom-website/drivers/S/SERPER01_Sergio_Perez/serper01.png.transform/1col/image.png,6.0,,,0 days 00:01:04.543000,0 days 00:01:03.860000,0 days 00:01:03.868000,,,,,24.6,49.9,34.7,1.4,False
2020,1,Austrian Grand Prix,Spielberg,Q,2020-07-05,16,LEC,leclerc,Ferrari,ferrari,Charles,Leclerc,https://www.formula1.com/content/dam/fom-website/drivers/C/CHALEC01_Charles_Leclerc/chalec01.png.transform/1col/image.png,7.0,,,0 days 00:01:04.500000,0 days 00:01:04.041000,0 days 00:01:03.923000,,,,,24.6,49.9,34.7,1.4,False
2020,1,Austrian Grand Prix,Spielberg,Q,2020-07-05,55,SAI,sainz,McLaren,mclaren,Carlos,Sainz,https://www.formula1.com/content/dam/fom-website/drivers/C/CARSAI01_Carlos_Sainz/carsai01.png.transform/1col/image.png,8.0,,,0 days 00:01:04.537000,0 days 00:01:03.971000,0 days 00:01:03.971000,,,,,24.6,49.9,34.7,1.4,False
2020,1,Austrian Grand Prix,Spielberg,Q,2020-07-05,18,STR,stroll,Racing Point,racing_point,Lance,Stroll,https://www.formula1.com/content/dam/fom-website/drivers/L/LANSTR01_Lance_Stroll/lanstr01.png.transform/1col/image.png,9.0,,,0 days 00:01:04.309000,0 days 00:01:03.955000,0 days 00:01:04.029000,,,,,24.6,49.9,34.7,1.4,False
2020,1,Austrian Grand Prix,Spielberg,Q,2020-07-05,3,RIC,ricciardo,Renault,renault,Daniel,Ricciardo,https://www.formula1.com/content/dam/fom-website/drivers/D/DANRIC01_Daniel_Ricciardo/danric01.png.transform/1col/image.png,10.0,,,0 days 00:01:04.556000,0 days 00:01:04.023000,0 days 00:01:04.239000,,,,,24.6,49.9,34.7,1.4,False
2020,1,Austrian Grand Prix,Spielberg,Q,2020-07-05,5,VET,vettel,Ferrari,ferrari,Sebastian,Vettel,https://www.formula1.com/content/dam/fom-website/drivers/S/SEBVET01_Sebastian_Vettel/sebvet01.png.transform/1col/image.png,11.0,,,0 days 00:01:04.554000,0 days 00:01:04.206000,,,,,,24.6,49.9,34.7,1.4,False
2020,1,Austrian Grand Prix,Spielberg,Q,2020-07-05,10,GAS,gasly,AlphaTauri,alphatauri,Pierre,Gasly,https://www.formula1.com/content/dam/fom-website/drivers/P/PIEGAS01_Pierre_Gasly/piegas01.png.transform/1col/image.png,12.0,,,0 days 00:01:04.603000,0 days 00:01:04.305000,,,,,,24.6,49.9,34.7,1.4,False
2020,1,Austrian Grand Prix,Spielberg,Q,2020-07-05,26,KVY,kvyat,AlphaTauri,alphatauri,Daniil,Kvyat,https://www.formula1.com/content/dam/fom-website/drivers/D/DANKVY01_Daniil_Kvyat/dankvy01.png.transform/1col/image.png,13.0,,,0 days 00:01:05.031000,0 days 00:01:04.431000,,,,,,24.6,49.9,34.7,1.4,False
2020,1,Austrian Grand Prix,Spielberg,Q,2020-07-05,31,OCO,ocon,Renault,renault,Esteban,Ocon,https://www.formula1.com/content/dam/fom-website/drivers/E/ESTOCO01_Esteban_Ocon/estoco01.png.transform/1col/image.png,14.0,,,0 days 00:01:04.933000,0 days 00:01:04.643000,,,,,,24.6,49.9,34.7,1.4,False
2020,1,Austrian Grand Prix,Spielberg,Q,2020-07-05,8,GRO,grosjean,Haas F1 Team,haas,Romain,Grosjean,https://www.formula1.com/content/dam/fom-website/drivers/R/ROMGRO01_Romain_Grosjean/romgro01.png.transform/1col/image.png,15.0,,,0 days 00:01:05.094000,0 days 00:01:04.691000,,,,,,24.6,49.9,34.7,1.4,False
2020,1,Austrian Grand Prix,Spielberg,Q,2020-07-05,20,MAG,kevin_magnussen,Haas F1 Team,haas,Kevin,Magnussen,https://www.formula1.com/content/dam/fom-website/drivers/K/KEVMAG01_Kevin_Magnussen/kevmag01.png.transform/1col/image.png,16.0,,,0 days 00:01:05.164000,,,,,,,24.6,49.9,34.7,1.4,False
2020,1,Austrian Grand Prix,Spielberg,Q,2020-07-05,63,RUS,russell,Williams,williams,George,Russell,https://www.formula1.com/content/dam/fom-website/drivers/G/GEORUS01_George_Russell/georus01.png.transform/1col/image.png,17.0,,,0 days 00:01:05.167000,,,,,,,24.6,49.9,34.7,1.4,False
2020,1,Austrian Grand Prix,Spielberg,Q,2020-07-05,99,GIO,giovinazzi,Alfa Romeo Racing,alfa,Antonio,Giovinazzi,https://www.formula1.com/content/dam/fom-website/drivers/A/ANTGIO01_Antonio_Giovinazzi/antgio01.png.transform/1col/image.png,18.0,,,0 days 00:01:05.175000,,,,,,,24.6,49.9,34.7,1.4,False
2020,1,Austrian Grand Prix,Spielberg,Q,2020-07-05,7,RAI,raikkonen,Alfa Romeo Racing,alfa,Kimi,Räikkönen,https://www.formula1.com/content/dam/fom-website/drivers/K/KIMRAI01_Kimi_R%C3%A4ikk%C3%B6nen/kimrai01.png.transform/1col/image.png,19.0,,,0 days 00:01:05.224000,,,,,,,24.6,49.9,34.7,1.4,False
2020,1,Austrian Grand Prix,Spielberg,Q,2020-07-05,6,LAT,latifi,Williams,williams,Nicholas,Latifi,https://www.formula1.com/content/dam/fom-website/drivers/N/NICLAF01_Nicholas_Latifi/niclaf01.png.transform/1col/image.png,20.0,,,0 days 00:01:05.757000,,,,,,,24.6,49.9,34.7,1.4,False
2020,2,Styrian Grand Prix,Spielberg,Q,2020-07-12,44,HAM,hamilton,Mercedes,mercedes,Lewis,Hamilton,https://www.formula1.com/content/dam/fom-website/drivers/L/LEWHAM01_Lewis_Hamilton/lewham01.png.transform/1col/image.png,1.0,,,0 days 00:01:18.188000,0 days 00:01:17.825000,0 days 00:01:19.273000,,,,,14.8,19.9,89.8,1.3,True
2020,2,Styrian Grand Prix,Spielberg,Q,2020-07-12,33,VER,max_verstappen,Red Bull Racing,red_bull,Max,Verstappen,https://www.formula1.com/content/dam/fom-website/drivers/M/MAXVER01_Max_Verstappen/maxver01.png.transform/1col/image.png,2.0,,,0 days 00:01:18.297000,0 days 00:01:17.938000,0 days 00:01:20.489000,,,,,14.8,19.9,89.8,1.3,True
2020,2,Styrian Grand Prix,Spielberg,Q,2020-07-12,55,SAI,sainz,McLaren,mclaren,Carlos,Sainz,https://www.formula1.com/content/dam/fom-website/drivers/C/CARSAI01_Carlos_Sainz/carsai01.png.transform/1col/image.png,3.0,,,0 days 00:01:18.590000,0 days 00:01:18.836000,0 days 00:01:20.671000,,,,,14.8,19.9,89.8,1.3,True
2020,2,Styrian Grand Prix,Spielberg,Q,2020-07-12,77,BOT,bottas,Mercedes,mercedes,Valtteri,Bottas,https://www.formula1.com/content/dam/fom-website/drivers/V/VALBOT01_Valtteri_Bottas/valbot01.png.transform/1col/image.png,4.0,,,0 days 00:01:18.791000,0 days 00:01:18.657000,0 days 00:01:20.701000,,,,,14.8,19.9,89.8,1.3,True
2020,2,Styrian Grand Prix,Spielberg,Q,2020-07-12,31,OCO,ocon,Renault,renault,Esteban,Ocon,https://www.formula1.com/content/dam/fom-website/drivers/E/ESTOCO01_Esteban_Ocon/estoco01.png.transform/1col/image.png,5.0,,,0 days 00:01:19.687000,0 days 00:01:18.764000,0 days 00:01:20.922000,,,,,14.8,19.9,89.8,1.3,True
2020,2,Styrian Grand Prix,Spielberg,Q,2020-07-12,4,NOR,norris,McLaren,mclaren,Lando,Norris,https://www.formula1.com/content/dam/fom-website/drivers/L/LANNOR01_Lando_Norris/lannor01.png.transform/1col/image.png,6.0,,,0 days 00:01:18.504000,0 days 00:01:18.448000,0 days 00:01:20.925000,,,,,14.8,19.9,89.8,1.3,True
2020,2,Styrian Grand Prix,Spielberg,Q,2020-07-12,23,ALB,albon,Red Bull Racing,red_bull,Alexander,Albon,https://www.formula1.com/content/dam/fom-website/drivers/A/ALEALB01_Alexander_Albon/alealb01.png.transform/1col/image.png,7.0,,,0 days 00:01:20.882000,0 days 00:01:19.014000,0 days 00:01:21.011000,,,,,14.8,19.9,89.8,1.3,True
2020,2,Styrian Grand Prix,Spielberg,Q,2020-07-12,10,GAS,gasly,AlphaTauri,alphatauri,Pierre,Gasly,https://www.formula1.com/content/dam/fom-website/drivers/P/PIEGAS01_Pierre_Gasly/piegas01.png.transform/1col/image.png,8.0,,,0 days 00:01:20.192000,0 days 00:01:18.744000,0 days 00:01:21.028000,,,,,14.8,19.9,89.8,1.3,True
2020,2,Styrian Grand Prix,Spielberg,Q,2020-07-12,3,RIC,ricciardo,Renault,renault,Daniel,Ricciardo,https://www.formula1.com/content/dam/fom-website/drivers/D/DANRIC01_Daniel_Ricciardo/danric01.png.transform/1col/image.png,9.0,,,0 days 00:01:19.662000,0 days 00:01:19.229000,0 days 00:01:21.192000,,,,,14.8,19.9,89.8,1.3,True
2020,2,Styrian Grand Prix,Spielberg,Q,2020-07-12,5,VET,vettel,Ferrari,ferrari,Sebastian,Vettel,https://www.formula1.com/content/dam/fom-website/drivers/S/SEBVET01_Sebastian_Vettel/sebvet01.png.transform/1col/image.png,10.0,,,0 days 00:01:20.243000,0 days 00:01:19.545000,0 days 00:01:21.651000,,,,,14.8,19.9,89.8,1.3,True
2020,2,Styrian Grand Prix,Spielberg,Q,2020-07-12,16,LEC,leclerc,Ferrari,ferrari,Charles,Leclerc,https://www.formula1.com/content/dam/fom-website/drivers/C/CHALEC01_Charles_Leclerc/chalec01.png.transform/1col/image.png,11.0,,,0 days 00:01:20.871000,0 days 00:01:19.628000,,,,,,14.8,19.9,89.8,1.3,True
2020,2,Styrian Grand Prix,Spielberg,Q,2020-07-12,63,RUS,russell,Williams,williams,George,Russell,https://www.formula1.com/content/dam/fom-website/drivers/G/GEORUS01_George_Russell/georus01.png.transform/1col/image.png,12.0,,,0 days 00:01:20.382000,0 days 00:01:19.636000,,,,,,14.8,19.9,89.8,1.3,True
2020,2,Styrian Grand Prix,Spielberg,Q,2020-07-12,18,STR,stroll,Racing Point,racing_point,Lance,Stroll,https://www.formula1.com/content/dam/fom-website/drivers/L/LANSTR01_Lance_Stroll/lanstr01.png.transform/1col/image.png,13.0,,,0 days 00:01:19.697000,0 days 00:01:19.645000,,,,,,14.8,19.9,89.8,1.3,True
2020,2,Styrian Grand Prix,Spielberg,Q,2020-07-12,26,KVY,kvyat,AlphaTauri,alphatauri,Daniil,Kvyat,https://www.formula1.com/content/dam/fom-website/drivers/D/DANKVY01_Daniil_Kvyat/dankvy01.png.transform/1col/image.png,14.0,,,0 days 00:01:19.824000,0 days 00:01:19.717000,,,,,,14.8,19.9,89.8,1.3,True
2020,2,Styrian Grand Prix,Spielberg,Q,2020-07-12,20,MAG,kevin_magnussen,Haas F1 Team,haas,Kevin,Magnussen,https://www.formula1.com/content/dam/fom-website/drivers/K/KEVMAG01_Kevin_Magnussen/kevmag01.png.transform/1col/image.png,15.0,,,0 days 00:01:21.140000,0 days 00:01:20.211000,,,,,,14.8,19.9,89.8,1.3,True
2020,2,Styrian Grand Prix,Spielberg,Q,2020-07-12,7,RAI,raikkonen,Alfa Romeo Racing,alfa,Kimi,Räikkönen,https://www.formula1.com/content/dam/fom-website/drivers/K/KIMRAI01_Kimi_R%C3%A4ikk%C3%B6nen/kimrai01.png.transform/1col/image.png,16.0,,,0 days 00:01:21.140000,,,,,,,14.8,19.9,89.8,1.3,True
2020,2,Styrian Grand Prix,Spielberg,Q,2020-07-12,11,PER,perez,Racing Point,racing_point,Sergio,Perez,https://www.formula1.com/content/dam/fom-website/drivers/S/SERPER01_Sergio_Perez/serper01.png.transform/1col/image.png,17.0,,,0 days 00:01:21.607000,,,,,,,14.8,19.9,89.8,1.3,True
2020,2,Styrian Grand Prix,Spielberg,Q,2020-07-12,6,LAT,latifi,Williams,williams,Nicholas,Latifi,https://www.formula1.com/content/dam/fom-website/drivers/N/NICLAF01_Nicholas_Latifi/niclaf01.png.transform/1col/image.png,18.0,,,0 days 00:01:21.759000,,,,,,,14.8,19.9,89.8,1.3,True
2020,2,Styrian Grand Prix,Spielberg,Q,2020-07-12,99,GIO,giovinazzi,Alfa Romeo Racing,alfa,Antonio,Giovinazzi,https://www.formula1.com/content/dam/fom-website/drivers/A/ANTGIO01_Antonio_Giovinazzi/antgio01.png.transform/1col/image.png,19.0,,,0 days 00:01:21.831000,,,,,,,14.8,19.9,89.8,1.3,True
2020,2,Styrian Grand Prix,Spielberg,Q,2020-07-12,8,GRO,grosjean,Haas F1 Team,haas,Romain,Grosjean,https://www.formula1.com/content/dam/fom-website/drivers/R/ROMGRO01_Romain_Grosjean/romgro01.png.transform/1col/image.png,20.0,,,,,,,,,,14.8,19.9,89.8,1.3,True
2020,3,Hungarian Grand Prix,Budapest,Q,2020-07-19,44,HAM,hamilton,Mercedes,mercedes,Lewis,Hamilton,https://www.formula1.com/content/dam/fom-website/drivers/L/LEWHAM01_Lewis_Hamilton/lewham01.png.transform/1col/image.png,1.0,,,0 days 00:01:14.907000,0 days 00:01:14.261000,0 days 00:01:13.447000,,,,,18.8,27.3,71.5,1.3,False
2020,3,Hungarian Grand Prix,Budapest,Q,2020-07-19,77,BOT,bottas,Mercedes,mercedes,Valtteri,Bottas,https://www.formula1.com/content/dam/fom-website/drivers/V/VALBOT01_Valtteri_Bottas/valbot01.png.transform/1col/image.png,2.0,,,0 days 00:01:15.474000,0 days 00:01:14.530000,0 days 00:01:13.554000,,,,,18.8,27.3,71.5,1.3,False
2020,3,Hungarian Grand Prix,Budapest,Q,2020-07-19,18,STR,stroll,Racing Point,racing_point,Lance,Stroll,https://www.formula1.com/content/dam/fom-website/drivers/L/LANSTR01_Lance_Stroll/lanstr01.png.transform/1col/image.png,3.0,,,0 days 00:01:14.895000,0 days 00:01:15.176000,0 days 00:01:14.377000,,,,,18.8,27.3,71.5,1.3,False
2020,3,Hungarian Grand Prix,Budapest,Q,2020-07-19,11,PER,perez,Racing Point,racing_point,Sergio,Perez,https://www.formula1.com/content/dam/fom-website/drivers/S/SERPER01_Sergio_Perez/serper01.png.transform/1col/image.png,4.0,,,0 days 00:01:14.681000,0 days 00:01:15.394000,0 days 00:01:14.545000,,,,,18.8,27.3,71.5,1.3,False
2020,3,Hungarian Grand Prix,Budapest,Q,2020-07-19,5,VET,vettel,Ferrari,ferrari,Sebastian,Vettel,https://www.formula1.com/content/dam/fom-website/drivers/S/SEBVET01_Sebastian_Vettel/sebvet01.png.transform/1col/image.png,5.0,,,0 days 00:01:15.455000,0 days 00:01:15.131000,0 days 00:01:14.774000,,,,,18.8,27.3,71.5,1.3,False
2020,3,Hungarian Grand Prix,Budapest,Q,2020-07-19,16,LEC,leclerc,Ferrari,ferrari,Charles,Leclerc,https://www.formula1.com/content/dam/fom-website/drivers/C/CHALEC01_Charles_Leclerc/chalec01.png.transform/1col/image.png,6.0,,,0 days 00:01:15.793000,0 days 00:01:15.006000,0 days 00:01:14.817000,,,,,18.8,27.3,71.5,1.3,False
2020,3,Hungarian Grand Prix,Budapest,Q,2020-07-19,33,VER,max_verstappen,Red Bull Racing,red_bull,Max,Verstappen,https://www.formula1.com/content/dam/fom-website/drivers/M/MAXVER01_Max_Verstappen/maxver01.png.transform/1col/image.png,7.0,,,0 days 00:01:15.495000,0 days 00:01:14.976000,0 days 00:01:14.849000,,,,,18.8,27.3,71.5,1.3,False
2020,3,Hungarian Grand Prix,Budapest,Q,2020-07-19,4,NOR,norris,McLaren,mclaren,Lando,Norris,https://www.formula1.com/content/dam/fom-website/drivers/L/LANNOR01_Lando_Norris/lannor01.png.transform/1col/image.png,8.0,,,0 days 00:01:15.444000,0 days 00:01:15.085000,0 days 00:01:14.966000,,,,,18.8,27.3,71.5,1.3,False
2020,3,Hungarian Grand Prix,Budapest,Q,2020-07-19,55,SAI,sainz,McLaren,mclaren,Carlos,Sainz,https://www.formula1.com/content/dam/fom-website/drivers/C/CARSAI01_Carlos_Sainz/carsai01.png.transform/1col/image.png,9.0,,,0 days 00:01:15.281000,0 days 00:01:15.267000,0 days 00:01:15.027000,,,,,18.8,27.3,71.5,1.3,False
2020,3,Hungarian Grand Prix,Budapest,Q,2020-07-19,10,GAS,gasly,AlphaTauri,alphatauri,Pierre,Gasly,https://www.formula1.com/content/dam/fom-website/drivers/P/PIEGAS01_Pierre_Gasly/piegas01.png.transform/1col/image.png,10.0,,,0 days 00:01:15.767000,0 days 00:01:15.508000,,,,,,18.8,27.3,71.5,1.3,False
2020,3,Hungarian Grand Prix,Budapest,Q,2020-07-19,3,RIC,ricciardo,Renault,renault,Daniel,Ricciardo,https://www.formula1.com/content/dam/fom-website/drivers/D/DANRIC01_Daniel_Ricciardo/danric01.png.transform/1col/image.png,11.0,,,0 days 00:01:15.848000,0 days 00:01:15.661000,,,,,,18.8,27.3,71.5,1.3,False
2020,3,Hungarian Grand Prix,Budapest,Q,2020-07-19,63,RUS,russell,Williams,williams,George,Russell,https://www.formula1.com/content/dam/fom-website/drivers/G/GEORUS01_George_Russell/georus01.png.transform/1col/image.png,12.0,,,0 days 00:01:15.585000,0 days 00:01:15.698000,,,,,,18.8,27.3,71.5,1.3,False
2020,3,Hungarian Grand Prix,Budapest,Q,2020-07-19,23,ALB,albon,Red Bull Racing,red_bull,Alexander,Albon,https://www.formula1.com/content/dam/fom-website/drivers/A/ALEALB01_Alexander_Albon/alealb01.png.transform/1col/image.png,13.0,,,0 days 00:01:15.722000,0 days 00:01:15.715000,,,,,,18.8,27.3,71.5,1.3,False
2020,3,Hungarian Grand Prix,Budapest,Q,2020-07-19,31,OCO,ocon,Renault,renault,Esteban,Ocon,https://www.formula1.com/content/dam/fom-website/drivers/E/ESTOCO01_Esteban_Ocon/estoco01.png.transform/1col/image.png,14.0,,,0 days 00:01:15.719000,0 days 00:01:15.742000,,,,,,18.8,27.3,71.5,1.3,False
2020,3,Hungarian Grand Prix,Budapest,Q,2020-07-19,6,LAT,latifi,Williams,williams,Nicholas,Latifi,https://www.formula1.com/content/dam/fom-website/drivers/N/NICLAF01_Nicholas_Latifi/niclaf01.png.transform/1col/image.png,15.0,,,0 days 00:01:16.105000,0 days 00:01:16.544000,,,,,,18.8,27.3,71.5,1.3,False
2020,3,Hungarian Grand Prix,Budapest,Q,2020-07-19,20,MAG,kevin_magnussen,Haas F1 Team,haas,Kevin,Magnussen,https://www.formula1.com/content/dam/fom-website/drivers/K/KEVMAG01_Kevin_Magnussen/kevmag01.png.transform/1col/image.png,16.0,,,0 days 00:01:16.152000,,,,,,,18.8,27.3,71.5,1.3,False
2020,3,Hungarian Grand Prix,Budapest,Q,2020-07-19,26,KVY,kvyat,AlphaTauri,alphatauri,Daniil,Kvyat,https://www.formula1.com/content/dam/fom-website/drivers/D/DANKVY01_Daniil_Kvyat/dankvy01.png.transform/1col/image.png,17.0,,,0 days 00:01:16.204000,,,,,,,18.8,27.3,71.5,1.3,False
2020,3,Hungarian Grand Prix,Budapest,Q,2020-07-19,8,GRO,grosjean,Haas F1 Team,haas,Romain,Grosjean,https://www.formula1.com/content/dam/fom-website/drivers/R/ROMGRO01_Romain_Grosjean/romgro01.png.transform/1col/image.png,18.0,,,0 days 00:01:16.407000,,,,,,,18.8,27.3,71.5,1.3,False
2020,3,Hungarian Grand Prix,Budapest,Q,2020-07-19,99,GIO,giovinazzi,Alfa Romeo Racing,alfa,Antonio,Giovinazzi,https://www.formula1.com/content/dam/fom-website/drivers/A/ANTGIO01_Antonio_Giovinazzi/antgio01.png.transform/1col/image.png,19.0,,,0 days 00:01:16.506000,,,,,,,18.8,27.3,71.5,1.3,False
2020,3,Hungarian Grand Prix,Budapest,Q,2020-07-19,7,RAI,raikkonen,Alfa Romeo Racing,alfa,Kimi,Räikkönen,https://www.formula1.com/content/dam/fom-website/drivers/K/KIMRAI01_Kimi_R%C3%A4ikk%C3%B6nen/kimrai01.png.transform/1col/image.png,20.0,,,0 days 00:01:16.614000,,,,,,,18.8,27.3,71.5,1.3,False
2020,4,British Grand Prix,Silverstone,Q,2020-08-02,44,HAM,hamilton,Mercedes,mercedes,Lewis,Hamilton,https://www.formula1.com/content/dam/fom-website/drivers/L/LEWHAM01_Lewis_Hamilton/lewham01.png.transform/1col/image.png,1.0,,,0 days 00:01:25.900000,0 days 00:01:25.347000,0 days 00:01:24.303000,,,,,22.5,38.9,54.4,4.0,False
2020,4,British Grand Prix,Silverstone,Q,2020-08-02,77,BOT,bottas,Mercedes,mercedes,Valtteri,Bottas,https://www.formula1.com/content/dam/fom-website/drivers/V/VALBOT01_Valtteri_Bottas/valbot01.png.transform/1col/image.png,2.0,,,0 days 00:01:25.801000,0 days 00:01:25.015000,0 days 00:01:24.616000,,,,,22.5,38.9,54.4,4.0,False
2020,4,British Grand Prix,Silverstone,Q,2020-08-02,33,VER,max_verstappen,Red Bull Racing,red_bull,Max,Verstappen,https://www.formula1.com/content/dam/fom-website/drivers/M/MAXVER01_Max_Verstappen/maxver01.png.transform/1col/image.png,3.0,,,0 days 00:01:26.115000,0 days 00:01:26.144000,0 days 00:01:25.325000,,,,,22.5,38.9,54.4,4.0,False
2020,4,British Grand Prix,Silverstone,Q,2020-08-02,16,LEC,leclerc,Ferrari,ferrari,Charles,Leclerc,https://www.formula1.com/content/dam/fom-website/drivers/C/CHALEC01_Charles_Leclerc/chalec01.png.transform/1col/image.png,4.0,,,0 days 00:01:26.550000,0 days 00:01:26.203000,0 days 00:01:25.427000,,,,,22.5,38.9,54.4,4.0,False
2020,4,British Grand Prix,Silverstone,Q,2020-08-02,4,NOR,norris,McLaren,mclaren,Lando,Norris,https://www.formula1.com/content/dam/fom-website/drivers/L/LANNOR01_Lando_Norris/lannor01.png.transform/1col/image.png,5.0,,,0 days 00:01:26.855000,0 days 00:01:26.420000,0 days 00:01:25.782000,,,,,22.5,38.9,54.4,4.0,False
2020,4,British Grand Prix,Silverstone,Q,2020-08-02,18,STR,stroll,Racing Point,racing_point,Lance,Stroll,https://www.formula1.com/content/dam/fom-website/drivers/L/LANSTR01_Lance_Stroll/lanstr01.png.transform/1col/image.png,6.0,,,0 days 00:01:26.243000,0 days 00:01:26.501000,0 days 00:01:25.839000,,,,,22.5,38.9,54.4,4.0,False
2020,4,British Grand Prix,Silverstone,Q,2020-08-02,55,SAI,sainz,McLaren,mclaren,Carlos,Sainz,https://www.formula1.com/content/dam/fom-website/drivers/C/CARSAI01_Carlos_Sainz/carsai01.png.transform/1col/image.png,7.0,,,0 days 00:01:26.715000,0 days 00:01:26.149000,0 days 00:01:25.965000,,,,,22.5,38.9,54.4,4.0,False
2020,4,British Grand Prix,Silverstone,Q,2020-08-02,3,RIC,ricciardo,Renault,renault,Daniel,Ricciardo,https://www.formula1.com/content/dam/fom-website/drivers/D/DANRIC01_Daniel_Ricciardo/danric01.png.transform/1col/image.png,8.0,,,0 days 00:01:26.677000,0 days 00:01:26.339000,0 days 00:01:26.009000,,,,,22.5,38.9,54.4,4.0,False
2020,4,British Grand Prix,Silverstone,Q,2020-08-02,31,OCO,ocon,Renault,renault,Esteban,Ocon,https://www.formula1.com/content/dam/fom-website/drivers/E/ESTOCO01_Esteban_Ocon/estoco01.png.transform/1col/image.png,9.0,,,0 days 00:01:26.396000,0 days 00:01:26.252000,0 days 00:01:26.209000,,,,,22.5,38.9,54.4,4.0,False
2020,4,British Grand Prix,Silverstone,Q,2020-08-02,5,VET,vettel,Ferrari,ferrari,Sebastian,Vettel,https://www.formula1.com/content/dam/fom-website/drivers/S/SEBVET01_Sebastian_Vettel/sebvet01.png.transform/1col/image.png,10.0,,,0 days 00:01:26.469000,0 days 00:01:26.455000,0 days 00:01:26.339000,,,,,22.5,38.9,54.4,4.0,False
2020,4,British Grand Prix,Silverstone,Q,2020-08-02,10,GAS,gasly,AlphaTauri,alphatauri,Pierre,Gasly,https://www.formula1.com/content/dam/fom-website/drivers/P/PIEGAS01_Pierre_Gasly/piegas01.png.transform/1col/image.png,11.0,,,0 days 00:01:26.343000,0 days 00:01:26.501000,,,,,,22.5,38.9,54.4,4.0,False
2020,4,British Grand Prix,Silverstone,Q,2020-08-02,23,ALB,albon,Red Bull Racing,red_bull,Alexander,Albon,https://www.formula1.com/content/dam/fom-website/drivers/A/ALEALB01_Alexander_Albon/alealb01.png.transform/1col/image.png,12.0,,,0 days 00:01:26.565000,0 days 00:01:26.545000,,,,,,22.5,38.9,54.4,4.0,False
2020,4,British Grand Prix,Silverstone,Q,2020-08-02,27,HUL,hulkenberg,Racing Point,racing_point,Nico,Hulkenberg,None,13.0,,,0 days 00:01:26.327000,0 days 00:01:26.566000,,,,,,22.5,38.9,54.4,4.0,False
2020,4,British Grand Prix,Silverstone,Q,2020-08-02,26,KVY,kvyat,AlphaTauri,alphatauri,Daniil,Kvyat,https://www.formula1.com/content/dam/fom-website/drivers/D/DANKVY01_Daniil_Kvyat/dankvy01.png.transform/1col/image.png,14.0,,,0 days 00:01:26.774000,0 days 00:01:26.744000,,,,,,22.5,38.9,54.4,4.0,False
2020,4,British Grand Prix,Silverstone,Q,2020-08-02,63,RUS,russell,Williams,williams,George,Russell,https://www.formula1.com/content/dam/fom-website/drivers/G/GEORUS01_George_Russell/georus01.png.transform/1col/image.png,15.0,,,0 days 00:01:26.732000,0 days 00:01:27.092000,,,,,,22.5,38.9,54.4,4.0,False
2020,4,British Grand Prix,Silverstone,Q,2020-08-02,20,MAG,kevin_magnussen,Haas F1 Team,haas,Kevin,Magnussen,https://www.formula1.com/content/dam/fom-website/drivers/K/KEVMAG01_Kevin_Magnussen/kevmag01.png.transform/1col/image.png,16.0,,,0 days 00:01:27.158000,,,,,,,22.5,38.9,54.4,4.0,False
2020,4,British Grand Prix,Silverstone,Q,2020-08-02,99,GIO,giovinazzi,Alfa Romeo Racing,alfa,Antonio,Giovinazzi,https://www.formula1.com/content/dam/fom-website/drivers/A/ANTGIO01_Antonio_Giovinazzi/antgio01.png.transform/1col/image.png,17.0,,,0 days 00:01:27.164000,,,,,,,22.5,38.9,54.4,4.0,False
2020,4,British Grand Prix,Silverstone,Q,2020-08-02,7,RAI,raikkonen,Alfa Romeo Racing,alfa,Kimi,Räikkönen,https://www.formula1.com/content/dam/fom-website/drivers/K/KIMRAI01_Kimi_R%C3%A4ikk%C3%B6nen/kimrai01.png.transform/1col/image.png,18.0,,,0 days 00:01:27.366000,,,,,,,22.5,38.9,54.4,4.0,False
2020,4,British Grand Prix,Silverstone,Q,2020-08-02,8,GRO,grosjean,Haas F1 Team,haas,Romain,Grosjean,https://www.formula1.com/content/dam/fom-website/drivers/R/ROMGRO01_Romain_Grosjean/romgro01.png.transform/1col/image.png,19.0,,,0 days 00:01:27.643000,,,,,,,22.5,38.9,54.4,4.0,False
2020,4,British Grand Prix,Silverstone,Q,2020-08-02,6,LAT,latifi,Williams,williams,Nicholas,Latifi,https://www.formula1.com/content/dam/fom-website/drivers/N/NICLAF01_Nicholas_Latifi/niclaf01.png.transform/1col/image.png,20.0,,,0 days 00:01:27.705000,,,,,,,22.5,38.9,54.4,4.0,False
2020,5,70th Anniversary Grand Prix,Silverstone,Q,2020-08-09,77,BOT,bottas,Mercedes,mercedes,Valtteri,Bottas,https://www.formula1.com/content/dam/fom-website/drivers/V/VALBOT01_Valtteri_Bottas/valbot01.png.transform/1col/image.png,1.0,,,0 days 00:01:26.738000,0 days 00:01:25.785000,0 days 00:01:25.154000,,,,,26.2,41.8,53.4,3.6,False
2020,5,70th Anniversary Grand Prix,Silverstone,Q,2020-08-09,44,HAM,hamilton,Mercedes,mercedes,Lewis,Hamilton,https://www.formula1.com/content/dam/fom-website/drivers/L/LEWHAM01_Lewis_Hamilton/lewham01.png.transform/1col/image.png,2.0,,,0 days 00:01:26.818000,0 days 00:01:26.266000,0 days 00:01:25.217000,,,,,26.2,41.8,53.4,3.6,False
2020,5,70th Anniversary Grand Prix,Silverstone,Q,2020-08-09,27,HUL,hulkenberg,Racing Point,racing_point,Nico,Hulkenberg,None,3.0,,,0 days 00:01:27.279000,0 days 00:01:26.261000,0 days 00:01:26.082000,,,,,26.2,41.8,53.4,3.6,False
2020,5,70th Anniversary Grand Prix,Silverstone,Q,2020-08-09,33,VER,max_verstappen,Red Bull Racing,red_bull,Max,Verstappen,https://www.formula1.com/content/dam/fom-website/drivers/M/MAXVER01_Max_Verstappen/maxver01.png.transform/1col/image.png,4.0,,,0 days 00:01:27.154000,0 days 00:01:26.779000,0 days 00:01:26.176000,,,,,26.2,41.8,53.4,3.6,False
2020,5,70th Anniversary Grand Prix,Silverstone,Q,2020-08-09,3,RIC,ricciardo,Renault,renault,Daniel,Ricciardo,https://www.formula1.com/content/dam/fom-website/drivers/D/DANRIC01_Daniel_Ricciardo/danric01.png.transform/1col/image.png,5.0,,,0 days 00:01:27.442000,0 days 00:01:26.636000,0 days 00:01:26.297000,,,,,26.2,41.8,53.4,3.6,False
2020,5,70th Anniversary Grand Prix,Silverstone,Q,2020-08-09,18,STR,stroll,Racing Point,racing_point,Lance,Stroll,https://www.formula1.com/content/dam/fom-website/drivers/L/LANSTR01_Lance_Stroll/lanstr01.png.transform/1col/image.png,6.0,,,0 days 00:01:27.187000,0 days 00:01:26.674000,0 days 00:01:26.428000,,,,,26.2,41.8,53.4,3.6,False
2020,5,70th Anniversary Grand Prix,Silverstone,Q,2020-08-09,10,GAS,gasly,AlphaTauri,alphatauri,Pierre,Gasly,https://www.formula1.com/content/dam/fom-website/drivers/P/PIEGAS01_Pierre_Gasly/piegas01.png.transform/1col/image.png,7.0,,,0 days 00:01:27.154000,0 days 00:01:26.523000,0 days 00:01:26.534000,,,,,26.2,41.8,53.4,3.6,False
2020,5,70th Anniversary Grand Prix,Silverstone,Q,2020-08-09,16,LEC,leclerc,Ferrari,ferrari,Charles,Leclerc,https://www.formula1.com/content/dam/fom-website/drivers/C/CHALEC01_Charles_Leclerc/chalec01.png.transform/1col/image.png,8.0,,,0 days 00:01:27.427000,0 days 00:01:26.709000,0 days 00:01:26.614000,,,,,26.2,41.8,53.4,3.6,False
2020,5,70th Anniversary Grand Prix,Silverstone,Q,2020-08-09,23,ALB,albon,Red Bull Racing,red_bull,Alexander,Albon,https://www.formula1.com/content/dam/fom-website/drivers/A/ALEALB01_Alexander_Albon/alealb01.png.transform/1col/image.png,9.0,,,0 days 00:01:27.153000,0 days 00:01:26.642000,0 days 00:01:26.669000,,,,,26.2,41.8,53.4,3.6,False
2020,5,70th Anniversary Grand Prix,Silverstone,Q,2020-08-09,4,NOR,norris,McLaren,mclaren,Lando,Norris,https://www.formula1.com/content/dam/fom-website/drivers/L/LANNOR01_Lando_Norris/lannor01.png.transform/1col/image.png,10.0,,,0 days 00:01:27.217000,0 days 00:01:26.885000,0 days 00:01:26.778000,,,,,26.2,41.8,53.4,3.6,False
2020,5,70th Anniversary Grand Prix,Silverstone,Q,2020-08-09,31,OCO,ocon,Renault,renault,Esteban,Ocon,https://www.formula1.com/content/dam/fom-website/drivers/E/ESTOCO01_Esteban_Ocon/estoco01.png.transform/1col/image.png,11.0,,,0 days 00:01:27.278000,0 days 00:01:27.011000,,,,,,26.2,41.8,53.4,3.6,False
2020,5,70th Anniversary Grand Prix,Silverstone,Q,2020-08-09,5,VET,vettel,Ferrari,ferrari,Sebastian,Vettel,https://www.formula1.com/content/dam/fom-website/drivers/S/SEBVET01_Sebastian_Vettel/sebvet01.png.transform/1col/image.png,12.0,,,0 days 00:01:27.612000,0 days 00:01:27.078000,,,,,,26.2,41.8,53.4,3.6,False
2020,5,70th Anniversary Grand Prix,Silverstone,Q,2020-08-09,55,SAI,sainz,McLaren,mclaren,Carlos,Sainz,https://www.formula1.com/content/dam/fom-website/drivers/C/CARSAI01_Carlos_Sainz/carsai01.png.transform/1col/image.png,13.0,,,0 days 00:01:27.450000,0 days 00:01:27.083000,,,,,,26.2,41.8,53.4,3.6,False
2020,5,70th Anniversary Grand Prix,Silverstone,Q,2020-08-09,8,GRO,grosjean,Haas F1 Team,haas,Romain,Grosjean,https://www.formula1.com/content/dam/fom-website/drivers/R/ROMGRO01_Romain_Grosjean/romgro01.png.transform/1col/image.png,14.0,,,0 days 00:01:27.519000,0 days 00:01:27.254000,,,,,,26.2,41.8,53.4,3.6,False
2020,5,70th Anniversary Grand Prix,Silverstone,Q,2020-08-09,63,RUS,russell,Williams,williams,George,Russell,https://www.formula1.com/content/dam/fom-website/drivers/G/GEORUS01_George_Russell/georus01.png.transform/1col/image.png,15.0,,,0 days 00:01:27.757000,0 days 00:01:27.455000,,,,,,26.2,41.8,53.4,3.6,False
2020,5,70th Anniversary Grand Prix,Silverstone,Q,2020-08-09,26,KVY,kvyat,AlphaTauri,alphatauri,Daniil,Kvyat,https://www.formula1.com/content/dam/fom-website/drivers/D/DANKVY01_Daniil_Kvyat/dankvy01.png.transform/1col/image.png,16.0,,,0 days 00:01:27.882000,,,,,,,26.2,41.8,53.4,3.6,False
2020,5,70th Anniversary Grand Prix,Silverstone,Q,2020-08-09,20,MAG,kevin_magnussen,Haas F1 Team,haas,Kevin,Magnussen,https://www.formula1.com/content/dam/fom-website/drivers/K/KEVMAG01_Kevin_Magnussen/kevmag01.png.transform/1col/image.png,17.0,,,0 days 00:01:28.236000,,,,,,,26.2,41.8,53.4,3.6,False
2020,5,70th Anniversary Grand Prix,Silverstone,Q,2020-08-09,6,LAT,latifi,Williams,williams,Nicholas,Latifi,https://www.formula1.com/content/dam/fom-website/drivers/N/NICLAF01_Nicholas_Latifi/niclaf01.png.transform/1col/image.png,18.0,,,0 days 00:01:28.430000,,,,,,,26.2,41.8,53.4,3.6,False
2020,5,70th Anniversary Grand Prix,Silverstone,Q,2020-08-09,99,GIO,giovinazzi,Alfa Romeo Racing,alfa,Antonio,Giovinazzi,https://www.formula1.com/content/dam/fom-website/drivers/A/ANTGIO01_Antonio_Giovinazzi/antgio01.png.transform/1col/image.png,19.0,,,0 days 00:01:28.433000,,,,,,,26.2,41.8,53.4,3.6,False
2020,5,70th Anniversary Grand Prix,Silverstone,Q,2020-08-09,7,RAI,raikkonen,Alfa Romeo Racing,alfa,Kimi,Räikkönen,https://www.formula1.com/content/dam/fom-website/drivers/K/KIMRAI01_Kimi_R%C3%A4ikk%C3%B6nen/kimrai01.png.transform/1col/image.png,20.0,,,0 days 00:01:28.493000,,,,,,,26.2,41.8,53.4,3.6,False
2020,6,Spanish Grand Prix,Barcelona,Q,2020-08-16,44,HAM,hamilton,Mercedes,mercedes,Lewis,Hamilton,https://www.formula1.com/content/dam/fom-website/drivers/L/LEWHAM01_Lewis_Hamilton/lewham01.png.transform/1col/image.png,1.0,,,0 days 00:01:16.872000,0 days 00:01:16.013000,0 days 00:01:15.584000,,,,,30.8,49.0,55.7,2.0,False
2020,6,Spanish Grand Prix,Barcelona,Q,2020-08-16,77,BOT,bottas,Mercedes,mercedes,Valtteri,Bottas,https://www.formula1.com/content/dam/fom-website/drivers/V/VALBOT01_Valtteri_Bottas/valbot01.png.transform/1col/image.png,2.0,,,0 days 00:01:17.243000,0 days 00:01:16.152000,0 days 00:01:15.643000,,,,,30.8,49.0,55.7,2.0,False
2020,6,Spanish Grand Prix,Barcelona,Q,2020-08-16,33,VER,max_verstappen,Red Bull Racing,red_bull,Max,Verstappen,https://www.formula1.com/content/dam/fom-website/drivers/M/MAXVER01_Max_Verstappen/maxver01.png.transform/1col/image.png,3.0,,,0 days 00:01:17.213000,0 days 00:01:16.518000,0 days 00:01:16.292000,,,,,30.8,49.0,55.7,2.0,False
2020,6,Spanish Grand Prix,Barcelona,Q,2020-08-16,11,PER,perez,Racing Point,racing_point,Sergio,Perez,https://www.formula1.com/content/dam/fom-website/drivers/S/SERPER01_Sergio_Perez/serper01.png.transform/1col/image.png,4.0,,,0 days 00:01:17.117000,0 days 00:01:16.936000,0 days 00:01:16.482000,,,,,30.8,49.0,55.7,2.0,False
2020,6,Spanish Grand Prix,Barcelona,Q,2020-08-16,18,STR,stroll,Racing Point,racing_point,Lance,Stroll,https://www.formula1.com/content/dam/fom-website/drivers/L/LANSTR01_Lance_Stroll/lanstr01.png.transform/1col/image.png,5.0,,,0 days 00:01:17.316000,0 days 00:01:16.666000,0 days 00:01:16.589000,,,,,30.8,49.0,55.7,2.0,False
2020,6,Spanish Grand Prix,Barcelona,Q,2020-08-16,23,ALB,albon,Red Bull Racing,red_bull,Alexander,Albon,https://www.formula1.com/content/dam/fom-website/drivers/A/ALEALB01_Alexander_Albon/alealb01.png.transform/1col/image.png,6.0,,,0 days 00:01:17.419000,0 days 00:01:17.163000,0 days 00:01:17.029000,,,,,30.8,49.0,55.7,2.0,False
2020,6,Spanish Grand Prix,Barcelona,Q,2020-08-16,55,SAI,sainz,McLaren,mclaren,Carlos,Sainz,https://www.formula1.com/content/dam/fom-website/drivers/C/CARSAI01_Carlos_Sainz/carsai01.png.transform/1col/image.png,7.0,,,0 days 00:01:17.438000,0 days 00:01:16.876000,0 days 00:01:17.044000,,,,,30.8,49.0,55.7,2.0,False
2020,6,Spanish Grand Prix,Barcelona,Q,2020-08-16,4,NOR,norris,McLaren,mclaren,Lando,Norris,https://www.formula1.com/content/dam/fom-website/drivers/L/LANNOR01_Lando_Norris/lannor01.png.transform/1col/image.png,8.0,,,0 days 00:01:17.577000,0 days 00:01:17.166000,0 days 00:01:17.084000,,,,,30.8,49.0,55.7,2.0,False
2020,6,Spanish Grand Prix,Barcelona,Q,2020-08-16,16,LEC,leclerc,Ferrari,ferrari,Charles,Leclerc,https://www.formula1.com/content/dam/fom-website/drivers/C/CHALEC01_Charles_Leclerc/chalec01.png.transform/1col/image.png,9.0,,,0 days 00:01:17.256000,0 days 00:01:16.953000,0 days 00:01:17.087000,,,,,30.8,49.0,55.7,2.0,False
2020,6,Spanish Grand Prix,Barcelona,Q,2020-08-16,10,GAS,gasly,AlphaTauri,alphatauri,Pierre,Gasly,https://www.formula1.com/content/dam/fom-website/drivers/P/PIEGAS01_Pierre_Gasly/piegas01.png.transform/1col/image.png,10.0,,,0 days 00:01:17.356000,0 days 00:01:16.800000,0 days 00:01:17.136000,,,,,30.8,49.0,55.7,2.0,False
2020,6,Spanish Grand Prix,Barcelona,Q,2020-08-16,5,VET,vettel,Ferrari,ferrari,Sebastian,Vettel,https://www.formula1.com/content/dam/fom-website/drivers/S/SEBVET01_Sebastian_Vettel/sebvet01.png.transform/1col/image.png,11.0,,,0 days 00:01:17.573000,0 days 00:01:17.168000,,,,,,30.8,49.0,55.7,2.0,False
2020,6,Spanish Grand Prix,Barcelona,Q,2020-08-16,26,KVY,kvyat,AlphaTauri,alphatauri,Daniil,Kvyat,https://www.formula1.com/content/dam/fom-website/drivers/D/DANKVY01_Daniil_Kvyat/dankvy01.png.transform/1col/image.png,12.0,,,0 days 00:01:17.676000,0 days 00:01:17.192000,,,,,,30.8,49.0,55.7,2.0,False
2020,6,Spanish Grand Prix,Barcelona,Q,2020-08-16,3,RIC,ricciardo,Renault,renault,Daniel,Ricciardo,https://www.formula1.com/content/dam/fom-website/drivers/D/DANRIC01_Daniel_Ricciardo/danric01.png.transform/1col/image.png,13.0,,,0 days 00:01:17.667000,0 days 00:01:17.198000,,,,,,30.8,49.0,55.7,2.0,False
2020,6,Spanish Grand Prix,Barcelona,Q,2020-08-16,7,RAI,raikkonen,Alfa Romeo Racing,alfa,Kimi,Räikkönen,https://www.formula1.com/content/dam/fom-website/drivers/K/KIMRAI01_Kimi_R%C3%A4ikk%C3%B6nen/kimrai01.png.transform/1col/image.png,14.0,,,0 days 00:01:17.797000,0 days 00:01:17.386000,,,,,,30.8,49.0,55.7,2.0,False
2020,6,Spanish Grand Prix,Barcelona,Q,2020-08-16,31,OCO,ocon,Renault,renault,Esteban,Ocon,https://www.formula1.com/content/dam/fom-website/drivers/E/ESTOCO01_Esteban_Ocon/estoco01.png.transform/1col/image.png,15.0,,,0 days 00:01:17.765000,0 days 00:01:17.567000,,,,,,30.8,49.0,55.7,2.0,False
2020,6,Spanish Grand Prix,Barcelona,Q,2020-08-16,20,MAG,kevin_magnussen,Haas F1 Team,haas,Kevin,Magnussen,https://www.formula1.com/content/dam/fom-website/drivers/K/KEVMAG01_Kevin_Magnussen/kevmag01.png.transform/1col/image.png,16.0,,,0 days 00:01:17.908000,,,,,,,30.8,49.0,55.7,2.0,False
2020,6,Spanish Grand Prix,Barcelona,Q,2020-08-16,8,GRO,grosjean,Haas F1 Team,haas,Romain,Grosjean,https://www.formula1.com/content/dam/fom-website/drivers/R/ROMGRO01_Romain_Grosjean/romgro01.png.transform/1col/image.png,17.0,,,0 days 00:01:18.089000,,,,,,,30.8,49.0,55.7,2.0,False
2020,6,Spanish Grand Prix,Barcelona,Q,2020-08-16,63,RUS,russell,Williams,williams,George,Russell,https://www.formula1.com/content/dam/fom-website/drivers/G/GEORUS01_George_Russell/georus01.png.transform/1col/image.png,18.0,,,0 days 00:01:18.099000,,,,,,,30.8,49.0,55.7,2.0,False
2020,6,Spanish Grand Prix,Barcelona,Q,2020-08-16,6,LAT,latifi,Williams,williams,Nicholas,Latifi,https://www.formula1.com/content/dam/fom-website/drivers/N/NICLAF01_Nicholas_Latifi/niclaf01.png.transform/1col/image.png,19.0,,,0 days 00:01:18.532000,,,,,,,30.8,49.0,55.7,2.0,False
2020,6,Spanish Grand Prix,Barcelona,Q,2020-08-16,99,GIO,giovinazzi,Alfa Romeo Racing,alfa,Antonio,Giovinazzi,https://www.formula1.com/content/dam/fom-website/drivers/A/ANTGIO01_Antonio_Giovinazzi/antgio01.png.transform/1col/image.png,20.0,,,0 days 00:01:18.697000,,,,,,,30.8,49.0,55.7,2.0,False
2020,7,Belgian Grand Prix,Spa-Francorchamps,Q,2020-08-30,44,HAM,hamilton,Mercedes,mercedes,Lewis,Hamilton,https://www.formula1.com/content/dam/fom-website/drivers/L/LEWHAM01_Lewis_Hamilton/lewham01.png.transform/1col/image.png,1.0,,,0 days 00:01:42.323000,0 days 00:01:42.014000,0 days 00:01:41.252000,,,,,16.4,24.6,62.8,1.2,False
2020,7,Belgian Grand Prix,Spa-Francorchamps,Q,2020-08-30,77,BOT,bottas,Mercedes,mercedes,Valtteri,Bottas,https://www.formula1.com/content/dam/fom-website/drivers/V/VALBOT01_Valtteri_Bottas/valbot01.png.transform/1col/image.png,2.0,,,0 days 00:01:42.534000,0 days 00:01:42.126000,0 days 00:01:41.763000,,,,,16.4,24.6,62.8,1.2,False
2020,7,Belgian Grand Prix,Spa-Francorchamps,Q,2020-08-30,33,VER,max_verstappen,Red Bull Racing,red_bull,Max,Verstappen,https://www.formula1.com/content/dam/fom-website/drivers/M/MAXVER01_Max_Verstappen/maxver01.png.transform/1col/image.png,3.0,,,0 days 00:01:43.197000,0 days 00:01:42.473000,0 days 00:01:41.778000,,,,,16.4,24.6,62.8,1.2,False
2020,7,Belgian Grand Prix,Spa-Francorchamps,Q,2020-08-30,3,RIC,ricciardo,Renault,renault,Daniel,Ricciardo,https://www.formula1.com/content/dam/fom-website/drivers/D/DANRIC01_Daniel_Ricciardo/danric01.png.transform/1col/image.png,4.0,,,0 days 00:01:43.309000,0 days 00:01:42.487000,0 days 00:01:42.061000,,,,,16.4,24.6,62.8,1.2,False
2020,7,Belgian Grand Prix,Spa-Francorchamps,Q,2020-08-30,23,ALB,albon,Red Bull Racing,red_bull,Alexander,Albon,https://www.formula1.com/content/dam/fom-website/drivers/A/ALEALB01_Alexander_Albon/alealb01.png.transform/1col/image.png,5.0,,,0 days 00:01:43.418000,0 days 00:01:42.193000,0 days 00:01:42.264000,,,,,16.4,24.6,62.8,1.2,False
2020,7,Belgian Grand Prix,Spa-Francorchamps,Q,2020-08-30,31,OCO,ocon,Renault,renault,Esteban,Ocon,https://www.formula1.com/content/dam/fom-website/drivers/E/ESTOCO01_Esteban_Ocon/estoco01.png.transform/1col/image.png,6.0,,,0 days 00:01:43.505000,0 days 00:01:42.534000,0 days 00:01:42.396000,,,,,16.4,24.6,62.8,1.2,False
2020,7,Belgian Grand Prix,Spa-Francorchamps,Q,2020-08-30,55,SAI,sainz,McLaren,mclaren,Carlos,Sainz,https://www.formula1.com/content/dam/fom-website/drivers/C/CARSAI01_Carlos_Sainz/carsai01.png.transform/1col/image.png,7.0,,,0 days 00:01:43.322000,0 days 00:01:42.478000,0 days 00:01:42.438000,,,,,16.4,24.6,62.8,1.2,False
2020,7,Belgian Grand Prix,Spa-Francorchamps,Q,2020-08-30,11,PER,perez,Racing Point,racing_point,Sergio,Perez,https://www.formula1.com/content/dam/fom-website/drivers/S/SERPER01_Sergio_Perez/serper01.png.transform/1col/image.png,8.0,,,0 days 00:01:43.349000,0 days 00:01:42.670000,0 days 00:01:42.532000,,,,,16.4,24.6,62.8,1.2,False
2020,7,Belgian Grand Prix,Spa-Francorchamps,Q,2020-08-30,18,STR,stroll,Racing Point,racing_point,Lance,Stroll,https://www.formula1.com/content/dam/fom-website/drivers/L/LANSTR01_Lance_Stroll/lanstr01.png.transform/1col/image.png,9.0,,,0 days 00:01:43.265000,0 days 00:01:42.491000,0 days 00:01:42.603000,,,,,16.4,24.6,62.8,1.2,False
2020,7,Belgian Grand Prix,Spa-Francorchamps,Q,2020-08-30,4,NOR,norris,McLaren,mclaren,Lando,Norris,https://www.formula1.com/content/dam/fom-website/drivers/L/LANNOR01_Lando_Norris/lannor01.png.transform/1col/image.png,10.0,,,0 days 00:01:43.514000,0 days 00:01:42.722000,0 days 00:01:42.657000,,,,,16.4,24.6,62.8,1.2,False
2020,7,Belgian Grand Prix,Spa-Francorchamps,Q,2020-08-30,26,KVY,kvyat,AlphaTauri,alphatauri,Daniil,Kvyat,https://www.formula1.com/content/dam/fom-website/drivers/D/DANKVY01_Daniil_Kvyat/dankvy01.png.transform/1col/image.png,11.0,,,0 days 00:01:43.267000,0 days 00:01:42.730000,,,,,,16.4,24.6,62.8,1.2,False
2020,7,Belgian Grand Prix,Spa-Francorchamps,Q,2020-08-30,10,GAS,gasly,AlphaTauri,alphatauri,Pierre,Gasly,https://www.formula1.com/content/dam/fom-website/drivers/P/PIEGAS01_Pierre_Gasly/piegas01.png.transform/1col/image.png,12.0,,,0 days 00:01:43.262000,0 days 00:01:42.745000,,,,,,16.4,24.6,62.8,1.2,False
2020,7,Belgian Grand Prix,Spa-Francorchamps,Q,2020-08-30,16,LEC,leclerc,Ferrari,ferrari,Charles,Leclerc,https://www.formula1.com/content/dam/fom-website/drivers/C/CHALEC01_Charles_Leclerc/chalec01.png.transform/1col/image.png,13.0,,,0 days 00:01:43.656000,0 days 00:01:42.996000,,,,,,16.4,24.6,62.8,1.2,False
2020,7,Belgian Grand Prix,Spa-Francorchamps,Q,2020-08-30,5,VET,vettel,Ferrari,ferrari,Sebastian,Vettel,https://www.formula1.com/content/dam/fom-website/drivers/S/SEBVET01_Sebastian_Vettel/sebvet01.png.transform/1col/image.png,14.0,,,0 days 00:01:43.567000,0 days 00:01:43.261000,,,,,,16.4,24.6,62.8,1.2,False
2020,7,Belgian Grand Prix,Spa-Francorchamps,Q,2020-08-30,63,RUS,russell,Williams,williams,George,Russell,https://www.formula1.com/content/dam/fom-website/drivers/G/GEORUS01_George_Russell/georus01.png.transform/1col/image.png,15.0,,,0 days 00:01:43.630000,0 days 00:01:43.468000,,,,,,16.4,24.6,62.8,1.2,False
2020,7,Belgian Grand Prix,Spa-Francorchamps,Q,2020-08-30,7,RAI,raikkonen,Alfa Romeo Racing,alfa,Kimi,Räikkönen,https://www.formula1.com/content/dam/fom-website/drivers/K/KIMRAI01_Kimi_R%C3%A4ikk%C3%B6nen/kimrai01.png.transform/1col/image.png,16.0,,,0 days 00:01:43.743000,,,,,,,16.4,24.6,62.8,1.2,False
2020,7,Belgian Grand Prix,Spa-Francorchamps,Q,2020-08-30,8,GRO,grosjean,Haas F1 Team,haas,Romain,Grosjean,https://www.formula1.com/content/dam/fom-website/drivers/R/ROMGRO01_Romain_Grosjean/romgro01.png.transform/1col/image.png,17.0,,,0 days 00:01:43.838000,,,,,,,16.4,24.6,62.8,1.2,False
2020,7,Belgian Grand Prix,Spa-Francorchamps,Q,2020-08-30,99,GIO,giovinazzi,Alfa Romeo Racing,alfa,Antonio,Giovinazzi,https://www.formula1.com/content/dam/fom-website/drivers/A/ANTGIO01_Antonio_Giovinazzi/antgio01.png.transform/1col/image.png,18.0,,,0 days 00:01:43.950000,,,,,,,16.4,24.6,62.8,1.2,False
2020,7,Belgian Grand Prix,Spa-Francorchamps,Q,2020-08-30,6,LAT,latifi,Williams,williams,Nicholas,Latifi,https://www.formula1.com/content/dam/fom-website/drivers/N/NICLAF01_Nicholas_Latifi/niclaf01.png.transform/1col/image.png,19.0,,,0 days 00:01:44.138000,,,,,,,16.4,24.6,62.8,1.2,False
2020,7,Belgian Grand Prix,Spa-Francorchamps,Q,2020-08-30,20,MAG,kevin_magnussen,Haas F1 Team,haas,Kevin,Magnussen,https://www.formula1.com/content/dam/fom-website/drivers/K/KEVMAG01_Kevin_Magnussen/kevmag01.png.transform/1col/image.png,20.0,,,0 days 00:01:44.314000,,,,,,,16.4,24.6,62.8,1.2,False
2020,8,Italian Grand Prix,Monza,Q,2020-09-06,44,HAM,hamilton,Mercedes,mercedes,Lewis,Hamilton,https://www.formula1.com/content/dam/fom-website/drivers/L/LEWHAM01_Lewis_Hamilton/lewham01.png.transform/1col/image.png,1.0,,,0 days 00:01:19.514000,0 days 00:01:19.092000,0 days 00:01:18.887000,,,,,29.2,45.3,43.6,1.4,False
2020,8,Italian Grand Prix,Monza,Q,2020-09-06,77,BOT,bottas,Mercedes,mercedes,Valtteri,Bottas,https://www.formula1.com/content/dam/fom-website/drivers/V/VALBOT01_Valtteri_Bottas/valbot01.png.transform/1col/image.png,2.0,,,0 days 00:01:19.786000,0 days 00:01:18.952000,0 days 00:01:18.956000,,,,,29.2,45.3,43.6,1.4,False
2020,8,Italian Grand Prix,Monza,Q,2020-09-06,55,SAI,sainz,McLaren,mclaren,Carlos,Sainz,https://www.formula1.com/content/dam/fom-website/drivers/C/CARSAI01_Carlos_Sainz/carsai01.png.transform/1col/image.png,3.0,,,0 days 00:01:20.099000,0 days 00:01:19.705000,0 days 00:01:19.695000,,,,,29.2,45.3,43.6,1.4,False
2020,8,Italian Grand Prix,Monza,Q,2020-09-06,11,PER,perez,Racing Point,racing_point,Sergio,Perez,https://www.formula1.com/content/dam/fom-website/drivers/S/SERPER01_Sergio_Perez/serper01.png.transform/1col/image.png,4.0,,,0 days 00:01:20.048000,0 days 00:01:19.718000,0 days 00:01:19.720000,,,,,29.2,45.3,43.6,1.4,False
2020,8,Italian Grand Prix,Monza,Q,2020-09-06,33,VER,max_verstappen,Red Bull Racing,red_bull,Max,Verstappen,https://www.formula1.com/content/dam/fom-website/drivers/M/MAXVER01_Max_Verstappen/maxver01.png.transform/1col/image.png,5.0,,,0 days 00:01:20.193000,0 days 00:01:19.780000,0 days 00:01:19.795000,,,,,29.2,45.3,43.6,1.4,False
2020,8,Italian Grand Prix,Monza,Q,2020-09-06,4,NOR,norris,McLaren,mclaren,Lando,Norris,https://www.formula1.com/content/dam/fom-website/drivers/L/LANNOR01_Lando_Norris/lannor01.png.transform/1col/image.png,6.0,,,0 days 00:01:20.344000,0 days 00:01:19.962000,0 days 00:01:19.820000,,,,,29.2,45.3,43.6,1.4,False
2020,8,Italian Grand Prix,Monza,Q,2020-09-06,3,RIC,ricciardo,Renault,renault,Daniel,Ricciardo,https://www.formula1.com/content/dam/fom-website/drivers/D/DANRIC01_Daniel_Ricciardo/danric01.png.transform/1col/image.png,7.0,,,0 days 00:01:20.548000,0 days 00:01:20.031000,0 days 00:01:19.864000,,,,,29.2,45.3,43.6,1.4,False
2020,8,Italian Grand Prix,Monza,Q,2020-09-06,18,STR,stroll,Racing Point,racing_point,Lance,Stroll,https://www.formula1.com/content/dam/fom-website/drivers/L/LANSTR01_Lance_Stroll/lanstr01.png.transform/1col/image.png,8.0,,,0 days 00:01:20.400000,0 days 00:01:19.924000,0 days 00:01:20.049000,,,,,29.2,45.3,43.6,1.4,False
2020,8,Italian Grand Prix,Monza,Q,2020-09-06,23,ALB,albon,Red Bull Racing,red_bull,Alexander,Albon,https://www.formula1.com/content/dam/fom-website/drivers/A/ALEALB01_Alexander_Albon/alealb01.png.transform/1col/image.png,9.0,,,0 days 00:01:21.104000,0 days 00:01:20.064000,0 days 00:01:20.090000,,,,,29.2,45.3,43.6,1.4,False
2020,8,Italian Grand Prix,Monza,Q,2020-09-06,10,GAS,gasly,AlphaTauri,alphatauri,Pierre,Gasly,https://www.formula1.com/content/dam/fom-website/drivers/P/PIEGAS01_Pierre_Gasly/piegas01.png.transform/1col/image.png,10.0,,,0 days 00:01:20.145000,0 days 00:01:19.909000,0 days 00:01:20.177000,,,,,29.2,45.3,43.6,1.4,False
2020,8,Italian Grand Prix,Monza,Q,2020-09-06,26,KVY,kvyat,AlphaTauri,alphatauri,Daniil,Kvyat,https://www.formula1.com/content/dam/fom-website/drivers/D/DANKVY01_Daniil_Kvyat/dankvy01.png.transform/1col/image.png,11.0,,,0 days 00:01:20.307000,0 days 00:01:20.169000,,,,,,29.2,45.3,43.6,1.4,False
2020,8,Italian Grand Prix,Monza,Q,2020-09-06,31,OCO,ocon,Renault,renault,Esteban,Ocon,https://www.formula1.com/content/dam/fom-website/drivers/E/ESTOCO01_Esteban_Ocon/estoco01.png.transform/1col/image.png,12.0,,,0 days 00:01:20.747000,0 days 00:01:20.234000,,,,,,29.2,45.3,43.6,1.4,False
2020,8,Italian Grand Prix,Monza,Q,2020-09-06,16,LEC,leclerc,Ferrari,ferrari,Charles,Leclerc,https://www.formula1.com/content/dam/fom-website/drivers/C/CHALEC01_Charles_Leclerc/chalec01.png.transform/1col/image.png,13.0,,,0 days 00:01:20.443000,0 days 00:01:20.273000,,,,,,29.2,45.3,43.6,1.4,False
2020,8,Italian Grand Prix,Monza,Q,2020-09-06,7,RAI,raikkonen,Alfa Romeo Racing,alfa,Kimi,Räikkönen,https://www.formula1.com/content/dam/fom-website/drivers/K/KIMRAI01_Kimi_R%C3%A4ikk%C3%B6nen/kimrai01.png.transform/1col/image.png,14.0,,,0 days 00:01:21.010000,0 days 00:01:20.926000,,,,,,29.2,45.3,43.6,1.4,False
2020,8,Italian Grand Prix,Monza,Q,2020-09-06,20,MAG,kevin_magnussen,Haas F1 Team,haas,Kevin,Magnussen,https://www.formula1.com/content/dam/fom-website/drivers/K/KEVMAG01_Kevin_Magnussen/kevmag01.png.transform/1col/image.png,15.0,,,0 days 00:01:20.869000,0 days 00:01:21.573000,,,,,,29.2,45.3,43.6,1.4,False
2020,8,Italian Grand Prix,Monza,Q,2020-09-06,8,GRO,grosjean,Haas F1 Team,haas,Romain,Grosjean,https://www.formula1.com/content/dam/fom-website/drivers/R/ROMGRO01_Romain_Grosjean/romgro01.png.transform/1col/image.png,16.0,,,0 days 00:01:21.139000,,,,,,,29.2,45.3,43.6,1.4,False
2020,8,Italian Grand Prix,Monza,Q,2020-09-06,5,VET,vettel,Ferrari,ferrari,Sebastian,Vettel,https://www.formula1.com/content/dam/fom-website/drivers/S/SEBVET01_Sebastian_Vettel/sebvet01.png.transform/1col/image.png,17.0,,,0 days 00:01:21.151000,,,,,,,29.2,45.3,43.6,1.4,False
2020,8,Italian Grand Prix,Monza,Q,2020-09-06,99,GIO,giovinazzi,Alfa Romeo Racing,alfa,Antonio,Giovinazzi,https://www.formula1.com/content/dam/fom-website/drivers/A/ANTGIO01_Antonio_Giovinazzi/antgio01.png.transform/1col/image.png,18.0,,,0 days 00:01:21.206000,,,,,,,29.2,45.3,43.6,1.4,False
2020,8,Italian Grand Prix,Monza,Q,2020-09-06,63,RUS,russell,Williams,williams,George,Russell,https://www.formula1.com/content/dam/fom-website/drivers/G/GEORUS01_George_Russell/georus01.png.transform/1col/image.png,19.0,,,0 days 00:01:21.587000,,,,,,,29.2,45.3,43.6,1.4,False
2020,8,Italian Grand Prix,Monza,Q,2020-09-06,6,LAT,latifi,Williams,williams,Nicholas,Latifi,https://www.formula1.com/content/dam/fom-website/drivers/N/NICLAF01_Nicholas_Latifi/niclaf01.png.transform/1col/image.png,20.0,,,0 days 00:01:21.717000,,,,,,,29.2,45.3,43.6,1.4,False
2020,9,Tuscan Grand Prix,Mugello,Q,2020-09-13,44,HAM,hamilton,Mercedes,mercedes,Lewis,Hamilton,https://www.formula1.com/content/dam/fom-website/drivers/L/LEWHAM01_Lewis_Hamilton/lewham01.png.transform/1col/image.png,1.0,,,0 days 00:01:15.778000,0 days 00:01:15.309000,0 days 00:01:15.144000,,,,,29.4,45.1,40.4,2.7,False
2020,9,Tuscan Grand Prix,Mugello,Q,2020-09-13,77,BOT,bottas,Mercedes,mercedes,Valtteri,Bottas,https://www.formula1.com/content/dam/fom-website/drivers/V/VALBOT01_Valtteri_Bottas/valbot01.png.transform/1col/image.png,2.0,,,0 days 00:01:15.749000,0 days 00:01:15.322000,0 days 00:01:15.203000,,,,,29.4,45.1,40.4,2.7,False
2020,9,Tuscan Grand Prix,Mugello,Q,2020-09-13,33,VER,max_verstappen,Red Bull Racing,red_bull,Max,Verstappen,https://www.formula1.com/content/dam/fom-website/drivers/M/MAXVER01_Max_Verstappen/maxver01.png.transform/1col/image.png,3.0,,,0 days 00:01:16.335000,0 days 00:01:15.471000,0 days 00:01:15.509000,,,,,29.4,45.1,40.4,2.7,False
2020,9,Tuscan Grand Prix,Mugello,Q,2020-09-13,23,ALB,albon,Red Bull Racing,red_bull,Alexander,Albon,https://www.formula1.com/content/dam/fom-website/drivers/A/ALEALB01_Alexander_Albon/alealb01.png.transform/1col/image.png,4.0,,,0 days 00:01:16.527000,0 days 00:01:15.914000,0 days 00:01:15.954000,,,,,29.4,45.1,40.4,2.7,False
2020,9,Tuscan Grand Prix,Mugello,Q,2020-09-13,16,LEC,leclerc,Ferrari,ferrari,Charles,Leclerc,https://www.formula1.com/content/dam/fom-website/drivers/C/CHALEC01_Charles_Leclerc/chalec01.png.transform/1col/image.png,5.0,,,0 days 00:01:16.698000,0 days 00:01:16.324000,0 days 00:01:16.270000,,,,,29.4,45.1,40.4,2.7,False
2020,9,Tuscan Grand Prix,Mugello,Q,2020-09-13,11,PER,perez,Racing Point,racing_point,Sergio,Perez,https://www.formula1.com/content/dam/fom-website/drivers/S/SERPER01_Sergio_Perez/serper01.png.transform/1col/image.png,6.0,,,0 days 00:01:16.596000,0 days 00:01:16.489000,0 days 00:01:16.311000,,,,,29.4,45.1,40.4,2.7,False
2020,9,Tuscan Grand Prix,Mugello,Q,2020-09-13,18,STR,stroll,Racing Point,racing_point,Lance,Stroll,https://www.formula1.com/content/dam/fom-website/drivers/L/LANSTR01_Lance_Stroll/lanstr01.png.transform/1col/image.png,7.0,,,0 days 00:01:16.701000,0 days 00:01:16.271000,0 days 00:01:16.356000,,,,,29.4,45.1,40.4,2.7,False
2020,9,Tuscan Grand Prix,Mugello,Q,2020-09-13,3,RIC,ricciardo,Renault,renault,Daniel,Ricciardo,https://www.formula1.com/content/dam/fom-website/drivers/D/DANRIC01_Daniel_Ricciardo/danric01.png.transform/1col/image.png,8.0,,,0 days 00:01:16.981000,0 days 00:01:16.243000,0 days 00:01:16.543000,,,,,29.4,45.1,40.4,2.7,False
2020,9,Tuscan Grand Prix,Mugello,Q,2020-09-13,55,SAI,sainz,McLaren,mclaren,Carlos,Sainz,https://www.formula1.com/content/dam/fom-website/drivers/C/CARSAI01_Carlos_Sainz/carsai01.png.transform/1col/image.png,9.0,,,0 days 00:01:16.993000,0 days 00:01:16.522000,0 days 00:01:17.870000,,,,,29.4,45.1,40.4,2.7,False
2020,9,Tuscan Grand Prix,Mugello,Q,2020-09-13,31,OCO,ocon,Renault,renault,Esteban,Ocon,https://www.formula1.com/content/dam/fom-website/drivers/E/ESTOCO01_Esteban_Ocon/estoco01.png.transform/1col/image.png,10.0,,,0 days 00:01:16.825000,0 days 00:01:16.297000,,,,,,29.4,45.1,40.4,2.7,False
2020,9,Tuscan Grand Prix,Mugello,Q,2020-09-13,4,NOR,norris,McLaren,mclaren,Lando,Norris,https://www.formula1.com/content/dam/fom-website/drivers/L/LANNOR01_Lando_Norris/lannor01.png.transform/1col/image.png,11.0,,,0 days 00:01:16.895000,0 days 00:01:16.640000,,,,,,29.4,45.1,40.4,2.7,False
2020,9,Tuscan Grand Prix,Mugello,Q,2020-09-13,26,KVY,kvyat,AlphaTauri,alphatauri,Daniil,Kvyat,https://www.formula1.com/content/dam/fom-website/drivers/D/DANKVY01_Daniil_Kvyat/dankvy01.png.transform/1col/image.png,12.0,,,0 days 00:01:16.928000,0 days 00:01:16.854000,,,,,,29.4,45.1,40.4,2.7,False
2020,9,Tuscan Grand Prix,Mugello,Q,2020-09-13,7,RAI,raikkonen,Alfa Romeo Racing,alfa,Kimi,Räikkönen,https://www.formula1.com/content/dam/fom-website/drivers/K/KIMRAI01_Kimi_R%C3%A4ikk%C3%B6nen/kimrai01.png.transform/1col/image.png,13.0,,,0 days 00:01:17.059000,0 days 00:01:16.854000,,,,,,29.4,45.1,40.4,2.7,False
2020,9,Tuscan Grand Prix,Mugello,Q,2020-09-13,5,VET,vettel,Ferrari,ferrari,Sebastian,Vettel,https://www.formula1.com/content/dam/fom-website/drivers/S/SEBVET01_Sebastian_Vettel/sebvet01.png.transform/1col/image.png,14.0,,,0 days 00:01:17.072000,0 days 00:01:16.858000,,,,,,29.4,45.1,40.4,2.7,False
2020,9,Tuscan Grand Prix,Mugello,Q,2020-09-13,8,GRO,grosjean,Haas F1 Team,haas,Romain,Grosjean,https://www.formula1.com/content/dam/fom-website/drivers/R/ROMGRO01_Romain_Grosjean/romgro01.png.transform/1col/image.png,15.0,,,0 days 00:01:17.069000,0 days 00:01:17.254000,,,,,,29.4,45.1,40.4,2.7,False
2020,9,Tuscan Grand Prix,Mugello,Q,2020-09-13,10,GAS,gasly,AlphaTauri,alphatauri,Pierre,Gasly,https://www.formula1.com/content/dam/fom-website/drivers/P/PIEGAS01_Pierre_Gasly/piegas01.png.transform/1col/image.png,16.0,,,0 days 00:01:17.125000,,,,,,,29.4,45.1,40.4,2.7,False
2020,9,Tuscan Grand Prix,Mugello,Q,2020-09-13,99,GIO,giovinazzi,Alfa Romeo Racing,alfa,Antonio,Giovinazzi,https://www.formula1.com/content/dam/fom-website/drivers/A/ANTGIO01_Antonio_Giovinazzi/antgio01.png.transform/1col/image.png,17.0,,,0 days 00:01:17.220000,,,,,,,29.4,45.1,40.4,2.7,False
2020,9,Tuscan Grand Prix,Mugello,Q,2020-09-13,63,RUS,russell,Williams,williams,George,Russell,https://www.formula1.com/content/dam/fom-website/drivers/G/GEORUS01_George_Russell/georus01.png.transform/1col/image.png,18.0,,,0 days 00:01:17.232000,,,,,,,29.4,45.1,40.4,2.7,False
2020,9,Tuscan Grand Prix,Mugello,Q,2020-09-13,6,LAT,latifi,Williams,williams,Nicholas,Latifi,https://www.formula1.com/content/dam/fom-website/drivers/N/NICLAF01_Nicholas_Latifi/niclaf01.png.transform/1col/image.png,19.0,,,0 days 00:01:17.320000,,,,,,,29.4,45.1,40.4,2.7,False
2020,9,Tuscan Grand Prix,Mugello,Q,2020-09-13,20,MAG,kevin_magnussen,Haas F1 Team,haas,Kevin,Magnussen,https://www.formula1.com/content/dam/fom-website/drivers/K/KEVMAG01_Kevin_Magnussen/kevmag01.png.transform/1col/image.png,20.0,,,0 days 00:01:17.348000,,,,,,,29.4,45.1,40.4,2.7,False
2020,10,Russian Grand Prix,Sochi,Q,2020-09-27,44,HAM,hamilton,Mercedes,mercedes,Lewis,Hamilton,https://www.formula1.com/content/dam/fom-website/drivers/L/LEWHAM01_Lewis_Hamilton/lewham01.png.transform/1col/image.png,1.0,,,0 days 00:01:32.983000,0 days 00:01:32.835000,0 days 00:01:31.304000,,,,,25.8,32.9,56.7,2.0,False
2020,10,Russian Grand Prix,Sochi,Q,2020-09-27,33,VER,max_verstappen,Red Bull Racing,red_bull,Max,Verstappen,https://www.formula1.com/content/dam/fom-website/drivers/M/MAXVER01_Max_Verstappen/maxver01.png.transform/1col/image.png,2.0,,,0 days 00:01:33.630000,0 days 00:01:33.157000,0 days 00:01:31.867000,,,,,25.8,32.9,56.7,2.0,False
2020,10,Russian Grand Prix,Sochi,Q,2020-09-27,77,BOT,bottas,Mercedes,mercedes,Valtteri,Bottas,https://www.formula1.com/content/dam/fom-website/drivers/V/VALBOT01_Valtteri_Bottas/valbot01.png.transform/1col/image.png,3.0,,,0 days 00:01:32.656000,0 days 00:01:32.405000,0 days 00:01:31.956000,,,,,25.8,32.9,56.7,2.0,False
2020,10,Russian Grand Prix,Sochi,Q,2020-09-27,11,PER,perez,Racing Point,racing_point,Sergio,Perez,https://www.formula1.com/content/dam/fom-website/drivers/S/SERPER01_Sergio_Perez/serper01.png.transform/1col/image.png,4.0,,,0 days 00:01:33.704000,0 days 00:01:33.038000,0 days 00:01:32.317000,,,,,25.8,32.9,56.7,2.0,False
2020,10,Russian Grand Prix,Sochi,Q,2020-09-27,3,RIC,ricciardo,Renault,renault,Daniel,Ricciardo,https://www.formula1.com/content/dam/fom-website/drivers/D/DANRIC01_Daniel_Ricciardo/danric01.png.transform/1col/image.png,5.0,,,0 days 00:01:33.650000,0 days 00:01:32.218000,0 days 00:01:32.364000,,,,,25.8,32.9,56.7,2.0,False
2020,10,Russian Grand Prix,Sochi,Q,2020-09-27,55,SAI,sainz,McLaren,mclaren,Carlos,Sainz,https://www.formula1.com/content/dam/fom-website/drivers/C/CARSAI01_Carlos_Sainz/carsai01.png.transform/1col/image.png,6.0,,,0 days 00:01:33.967000,0 days 00:01:32.757000,0 days 00:01:32.550000,,,,,25.8,32.9,56.7,2.0,False
2020,10,Russian Grand Prix,Sochi,Q,2020-09-27,31,OCO,ocon,Renault,renault,Esteban,Ocon,https://www.formula1.com/content/dam/fom-website/drivers/E/ESTOCO01_Esteban_Ocon/estoco01.png.transform/1col/image.png,7.0,,,0 days 00:01:33.557000,0 days 00:01:33.196000,0 days 00:01:32.624000,,,,,25.8,32.9,56.7,2.0,False
2020,10,Russian Grand Prix,Sochi,Q,2020-09-27,4,NOR,norris,McLaren,mclaren,Lando,Norris,https://www.formula1.com/content/dam/fom-website/drivers/L/LANNOR01_Lando_Norris/lannor01.png.transform/1col/image.png,8.0,,,0 days 00:01:33.804000,0 days 00:01:33.081000,0 days 00:01:32.847000,,,,,25.8,32.9,56.7,2.0,False
2020,10,Russian Grand Prix,Sochi,Q,2020-09-27,10,GAS,gasly,AlphaTauri,alphatauri,Pierre,Gasly,https://www.formula1.com/content/dam/fom-website/drivers/P/PIEGAS01_Pierre_Gasly/piegas01.png.transform/1col/image.png,9.0,,,0 days 00:01:33.734000,0 days 00:01:33.139000,0 days 00:01:33,,,,,25.8,32.9,56.7,2.0,False
2020,10,Russian Grand Prix,Sochi,Q,2020-09-27,23,ALB,albon,Red Bull Racing,red_bull,Alexander,Albon,https://www.formula1.com/content/dam/fom-website/drivers/A/ALEALB01_Alexander_Albon/alealb01.png.transform/1col/image.png,10.0,,,0 days 00:01:33.919000,0 days 00:01:33.153000,0 days 00:01:33.008000,,,,,25.8,32.9,56.7,2.0,False
2020,10,Russian Grand Prix,Sochi,Q,2020-09-27,16,LEC,leclerc,Ferrari,ferrari,Charles,Leclerc,https://www.formula1.com/content/dam/fom-website/drivers/C/CHALEC01_Charles_Leclerc/chalec01.png.transform/1col/image.png,11.0,,,0 days 00:01:34.071000,0 days 00:01:33.239000,,,,,,25.8,32.9,56.7,2.0,False
2020,10,Russian Grand Prix,Sochi,Q,2020-09-27,26,KVY,kvyat,AlphaTauri,alphatauri,Daniil,Kvyat,https://www.formula1.com/content/dam/fom-website/drivers/D/DANKVY01_Daniil_Kvyat/dankvy01.png.transform/1col/image.png,12.0,,,0 days 00:01:33.511000,0 days 00:01:33.249000,,,,,,25.8,32.9,56.7,2.0,False
2020,10,Russian Grand Prix,Sochi,Q,2020-09-27,18,STR,stroll,Racing Point,racing_point,Lance,Stroll,https://www.formula1.com/content/dam/fom-website/drivers/L/LANSTR01_Lance_Stroll/lanstr01.png.transform/1col/image.png,13.0,,,0 days 00:01:33.852000,0 days 00:01:33.364000,,,,,,25.8,32.9,56.7,2.0,False
2020,10,Russian Grand Prix,Sochi,Q,2020-09-27,63,RUS,russell,Williams,williams,George,Russell,https://www.formula1.com/content/dam/fom-website/drivers/G/GEORUS01_George_Russell/georus01.png.transform/1col/image.png,14.0,,,0 days 00:01:34.020000,0 days 00:01:33.583000,,,,,,25.8,32.9,56.7,2.0,False
2020,10,Russian Grand Prix,Sochi,Q,2020-09-27,5,VET,vettel,Ferrari,ferrari,Sebastian,Vettel,https://www.formula1.com/content/dam/fom-website/drivers/S/SEBVET01_Sebastian_Vettel/sebvet01.png.transform/1col/image.png,15.0,,,0 days 00:01:34.134000,0 days 00:01:33.609000,,,,,,25.8,32.9,56.7,2.0,False
2020,10,Russian Grand Prix,Sochi,Q,2020-09-27,8,GRO,grosjean,Haas F1 Team,haas,Romain,Grosjean,https://www.formula1.com/content/dam/fom-website/drivers/R/ROMGRO01_Romain_Grosjean/romgro01.png.transform/1col/image.png,16.0,,,0 days 00:01:34.592000,,,,,,,25.8,32.9,56.7,2.0,False
2020,10,Russian Grand Prix,Sochi,Q,2020-09-27,99,GIO,giovinazzi,Alfa Romeo Racing,alfa,Antonio,Giovinazzi,https://www.formula1.com/content/dam/fom-website/drivers/A/ANTGIO01_Antonio_Giovinazzi/antgio01.png.transform/1col/image.png,17.0,,,0 days 00:01:34.594000,,,,,,,25.8,32.9,56.7,2.0,False
2020,10,Russian Grand Prix,Sochi,Q,2020-09-27,20,MAG,kevin_magnussen,Haas F1 Team,haas,Kevin,Magnussen,https://www.formula1.com/content/dam/fom-website/drivers/K/KEVMAG01_Kevin_Magnussen/kevmag01.png.transform/1col/image.png,18.0,,,0 days 00:01:34.681000,,,,,,,25.8,32.9,56.7,2.0,False
2020,10,Russian Grand Prix,Sochi,Q,2020-09-27,6,LAT,latifi,Williams,williams,Nicholas,Latifi,https://www.formula1.com/content/dam/fom-website/drivers/N/NICLAF01_Nicholas_Latifi/niclaf01.png.transform/1col/image.png,19.0,,,0 days 00:01:35.066000,,,,,,,25.8,32.9,56.7,2.0,False
2020,10,Russian Grand Prix,Sochi,Q,2020-09-27,7,RAI,raikkonen,Alfa Romeo Racing,alfa,Kimi,Räikkönen,https://www.formula1.com/content/dam/fom-website/drivers/K/KIMRAI01_Kimi_R%C3%A4ikk%C3%B6nen/kimrai01.png.transform/1col/image.png,20.0,,,0 days 00:01:35.267000,,,,,,,25.8,32.9,56.7,2.0,False
2020,11,Eifel Grand Prix,Nürburgring,Q,2020-10-11,77,BOT,bottas,Mercedes,mercedes,Valtteri,Bottas,https://www.formula1.com/content/dam/fom-website/drivers/V/VALBOT01_Valtteri_Bottas/valbot01.png.transform/1col/image.png,1.0,,,0 days 00:01:26.573000,0 days 00:01:25.971000,0 days 00:01:25.269000,,,,,9.4,18.2,56.5,2.7,False
2020,11,Eifel Grand Prix,Nürburgring,Q,2020-10-11,44,HAM,hamilton,Mercedes,mercedes,Lewis,Hamilton,https://www.formula1.com/content/dam/fom-website/drivers/L/LEWHAM01_Lewis_Hamilton/lewham01.png.transform/1col/image.png,2.0,,,0 days 00:01:26.620000,0 days 00:01:25.390000,0 days 00:01:25.525000,,,,,9.4,18.2,56.5,2.7,False
2020,11,Eifel Grand Prix,Nürburgring,Q,2020-10-11,33,VER,max_verstappen,Red Bull Racing,red_bull,Max,Verstappen,https://www.formula1.com/content/dam/fom-website/drivers/M/MAXVER01_Max_Verstappen/maxver01.png.transform/1col/image.png,3.0,,,0 days 00:01:26.319000,0 days 00:01:25.467000,0 days 00:01:25.562000,,,,,9.4,18.2,56.5,2.7,False
2020,11,Eifel Grand Prix,Nürburgring,Q,2020-10-11,16,LEC,leclerc,Ferrari,ferrari,Charles,Leclerc,https://www.formula1.com/content/dam/fom-website/drivers/C/CHALEC01_Charles_Leclerc/chalec01.png.transform/1col/image.png,4.0,,,0 days 00:01:26.857000,0 days 00:01:26.240000,0 days 00:01:26.035000,,,,,9.4,18.2,56.5,2.7,False
2020,11,Eifel Grand Prix,Nürburgring,Q,2020-10-11,23,ALB,albon,Red Bull Racing,red_bull,Alexander,Albon,https://www.formula1.com/content/dam/fom-website/drivers/A/ALEALB01_Alexander_Albon/alealb01.png.transform/1col/image.png,5.0,,,0 days 00:01:27.126000,0 days 00:01:26.285000,0 days 00:01:26.047000,,,,,9.4,18.2,56.5,2.7,False
2020,11,Eifel Grand Prix,Nürburgring,Q,2020-10-11,3,RIC,ricciardo,Renault,renault,Daniel,Ricciardo,https://www.formula1.com/content/dam/fom-website/drivers/D/DANRIC01_Daniel_Ricciardo/danric01.png.transform/1col/image.png,6.0,,,0 days 00:01:26.836000,0 days 00:01:26.096000,0 days 00:01:26.223000,,,,,9.4,18.2,56.5,2.7,False
2020,11,Eifel Grand Prix,Nürburgring,Q,2020-10-11,31,OCO,ocon,Renault,renault,Esteban,Ocon,https://www.formula1.com/content/dam/fom-website/drivers/E/ESTOCO01_Esteban_Ocon/estoco01.png.transform/1col/image.png,7.0,,,0 days 00:01:27.086000,0 days 00:01:26.364000,0 days 00:01:26.242000,,,,,9.4,18.2,56.5,2.7,False
2020,11,Eifel Grand Prix,Nürburgring,Q,2020-10-11,4,NOR,norris,McLaren,mclaren,Lando,Norris,https://www.formula1.com/content/dam/fom-website/drivers/L/LANNOR01_Lando_Norris/lannor01.png.transform/1col/image.png,8.0,,,0 days 00:01:26.829000,0 days 00:01:26.316000,0 days 00:01:26.458000,,,,,9.4,18.2,56.5,2.7,False
2020,11,Eifel Grand Prix,Nürburgring,Q,2020-10-11,11,PER,perez,Racing Point,racing_point,Sergio,Perez,https://www.formula1.com/content/dam/fom-website/drivers/S/SERPER01_Sergio_Perez/serper01.png.transform/1col/image.png,9.0,,,0 days 00:01:27.120000,0 days 00:01:26.330000,0 days 00:01:26.704000,,,,,9.4,18.2,56.5,2.7,False
2020,11,Eifel Grand Prix,Nürburgring,Q,2020-10-11,55,SAI,sainz,McLaren,mclaren,Carlos,Sainz,https://www.formula1.com/content/dam/fom-website/drivers/C/CARSAI01_Carlos_Sainz/carsai01.png.transform/1col/image.png,10.0,,,0 days 00:01:27.378000,0 days 00:01:26.361000,0 days 00:01:26.709000,,,,,9.4,18.2,56.5,2.7,False
2020,11,Eifel Grand Prix,Nürburgring,Q,2020-10-11,5,VET,vettel,Ferrari,ferrari,Sebastian,Vettel,https://www.formula1.com/content/dam/fom-website/drivers/S/SEBVET01_Sebastian_Vettel/sebvet01.png.transform/1col/image.png,11.0,,,0 days 00:01:27.107000,0 days 00:01:26.738000,,,,,,9.4,18.2,56.5,2.7,False
2020,11,Eifel Grand Prix,Nürburgring,Q,2020-10-11,10,GAS,gasly,AlphaTauri,alphatauri,Pierre,Gasly,https://www.formula1.com/content/dam/fom-website/drivers/P/PIEGAS01_Pierre_Gasly/piegas01.png.transform/1col/image.png,12.0,,,0 days 00:01:27.072000,0 days 00:01:26.776000,,,,,,9.4,18.2,56.5,2.7,False
2020,11,Eifel Grand Prix,Nürburgring,Q,2020-10-11,26,KVY,kvyat,AlphaTauri,alphatauri,Daniil,Kvyat,https://www.formula1.com/content/dam/fom-website/drivers/D/DANKVY01_Daniil_Kvyat/dankvy01.png.transform/1col/image.png,13.0,,,0 days 00:01:27.285000,0 days 00:01:26.848000,,,,,,9.4,18.2,56.5,2.7,False
2020,11,Eifel Grand Prix,Nürburgring,Q,2020-10-11,99,GIO,giovinazzi,Alfa Romeo Racing,alfa,Antonio,Giovinazzi,https://www.formula1.com/content/dam/fom-website/drivers/A/ANTGIO01_Antonio_Giovinazzi/antgio01.png.transform/1col/image.png,14.0,,,0 days 00:01:27.532000,0 days 00:01:26.936000,,,,,,9.4,18.2,56.5,2.7,False
2020,11,Eifel Grand Prix,Nürburgring,Q,2020-10-11,20,MAG,kevin_magnussen,Haas F1 Team,haas,Kevin,Magnussen,https://www.formula1.com/content/dam/fom-website/drivers/K/KEVMAG01_Kevin_Magnussen/kevmag01.png.transform/1col/image.png,15.0,,,0 days 00:01:27.231000,0 days 00:01:27.125000,,,,,,9.4,18.2,56.5,2.7,False
2020,11,Eifel Grand Prix,Nürburgring,Q,2020-10-11,8,GRO,grosjean,Haas F1 Team,haas,Romain,Grosjean,https://www.formula1.com/content/dam/fom-website/drivers/R/ROMGRO01_Romain_Grosjean/romgro01.png.transform/1col/image.png,16.0,,,0 days 00:01:27.552000,,,,,,,9.4,18.2,56.5,2.7,False
2020,11,Eifel Grand Prix,Nürburgring,Q,2020-10-11,63,RUS,russell,Williams,williams,George,Russell,https://www.formula1.com/content/dam/fom-website/drivers/G/GEORUS01_George_Russell/georus01.png.transform/1col/image.png,17.0,,,0 days 00:01:27.564000,,,,,,,9.4,18.2,56.5,2.7,False
2020,11,Eifel Grand Prix,Nürburgring,Q,2020-10-11,6,LAT,latifi,Williams,williams,Nicholas,Latifi,https://www.formula1.com/content/dam/fom-website/drivers/N/NICLAF01_Nicholas_Latifi/niclaf01.png.transform/1col/image.png,18.0,,,0 days 00:01:27.812000,,,,,,,9.4,18.2,56.5,2.7,False
2020,11,Eifel Grand Prix,Nürburgring,Q,2020-10-11,7,RAI,raikkonen,Alfa Romeo Racing,alfa,Kimi,Räikkönen,https://www.formula1.com/content/dam/fom-website/drivers/K/KIMRAI01_Kimi_R%C3%A4ikk%C3%B6nen/kimrai01.png.transform/1col/image.png,19.0,,,0 days 00:01:27.817000,,,,,,,9.4,18.2,56.5,2.7,False
2020,11,Eifel Grand Prix,Nürburgring,Q,2020-10-11,27,HUL,hulkenberg,Racing Point,racing_point,Nico,Hulkenberg,None,20.0,,,0 days 00:01:28.021000,,,,,,,9.4,18.2,56.5,2.7,False
2020,12,Portuguese Grand Prix,Portimão,Q,2020-10-25,44,HAM,hamilton,Mercedes,mercedes,Lewis,Hamilton,https://www.formula1.com/content/dam/fom-website/drivers/L/LEWHAM01_Lewis_Hamilton/lewham01.png.transform/1col/image.png,1.0,,,0 days 00:01:16.828000,0 days 00:01:16.824000,0 days 00:01:16.652000,,,,,21.3,35.4,48.8,1.4,False
2020,12,Portuguese Grand Prix,Portimão,Q,2020-10-25,77,BOT,bottas,Mercedes,mercedes,Valtteri,Bottas,https://www.formula1.com/content/dam/fom-website/drivers/V/VALBOT01_Valtteri_Bottas/valbot01.png.transform/1col/image.png,2.0,,,0 days 00:01:16.945000,0 days 00:01:16.466000,0 days 00:01:16.754000,,,,,21.3,35.4,48.8,1.4,False
2020,12,Portuguese Grand Prix,Portimão,Q,2020-10-25,33,VER,max_verstappen,Red Bull Racing,red_bull,Max,Verstappen,https://www.formula1.com/content/dam/fom-website/drivers/M/MAXVER01_Max_Verstappen/maxver01.png.transform/1col/image.png,3.0,,,0 days 00:01:16.879000,0 days 00:01:17.038000,0 days 00:01:16.904000,,,,,21.3,35.4,48.8,1.4,False
2020,12,Portuguese Grand Prix,Portimão,Q,2020-10-25,16,LEC,leclerc,Ferrari,ferrari,Charles,Leclerc,https://www.formula1.com/content/dam/fom-website/drivers/C/CHALEC01_Charles_Leclerc/chalec01.png.transform/1col/image.png,4.0,,,0 days 00:01:17.421000,0 days 00:01:17.367000,0 days 00:01:17.090000,,,,,21.3,35.4,48.8,1.4,False
2020,12,Portuguese Grand Prix,Portimão,Q,2020-10-25,11,PER,perez,Racing Point,racing_point,Sergio,Perez,https://www.formula1.com/content/dam/fom-website/drivers/S/SERPER01_Sergio_Perez/serper01.png.transform/1col/image.png,5.0,,,0 days 00:01:17.370000,0 days 00:01:17.129000,0 days 00:01:17.223000,,,,,21.3,35.4,48.8,1.4,False
2020,12,Portuguese Grand Prix,Portimão,Q,2020-10-25,23,ALB,albon,Red Bull Racing,red_bull,Alexander,Albon,https://www.formula1.com/content/dam/fom-website/drivers/A/ALEALB01_Alexander_Albon/alealb01.png.transform/1col/image.png,6.0,,,0 days 00:01:17.435000,0 days 00:01:17.411000,0 days 00:01:17.437000,,,,,21.3,35.4,48.8,1.4,False
2020,12,Portuguese Grand Prix,Portimão,Q,2020-10-25,55,SAI,sainz,McLaren,mclaren,Carlos,Sainz,https://www.formula1.com/content/dam/fom-website/drivers/C/CARSAI01_Carlos_Sainz/carsai01.png.transform/1col/image.png,7.0,,,0 days 00:01:17.627000,0 days 00:01:17.183000,0 days 00:01:17.520000,,,,,21.3,35.4,48.8,1.4,False
2020,12,Portuguese Grand Prix,Portimão,Q,2020-10-25,4,NOR,norris,McLaren,mclaren,Lando,Norris,https://www.formula1.com/content/dam/fom-website/drivers/L/LANNOR01_Lando_Norris/lannor01.png.transform/1col/image.png,8.0,,,0 days 00:01:17.547000,0 days 00:01:17.321000,0 days 00:01:17.525000,,,,,21.3,35.4,48.8,1.4,False
2020,12,Portuguese Grand Prix,Portimão,Q,2020-10-25,10,GAS,gasly,AlphaTauri,alphatauri,Pierre,Gasly,https://www.formula1.com/content/dam/fom-website/drivers/P/PIEGAS01_Pierre_Gasly/piegas01.png.transform/1col/image.png,9.0,,,0 days 00:01:17.209000,0 days 00:01:17.367000,0 days 00:01:17.803000,,,,,21.3,35.4,48.8,1.4,False
2020,12,Portuguese Grand Prix,Portimão,Q,2020-10-25,3,RIC,ricciardo,Renault,renault,Daniel,Ricciardo,https://www.formula1.com/content/dam/fom-website/drivers/D/DANRIC01_Daniel_Ricciardo/danric01.png.transform/1col/image.png,10.0,,,0 days 00:01:17.621000,0 days 00:01:17.481000,,,,,,21.3,35.4,48.8,1.4,False
2020,12,Portuguese Grand Prix,Portimão,Q,2020-10-25,31,OCO,ocon,Renault,renault,Esteban,Ocon,https://www.formula1.com/content/dam/fom-website/drivers/E/ESTOCO01_Esteban_Ocon/estoco01.png.transform/1col/image.png,11.0,,,0 days 00:01:17.775000,0 days 00:01:17.614000,,,,,,21.3,35.4,48.8,1.4,False
2020,12,Portuguese Grand Prix,Portimão,Q,2020-10-25,18,STR,stroll,Racing Point,racing_point,Lance,Stroll,https://www.formula1.com/content/dam/fom-website/drivers/L/LANSTR01_Lance_Stroll/lanstr01.png.transform/1col/image.png,12.0,,,0 days 00:01:17.667000,0 days 00:01:17.626000,,,,,,21.3,35.4,48.8,1.4,False
2020,12,Portuguese Grand Prix,Portimão,Q,2020-10-25,26,KVY,kvyat,AlphaTauri,alphatauri,Daniil,Kvyat,https://www.formula1.com/content/dam/fom-website/drivers/D/DANKVY01_Daniil_Kvyat/dankvy01.png.transform/1col/image.png,13.0,,,0 days 00:01:17.841000,0 days 00:01:17.728000,,,,,,21.3,35.4,48.8,1.4,False
2020,12,Portuguese Grand Prix,Portimão,Q,2020-10-25,63,RUS,russell,Williams,williams,George,Russell,https://www.formula1.com/content/dam/fom-website/drivers/G/GEORUS01_George_Russell/georus01.png.transform/1col/image.png,14.0,,,0 days 00:01:17.931000,0 days 00:01:17.788000,,,,,,21.3,35.4,48.8,1.4,False
2020,12,Portuguese Grand Prix,Portimão,Q,2020-10-25,5,VET,vettel,Ferrari,ferrari,Sebastian,Vettel,https://www.formula1.com/content/dam/fom-website/drivers/S/SEBVET01_Sebastian_Vettel/sebvet01.png.transform/1col/image.png,15.0,,,0 days 00:01:17.446000,0 days 00:01:17.919000,,,,,,21.3,35.4,48.8,1.4,False
2020,12,Portuguese Grand Prix,Portimão,Q,2020-10-25,7,RAI,raikkonen,Alfa Romeo Racing,alfa,Kimi,Räikkönen,https://www.formula1.com/content/dam/fom-website/drivers/K/KIMRAI01_Kimi_R%C3%A4ikk%C3%B6nen/kimrai01.png.transform/1col/image.png,16.0,,,0 days 00:01:18.201000,,,,,,,21.3,35.4,48.8,1.4,False
2020,12,Portuguese Grand Prix,Portimão,Q,2020-10-25,99,GIO,giovinazzi,Alfa Romeo Racing,alfa,Antonio,Giovinazzi,https://www.formula1.com/content/dam/fom-website/drivers/A/ANTGIO01_Antonio_Giovinazzi/antgio01.png.transform/1col/image.png,17.0,,,0 days 00:01:18.323000,,,,,,,21.3,35.4,48.8,1.4,False
2020,12,Portuguese Grand Prix,Portimão,Q,2020-10-25,8,GRO,grosjean,Haas F1 Team,haas,Romain,Grosjean,https://www.formula1.com/content/dam/fom-website/drivers/R/ROMGRO01_Romain_Grosjean/romgro01.png.transform/1col/image.png,18.0,,,0 days 00:01:18.364000,,,,,,,21.3,35.4,48.8,1.4,False
2020,12,Portuguese Grand Prix,Portimão,Q,2020-10-25,20,MAG,kevin_magnussen,Haas F1 Team,haas,Kevin,Magnussen,https://www.formula1.com/content/dam/fom-website/drivers/K/KEVMAG01_Kevin_Magnussen/kevmag01.png.transform/1col/image.png,19.0,,,0 days 00:01:18.508000,,,,,,,21.3,35.4,48.8,1.4,False
2020,12,Portuguese Grand Prix,Portimão,Q,2020-10-25,6,LAT,latifi,Williams,williams,Nicholas,Latifi,https://www.formula1.com/content/dam/fom-website/drivers/N/NICLAF01_Nicholas_Latifi/niclaf01.png.transform/1col/image.png,20.0,,,0 days 00:01:18.777000,,,,,,,21.3,35.4,48.8,1.4,False
2020,13,Emilia Romagna Grand Prix,Imola,Q,2020-11-01,77,BOT,bottas,Mercedes,mercedes,Valtteri,Bottas,https://www.formula1.com/content/dam/fom-website/drivers/V/VALBOT01_Valtteri_Bottas/valbot01.png.transform/1col/image.png,1.0,,,0 days 00:01:14.221000,0 days 00:01:14.585000,0 days 00:01:13.609000,,,,,19.3,25.2,65.5,1.4,False
2020,13,Emilia Romagna Grand Prix,Imola,Q,2020-11-01,44,HAM,hamilton,Mercedes,mercedes,Lewis,Hamilton,https://www.formula1.com/content/dam/fom-website/drivers/L/LEWHAM01_Lewis_Hamilton/lewham01.png.transform/1col/image.png,2.0,,,0 days 00:01:14.229000,0 days 00:01:14.643000,0 days 00:01:13.706000,,,,,19.3,25.2,65.5,1.4,False
2020,13,Emilia Romagna Grand Prix,Imola,Q,2020-11-01,33,VER,max_verstappen,Red Bull Racing,red_bull,Max,Verstappen,https://www.formula1.com/content/dam/fom-website/drivers/M/MAXVER01_Max_Verstappen/maxver01.png.transform/1col/image.png,3.0,,,0 days 00:01:15.034000,0 days 00:01:14.974000,0 days 00:01:14.176000,,,,,19.3,25.2,65.5,1.4,False
2020,13,Emilia Romagna Grand Prix,Imola,Q,2020-11-01,10,GAS,gasly,AlphaTauri,alphatauri,Pierre,Gasly,https://www.formula1.com/content/dam/fom-website/drivers/P/PIEGAS01_Pierre_Gasly/piegas01.png.transform/1col/image.png,4.0,,,0 days 00:01:15.183000,0 days 00:01:14.681000,0 days 00:01:14.502000,,,,,19.3,25.2,65.5,1.4,False
2020,13,Emilia Romagna Grand Prix,Imola,Q,2020-11-01,3,RIC,ricciardo,Renault,renault,Daniel,Ricciardo,https://www.formula1.com/content/dam/fom-website/drivers/D/DANRIC01_Daniel_Ricciardo/danric01.png.transform/1col/image.png,5.0,,,0 days 00:01:15.474000,0 days 00:01:14.953000,0 days 00:01:14.520000,,,,,19.3,25.2,65.5,1.4,False
2020,13,Emilia Romagna Grand Prix,Imola,Q,2020-11-01,23,ALB,albon,Red Bull Racing,red_bull,Alexander,Albon,https://www.formula1.com/content/dam/fom-website/drivers/A/ALEALB01_Alexander_Albon/alealb01.png.transform/1col/image.png,6.0,,,0 days 00:01:15.402000,0 days 00:01:14.745000,0 days 00:01:14.572000,,,,,19.3,25.2,65.5,1.4,False
2020,13,Emilia Romagna Grand Prix,Imola,Q,2020-11-01,16,LEC,leclerc,Ferrari,ferrari,Charles,Leclerc,https://www.formula1.com/content/dam/fom-website/drivers/C/CHALEC01_Charles_Leclerc/chalec01.png.transform/1col/image.png,7.0,,,0 days 00:01:15.123000,0 days 00:01:15.017000,0 days 00:01:14.616000,,,,,19.3,25.2,65.5,1.4,False
2020,13,Emilia Romagna Grand Prix,Imola,Q,2020-11-01,26,KVY,kvyat,AlphaTauri,alphatauri,Daniil,Kvyat,https://www.formula1.com/content/dam/fom-website/drivers/D/DANKVY01_Daniil_Kvyat/dankvy01.png.transform/1col/image.png,8.0,,,0 days 00:01:15.412000,0 days 00:01:15.022000,0 days 00:01:14.696000,,,,,19.3,25.2,65.5,1.4,False
2020,13,Emilia Romagna Grand Prix,Imola,Q,2020-11-01,4,NOR,norris,McLaren,mclaren,Lando,Norris,https://www.formula1.com/content/dam/fom-website/drivers/L/LANNOR01_Lando_Norris/lannor01.png.transform/1col/image.png,9.0,,,0 days 00:01:15.274000,0 days 00:01:15.051000,0 days 00:01:14.814000,,,,,19.3,25.2,65.5,1.4,False
2020,13,Emilia Romagna Grand Prix,Imola,Q,2020-11-01,55,SAI,sainz,McLaren,mclaren,Carlos,Sainz,https://www.formula1.com/content/dam/fom-website/drivers/C/CARSAI01_Carlos_Sainz/carsai01.png.transform/1col/image.png,10.0,,,0 days 00:01:15.528000,0 days 00:01:15.027000,0 days 00:01:14.911000,,,,,19.3,25.2,65.5,1.4,False
2020,13,Emilia Romagna Grand Prix,Imola,Q,2020-11-01,11,PER,perez,Racing Point,racing_point,Sergio,Perez,https://www.formula1.com/content/dam/fom-website/drivers/S/SERPER01_Sergio_Perez/serper01.png.transform/1col/image.png,11.0,,,0 days 00:01:15.407000,0 days 00:01:15.061000,,,,,,19.3,25.2,65.5,1.4,False
2020,13,Emilia Romagna Grand Prix,Imola,Q,2020-11-01,31,OCO,ocon,Renault,renault,Esteban,Ocon,https://www.formula1.com/content/dam/fom-website/drivers/E/ESTOCO01_Esteban_Ocon/estoco01.png.transform/1col/image.png,12.0,,,0 days 00:01:15.352000,0 days 00:01:15.201000,,,,,,19.3,25.2,65.5,1.4,False
2020,13,Emilia Romagna Grand Prix,Imola,Q,2020-11-01,63,RUS,russell,Williams,williams,George,Russell,https://www.formula1.com/content/dam/fom-website/drivers/G/GEORUS01_George_Russell/georus01.png.transform/1col/image.png,13.0,,,0 days 00:01:15.760000,0 days 00:01:15.323000,,,,,,19.3,25.2,65.5,1.4,False
2020,13,Emilia Romagna Grand Prix,Imola,Q,2020-11-01,5,VET,vettel,Ferrari,ferrari,Sebastian,Vettel,https://www.formula1.com/content/dam/fom-website/drivers/S/SEBVET01_Sebastian_Vettel/sebvet01.png.transform/1col/image.png,14.0,,,0 days 00:01:15.571000,0 days 00:01:15.385000,,,,,,19.3,25.2,65.5,1.4,False
2020,13,Emilia Romagna Grand Prix,Imola,Q,2020-11-01,18,STR,stroll,Racing Point,racing_point,Lance,Stroll,https://www.formula1.com/content/dam/fom-website/drivers/L/LANSTR01_Lance_Stroll/lanstr01.png.transform/1col/image.png,15.0,,,0 days 00:01:15.822000,0 days 00:01:15.494000,,,,,,19.3,25.2,65.5,1.4,False
2020,13,Emilia Romagna Grand Prix,Imola,Q,2020-11-01,8,GRO,grosjean,Haas F1 Team,haas,Romain,Grosjean,https://www.formula1.com/content/dam/fom-website/drivers/R/ROMGRO01_Romain_Grosjean/romgro01.png.transform/1col/image.png,16.0,,,0 days 00:01:15.918000,,,,,,,19.3,25.2,65.5,1.4,False
2020,13,Emilia Romagna Grand Prix,Imola,Q,2020-11-01,20,MAG,kevin_magnussen,Haas F1 Team,haas,Kevin,Magnussen,https://www.formula1.com/content/dam/fom-website/drivers/K/KEVMAG01_Kevin_Magnussen/kevmag01.png.transform/1col/image.png,17.0,,,0 days 00:01:15.939000,,,,,,,19.3,25.2,65.5,1.4,False
2020,13,Emilia Romagna Grand Prix,Imola,Q,2020-11-01,7,RAI,raikkonen,Alfa Romeo Racing,alfa,Kimi,Räikkönen,https://www.formula1.com/content/dam/fom-website/drivers/K/KIMRAI01_Kimi_R%C3%A4ikk%C3%B6nen/kimrai01.png.transform/1col/image.png,18.0,,,0 days 00:01:15.953000,,,,,,,19.3,25.2,65.5,1.4,False
2020,13,Emilia Romagna Grand Prix,Imola,Q,2020-11-01,6,LAT,latifi,Williams,williams,Nicholas,Latifi,https://www.formula1.com/content/dam/fom-website/drivers/N/NICLAF01_Nicholas_Latifi/niclaf01.png.transform/1col/image.png,19.0,,,0 days 00:01:15.987000,,,,,,,19.3,25.2,65.5,1.4,False
2020,13,Emilia Romagna Grand Prix,Imola,Q,2020-11-01,99,GIO,giovinazzi,Alfa Romeo Racing,alfa,Antonio,Giovinazzi,https://www.formula1.com/content/dam/fom-website/drivers/A/ANTGIO01_Antonio_Giovinazzi/antgio01.png.transform/1col/image.png,20.0,,,0 days 00:01:16.208000,,,,,,,19.3,25.2,65.5,1.4,False
2020,14,Turkish Grand Prix,Istanbul,Q,2020-11-15,18,STR,stroll,Racing Point,racing_point,Lance,Stroll,https://www.formula1.com/content/dam/fom-website/drivers/L/LANSTR01_Lance_Stroll/lanstr01.png.transform/1col/image.png,1.0,,,0 days 00:02:07.467000,0 days 00:01:53.372000,0 days 00:01:47.765000,,,,,12.1,13.5,89.9,0.7,True
2020,14,Turkish Grand Prix,Istanbul,Q,2020-11-15,33,VER,max_verstappen,Red Bull Racing,red_bull,Max,Verstappen,https://www.formula1.com/content/dam/fom-website/drivers/M/MAXVER01_Max_Verstappen/maxver01.png.transform/1col/image.png,2.0,,,0 days 00:01:57.485000,0 days 00:01:50.293000,0 days 00:01:48.055000,,,,,12.1,13.5,89.9,0.7,True
2020,14,Turkish Grand Prix,Istanbul,Q,2020-11-15,11,PER,perez,Racing Point,racing_point,Sergio,Perez,https://www.formula1.com/content/dam/fom-website/drivers/S/SERPER01_Sergio_Perez/serper01.png.transform/1col/image.png,3.0,,,0 days 00:02:07.614000,0 days 00:01:54.097000,0 days 00:01:49.321000,,,,,12.1,13.5,89.9,0.7,True
2020,14,Turkish Grand Prix,Istanbul,Q,2020-11-15,23,ALB,albon,Red Bull Racing,red_bull,Alexander,Albon,https://www.formula1.com/content/dam/fom-website/drivers/A/ALEALB01_Alexander_Albon/alealb01.png.transform/1col/image.png,4.0,,,0 days 00:01:59.431000,0 days 00:01:52.282000,0 days 00:01:50.448000,,,,,12.1,13.5,89.9,0.7,True
2020,14,Turkish Grand Prix,Istanbul,Q,2020-11-15,3,RIC,ricciardo,Renault,renault,Daniel,Ricciardo,https://www.formula1.com/content/dam/fom-website/drivers/D/DANRIC01_Daniel_Ricciardo/danric01.png.transform/1col/image.png,5.0,,,0 days 00:02:05.598000,0 days 00:01:54.278000,0 days 00:01:51.595000,,,,,12.1,13.5,89.9,0.7,True
2020,14,Turkish Grand Prix,Istanbul,Q,2020-11-15,44,HAM,hamilton,Mercedes,mercedes,Lewis,Hamilton,https://www.formula1.com/content/dam/fom-website/drivers/L/LEWHAM01_Lewis_Hamilton/lewham01.png.transform/1col/image.png,6.0,,,0 days 00:02:07.599000,0 days 00:01:52.709000,0 days 00:01:52.560000,,,,,12.1,13.5,89.9,0.7,True
2020,14,Turkish Grand Prix,Istanbul,Q,2020-11-15,31,OCO,ocon,Renault,renault,Esteban,Ocon,https://www.formula1.com/content/dam/fom-website/drivers/E/ESTOCO01_Esteban_Ocon/estoco01.png.transform/1col/image.png,7.0,,,0 days 00:02:06.115000,0 days 00:01:53.657000,0 days 00:01:52.622000,,,,,12.1,13.5,89.9,0.7,True
2020,14,Turkish Grand Prix,Istanbul,Q,2020-11-15,7,RAI,raikkonen,Alfa Romeo Racing,alfa,Kimi,Räikkönen,https://www.formula1.com/content/dam/fom-website/drivers/K/KIMRAI01_Kimi_R%C3%A4ikk%C3%B6nen/kimrai01.png.transform/1col/image.png,8.0,,,0 days 00:02:01.249000,0 days 00:01:53.793000,0 days 00:01:52.745000,,,,,12.1,13.5,89.9,0.7,True
2020,14,Turkish Grand Prix,Istanbul,Q,2020-11-15,77,BOT,bottas,Mercedes,mercedes,Valtteri,Bottas,https://www.formula1.com/content/dam/fom-website/drivers/V/VALBOT01_Valtteri_Bottas/valbot01.png.transform/1col/image.png,9.0,,,0 days 00:02:07.001000,0 days 00:01:53.767000,0 days 00:01:53.258000,,,,,12.1,13.5,89.9,0.7,True
2020,14,Turkish Grand Prix,Istanbul,Q,2020-11-15,99,GIO,giovinazzi,Alfa Romeo Racing,alfa,Antonio,Giovinazzi,https://www.formula1.com/content/dam/fom-website/drivers/A/ANTGIO01_Antonio_Giovinazzi/antgio01.png.transform/1col/image.png,10.0,,,0 days 00:02:07.341000,0 days 00:01:53.431000,0 days 00:01:57.226000,,,,,12.1,13.5,89.9,0.7,True
2020,14,Turkish Grand Prix,Istanbul,Q,2020-11-15,4,NOR,norris,McLaren,mclaren,Lando,Norris,https://www.formula1.com/content/dam/fom-website/drivers/L/LANNOR01_Lando_Norris/lannor01.png.transform/1col/image.png,11.0,,,0 days 00:02:07.167000,0 days 00:01:54.945000,,,,,,12.1,13.5,89.9,0.7,True
2020,14,Turkish Grand Prix,Istanbul,Q,2020-11-15,5,VET,vettel,Ferrari,ferrari,Sebastian,Vettel,https://www.formula1.com/content/dam/fom-website/drivers/S/SEBVET01_Sebastian_Vettel/sebvet01.png.transform/1col/image.png,12.0,,,0 days 00:02:03.356000,0 days 00:01:55.169000,,,,,,12.1,13.5,89.9,0.7,True
2020,14,Turkish Grand Prix,Istanbul,Q,2020-11-15,55,SAI,sainz,McLaren,mclaren,Carlos,Sainz,https://www.formula1.com/content/dam/fom-website/drivers/C/CARSAI01_Carlos_Sainz/carsai01.png.transform/1col/image.png,13.0,,,0 days 00:02:07.489000,0 days 00:01:55.410000,,,,,,12.1,13.5,89.9,0.7,True
2020,14,Turkish Grand Prix,Istanbul,Q,2020-11-15,16,LEC,leclerc,Ferrari,ferrari,Charles,Leclerc,https://www.formula1.com/content/dam/fom-website/drivers/C/CHALEC01_Charles_Leclerc/chalec01.png.transform/1col/image.png,14.0,,,0 days 00:02:04.464000,0 days 00:01:56.696000,,,,,,12.1,13.5,89.9,0.7,True
2020,14,Turkish Grand Prix,Istanbul,Q,2020-11-15,10,GAS,gasly,AlphaTauri,alphatauri,Pierre,Gasly,https://www.formula1.com/content/dam/fom-website/drivers/P/PIEGAS01_Pierre_Gasly/piegas01.png.transform/1col/image.png,15.0,,,0 days 00:02:05.579000,0 days 00:01:58.556000,,,,,,12.1,13.5,89.9,0.7,True
2020,14,Turkish Grand Prix,Istanbul,Q,2020-11-15,20,MAG,kevin_magnussen,Haas F1 Team,haas,Kevin,Magnussen,https://www.formula1.com/content/dam/fom-website/drivers/K/KEVMAG01_Kevin_Magnussen/kevmag01.png.transform/1col/image.png,16.0,,,0 days 00:02:08.007000,,,,,,,12.1,13.5,89.9,0.7,True
2020,14,Turkish Grand Prix,Istanbul,Q,2020-11-15,26,KVY,kvyat,AlphaTauri,alphatauri,Daniil,Kvyat,https://www.formula1.com/content/dam/fom-website/drivers/D/DANKVY01_Daniil_Kvyat/dankvy01.png.transform/1col/image.png,17.0,,,0 days 00:02:09.070000,,,,,,,12.1,13.5,89.9,0.7,True
2020,14,Turkish Grand Prix,Istanbul,Q,2020-11-15,63,RUS,russell,Williams,williams,George,Russell,https://www.formula1.com/content/dam/fom-website/drivers/G/GEORUS01_George_Russell/georus01.png.transform/1col/image.png,18.0,,,0 days 00:02:10.017000,,,,,,,12.1,13.5,89.9,0.7,True
2020,14,Turkish Grand Prix,Istanbul,Q,2020-11-15,8,GRO,grosjean,Haas F1 Team,haas,Romain,Grosjean,https://www.formula1.com/content/dam/fom-website/drivers/R/ROMGRO01_Romain_Grosjean/romgro01.png.transform/1col/image.png,19.0,,,0 days 00:02:12.909000,,,,,,,12.1,13.5,89.9,0.7,True
2020,14,Turkish Grand Prix,Istanbul,Q,2020-11-15,6,LAT,latifi,Williams,williams,Nicholas,Latifi,https://www.formula1.com/content/dam/fom-website/drivers/N/NICLAF01_Nicholas_Latifi/niclaf01.png.transform/1col/image.png,20.0,,,0 days 00:02:21.611000,,,,,,,12.1,13.5,89.9,0.7,True
2020,15,Bahrain Grand Prix,Sakhir,Q,2020-11-29,44,HAM,hamilton,Mercedes,mercedes,Lewis,Hamilton,https://www.formula1.com/content/dam/fom-website/drivers/L/LEWHAM01_Lewis_Hamilton/lewham01.png.transform/1col/image.png,1.0,,,0 days 00:01:28.343000,0 days 00:01:27.586000,0 days 00:01:27.264000,,,,,26.3,27.9,56.7,0.7,False
2020,15,Bahrain Grand Prix,Sakhir,Q,2020-11-29,77,BOT,bottas,Mercedes,mercedes,Valtteri,Bottas,https://www.formula1.com/content/dam/fom-website/drivers/V/VALBOT01_Valtteri_Bottas/valbot01.png.transform/1col/image.png,2.0,,,0 days 00:01:28.767000,0 days 00:01:28.063000,0 days 00:01:27.553000,,,,,26.3,27.9,56.7,0.7,False
2020,15,Bahrain Grand Prix,Sakhir,Q,2020-11-29,33,VER,max_verstappen,Red Bull Racing,red_bull,Max,Verstappen,https://www.formula1.com/content/dam/fom-website/drivers/M/MAXVER01_Max_Verstappen/maxver01.png.transform/1col/image.png,3.0,,,0 days 00:01:28.885000,0 days 00:01:28.025000,0 days 00:01:27.678000,,,,,26.3,27.9,56.7,0.7,False
2020,15,Bahrain Grand Prix,Sakhir,Q,2020-11-29,23,ALB,albon,Red Bull Racing,red_bull,Alexander,Albon,https://www.formula1.com/content/dam/fom-website/drivers/A/ALEALB01_Alexander_Albon/alealb01.png.transform/1col/image.png,4.0,,,0 days 00:01:28.732000,0 days 00:01:28.749000,0 days 00:01:28.274000,,,,,26.3,27.9,56.7,0.7,False
2020,15,Bahrain Grand Prix,Sakhir,Q,2020-11-29,11,PER,perez,Racing Point,racing_point,Sergio,Perez,https://www.formula1.com/content/dam/fom-website/drivers/S/SERPER01_Sergio_Perez/serper01.png.transform/1col/image.png,5.0,,,0 days 00:01:29.178000,0 days 00:01:28.894000,0 days 00:01:28.322000,,,,,26.3,27.9,56.7,0.7,False
2020,15,Bahrain Grand Prix,Sakhir,Q,2020-11-29,3,RIC,ricciardo,Renault,renault,Daniel,Ricciardo,https://www.formula1.com/content/dam/fom-website/drivers/D/DANRIC01_Daniel_Ricciardo/danric01.png.transform/1col/image.png,6.0,,,0 days 00:01:29.005000,0 days 00:01:28.648000,0 days 00:01:28.417000,,,,,26.3,27.9,56.7,0.7,False
2020,15,Bahrain Grand Prix,Sakhir,Q,2020-11-29,31,OCO,ocon,Renault,renault,Esteban,Ocon,https://www.formula1.com/content/dam/fom-website/drivers/E/ESTOCO01_Esteban_Ocon/estoco01.png.transform/1col/image.png,7.0,,,0 days 00:01:29.203000,0 days 00:01:28.937000,0 days 00:01:28.419000,,,,,26.3,27.9,56.7,0.7,False
2020,15,Bahrain Grand Prix,Sakhir,Q,2020-11-29,10,GAS,gasly,AlphaTauri,alphatauri,Pierre,Gasly,https://www.formula1.com/content/dam/fom-website/drivers/P/PIEGAS01_Pierre_Gasly/piegas01.png.transform/1col/image.png,8.0,,,0 days 00:01:28.971000,0 days 00:01:29.008000,0 days 00:01:28.448000,,,,,26.3,27.9,56.7,0.7,False
2020,15,Bahrain Grand Prix,Sakhir,Q,2020-11-29,4,NOR,norris,McLaren,mclaren,Lando,Norris,https://www.formula1.com/content/dam/fom-website/drivers/L/LANNOR01_Lando_Norris/lannor01.png.transform/1col/image.png,9.0,,,0 days 00:01:29.464000,0 days 00:01:28.877000,0 days 00:01:28.542000,,,,,26.3,27.9,56.7,0.7,False
2020,15,Bahrain Grand Prix,Sakhir,Q,2020-11-29,26,KVY,kvyat,AlphaTauri,alphatauri,Daniil,Kvyat,https://www.formula1.com/content/dam/fom-website/drivers/D/DANKVY01_Daniil_Kvyat/dankvy01.png.transform/1col/image.png,10.0,,,0 days 00:01:29.158000,0 days 00:01:28.944000,0 days 00:01:28.618000,,,,,26.3,27.9,56.7,0.7,False
2020,15,Bahrain Grand Prix,Sakhir,Q,2020-11-29,5,VET,vettel,Ferrari,ferrari,Sebastian,Vettel,https://www.formula1.com/content/dam/fom-website/drivers/S/SEBVET01_Sebastian_Vettel/sebvet01.png.transform/1col/image.png,11.0,,,0 days 00:01:29.142000,0 days 00:01:29.149000,,,,,,26.3,27.9,56.7,0.7,False
2020,15,Bahrain Grand Prix,Sakhir,Q,2020-11-29,16,LEC,leclerc,Ferrari,ferrari,Charles,Leclerc,https://www.formula1.com/content/dam/fom-website/drivers/C/CHALEC01_Charles_Leclerc/chalec01.png.transform/1col/image.png,12.0,,,0 days 00:01:29.137000,0 days 00:01:29.165000,,,,,,26.3,27.9,56.7,0.7,False
2020,15,Bahrain Grand Prix,Sakhir,Q,2020-11-29,18,STR,stroll,Racing Point,racing_point,Lance,Stroll,https://www.formula1.com/content/dam/fom-website/drivers/L/LANSTR01_Lance_Stroll/lanstr01.png.transform/1col/image.png,13.0,,,0 days 00:01:28.679000,0 days 00:01:29.557000,,,,,,26.3,27.9,56.7,0.7,False
2020,15,Bahrain Grand Prix,Sakhir,Q,2020-11-29,63,RUS,russell,Williams,williams,George,Russell,https://www.formula1.com/content/dam/fom-website/drivers/G/GEORUS01_George_Russell/georus01.png.transform/1col/image.png,14.0,,,0 days 00:01:29.294000,0 days 00:01:31.218000,,,,,,26.3,27.9,56.7,0.7,False
2020,15,Bahrain Grand Prix,Sakhir,Q,2020-11-29,55,SAI,sainz,McLaren,mclaren,Carlos,Sainz,https://www.formula1.com/content/dam/fom-website/drivers/C/CARSAI01_Carlos_Sainz/carsai01.png.transform/1col/image.png,15.0,,,0 days 00:01:28.975000,,,,,,,26.3,27.9,56.7,0.7,False
2020,15,Bahrain Grand Prix,Sakhir,Q,2020-11-29,99,GIO,giovinazzi,Alfa Romeo Racing,alfa,Antonio,Giovinazzi,https://www.formula1.com/content/dam/fom-website/drivers/A/ANTGIO01_Antonio_Giovinazzi/antgio01.png.transform/1col/image.png,16.0,,,0 days 00:01:29.491000,,,,,,,26.3,27.9,56.7,0.7,False
2020,15,Bahrain Grand Prix,Sakhir,Q,2020-11-29,7,RAI,raikkonen,Alfa Romeo Racing,alfa,Kimi,Räikkönen,https://www.formula1.com/content/dam/fom-website/drivers/K/KIMRAI01_Kimi_R%C3%A4ikk%C3%B6nen/kimrai01.png.transform/1col/image.png,17.0,,,0 days 00:01:29.810000,,,,,,,26.3,27.9,56.7,0.7,False
2020,15,Bahrain Grand Prix,Sakhir,Q,2020-11-29,20,MAG,kevin_magnussen,Haas F1 Team,haas,Kevin,Magnussen,https://www.formula1.com/content/dam/fom-website/drivers/K/KEVMAG01_Kevin_Magnussen/kevmag01.png.transform/1col/image.png,18.0,,,0 days 00:01:30.111000,,,,,,,26.3,27.9,56.7,0.7,False
2020,15,Bahrain Grand Prix,Sakhir,Q,2020-11-29,8,GRO,grosjean,Haas F1 Team,haas,Romain,Grosjean,https://www.formula1.com/content/dam/fom-website/drivers/R/ROMGRO01_Romain_Grosjean/romgro01.png.transform/1col/image.png,19.0,,,0 days 00:01:30.138000,,,,,,,26.3,27.9,56.7,0.7,False
2020,15,Bahrain Grand Prix,Sakhir,Q,2020-11-29,6,LAT,latifi,Williams,williams,Nicholas,Latifi,https://www.formula1.com/content/dam/fom-website/drivers/N/NICLAF01_Nicholas_Latifi/niclaf01.png.transform/1col/image.png,20.0,,,0 days 00:01:30.182000,,,,,,,26.3,27.9,56.7,0.7,False
2020,16,Sakhir Grand Prix,Sakhir,Q,2020-12-06,77,BOT,bottas,Mercedes,mercedes,Valtteri,Bottas,https://www.formula1.com/content/dam/fom-website/drivers/V/VALBOT01_Valtteri_Bottas/valbot01.png.transform/1col/image.png,1.0,,,0 days 00:00:53.904000,0 days 00:00:53.803000,0 days 00:00:53.377000,,,,,24.0,26.9,77.4,0.6,False
2020,16,Sakhir Grand Prix,Sakhir,Q,2020-12-06,63,RUS,russell,Mercedes,mercedes,George,Russell,https://www.formula1.com/content/dam/fom-website/drivers/G/GEORUS01_George_Russell/georus01.png.transform/1col/image.png,2.0,,,0 days 00:00:54.160000,0 days 00:00:53.819000,0 days 00:00:53.403000,,,,,24.0,26.9,77.4,0.6,False
2020,16,Sakhir Grand Prix,Sakhir,Q,2020-12-06,33,VER,max_verstappen,Red Bull Racing,red_bull,Max,Verstappen,https://www.formula1.com/content/dam/fom-website/drivers/M/MAXVER01_Max_Verstappen/maxver01.png.transform/1col/image.png,3.0,,,0 days 00:00:54.037000,0 days 00:00:53.647000,0 days 00:00:53.433000,,,,,24.0,26.9,77.4,0.6,False
2020,16,Sakhir Grand Prix,Sakhir,Q,2020-12-06,16,LEC,leclerc,Ferrari,ferrari,Charles,Leclerc,https://www.formula1.com/content/dam/fom-website/drivers/C/CHALEC01_Charles_Leclerc/chalec01.png.transform/1col/image.png,4.0,,,0 days 00:00:54.249000,0 days 00:00:53.825000,0 days 00:00:53.613000,,,,,24.0,26.9,77.4,0.6,False
2020,16,Sakhir Grand Prix,Sakhir,Q,2020-12-06,11,PER,perez,Racing Point,racing_point,Sergio,Perez,https://www.formula1.com/content/dam/fom-website/drivers/S/SERPER01_Sergio_Perez/serper01.png.transform/1col/image.png,5.0,,,0 days 00:00:54.236000,0 days 00:00:53.787000,0 days 00:00:53.790000,,,,,24.0,26.9,77.4,0.6,False
2020,16,Sakhir Grand Prix,Sakhir,Q,2020-12-06,26,KVY,kvyat,AlphaTauri,alphatauri,Daniil,Kvyat,https://www.formula1.com/content/dam/fom-website/drivers/D/DANKVY01_Daniil_Kvyat/dankvy01.png.transform/1col/image.png,6.0,,,0 days 00:00:54.346000,0 days 00:00:53.856000,0 days 00:00:53.906000,,,,,24.0,26.9,77.4,0.6,False
2020,16,Sakhir Grand Prix,Sakhir,Q,2020-12-06,3,RIC,ricciardo,Renault,renault,Daniel,Ricciardo,https://www.formula1.com/content/dam/fom-website/drivers/D/DANRIC01_Daniel_Ricciardo/danric01.png.transform/1col/image.png,7.0,,,0 days 00:00:54.388000,0 days 00:00:53.871000,0 days 00:00:53.957000,,,,,24.0,26.9,77.4,0.6,False
2020,16,Sakhir Grand Prix,Sakhir,Q,2020-12-06,55,SAI,sainz,McLaren,mclaren,Carlos,Sainz,https://www.formula1.com/content/dam/fom-website/drivers/C/CARSAI01_Carlos_Sainz/carsai01.png.transform/1col/image.png,8.0,,,0 days 00:00:54.450000,0 days 00:00:53.818000,0 days 00:00:54.010000,,,,,24.0,26.9,77.4,0.6,False
2020,16,Sakhir Grand Prix,Sakhir,Q,2020-12-06,10,GAS,gasly,AlphaTauri,alphatauri,Pierre,Gasly,https://www.formula1.com/content/dam/fom-website/drivers/P/PIEGAS01_Pierre_Gasly/piegas01.png.transform/1col/image.png,9.0,,,0 days 00:00:54.207000,0 days 00:00:53.941000,0 days 00:00:54.154000,,,,,24.0,26.9,77.4,0.6,False
2020,16,Sakhir Grand Prix,Sakhir,Q,2020-12-06,18,STR,stroll,Racing Point,racing_point,Lance,Stroll,https://www.formula1.com/content/dam/fom-website/drivers/L/LANSTR01_Lance_Stroll/lanstr01.png.transform/1col/image.png,10.0,,,0 days 00:00:54.595000,0 days 00:00:53.840000,0 days 00:00:54.200000,,,,,24.0,26.9,77.4,0.6,False
2020,16,Sakhir Grand Prix,Sakhir,Q,2020-12-06,31,OCO,ocon,Renault,renault,Esteban,Ocon,https://www.formula1.com/content/dam/fom-website/drivers/E/ESTOCO01_Esteban_Ocon/estoco01.png.transform/1col/image.png,11.0,,,0 days 00:00:54.309000,0 days 00:00:53.995000,,,,,,24.0,26.9,77.4,0.6,False
2020,16,Sakhir Grand Prix,Sakhir,Q,2020-12-06,23,ALB,albon,Red Bull Racing,red_bull,Alexander,Albon,https://www.formula1.com/content/dam/fom-website/drivers/A/ALEALB01_Alexander_Albon/alealb01.png.transform/1col/image.png,12.0,,,0 days 00:00:54.620000,0 days 00:00:54.026000,,,,,,24.0,26.9,77.4,0.6,False
2020,16,Sakhir Grand Prix,Sakhir,Q,2020-12-06,5,VET,vettel,Ferrari,ferrari,Sebastian,Vettel,https://www.formula1.com/content/dam/fom-website/drivers/S/SEBVET01_Sebastian_Vettel/sebvet01.png.transform/1col/image.png,13.0,,,0 days 00:00:54.301000,0 days 00:00:54.175000,,,,,,24.0,26.9,77.4,0.6,False
2020,16,Sakhir Grand Prix,Sakhir,Q,2020-12-06,99,GIO,giovinazzi,Alfa Romeo Racing,alfa,Antonio,Giovinazzi,https://www.formula1.com/content/dam/fom-website/drivers/A/ANTGIO01_Antonio_Giovinazzi/antgio01.png.transform/1col/image.png,14.0,,,0 days 00:00:54.523000,0 days 00:00:54.377000,,,,,,24.0,26.9,77.4,0.6,False
2020,16,Sakhir Grand Prix,Sakhir,Q,2020-12-06,4,NOR,norris,McLaren,mclaren,Lando,Norris,https://www.formula1.com/content/dam/fom-website/drivers/L/LANNOR01_Lando_Norris/lannor01.png.transform/1col/image.png,15.0,,,0 days 00:00:54.194000,0 days 00:00:54.693000,,,,,,24.0,26.9,77.4,0.6,False
2020,16,Sakhir Grand Prix,Sakhir,Q,2020-12-06,20,MAG,kevin_magnussen,Haas F1 Team,haas,Kevin,Magnussen,https://www.formula1.com/content/dam/fom-website/drivers/K/KEVMAG01_Kevin_Magnussen/kevmag01.png.transform/1col/image.png,16.0,,,0 days 00:00:54.705000,,,,,,,24.0,26.9,77.4,0.6,False
2020,16,Sakhir Grand Prix,Sakhir,Q,2020-12-06,6,LAT,latifi,Williams,williams,Nicholas,Latifi,https://www.formula1.com/content/dam/fom-website/drivers/N/NICLAF01_Nicholas_Latifi/niclaf01.png.transform/1col/image.png,17.0,,,0 days 00:00:54.796000,,,,,,,24.0,26.9,77.4,0.6,False
2020,16,Sakhir Grand Prix,Sakhir,Q,2020-12-06,89,AIT,aitken,Williams,williams,Jack,Aitken,None,18.0,,,0 days 00:00:54.892000,,,,,,,24.0,26.9,77.4,0.6,False
2020,16,Sakhir Grand Prix,Sakhir,Q,2020-12-06,7,RAI,raikkonen,Alfa Romeo Racing,alfa,Kimi,Räikkönen,https://www.formula1.com/content/dam/fom-website/drivers/K/KIMRAI01_Kimi_R%C3%A4ikk%C3%B6nen/kimrai01.png.transform/1col/image.png,19.0,,,0 days 00:00:54.963000,,,,,,,24.0,26.9,77.4,0.6,False
2020,16,Sakhir Grand Prix,Sakhir,Q,2020-12-06,51,FIT,pietro_fittipaldi,Haas F1 Team,haas,Pietro,Fittipaldi,None,20.0,,,0 days 00:00:55.426000,,,,,,,24.0,26.9,77.4,0.6,False
2020,17,Abu Dhabi Grand Prix,Yas Island,Q,2020-12-13,33,VER,max_verstappen,Red Bull Racing,red_bull,Max,Verstappen,https://www.formula1.com/content/dam/fom-website/drivers/M/MAXVER01_Max_Verstappen/maxver01.png.transform/1col/image.png,1.0,,,0 days 00:01:35.993000,0 days 00:01:35.641000,0 days 00:01:35.246000,,,,,23.4,28.8,61.6,1.7,False
2020,17,Abu Dhabi Grand Prix,Yas Island,Q,2020-12-13,77,BOT,bottas,Mercedes,mercedes,Valtteri,Bottas,https://www.formula1.com/content/dam/fom-website/drivers/V/VALBOT01_Valtteri_Bottas/valbot01.png.transform/1col/image.png,2.0,,,0 days 00:01:35.699000,0 days 00:01:35.527000,0 days 00:01:35.271000,,,,,23.4,28.8,61.6,1.7,False
2020,17,Abu Dhabi Grand Prix,Yas Island,Q,2020-12-13,44,HAM,hamilton,Mercedes,mercedes,Lewis,Hamilton,https://www.formula1.com/content/dam/fom-website/drivers/L/LEWHAM01_Lewis_Hamilton/lewham01.png.transform/1col/image.png,3.0,,,0 days 00:01:35.528000,0 days 00:01:35.466000,0 days 00:01:35.332000,,,,,23.4,28.8,61.6,1.7,False
2020,17,Abu Dhabi Grand Prix,Yas Island,Q,2020-12-13,4,NOR,norris,McLaren,mclaren,Lando,Norris,https://www.formula1.com/content/dam/fom-website/drivers/L/LANNOR01_Lando_Norris/lannor01.png.transform/1col/image.png,4.0,,,0 days 00:01:36.016000,0 days 00:01:35.849000,0 days 00:01:35.497000,,,,,23.4,28.8,61.6,1.7,False
2020,17,Abu Dhabi Grand Prix,Yas Island,Q,2020-12-13,23,ALB,albon,Red Bull Racing,red_bull,Alexander,Albon,https://www.formula1.com/content/dam/fom-website/drivers/A/ALEALB01_Alexander_Albon/alealb01.png.transform/1col/image.png,5.0,,,0 days 00:01:36.106000,0 days 00:01:35.654000,0 days 00:01:35.571000,,,,,23.4,28.8,61.6,1.7,False
2020,17,Abu Dhabi Grand Prix,Yas Island,Q,2020-12-13,55,SAI,sainz,McLaren,mclaren,Carlos,Sainz,https://www.formula1.com/content/dam/fom-website/drivers/C/CARSAI01_Carlos_Sainz/carsai01.png.transform/1col/image.png,6.0,,,0 days 00:01:36.517000,0 days 00:01:36.192000,0 days 00:01:35.815000,,,,,23.4,28.8,61.6,1.7,False
2020,17,Abu Dhabi Grand Prix,Yas Island,Q,2020-12-13,26,KVY,kvyat,AlphaTauri,alphatauri,Daniil,Kvyat,https://www.formula1.com/content/dam/fom-website/drivers/D/DANKVY01_Daniil_Kvyat/dankvy01.png.transform/1col/image.png,7.0,,,0 days 00:01:36.459000,0 days 00:01:36.214000,0 days 00:01:35.963000,,,,,23.4,28.8,61.6,1.7,False
2020,17,Abu Dhabi Grand Prix,Yas Island,Q,2020-12-13,18,STR,stroll,Racing Point,racing_point,Lance,Stroll,https://www.formula1.com/content/dam/fom-website/drivers/L/LANSTR01_Lance_Stroll/lanstr01.png.transform/1col/image.png,8.0,,,0 days 00:01:36.502000,0 days 00:01:36.143000,0 days 00:01:36.046000,,,,,23.4,28.8,61.6,1.7,False
2020,17,Abu Dhabi Grand Prix,Yas Island,Q,2020-12-13,16,LEC,leclerc,Ferrari,ferrari,Charles,Leclerc,https://www.formula1.com/content/dam/fom-website/drivers/C/CHALEC01_Charles_Leclerc/chalec01.png.transform/1col/image.png,9.0,,,0 days 00:01:35.881000,0 days 00:01:35.932000,0 days 00:01:36.065000,,,,,23.4,28.8,61.6,1.7,False
2020,17,Abu Dhabi Grand Prix,Yas Island,Q,2020-12-13,10,GAS,gasly,AlphaTauri,alphatauri,Pierre,Gasly,https://www.formula1.com/content/dam/fom-website/drivers/P/PIEGAS01_Pierre_Gasly/piegas01.png.transform/1col/image.png,10.0,,,0 days 00:01:36.545000,0 days 00:01:36.282000,0 days 00:01:36.242000,,,,,23.4,28.8,61.6,1.7,False
2020,17,Abu Dhabi Grand Prix,Yas Island,Q,2020-12-13,31,OCO,ocon,Renault,renault,Esteban,Ocon,https://www.formula1.com/content/dam/fom-website/drivers/E/ESTOCO01_Esteban_Ocon/estoco01.png.transform/1col/image.png,11.0,,,0 days 00:01:36.783000,0 days 00:01:36.359000,,,,,,23.4,28.8,61.6,1.7,False
2020,17,Abu Dhabi Grand Prix,Yas Island,Q,2020-12-13,3,RIC,ricciardo,Renault,renault,Daniel,Ricciardo,https://www.formula1.com/content/dam/fom-website/drivers/D/DANRIC01_Daniel_Ricciardo/danric01.png.transform/1col/image.png,12.0,,,0 days 00:01:36.704000,0 days 00:01:36.406000,,,,,,23.4,28.8,61.6,1.7,False
2020,17,Abu Dhabi Grand Prix,Yas Island,Q,2020-12-13,5,VET,vettel,Ferrari,ferrari,Sebastian,Vettel,https://www.formula1.com/content/dam/fom-website/drivers/S/SEBVET01_Sebastian_Vettel/sebvet01.png.transform/1col/image.png,13.0,,,0 days 00:01:36.655000,0 days 00:01:36.631000,,,,,,23.4,28.8,61.6,1.7,False
2020,17,Abu Dhabi Grand Prix,Yas Island,Q,2020-12-13,99,GIO,giovinazzi,Alfa Romeo Racing,alfa,Antonio,Giovinazzi,https://www.formula1.com/content/dam/fom-website/drivers/A/ANTGIO01_Antonio_Giovinazzi/antgio01.png.transform/1col/image.png,14.0,,,0 days 00:01:37.075000,0 days 00:01:38.248000,,,,,,23.4,28.8,61.6,1.7,False
2020,17,Abu Dhabi Grand Prix,Yas Island,Q,2020-12-13,11,PER,perez,Racing Point,racing_point,Sergio,Perez,https://www.formula1.com/content/dam/fom-website/drivers/S/SERPER01_Sergio_Perez/serper01.png.transform/1col/image.png,15.0,,,0 days 00:01:36.034000,,,,,,,23.4,28.8,61.6,1.7,False
2020,17,Abu Dhabi Grand Prix,Yas Island,Q,2020-12-13,7,RAI,raikkonen,Alfa Romeo Racing,alfa,Kimi,Räikkönen,https://www.formula1.com/content/dam/fom-website/drivers/K/KIMRAI01_Kimi_R%C3%A4ikk%C3%B6nen/kimrai01.png.transform/1col/image.png,16.0,,,0 days 00:01:37.555000,,,,,,,23.4,28.8,61.6,1.7,False
2020,17,Abu Dhabi Grand Prix,Yas Island,Q,2020-12-13,20,MAG,kevin_magnussen,Haas F1 Team,haas,Kevin,Magnussen,https://www.formula1.com/content/dam/fom-website/drivers/K/KEVMAG01_Kevin_Magnussen/kevmag01.png.transform/1col/image.png,17.0,,,0 days 00:01:37.863000,,,,,,,23.4,28.8,61.6,1.7,False
2020,17,Abu Dhabi Grand Prix,Yas Island,Q,2020-12-13,63,RUS,russell,Williams,williams,George,Russell,https://www.formula1.com/content/dam/fom-website/drivers/G/GEORUS01_George_Russell/georus01.png.transform/1col/image.png,18.0,,,0 days 00:01:38.045000,,,,,,,23.4,28.8,61.6,1.7,False
2020,17,Abu Dhabi Grand Prix,Yas Island,Q,2020-12-13,51,FIT,pietro_fittipaldi,Haas F1 Team,haas,Pietro,Fittipaldi,None,19.0,,,0 days 00:01:38.173000,,,,,,,23.4,28.8,61.6,1.7,False
2020,17,Abu Dhabi Grand Prix,Yas Island,Q,2020-12-13,6,LAT,latifi,Williams,williams,Nicholas,Latifi,https://www.formula1.com/content/dam/fom-website/drivers/N/NICLAF01_Nicholas_Latifi/niclaf01.png.transform/1col/image.png,20.0,,,0 days 00:01:38.443000,,,,,,,23.4,28.8,61.6,1.7,False
