Season,Round,EventName,Circuit,SessionType,EventDate,DriverNumber,Abbreviation,DriverId,TeamName,TeamId,FirstName,LastName,HeadshotUrl,Position,ClassifiedPosition,GridPosition,Q1,Q2,Q3,Time,Status,Points,Laps,AirTemp_mean,TrackTemp_mean,Humidity_mean,WindSpeed_mean,Rainfall
2022,1,Bahrain Grand Prix,Sakhir,Q,2022-03-20,16,LEC,leclerc,Ferrari,ferrari,Charles,Leclerc,https://www.formula1.com/content/dam/fom-website/drivers/C/CHALEC01_Charles_Leclerc/chalec01.png.transform/1col/image.png,1.0,,,0 days 00:01:31.471000,0 days 00:01:30.932000,0 days 00:01:30.558000,,,,,19.4,25.4,55.6,0.5,False
2022,1,Bahrain Grand Prix,Sakhir,Q,2022-03-20,1,VER,max_verstappen,Red Bull Racing,red_bull,Max,Verstappen,https://www.formula1.com/content/dam/fom-website/drivers/M/MAXVER01_Max_Verstappen/maxver01.png.transform/1col/image.png,2.0,,,0 days 00:01:31.785000,0 days 00:01:30.757000,0 days 00:01:30.681000,,,,,19.4,25.4,55.6,0.5,False
2022,1,Bahrain Grand Prix,Sakhir,Q,2022-03-20,55,SAI,sainz,Ferrari,ferrari,Carlos,Sainz,https://www.formula1.com/content/dam/fom-website/drivers/C/CARSAI01_Carlos_Sainz/carsai01.png.transform/1col/image.png,3.0,,,0 days 00:01:31.567000,0 days 00:01:30.787000,0 days 00:01:30.687000,,,,,19.4,25.4,55.6,0.5,False
2022,1,Bahrain Grand Prix,Sakhir,Q,2022-03-20,11,PER,perez,Red Bull Racing,red_bull,Sergio,Perez,https://www.formula1.com/content/dam/fom-website/drivers/S/SERPER01_Sergio_Perez/serper01.png.transform/1col/image.png,4.0,,,0 days 00:01:32.311000,0 days 00:01:31.008000,0 days 00:01:30.921000,,,,,19.4,25.4,55.6,0.5,False
2022,1,Bahrain Grand Prix,Sakhir,Q,2022-03-20,44,HAM,hamilton,Mercedes,mercedes,Lewis,Hamilton,https://www.formula1.com/content/dam/fom-website/drivers/L/LEWHAM01_Lewis_Hamilton/lewham01.png.transform/1col/image.png,5.0,,,0 days 00:01:32.285000,0 days 00:01:31.048000,0 days 00:01:31.238000,,,,,19.4,25.4,55.6,0.5,False
2022,1,Bahrain Grand Prix,Sakhir,Q,2022-03-20,77,BOT,bottas,Alfa Romeo,alfa,Valtteri,Bottas,https://www.formula1.com/content/dam/fom-website/drivers/V/VALBOT01_Valtteri_Bottas/valbot01.png.transform/1col/image.png,6.0,,,0 days 00:01:31.919000,0 days 00:01:31.717000,0 days 00:01:31.560000,,,,,19.4,25.4,55.6,0.5,False
2022,1,Bahrain Grand Prix,Sakhir,Q,2022-03-20,20,MAG,kevin_magnussen,Haas F1 Team,haas,Kevin,Magnussen,None,7.0,,,0 days 00:01:31.955000,0 days 00:01:31.461000,0 days 00:01:31.808000,,,,,19.4,25.4,55.6,0.5,False
2022,1,Bahrain Grand Prix,Sakhir,Q,2022-03-20,14,ALO,alonso,Alpine,alpine,Fernando,Alonso,https://www.formula1.com/content/dam/fom-website/drivers/F/FERALO01_Fernando_Alonso/feralo01.png.transform/1col/image.png,8.0,,,0 days 00:01:32.346000,0 days 00:01:31.621000,0 days 00:01:32.195000,,,,,19.4,25.4,55.6,0.5,False
2022,1,Bahrain Grand Prix,Sakhir,Q,2022-03-20,63,RUS,russell,Mercedes,mercedes,George,Russell,https://www.formula1.com/content/dam/fom-website/drivers/G/GEORUS01_George_Russell/georus01.png.transform/1col/image.png,9.0,,,0 days 00:01:32.269000,0 days 00:01:31.252000,0 days 00:01:32.216000,,,,,19.4,25.4,55.6,0.5,False
2022,1,Bahrain Grand Prix,Sakhir,Q,2022-03-20,10,GAS,gasly,AlphaTauri,alphatauri,Pierre,Gasly,https://www.formula1.com/content/dam/fom-website/drivers/P/PIEGAS01_Pierre_Gasly/piegas01.png.transform/1col/image.png,10.0,,,0 days 00:01:32.096000,0 days 00:01:31.635000,0 days 00:01:32.338000,,,,,19.4,25.4,55.6,0.5,False
2022,1,Bahrain Grand Prix,Sakhir,Q,2022-03-20,31,OCO,ocon,Alpine,alpine,Esteban,Ocon,https://www.formula1.com/content/dam/fom-website/drivers/E/ESTOCO01_Esteban_Ocon/estoco01.png.transform/1col/image.png,11.0,,,0 days 00:01:32.041000,0 days 00:01:31.782000,,,,,,19.4,25.4,55.6,0.5,False
2022,1,Bahrain Grand Prix,Sakhir,Q,2022-03-20,47,MSC,mick_schumacher,Haas F1 Team,haas,Mick,Schumacher,https://www.formula1.com/content/dam/fom-website/drivers/M/MICSCH02_Mick_Schumacher/micsch02.png.transform/1col/image.png,12.0,,,0 days 00:01:32.380000,0 days 00:01:31.998000,,,,,,19.4,25.4,55.6,0.5,False
2022,1,Bahrain Grand Prix,Sakhir,Q,2022-03-20,4,NOR,norris,McLaren,mclaren,Lando,Norris,https://www.formula1.com/content/dam/fom-website/drivers/L/LANNOR01_Lando_Norris/lannor01.png.transform/1col/image.png,13.0,,,0 days 00:01:32.239000,0 days 00:01:32.008000,,,,,,19.4,25.4,55.6,0.5,False
2022,1,Bahrain Grand Prix,Sakhir,Q,2022-03-20,23,ALB,albon,Williams,williams,Alexander,Albon,https://www.formula1.com/content/dam/fom-website/drivers/A/ALEALB01_Alexander_Albon/alealb01.png.transform/1col/image.png,14.0,,,0 days 00:01:32.726000,0 days 00:01:32.664000,,,,,,19.4,25.4,55.6,0.5,False
2022,1,Bahrain Grand Prix,Sakhir,Q,2022-03-20,24,ZHO,zhou,Alfa Romeo,alfa,Guanyu,Zhou,https://www.formula1.com/content/dam/fom-website/drivers/G/GUAZHO01_Guanyu_Zhou/guazho01.png.transform/1col/image.png,15.0,,,0 days 00:01:32.493000,0 days 00:01:33.543000,,,,,,19.4,25.4,55.6,0.5,False
2022,1,Bahrain Grand Prix,Sakhir,Q,2022-03-20,22,TSU,tsunoda,AlphaTauri,alphatauri,Yuki,Tsunoda,https://www.formula1.com/content/dam/fom-website/drivers/Y/YUKTSU01_Yuki_Tsunoda/yuktsu01.png.transform/1col/image.png,16.0,,,0 days 00:01:32.750000,,,,,,,19.4,25.4,55.6,0.5,False
2022,1,Bahrain Grand Prix,Sakhir,Q,2022-03-20,27,HUL,hulkenberg,Aston Martin,aston_martin,Nico,Hulkenberg,None,17.0,,,0 days 00:01:32.777000,,,,,,,19.4,25.4,55.6,0.5,False
2022,1,Bahrain Grand Prix,Sakhir,Q,2022-03-20,3,RIC,ricciardo,McLaren,mclaren,Daniel,Ricciardo,https://www.formula1.com/content/dam/fom-website/drivers/D/DANRIC01_Daniel_Ricciardo/danric01.png.transform/1col/image.png,18.0,,,0 days 00:01:32.945000,,,,,,,19.4,25.4,55.6,0.5,False
2022,1,Bahrain Grand Prix,Sakhir,Q,2022-03-20,18,STR,stroll,Aston Martin,aston_martin,Lance,Stroll,https://www.formula1.com/content/dam/fom-website/drivers/L/LANSTR01_Lance_Stroll/lanstr01.png.transform/1col/image.png,19.0,,,0 days 00:01:33.032000,,,,,,,19.4,25.4,55.6,0.5,False
2022,1,Bahrain Grand Prix,Sakhir,Q,2022-03-20,6,LAT,latifi,Williams,williams,Nicholas,Latifi,https://www.formula1.com/content/dam/fom-website/drivers/N/NICLAF01_Nicholas_Latifi/niclaf01.png.transform/1col/image.png,20.0,,,0 days 00:01:33.634000,,,,,,,19.4,25.4,55.6,0.5,False
2022,2,Saudi Arabian Grand Prix,Jeddah,Q,2022-03-27,11,PER,perez,Red Bull Racing,red_bull,Sergio,Perez,https://www.formula1.com/content/dam/fom-website/drivers/S/SERPER01_Sergio_Perez/serper01.png.transform/1col/image.png,1.0,,,0 days 00:01:29.705000,0 days 00:01:28.924000,0 days 00:01:28.200000,,,,,23.5,25.4,58.7,3.0,False
2022,2,Saudi Arabian Grand Prix,Jeddah,Q,2022-03-27,16,LEC,leclerc,Ferrari,ferrari,Charles,Leclerc,https://www.formula1.com/content/dam/fom-website/drivers/C/CHALEC01_Charles_Leclerc/chalec01.png.transform/1col/image.png,2.0,,,0 days 00:01:29.039000,0 days 00:01:28.780000,0 days 00:01:28.225000,,,,,23.5,25.4,58.7,3.0,False
2022,2,Saudi Arabian Grand Prix,Jeddah,Q,2022-03-27,55,SAI,sainz,Ferrari,ferrari,Carlos,Sainz,https://www.formula1.com/content/dam/fom-website/drivers/C/CARSAI01_Carlos_Sainz/carsai01.png.transform/1col/image.png,3.0,,,0 days 00:01:28.855000,0 days 00:01:28.686000,0 days 00:01:28.402000,,,,,23.5,25.4,58.7,3.0,False
2022,2,Saudi Arabian Grand Prix,Jeddah,Q,2022-03-27,1,VER,max_verstappen,Red Bull Racing,red_bull,Max,Verstappen,https://www.formula1.com/content/dam/fom-website/drivers/M/MAXVER01_Max_Verstappen/maxver01.png.transform/1col/image.png,4.0,,,0 days 00:01:28.928000,0 days 00:01:28.945000,0 days 00:01:28.461000,,,,,23.5,25.4,58.7,3.0,False
2022,2,Saudi Arabian Grand Prix,Jeddah,Q,2022-03-27,31,OCO,ocon,Alpine,alpine,Esteban,Ocon,https://www.formula1.com/content/dam/fom-website/drivers/E/ESTOCO01_Esteban_Ocon/estoco01.png.transform/1col/image.png,5.0,,,0 days 00:01:30.093000,0 days 00:01:29.584000,0 days 00:01:29.068000,,,,,23.5,25.4,58.7,3.0,False
2022,2,Saudi Arabian Grand Prix,Jeddah,Q,2022-03-27,63,RUS,russell,Mercedes,mercedes,George,Russell,https://www.formula1.com/content/dam/fom-website/drivers/G/GEORUS01_George_Russell/georus01.png.transform/1col/image.png,6.0,,,0 days 00:01:29.680000,0 days 00:01:29.618000,0 days 00:01:29.104000,,,,,23.5,25.4,58.7,3.0,False
2022,2,Saudi Arabian Grand Prix,Jeddah,Q,2022-03-27,14,ALO,alonso,Alpine,alpine,Fernando,Alonso,https://www.formula1.com/content/dam/fom-website/drivers/F/FERALO01_Fernando_Alonso/feralo01.png.transform/1col/image.png,7.0,,,0 days 00:01:29.978000,0 days 00:01:29.295000,0 days 00:01:29.147000,,,,,23.5,25.4,58.7,3.0,False
2022,2,Saudi Arabian Grand Prix,Jeddah,Q,2022-03-27,77,BOT,bottas,Alfa Romeo,alfa,Valtteri,Bottas,https://www.formula1.com/content/dam/fom-website/drivers/V/VALBOT01_Valtteri_Bottas/valbot01.png.transform/1col/image.png,8.0,,,0 days 00:01:29.683000,0 days 00:01:29.404000,0 days 00:01:29.183000,,,,,23.5,25.4,58.7,3.0,False
2022,2,Saudi Arabian Grand Prix,Jeddah,Q,2022-03-27,10,GAS,gasly,AlphaTauri,alphatauri,Pierre,Gasly,https://www.formula1.com/content/dam/fom-website/drivers/P/PIEGAS01_Pierre_Gasly/piegas01.png.transform/1col/image.png,9.0,,,0 days 00:01:29.891000,0 days 00:01:29.418000,0 days 00:01:29.254000,,,,,23.5,25.4,58.7,3.0,False
2022,2,Saudi Arabian Grand Prix,Jeddah,Q,2022-03-27,20,MAG,kevin_magnussen,Haas F1 Team,haas,Kevin,Magnussen,None,10.0,,,0 days 00:01:29.831000,0 days 00:01:29.546000,0 days 00:01:29.588000,,,,,23.5,25.4,58.7,3.0,False
2022,2,Saudi Arabian Grand Prix,Jeddah,Q,2022-03-27,4,NOR,norris,McLaren,mclaren,Lando,Norris,https://www.formula1.com/content/dam/fom-website/drivers/L/LANNOR01_Lando_Norris/lannor01.png.transform/1col/image.png,11.0,,,0 days 00:01:29.957000,0 days 00:01:29.651000,,,,,,23.5,25.4,58.7,3.0,False
2022,2,Saudi Arabian Grand Prix,Jeddah,Q,2022-03-27,3,RIC,ricciardo,McLaren,mclaren,Daniel,Ricciardo,https://www.formula1.com/content/dam/fom-website/drivers/D/DANRIC01_Daniel_Ricciardo/danric01.png.transform/1col/image.png,12.0,,,0 days 00:01:30.009000,0 days 00:01:29.773000,,,,,,23.5,25.4,58.7,3.0,False
2022,2,Saudi Arabian Grand Prix,Jeddah,Q,2022-03-27,24,ZHO,zhou,Alfa Romeo,alfa,Guanyu,Zhou,https://www.formula1.com/content/dam/fom-website/drivers/G/GUAZHO01_Guanyu_Zhou/guazho01.png.transform/1col/image.png,13.0,,,0 days 00:01:29.978000,0 days 00:01:29.819000,,,,,,23.5,25.4,58.7,3.0,False
2022,2,Saudi Arabian Grand Prix,Jeddah,Q,2022-03-27,47,MSC,mick_schumacher,Haas F1 Team,haas,Mick,Schumacher,https://www.formula1.com/content/dam/fom-website/drivers/M/MICSCH02_Mick_Schumacher/micsch02.png.transform/1col/image.png,14.0,,,0 days 00:01:30.167000,0 days 00:01:29.920000,,,,,,23.5,25.4,58.7,3.0,False
2022,2,Saudi Arabian Grand Prix,Jeddah,Q,2022-03-27,18,STR,stroll,Aston Martin,aston_martin,Lance,Stroll,https://www.formula1.com/content/dam/fom-website/drivers/L/LANSTR01_Lance_Stroll/lanstr01.png.transform/1col/image.png,15.0,,,0 days 00:01:30.256000,0 days 00:01:31.009000,,,,,,23.5,25.4,58.7,3.0,False
2022,2,Saudi Arabian Grand Prix,Jeddah,Q,2022-03-27,44,HAM,hamilton,Mercedes,mercedes,Lewis,Hamilton,https://www.formula1.com/content/dam/fom-website/drivers/L/LEWHAM01_Lewis_Hamilton/lewham01.png.transform/1col/image.png,16.0,,,0 days 00:01:30.343000,,,,,,,23.5,25.4,58.7,3.0,False
2022,2,Saudi Arabian Grand Prix,Jeddah,Q,2022-03-27,23,ALB,albon,Williams,williams,Alexander,Albon,https://www.formula1.com/content/dam/fom-website/drivers/A/ALEALB01_Alexander_Albon/alealb01.png.transform/1col/image.png,17.0,,,0 days 00:01:30.492000,,,,,,,23.5,25.4,58.7,3.0,False
2022,2,Saudi Arabian Grand Prix,Jeddah,Q,2022-03-27,27,HUL,hulkenberg,Aston Martin,aston_martin,Nico,Hulkenberg,None,18.0,,,0 days 00:01:30.543000,,,,,,,23.5,25.4,58.7,3.0,False
2022,2,Saudi Arabian Grand Prix,Jeddah,Q,2022-03-27,6,LAT,latifi,Williams,williams,Nicholas,Latifi,https://www.formula1.com/content/dam/fom-website/drivers/N/NICLAF01_Nicholas_Latifi/niclaf01.png.transform/1col/image.png,19.0,,,0 days 00:01:31.817000,,,,,,,23.5,25.4,58.7,3.0,False
2022,2,Saudi Arabian Grand Prix,Jeddah,Q,2022-03-27,22,TSU,tsunoda,AlphaTauri,alphatauri,Yuki,Tsunoda,https://www.formula1.com/content/dam/fom-website/drivers/Y/YUKTSU01_Yuki_Tsunoda/yuktsu01.png.transform/1col/image.png,20.0,,,,,,,,,,23.5,25.4,58.7,3.0,False
2022,3,Australian Grand Prix,Melbourne,Q,2022-04-10,16,LEC,leclerc,Ferrari,ferrari,Charles,Leclerc,https://www.formula1.com/content/dam/fom-website/drivers/C/CHALEC01_Charles_Leclerc/chalec01.png.transform/1col/image.png,1.0,,,0 days 00:01:18.881000,0 days 00:01:18.606000,0 days 00:01:17.868000,,,,,23.2,29.2,57.7,1.2,False
2022,3,Australian Grand Prix,Melbourne,Q,2022-04-10,1,VER,max_verstappen,Red Bull Racing,red_bull,Max,Verstappen,https://www.formula1.com/content/dam/fom-website/drivers/M/MAXVER01_Max_Verstappen/maxver01.png.transform/1col/image.png,2.0,,,0 days 00:01:18.580000,0 days 00:01:18.611000,0 days 00:01:18.154000,,,,,23.2,29.2,57.7,1.2,False
2022,3,Australian Grand Prix,Melbourne,Q,2022-04-10,11,PER,perez,Red Bull Racing,red_bull,Sergio,Perez,https://www.formula1.com/content/dam/fom-website/drivers/S/SERPER01_Sergio_Perez/serper01.png.transform/1col/image.png,3.0,,,0 days 00:01:18.834000,0 days 00:01:18.340000,0 days 00:01:18.240000,,,,,23.2,29.2,57.7,1.2,False
2022,3,Australian Grand Prix,Melbourne,Q,2022-04-10,4,NOR,norris,McLaren,mclaren,Lando,Norris,https://www.formula1.com/content/dam/fom-website/drivers/L/LANNOR01_Lando_Norris/lannor01.png.transform/1col/image.png,4.0,,,0 days 00:01:19.280000,0 days 00:01:19.066000,0 days 00:01:18.703000,,,,,23.2,29.2,57.7,1.2,False
2022,3,Australian Grand Prix,Melbourne,Q,2022-04-10,44,HAM,hamilton,Mercedes,mercedes,Lewis,Hamilton,https://www.formula1.com/content/dam/fom-website/drivers/L/LEWHAM01_Lewis_Hamilton/lewham01.png.transform/1col/image.png,5.0,,,0 days 00:01:19.401000,0 days 00:01:19.106000,0 days 00:01:18.825000,,,,,23.2,29.2,57.7,1.2,False
2022,3,Australian Grand Prix,Melbourne,Q,2022-04-10,63,RUS,russell,Mercedes,mercedes,George,Russell,https://www.formula1.com/content/dam/fom-website/drivers/G/GEORUS01_George_Russell/georus01.png.transform/1col/image.png,6.0,,,0 days 00:01:19.405000,0 days 00:01:19.076000,0 days 00:01:18.933000,,,,,23.2,29.2,57.7,1.2,False
2022,3,Australian Grand Prix,Melbourne,Q,2022-04-10,3,RIC,ricciardo,McLaren,mclaren,Daniel,Ricciardo,https://www.formula1.com/content/dam/fom-website/drivers/D/DANRIC01_Daniel_Ricciardo/danric01.png.transform/1col/image.png,7.0,,,0 days 00:01:19.665000,0 days 00:01:19.130000,0 days 00:01:19.032000,,,,,23.2,29.2,57.7,1.2,False
2022,3,Australian Grand Prix,Melbourne,Q,2022-04-10,31,OCO,ocon,Alpine,alpine,Esteban,Ocon,https://www.formula1.com/content/dam/fom-website/drivers/E/ESTOCO01_Esteban_Ocon/estoco01.png.transform/1col/image.png,8.0,,,0 days 00:01:19.605000,0 days 00:01:19.136000,0 days 00:01:19.061000,,,,,23.2,29.2,57.7,1.2,False
2022,3,Australian Grand Prix,Melbourne,Q,2022-04-10,55,SAI,sainz,Ferrari,ferrari,Carlos,Sainz,https://www.formula1.com/content/dam/fom-website/drivers/C/CARSAI01_Carlos_Sainz/carsai01.png.transform/1col/image.png,9.0,,,0 days 00:01:18.983000,0 days 00:01:18.469000,0 days 00:01:19.408000,,,,,23.2,29.2,57.7,1.2,False
2022,3,Australian Grand Prix,Melbourne,Q,2022-04-10,14,ALO,alonso,Alpine,alpine,Fernando,Alonso,https://www.formula1.com/content/dam/fom-website/drivers/F/FERALO01_Fernando_Alonso/feralo01.png.transform/1col/image.png,10.0,,,0 days 00:01:19.192000,0 days 00:01:18.815000,,,,,,23.2,29.2,57.7,1.2,False
2022,3,Australian Grand Prix,Melbourne,Q,2022-04-10,10,GAS,gasly,AlphaTauri,alphatauri,Pierre,Gasly,https://www.formula1.com/content/dam/fom-website/drivers/P/PIEGAS01_Pierre_Gasly/piegas01.png.transform/1col/image.png,11.0,,,0 days 00:01:19.580000,0 days 00:01:19.226000,,,,,,23.2,29.2,57.7,1.2,False
2022,3,Australian Grand Prix,Melbourne,Q,2022-04-10,77,BOT,bottas,Alfa Romeo,alfa,Valtteri,Bottas,https://www.formula1.com/content/dam/fom-website/drivers/V/VALBOT01_Valtteri_Bottas/valbot01.png.transform/1col/image.png,12.0,,,0 days 00:01:19.251000,0 days 00:01:19.410000,,,,,,23.2,29.2,57.7,1.2,False
2022,3,Australian Grand Prix,Melbourne,Q,2022-04-10,22,TSU,tsunoda,AlphaTauri,alphatauri,Yuki,Tsunoda,https://www.formula1.com/content/dam/fom-website/drivers/Y/YUKTSU01_Yuki_Tsunoda/yuktsu01.png.transform/1col/image.png,13.0,,,0 days 00:01:19.742000,0 days 00:01:19.424000,,,,,,23.2,29.2,57.7,1.2,False
2022,3,Australian Grand Prix,Melbourne,Q,2022-04-10,24,ZHO,zhou,Alfa Romeo,alfa,Guanyu,Zhou,https://www.formula1.com/content/dam/fom-website/drivers/G/GUAZHO01_Guanyu_Zhou/guazho01.png.transform/1col/image.png,14.0,,,0 days 00:01:19.910000,0 days 00:01:20.155000,,,,,,23.2,29.2,57.7,1.2,False
2022,3,Australian Grand Prix,Melbourne,Q,2022-04-10,47,MSC,mick_schumacher,Haas F1 Team,haas,Mick,Schumacher,https://www.formula1.com/content/dam/fom-website/drivers/M/MICSCH02_Mick_Schumacher/micsch02.png.transform/1col/image.png,15.0,,,0 days 00:01:20.104000,0 days 00:01:20.465000,,,,,,23.2,29.2,57.7,1.2,False
2022,3,Australian Grand Prix,Melbourne,Q,2022-04-10,23,ALB,albon,Williams,williams,Alexander,Albon,https://www.formula1.com/content/dam/fom-website/drivers/A/ALEALB01_Alexander_Albon/alealb01.png.transform/1col/image.png,16.0,,,0 days 00:01:20.135000,,,,,,,23.2,29.2,57.7,1.2,False
2022,3,Australian Grand Prix,Melbourne,Q,2022-04-10,20,MAG,kevin_magnussen,Haas F1 Team,haas,Kevin,Magnussen,None,17.0,,,0 days 00:01:20.254000,,,,,,,23.2,29.2,57.7,1.2,False
2022,3,Australian Grand Prix,Melbourne,Q,2022-04-10,5,VET,vettel,Aston Martin,aston_martin,Sebastian,Vettel,https://www.formula1.com/content/dam/fom-website/drivers/S/SEBVET01_Sebastian_Vettel/sebvet01.png.transform/1col/image.png,18.0,,,0 days 00:01:21.149000,,,,,,,23.2,29.2,57.7,1.2,False
2022,3,Australian Grand Prix,Melbourne,Q,2022-04-10,6,LAT,latifi,Williams,williams,Nicholas,Latifi,https://www.formula1.com/content/dam/fom-website/drivers/N/NICLAF01_Nicholas_Latifi/niclaf01.png.transform/1col/image.png,19.0,,,0 days 00:01:21.372000,,,,,,,23.2,29.2,57.7,1.2,False
2022,3,Australian Grand Prix,Melbourne,Q,2022-04-10,18,STR,stroll,Aston Martin,aston_martin,Lance,Stroll,https://www.formula1.com/content/dam/fom-website/drivers/L/LANSTR01_Lance_Stroll/lanstr01.png.transform/1col/image.png,20.0,,,,,,,,,,23.2,29.2,57.7,1.2,False
2022,4,Emilia Romagna Grand Prix,Imola,Q,2022-04-24,1,VER,max_verstappen,Red Bull Racing,red_bull,Max,Verstappen,https://www.formula1.com/content/dam/fom-website/drivers/M/MAXVER01_Max_Verstappen/maxver01.png.transform/1col/image.png,1.0,,,0 days 00:01:19.295000,0 days 00:01:18.793000,0 days 00:01:27.999000,,,,,12.4,14.3,86.4,2.2,True
2022,4,Emilia Romagna Grand Prix,Imola,Q,2022-04-24,16,LEC,leclerc,Ferrari,ferrari,Charles,Leclerc,https://www.formula1.com/content/dam/fom-website/drivers/C/CHALEC01_Charles_Leclerc/chalec01.png.transform/1col/image.png,2.0,,,0 days 00:01:18.796000,0 days 00:01:19.584000,0 days 00:01:28.778000,,,,,12.4,14.3,86.4,2.2,True
2022,4,Emilia Romagna Grand Prix,Imola,Q,2022-04-24,4,NOR,norris,McLaren,mclaren,Lando,Norris,https://www.formula1.com/content/dam/fom-website/drivers/L/LANNOR01_Lando_Norris/lannor01.png.transform/1col/image.png,3.0,,,0 days 00:01:20.168000,0 days 00:01:19.294000,0 days 00:01:29.131000,,,,,12.4,14.3,86.4,2.2,True
2022,4,Emilia Romagna Grand Prix,Imola,Q,2022-04-24,20,MAG,kevin_magnussen,Haas F1 Team,haas,Kevin,Magnussen,None,4.0,,,0 days 00:01:20.147000,0 days 00:01:19.902000,0 days 00:01:29.164000,,,,,12.4,14.3,86.4,2.2,True
2022,4,Emilia Romagna Grand Prix,Imola,Q,2022-04-24,14,ALO,alonso,Alpine,alpine,Fernando,Alonso,https://www.formula1.com/content/dam/fom-website/drivers/F/FERALO01_Fernando_Alonso/feralo01.png.transform/1col/image.png,5.0,,,0 days 00:01:20.198000,0 days 00:01:19.595000,0 days 00:01:29.202000,,,,,12.4,14.3,86.4,2.2,True
2022,4,Emilia Romagna Grand Prix,Imola,Q,2022-04-24,3,RIC,ricciardo,McLaren,mclaren,Daniel,Ricciardo,https://www.formula1.com/content/dam/fom-website/drivers/D/DANRIC01_Daniel_Ricciardo/danric01.png.transform/1col/image.png,6.0,,,0 days 00:01:19.980000,0 days 00:01:20.031000,0 days 00:01:29.742000,,,,,12.4,14.3,86.4,2.2,True
2022,4,Emilia Romagna Grand Prix,Imola,Q,2022-04-24,11,PER,perez,Red Bull Racing,red_bull,Sergio,Perez,https://www.formula1.com/content/dam/fom-website/drivers/S/SERPER01_Sergio_Perez/serper01.png.transform/1col/image.png,7.0,,,0 days 00:01:19.773000,0 days 00:01:19.296000,0 days 00:01:29.808000,,,,,12.4,14.3,86.4,2.2,True
2022,4,Emilia Romagna Grand Prix,Imola,Q,2022-04-24,77,BOT,bottas,Alfa Romeo,alfa,Valtteri,Bottas,https://www.formula1.com/content/dam/fom-website/drivers/V/VALBOT01_Valtteri_Bottas/valbot01.png.transform/1col/image.png,8.0,,,0 days 00:01:20.419000,0 days 00:01:20.192000,0 days 00:01:30.439000,,,,,12.4,14.3,86.4,2.2,True
2022,4,Emilia Romagna Grand Prix,Imola,Q,2022-04-24,5,VET,vettel,Aston Martin,aston_martin,Sebastian,Vettel,https://www.formula1.com/content/dam/fom-website/drivers/S/SEBVET01_Sebastian_Vettel/sebvet01.png.transform/1col/image.png,9.0,,,0 days 00:01:20.364000,0 days 00:01:19.957000,0 days 00:01:31.062000,,,,,12.4,14.3,86.4,2.2,True
2022,4,Emilia Romagna Grand Prix,Imola,Q,2022-04-24,55,SAI,sainz,Ferrari,ferrari,Carlos,Sainz,https://www.formula1.com/content/dam/fom-website/drivers/C/CARSAI01_Carlos_Sainz/carsai01.png.transform/1col/image.png,10.0,,,0 days 00:01:19.305000,0 days 00:01:18.990000,,,,,,12.4,14.3,86.4,2.2,True
2022,4,Emilia Romagna Grand Prix,Imola,Q,2022-04-24,63,RUS,russell,Mercedes,mercedes,George,Russell,https://www.formula1.com/content/dam/fom-website/drivers/G/GEORUS01_George_Russell/georus01.png.transform/1col/image.png,11.0,,,0 days 00:01:20.383000,0 days 00:01:20.757000,,,,,,12.4,14.3,86.4,2.2,True
2022,4,Emilia Romagna Grand Prix,Imola,Q,2022-04-24,47,MSC,mick_schumacher,Haas F1 Team,haas,Mick,Schumacher,https://www.formula1.com/content/dam/fom-website/drivers/M/MICSCH02_Mick_Schumacher/micsch02.png.transform/1col/image.png,12.0,,,0 days 00:01:20.422000,0 days 00:01:20.916000,,,,,,12.4,14.3,86.4,2.2,True
2022,4,Emilia Romagna Grand Prix,Imola,Q,2022-04-24,44,HAM,hamilton,Mercedes,mercedes,Lewis,Hamilton,https://www.formula1.com/content/dam/fom-website/drivers/L/LEWHAM01_Lewis_Hamilton/lewham01.png.transform/1col/image.png,13.0,,,0 days 00:01:20.470000,0 days 00:01:21.138000,,,,,,12.4,14.3,86.4,2.2,True
2022,4,Emilia Romagna Grand Prix,Imola,Q,2022-04-24,24,ZHO,zhou,Alfa Romeo,alfa,Guanyu,Zhou,https://www.formula1.com/content/dam/fom-website/drivers/G/GUAZHO01_Guanyu_Zhou/guazho01.png.transform/1col/image.png,14.0,,,0 days 00:01:19.730000,0 days 00:01:21.434000,,,,,,12.4,14.3,86.4,2.2,True
2022,4,Emilia Romagna Grand Prix,Imola,Q,2022-04-24,18,STR,stroll,Aston Martin,aston_martin,Lance,Stroll,https://www.formula1.com/content/dam/fom-website/drivers/L/LANSTR01_Lance_Stroll/lanstr01.png.transform/1col/image.png,15.0,,,0 days 00:01:20.342000,0 days 00:01:28.119000,,,,,,12.4,14.3,86.4,2.2,True
2022,4,Emilia Romagna Grand Prix,Imola,Q,2022-04-24,22,TSU,tsunoda,AlphaTauri,alphatauri,Yuki,Tsunoda,https://www.formula1.com/content/dam/fom-website/drivers/Y/YUKTSU01_Yuki_Tsunoda/yuktsu01.png.transform/1col/image.png,16.0,,,0 days 00:01:20.474000,,,,,,,12.4,14.3,86.4,2.2,True
2022,4,Emilia Romagna Grand Prix,Imola,Q,2022-04-24,10,GAS,gasly,AlphaTauri,alphatauri,Pierre,Gasly,https://www.formula1.com/content/dam/fom-website/drivers/P/PIEGAS01_Pierre_Gasly/piegas01.png.transform/1col/image.png,17.0,,,0 days 00:01:20.732000,,,,,,,12.4,14.3,86.4,2.2,True
2022,4,Emilia Romagna Grand Prix,Imola,Q,2022-04-24,6,LAT,latifi,Williams,williams,Nicholas,Latifi,https://www.formula1.com/content/dam/fom-website/drivers/N/NICLAF01_Nicholas_Latifi/niclaf01.png.transform/1col/image.png,18.0,,,0 days 00:01:21.971000,,,,,,,12.4,14.3,86.4,2.2,True
2022,4,Emilia Romagna Grand Prix,Imola,Q,2022-04-24,31,OCO,ocon,Alpine,alpine,Esteban,Ocon,https://www.formula1.com/content/dam/fom-website/drivers/E/ESTOCO01_Esteban_Ocon/estoco01.png.transform/1col/image.png,19.0,,,0 days 00:01:22.338000,,,,,,,12.4,14.3,86.4,2.2,True
2022,4,Emilia Romagna Grand Prix,Imola,Q,2022-04-24,23,ALB,albon,Williams,williams,Alexander,Albon,https://www.formula1.com/content/dam/fom-website/drivers/A/ALEALB01_Alexander_Albon/alealb01.png.transform/1col/image.png,20.0,,,,,,,,,,12.4,14.3,86.4,2.2,True
2022,5,Miami Grand Prix,Miami,Q,2022-05-08,16,LEC,leclerc,Ferrari,ferrari,Charles,Leclerc,https://www.formula1.com/content/dam/fom-website/drivers/C/CHALEC01_Charles_Leclerc/chalec01.png.transform/1col/image.png,1.0,,,0 days 00:01:29.474000,0 days 00:01:29.130000,0 days 00:01:28.796000,,,,,33.2,51.2,39.4,1.7,False
2022,5,Miami Grand Prix,Miami,Q,2022-05-08,55,SAI,sainz,Ferrari,ferrari,Carlos,Sainz,https://www.formula1.com/content/dam/fom-website/drivers/C/CARSAI01_Carlos_Sainz/carsai01.png.transform/1col/image.png,2.0,,,0 days 00:01:30.079000,0 days 00:01:29.729000,0 days 00:01:28.986000,,,,,33.2,51.2,39.4,1.7,False
2022,5,Miami Grand Prix,Miami,Q,2022-05-08,1,VER,max_verstappen,Red Bull Racing,red_bull,Max,Verstappen,https://www.formula1.com/content/dam/fom-website/drivers/M/MAXVER01_Max_Verstappen/maxver01.png.transform/1col/image.png,3.0,,,0 days 00:01:29.836000,0 days 00:01:29.202000,0 days 00:01:28.991000,,,,,33.2,51.2,39.4,1.7,False
2022,5,Miami Grand Prix,Miami,Q,2022-05-08,11,PER,perez,Red Bull Racing,red_bull,Sergio,Perez,https://www.formula1.com/content/dam/fom-website/drivers/S/SERPER01_Sergio_Perez/serper01.png.transform/1col/image.png,4.0,,,0 days 00:01:30.055000,0 days 00:01:29.673000,0 days 00:01:29.036000,,,,,33.2,51.2,39.4,1.7,False
2022,5,Miami Grand Prix,Miami,Q,2022-05-08,77,BOT,bottas,Alfa Romeo,alfa,Valtteri,Bottas,https://www.formula1.com/content/dam/fom-website/drivers/V/VALBOT01_Valtteri_Bottas/valbot01.png.transform/1col/image.png,5.0,,,0 days 00:01:30.845000,0 days 00:01:29.751000,0 days 00:01:29.475000,,,,,33.2,51.2,39.4,1.7,False
2022,5,Miami Grand Prix,Miami,Q,2022-05-08,44,HAM,hamilton,Mercedes,mercedes,Lewis,Hamilton,https://www.formula1.com/content/dam/fom-website/drivers/L/LEWHAM01_Lewis_Hamilton/lewham01.png.transform/1col/image.png,6.0,,,0 days 00:01:30.388000,0 days 00:01:29.797000,0 days 00:01:29.625000,,,,,33.2,51.2,39.4,1.7,False
2022,5,Miami Grand Prix,Miami,Q,2022-05-08,10,GAS,gasly,AlphaTauri,alphatauri,Pierre,Gasly,https://www.formula1.com/content/dam/fom-website/drivers/P/PIEGAS01_Pierre_Gasly/piegas01.png.transform/1col/image.png,7.0,,,0 days 00:01:30.779000,0 days 00:01:30.128000,0 days 00:01:29.690000,,,,,33.2,51.2,39.4,1.7,False
2022,5,Miami Grand Prix,Miami,Q,2022-05-08,4,NOR,norris,McLaren,mclaren,Lando,Norris,https://www.formula1.com/content/dam/fom-website/drivers/L/LANNOR01_Lando_Norris/lannor01.png.transform/1col/image.png,8.0,,,0 days 00:01:30.761000,0 days 00:01:29.634000,0 days 00:01:29.750000,,,,,33.2,51.2,39.4,1.7,False
2022,5,Miami Grand Prix,Miami,Q,2022-05-08,22,TSU,tsunoda,AlphaTauri,alphatauri,Yuki,Tsunoda,https://www.formula1.com/content/dam/fom-website/drivers/Y/YUKTSU01_Yuki_Tsunoda/yuktsu01.png.transform/1col/image.png,9.0,,,0 days 00:01:30.485000,0 days 00:01:30.031000,0 days 00:01:29.932000,,,,,33.2,51.2,39.4,1.7,False
2022,5,Miami Grand Prix,Miami,Q,2022-05-08,18,STR,stroll,Aston Martin,aston_martin,Lance,Stroll,https://www.formula1.com/content/dam/fom-website/drivers/L/LANSTR01_Lance_Stroll/lanstr01.png.transform/1col/image.png,10.0,,,0 days 00:01:30.441000,0 days 00:01:29.996000,0 days 00:01:30.676000,,,,,33.2,51.2,39.4,1.7,False
2022,5,Miami Grand Prix,Miami,Q,2022-05-08,14,ALO,alonso,Alpine,alpine,Fernando,Alonso,https://www.formula1.com/content/dam/fom-website/drivers/F/FERALO01_Fernando_Alonso/feralo01.png.transform/1col/image.png,11.0,,,0 days 00:01:30.407000,0 days 00:01:30.160000,,,,,,33.2,51.2,39.4,1.7,False
2022,5,Miami Grand Prix,Miami,Q,2022-05-08,63,RUS,russell,Mercedes,mercedes,George,Russell,https://www.formula1.com/content/dam/fom-website/drivers/G/GEORUS01_George_Russell/georus01.png.transform/1col/image.png,12.0,,,0 days 00:01:30.490000,0 days 00:01:30.173000,,,,,,33.2,51.2,39.4,1.7,False
2022,5,Miami Grand Prix,Miami,Q,2022-05-08,5,VET,vettel,Aston Martin,aston_martin,Sebastian,Vettel,https://www.formula1.com/content/dam/fom-website/drivers/S/SEBVET01_Sebastian_Vettel/sebvet01.png.transform/1col/image.png,13.0,,,0 days 00:01:30.677000,0 days 00:01:30.214000,,,,,,33.2,51.2,39.4,1.7,False
2022,5,Miami Grand Prix,Miami,Q,2022-05-08,3,RIC,ricciardo,McLaren,mclaren,Daniel,Ricciardo,https://www.formula1.com/content/dam/fom-website/drivers/D/DANRIC01_Daniel_Ricciardo/danric01.png.transform/1col/image.png,14.0,,,0 days 00:01:30.583000,0 days 00:01:30.310000,,,,,,33.2,51.2,39.4,1.7,False
2022,5,Miami Grand Prix,Miami,Q,2022-05-08,47,MSC,mick_schumacher,Haas F1 Team,haas,Mick,Schumacher,https://www.formula1.com/content/dam/fom-website/drivers/M/MICSCH02_Mick_Schumacher/micsch02.png.transform/1col/image.png,15.0,,,0 days 00:01:30.645000,0 days 00:01:30.423000,,,,,,33.2,51.2,39.4,1.7,False
2022,5,Miami Grand Prix,Miami,Q,2022-05-08,20,MAG,kevin_magnussen,Haas F1 Team,haas,Kevin,Magnussen,None,16.0,,,0 days 00:01:30.975000,,,,,,,33.2,51.2,39.4,1.7,False
2022,5,Miami Grand Prix,Miami,Q,2022-05-08,24,ZHO,zhou,Alfa Romeo,alfa,Guanyu,Zhou,https://www.formula1.com/content/dam/fom-website/drivers/G/GUAZHO01_Guanyu_Zhou/guazho01.png.transform/1col/image.png,17.0,,,0 days 00:01:31.020000,,,,,,,33.2,51.2,39.4,1.7,False
2022,5,Miami Grand Prix,Miami,Q,2022-05-08,23,ALB,albon,Williams,williams,Alexander,Albon,https://www.formula1.com/content/dam/fom-website/drivers/A/ALEALB01_Alexander_Albon/alealb01.png.transform/1col/image.png,18.0,,,0 days 00:01:31.266000,,,,,,,33.2,51.2,39.4,1.7,False
2022,5,Miami Grand Prix,Miami,Q,2022-05-08,6,LAT,latifi,Williams,williams,Nicholas,Latifi,https://www.formula1.com/content/dam/fom-website/drivers/N/NICLAF01_Nicholas_Latifi/niclaf01.png.transform/1col/image.png,19.0,,,0 days 00:01:31.325000,,,,,,,33.2,51.2,39.4,1.7,False
2022,5,Miami Grand Prix,Miami,Q,2022-05-08,31,OCO,ocon,Alpine,alpine,Esteban,Ocon,https://www.formula1.com/content/dam/fom-website/drivers/E/ESTOCO01_Esteban_Ocon/estoco01.png.transform/1col/image.png,20.0,,,,,,,,,,33.2,51.2,39.4,1.7,False
2022,6,Spanish Grand Prix,Barcelona,Q,2022-05-22,16,LEC,leclerc,Ferrari,ferrari,Charles,Leclerc,https://www.formula1.com/content/dam/fom-website/drivers/C/CHALEC01_Charles_Leclerc/chalec01.png.transform/1col/image.png,1.0,,,0 days 00:01:19.861000,0 days 00:01:19.969000,0 days 00:01:18.750000,,,,,34.7,47.2,18.8,3.0,False
2022,6,Spanish Grand Prix,Barcelona,Q,2022-05-22,1,VER,max_verstappen,Red Bull Racing,red_bull,Max,Verstappen,https://www.formula1.com/content/dam/fom-website/drivers/M/MAXVER01_Max_Verstappen/maxver01.png.transform/1col/image.png,2.0,,,0 days 00:01:20.091000,0 days 00:01:19.219000,0 days 00:01:19.073000,,,,,34.7,47.2,18.8,3.0,False
2022,6,Spanish Grand Prix,Barcelona,Q,2022-05-22,55,SAI,sainz,Ferrari,ferrari,Carlos,Sainz,https://www.formula1.com/content/dam/fom-website/drivers/C/CARSAI01_Carlos_Sainz/carsai01.png.transform/1col/image.png,3.0,,,0 days 00:01:19.892000,0 days 00:01:19.453000,0 days 00:01:19.166000,,,,,34.7,47.2,18.8,3.0,False
2022,6,Spanish Grand Prix,Barcelona,Q,2022-05-22,63,RUS,russell,Mercedes,mercedes,George,Russell,https://www.formula1.com/content/dam/fom-website/drivers/G/GEORUS01_George_Russell/georus01.png.transform/1col/image.png,4.0,,,0 days 00:01:20.218000,0 days 00:01:19.470000,0 days 00:01:19.393000,,,,,34.7,47.2,18.8,3.0,False
2022,6,Spanish Grand Prix,Barcelona,Q,2022-05-22,11,PER,perez,Red Bull Racing,red_bull,Sergio,Perez,https://www.formula1.com/content/dam/fom-website/drivers/S/SERPER01_Sergio_Perez/serper01.png.transform/1col/image.png,5.0,,,0 days 00:01:20.447000,0 days 00:01:19.830000,0 days 00:01:19.420000,,,,,34.7,47.2,18.8,3.0,False
2022,6,Spanish Grand Prix,Barcelona,Q,2022-05-22,44,HAM,hamilton,Mercedes,mercedes,Lewis,Hamilton,https://www.formula1.com/content/dam/fom-website/drivers/L/LEWHAM01_Lewis_Hamilton/lewham01.png.transform/1col/image.png,6.0,,,0 days 00:01:20.252000,0 days 00:01:19.794000,0 days 00:01:19.512000,,,,,34.7,47.2,18.8,3.0,False
2022,6,Spanish Grand Prix,Barcelona,Q,2022-05-22,77,BOT,bottas,Alfa Romeo,alfa,Valtteri,Bottas,https://www.formula1.com/content/dam/fom-website/drivers/V/VALBOT01_Valtteri_Bottas/valbot01.png.transform/1col/image.png,7.0,,,0 days 00:01:20.355000,0 days 00:01:20.053000,0 days 00:01:19.608000,,,,,34.7,47.2,18.8,3.0,False
2022,6,Spanish Grand Prix,Barcelona,Q,2022-05-22,20,MAG,kevin_magnussen,Haas F1 Team,haas,Kevin,Magnussen,None,8.0,,,0 days 00:01:20.227000,0 days 00:01:19.810000,0 days 00:01:19.682000,,,,,34.7,47.2,18.8,3.0,False
2022,6,Spanish Grand Prix,Barcelona,Q,2022-05-22,3,RIC,ricciardo,McLaren,mclaren,Daniel,Ricciardo,https://www.formula1.com/content/dam/fom-website/drivers/D/DANRIC01_Daniel_Ricciardo/danric01.png.transform/1col/image.png,9.0,,,0 days 00:01:20.549000,0 days 00:01:20.287000,0 days 00:01:20.297000,,,,,34.7,47.2,18.8,3.0,False
2022,6,Spanish Grand Prix,Barcelona,Q,2022-05-22,47,MSC,mick_schumacher,Haas F1 Team,haas,Mick,Schumacher,https://www.formula1.com/content/dam/fom-website/drivers/M/MICSCH02_Mick_Schumacher/micsch02.png.transform/1col/image.png,10.0,,,0 days 00:01:20.683000,0 days 00:01:20.436000,0 days 00:01:20.368000,,,,,34.7,47.2,18.8,3.0,False
2022,6,Spanish Grand Prix,Barcelona,Q,2022-05-22,4,NOR,norris,McLaren,mclaren,Lando,Norris,https://www.formula1.com/content/dam/fom-website/drivers/L/LANNOR01_Lando_Norris/lannor01.png.transform/1col/image.png,11.0,,,0 days 00:01:20.838000,0 days 00:01:20.471000,,,,,,34.7,47.2,18.8,3.0,False
2022,6,Spanish Grand Prix,Barcelona,Q,2022-05-22,31,OCO,ocon,Alpine,alpine,Esteban,Ocon,https://www.formula1.com/content/dam/fom-website/drivers/E/ESTOCO01_Esteban_Ocon/estoco01.png.transform/1col/image.png,12.0,,,0 days 00:01:20.880000,0 days 00:01:20.638000,,,,,,34.7,47.2,18.8,3.0,False
2022,6,Spanish Grand Prix,Barcelona,Q,2022-05-22,22,TSU,tsunoda,AlphaTauri,alphatauri,Yuki,Tsunoda,https://www.formula1.com/content/dam/fom-website/drivers/Y/YUKTSU01_Yuki_Tsunoda/yuktsu01.png.transform/1col/image.png,13.0,,,0 days 00:01:20.707000,0 days 00:01:20.639000,,,,,,34.7,47.2,18.8,3.0,False
2022,6,Spanish Grand Prix,Barcelona,Q,2022-05-22,10,GAS,gasly,AlphaTauri,alphatauri,Pierre,Gasly,https://www.formula1.com/content/dam/fom-website/drivers/P/PIEGAS01_Pierre_Gasly/piegas01.png.transform/1col/image.png,14.0,,,0 days 00:01:20.719000,0 days 00:01:20.861000,,,,,,34.7,47.2,18.8,3.0,False
2022,6,Spanish Grand Prix,Barcelona,Q,2022-05-22,24,ZHO,zhou,Alfa Romeo,alfa,Guanyu,Zhou,https://www.formula1.com/content/dam/fom-website/drivers/G/GUAZHO01_Guanyu_Zhou/guazho01.png.transform/1col/image.png,15.0,,,0 days 00:01:20.476000,0 days 00:01:21.094000,,,,,,34.7,47.2,18.8,3.0,False
2022,6,Spanish Grand Prix,Barcelona,Q,2022-05-22,5,VET,vettel,Aston Martin,aston_martin,Sebastian,Vettel,https://www.formula1.com/content/dam/fom-website/drivers/S/SEBVET01_Sebastian_Vettel/sebvet01.png.transform/1col/image.png,16.0,,,0 days 00:01:20.954000,,,,,,,34.7,47.2,18.8,3.0,False
2022,6,Spanish Grand Prix,Barcelona,Q,2022-05-22,14,ALO,alonso,Alpine,alpine,Fernando,Alonso,https://www.formula1.com/content/dam/fom-website/drivers/F/FERALO01_Fernando_Alonso/feralo01.png.transform/1col/image.png,17.0,,,0 days 00:01:21.043000,,,,,,,34.7,47.2,18.8,3.0,False
2022,6,Spanish Grand Prix,Barcelona,Q,2022-05-22,18,STR,stroll,Aston Martin,aston_martin,Lance,Stroll,https://www.formula1.com/content/dam/fom-website/drivers/L/LANSTR01_Lance_Stroll/lanstr01.png.transform/1col/image.png,18.0,,,0 days 00:01:21.418000,,,,,,,34.7,47.2,18.8,3.0,False
2022,6,Spanish Grand Prix,Barcelona,Q,2022-05-22,23,ALB,albon,Williams,williams,Alexander,Albon,https://www.formula1.com/content/dam/fom-website/drivers/A/ALEALB01_Alexander_Albon/alealb01.png.transform/1col/image.png,19.0,,,0 days 00:01:21.645000,,,,,,,34.7,47.2,18.8,3.0,False
2022,6,Spanish Grand Prix,Barcelona,Q,2022-05-22,6,LAT,latifi,Williams,williams,Nicholas,Latifi,https://www.formula1.com/content/dam/fom-website/drivers/N/NICLAF01_Nicholas_Latifi/niclaf01.png.transform/1col/image.png,20.0,,,0 days 00:01:21.915000,,,,,,,34.7,47.2,18.8,3.0,False
2022,7,Monaco Grand Prix,Monaco,Q,2022-05-29,16,LEC,leclerc,Ferrari,ferrari,Charles,Leclerc,https://www.formula1.com/content/dam/fom-website/drivers/C/CHALEC01_Charles_Leclerc/chalec01.png.transform/1col/image.png,1.0,,,0 days 00:01:12.569000,0 days 00:01:11.864000,0 days 00:01:11.376000,,,,,26.7,48.4,46.1,0.8,False
2022,7,Monaco Grand Prix,Monaco,Q,2022-05-29,55,SAI,sainz,Ferrari,ferrari,Carlos,Sainz,https://www.formula1.com/content/dam/fom-website/drivers/C/CARSAI01_Carlos_Sainz/carsai01.png.transform/1col/image.png,2.0,,,0 days 00:01:12.616000,0 days 00:01:12.074000,0 days 00:01:11.601000,,,,,26.7,48.4,46.1,0.8,False
2022,7,Monaco Grand Prix,Monaco,Q,2022-05-29,11,PER,perez,Red Bull Racing,red_bull,Sergio,Perez,https://www.formula1.com/content/dam/fom-website/drivers/S/SERPER01_Sergio_Perez/serper01.png.transform/1col/image.png,3.0,,,0 days 00:01:13.004000,0 days 00:01:11.954000,0 days 00:01:11.629000,,,,,26.7,48.4,46.1,0.8,False
2022,7,Monaco Grand Prix,Monaco,Q,2022-05-29,1,VER,max_verstappen,Red Bull Racing,red_bull,Max,Verstappen,https://www.formula1.com/content/dam/fom-website/drivers/M/MAXVER01_Max_Verstappen/maxver01.png.transform/1col/image.png,4.0,,,0 days 00:01:12.993000,0 days 00:01:12.117000,0 days 00:01:11.666000,,,,,26.7,48.4,46.1,0.8,False
2022,7,Monaco Grand Prix,Monaco,Q,2022-05-29,4,NOR,norris,McLaren,mclaren,Lando,Norris,https://www.formula1.com/content/dam/fom-website/drivers/L/LANNOR01_Lando_Norris/lannor01.png.transform/1col/image.png,5.0,,,0 days 00:01:12.927000,0 days 00:01:12.266000,0 days 00:01:11.849000,,,,,26.7,48.4,46.1,0.8,False
2022,7,Monaco Grand Prix,Monaco,Q,2022-05-29,63,RUS,russell,Mercedes,mercedes,George,Russell,https://www.formula1.com/content/dam/fom-website/drivers/G/GEORUS01_George_Russell/georus01.png.transform/1col/image.png,6.0,,,0 days 00:01:12.787000,0 days 00:01:12.617000,0 days 00:01:12.112000,,,,,26.7,48.4,46.1,0.8,False
2022,7,Monaco Grand Prix,Monaco,Q,2022-05-29,14,ALO,alonso,Alpine,alpine,Fernando,Alonso,https://www.formula1.com/content/dam/fom-website/drivers/F/FERALO01_Fernando_Alonso/feralo01.png.transform/1col/image.png,7.0,,,0 days 00:01:13.394000,0 days 00:01:12.688000,0 days 00:01:12.247000,,,,,26.7,48.4,46.1,0.8,False
2022,7,Monaco Grand Prix,Monaco,Q,2022-05-29,44,HAM,hamilton,Mercedes,mercedes,Lewis,Hamilton,https://www.formula1.com/content/dam/fom-website/drivers/L/LEWHAM01_Lewis_Hamilton/lewham01.png.transform/1col/image.png,8.0,,,0 days 00:01:13.444000,0 days 00:01:12.595000,0 days 00:01:12.560000,,,,,26.7,48.4,46.1,0.8,False
2022,7,Monaco Grand Prix,Monaco,Q,2022-05-29,5,VET,vettel,Aston Martin,aston_martin,Sebastian,Vettel,https://www.formula1.com/content/dam/fom-website/drivers/S/SEBVET01_Sebastian_Vettel/sebvet01.png.transform/1col/image.png,9.0,,,0 days 00:01:13.313000,0 days 00:01:12.613000,0 days 00:01:12.732000,,,,,26.7,48.4,46.1,0.8,False
2022,7,Monaco Grand Prix,Monaco,Q,2022-05-29,31,OCO,ocon,Alpine,alpine,Esteban,Ocon,https://www.formula1.com/content/dam/fom-website/drivers/E/ESTOCO01_Esteban_Ocon/estoco01.png.transform/1col/image.png,10.0,,,0 days 00:01:12.848000,0 days 00:01:12.528000,0 days 00:01:13.047000,,,,,26.7,48.4,46.1,0.8,False
2022,7,Monaco Grand Prix,Monaco,Q,2022-05-29,22,TSU,tsunoda,AlphaTauri,alphatauri,Yuki,Tsunoda,https://www.formula1.com/content/dam/fom-website/drivers/Y/YUKTSU01_Yuki_Tsunoda/yuktsu01.png.transform/1col/image.png,11.0,,,0 days 00:01:13.110000,0 days 00:01:12.797000,,,,,,26.7,48.4,46.1,0.8,False
2022,7,Monaco Grand Prix,Monaco,Q,2022-05-29,77,BOT,bottas,Alfa Romeo,alfa,Valtteri,Bottas,https://www.formula1.com/content/dam/fom-website/drivers/V/VALBOT01_Valtteri_Bottas/valbot01.png.transform/1col/image.png,12.0,,,0 days 00:01:13.541000,0 days 00:01:12.909000,,,,,,26.7,48.4,46.1,0.8,False
2022,7,Monaco Grand Prix,Monaco,Q,2022-05-29,20,MAG,kevin_magnussen,Haas F1 Team,haas,Kevin,Magnussen,None,13.0,,,0 days 00:01:13.069000,0 days 00:01:12.921000,,,,,,26.7,48.4,46.1,0.8,False
2022,7,Monaco Grand Prix,Monaco,Q,2022-05-29,3,RIC,ricciardo,McLaren,mclaren,Daniel,Ricciardo,https://www.formula1.com/content/dam/fom-website/drivers/D/DANRIC01_Daniel_Ricciardo/danric01.png.transform/1col/image.png,14.0,,,0 days 00:01:13.338000,0 days 00:01:12.964000,,,,,,26.7,48.4,46.1,0.8,False
2022,7,Monaco Grand Prix,Monaco,Q,2022-05-29,47,MSC,mick_schumacher,Haas F1 Team,haas,Mick,Schumacher,https://www.formula1.com/content/dam/fom-website/drivers/M/MICSCH02_Mick_Schumacher/micsch02.png.transform/1col/image.png,15.0,,,0 days 00:01:13.469000,0 days 00:01:13.081000,,,,,,26.7,48.4,46.1,0.8,False
2022,7,Monaco Grand Prix,Monaco,Q,2022-05-29,23,ALB,albon,Williams,williams,Alexander,Albon,https://www.formula1.com/content/dam/fom-website/drivers/A/ALEALB01_Alexander_Albon/alealb01.png.transform/1col/image.png,16.0,,,0 days 00:01:13.611000,,,,,,,26.7,48.4,46.1,0.8,False
2022,7,Monaco Grand Prix,Monaco,Q,2022-05-29,10,GAS,gasly,AlphaTauri,alphatauri,Pierre,Gasly,https://www.formula1.com/content/dam/fom-website/drivers/P/PIEGAS01_Pierre_Gasly/piegas01.png.transform/1col/image.png,17.0,,,0 days 00:01:13.660000,,,,,,,26.7,48.4,46.1,0.8,False
2022,7,Monaco Grand Prix,Monaco,Q,2022-05-29,18,STR,stroll,Aston Martin,aston_martin,Lance,Stroll,https://www.formula1.com/content/dam/fom-website/drivers/L/LANSTR01_Lance_Stroll/lanstr01.png.transform/1col/image.png,18.0,,,0 days 00:01:13.678000,,,,,,,26.7,48.4,46.1,0.8,False
2022,7,Monaco Grand Prix,Monaco,Q,2022-05-29,6,LAT,latifi,Williams,williams,Nicholas,Latifi,https://www.formula1.com/content/dam/fom-website/drivers/N/NICLAF01_Nicholas_Latifi/niclaf01.png.transform/1col/image.png,19.0,,,0 days 00:01:14.403000,,,,,,,26.7,48.4,46.1,0.8,False
2022,7,Monaco Grand Prix,Monaco,Q,2022-05-29,24,ZHO,zhou,Alfa Romeo,alfa,Guanyu,Zhou,https://www.formula1.com/content/dam/fom-website/drivers/G/GUAZHO01_Guanyu_Zhou/guazho01.png.transform/1col/image.png,20.0,,,0 days 00:01:15.606000,,,,,,,26.7,48.4,46.1,0.8,False
2022,8,Azerbaijan Grand Prix,Baku,Q,2022-06-12,16,LEC,leclerc,Ferrari,ferrari,Charles,Leclerc,https://www.formula1.com/content/dam/fom-website/drivers/C/CHALEC01_Charles_Leclerc/chalec01.png.transform/1col/image.png,1.0,,,0 days 00:01:42.865000,0 days 00:01:42.046000,0 days 00:01:41.359000,,,,,24.8,35.2,68.2,0.8,False
2022,8,Azerbaijan Grand Prix,Baku,Q,2022-06-12,11,PER,perez,Red Bull Racing,red_bull,Sergio,Perez,https://www.formula1.com/content/dam/fom-website/drivers/S/SERPER01_Sergio_Perez/serper01.png.transform/1col/image.png,2.0,,,0 days 00:01:42.733000,0 days 00:01:41.955000,0 days 00:01:41.641000,,,,,24.8,35.2,68.2,0.8,False
2022,8,Azerbaijan Grand Prix,Baku,Q,2022-06-12,1,VER,max_verstappen,Red Bull Racing,red_bull,Max,Verstappen,https://www.formula1.com/content/dam/fom-website/drivers/M/MAXVER01_Max_Verstappen/maxver01.png.transform/1col/image.png,3.0,,,0 days 00:01:42.722000,0 days 00:01:42.227000,0 days 00:01:41.706000,,,,,24.8,35.2,68.2,0.8,False
2022,8,Azerbaijan Grand Prix,Baku,Q,2022-06-12,55,SAI,sainz,Ferrari,ferrari,Carlos,Sainz,https://www.formula1.com/content/dam/fom-website/drivers/C/CARSAI01_Carlos_Sainz/carsai01.png.transform/1col/image.png,4.0,,,0 days 00:01:42.957000,0 days 00:01:42.088000,0 days 00:01:41.814000,,,,,24.8,35.2,68.2,0.8,False
2022,8,Azerbaijan Grand Prix,Baku,Q,2022-06-12,63,RUS,russell,Mercedes,mercedes,George,Russell,https://www.formula1.com/content/dam/fom-website/drivers/G/GEORUS01_George_Russell/georus01.png.transform/1col/image.png,5.0,,,0 days 00:01:43.754000,0 days 00:01:43.281000,0 days 00:01:42.712000,,,,,24.8,35.2,68.2,0.8,False
2022,8,Azerbaijan Grand Prix,Baku,Q,2022-06-12,10,GAS,gasly,AlphaTauri,alphatauri,Pierre,Gasly,https://www.formula1.com/content/dam/fom-website/drivers/P/PIEGAS01_Pierre_Gasly/piegas01.png.transform/1col/image.png,6.0,,,0 days 00:01:43.268000,0 days 00:01:43.129000,0 days 00:01:42.845000,,,,,24.8,35.2,68.2,0.8,False
2022,8,Azerbaijan Grand Prix,Baku,Q,2022-06-12,44,HAM,hamilton,Mercedes,mercedes,Lewis,Hamilton,https://www.formula1.com/content/dam/fom-website/drivers/L/LEWHAM01_Lewis_Hamilton/lewham01.png.transform/1col/image.png,7.0,,,0 days 00:01:43.939000,0 days 00:01:43.182000,0 days 00:01:42.924000,,,,,24.8,35.2,68.2,0.8,False
2022,8,Azerbaijan Grand Prix,Baku,Q,2022-06-12,22,TSU,tsunoda,AlphaTauri,alphatauri,Yuki,Tsunoda,https://www.formula1.com/content/dam/fom-website/drivers/Y/YUKTSU01_Yuki_Tsunoda/yuktsu01.png.transform/1col/image.png,8.0,,,0 days 00:01:43.595000,0 days 00:01:43.376000,0 days 00:01:43.056000,,,,,24.8,35.2,68.2,0.8,False
2022,8,Azerbaijan Grand Prix,Baku,Q,2022-06-12,5,VET,vettel,Aston Martin,aston_martin,Sebastian,Vettel,https://www.formula1.com/content/dam/fom-website/drivers/S/SEBVET01_Sebastian_Vettel/sebvet01.png.transform/1col/image.png,9.0,,,0 days 00:01:43.279000,0 days 00:01:43.268000,0 days 00:01:43.091000,,,,,24.8,35.2,68.2,0.8,False
2022,8,Azerbaijan Grand Prix,Baku,Q,2022-06-12,14,ALO,alonso,Alpine,alpine,Fernando,Alonso,https://www.formula1.com/content/dam/fom-website/drivers/F/FERALO01_Fernando_Alonso/feralo01.png.transform/1col/image.png,10.0,,,0 days 00:01:44.083000,0 days 00:01:43.360000,0 days 00:01:43.173000,,,,,24.8,35.2,68.2,0.8,False
2022,8,Azerbaijan Grand Prix,Baku,Q,2022-06-12,4,NOR,norris,McLaren,mclaren,Lando,Norris,https://www.formula1.com/content/dam/fom-website/drivers/L/LANNOR01_Lando_Norris/lannor01.png.transform/1col/image.png,11.0,,,0 days 00:01:44.237000,0 days 00:01:43.398000,,,,,,24.8,35.2,68.2,0.8,False
2022,8,Azerbaijan Grand Prix,Baku,Q,2022-06-12,3,RIC,ricciardo,McLaren,mclaren,Daniel,Ricciardo,https://www.formula1.com/content/dam/fom-website/drivers/D/DANRIC01_Daniel_Ricciardo/danric01.png.transform/1col/image.png,12.0,,,0 days 00:01:44.437000,0 days 00:01:43.574000,,,,,,24.8,35.2,68.2,0.8,False
2022,8,Azerbaijan Grand Prix,Baku,Q,2022-06-12,31,OCO,ocon,Alpine,alpine,Esteban,Ocon,https://www.formula1.com/content/dam/fom-website/drivers/E/ESTOCO01_Esteban_Ocon/estoco01.png.transform/1col/image.png,13.0,,,0 days 00:01:43.903000,0 days 00:01:43.585000,,,,,,24.8,35.2,68.2,0.8,False
2022,8,Azerbaijan Grand Prix,Baku,Q,2022-06-12,24,ZHO,zhou,Alfa Romeo,alfa,Guanyu,Zhou,https://www.formula1.com/content/dam/fom-website/drivers/G/GUAZHO01_Guanyu_Zhou/guazho01.png.transform/1col/image.png,14.0,,,0 days 00:01:43.777000,0 days 00:01:43.790000,,,,,,24.8,35.2,68.2,0.8,False
2022,8,Azerbaijan Grand Prix,Baku,Q,2022-06-12,77,BOT,bottas,Alfa Romeo,alfa,Valtteri,Bottas,https://www.formula1.com/content/dam/fom-website/drivers/V/VALBOT01_Valtteri_Bottas/valbot01.png.transform/1col/image.png,15.0,,,0 days 00:01:44.478000,0 days 00:01:44.444000,,,,,,24.8,35.2,68.2,0.8,False
2022,8,Azerbaijan Grand Prix,Baku,Q,2022-06-12,20,MAG,kevin_magnussen,Haas F1 Team,haas,Kevin,Magnussen,None,16.0,,,0 days 00:01:44.643000,,,,,,,24.8,35.2,68.2,0.8,False
2022,8,Azerbaijan Grand Prix,Baku,Q,2022-06-12,23,ALB,albon,Williams,williams,Alexander,Albon,https://www.formula1.com/content/dam/fom-website/drivers/A/ALEALB01_Alexander_Albon/alealb01.png.transform/1col/image.png,17.0,,,0 days 00:01:44.719000,,,,,,,24.8,35.2,68.2,0.8,False
2022,8,Azerbaijan Grand Prix,Baku,Q,2022-06-12,6,LAT,latifi,Williams,williams,Nicholas,Latifi,https://www.formula1.com/content/dam/fom-website/drivers/N/NICLAF01_Nicholas_Latifi/niclaf01.png.transform/1col/image.png,18.0,,,0 days 00:01:45.367000,,,,,,,24.8,35.2,68.2,0.8,False
2022,8,Azerbaijan Grand Prix,Baku,Q,2022-06-12,18,STR,stroll,Aston Martin,aston_martin,Lance,Stroll,https://www.formula1.com/content/dam/fom-website/drivers/L/LANSTR01_Lance_Stroll/lanstr01.png.transform/1col/image.png,19.0,,,0 days 00:01:45.371000,,,,,,,24.8,35.2,68.2,0.8,False
2022,8,Azerbaijan Grand Prix,Baku,Q,2022-06-12,47,MSC,mick_schumacher,Haas F1 Team,haas,Mick,Schumacher,https://www.formula1.com/content/dam/fom-website/drivers/M/MICSCH02_Mick_Schumacher/micsch02.png.transform/1col/image.png,20.0,,,0 days 00:01:45.775000,,,,,,,24.8,35.2,68.2,0.8,False
2022,9,Canadian Grand Prix,Montréal,Q,2022-06-19,1,VER,max_verstappen,Red Bull Racing,red_bull,Max,Verstappen,https://www.formula1.com/content/dam/fom-website/drivers/M/MAXVER01_Max_Verstappen/maxver01.png.transform/1col/image.png,1.0,,,0 days 00:01:32.219000,0 days 00:01:23.746000,0 days 00:01:21.299000,,,,,13.5,18.1,76.3,1.9,True
2022,9,Canadian Grand Prix,Montréal,Q,2022-06-19,14,ALO,alonso,Alpine,alpine,Fernando,Alonso,https://www.formula1.com/content/dam/fom-website/drivers/F/FERALO01_Fernando_Alonso/feralo01.png.transform/1col/image.png,2.0,,,0 days 00:01:32.277000,0 days 00:01:24.848000,0 days 00:01:21.944000,,,,,13.5,18.1,76.3,1.9,True
2022,9,Canadian Grand Prix,Montréal,Q,2022-06-19,55,SAI,sainz,Ferrari,ferrari,Carlos,Sainz,https://www.formula1.com/content/dam/fom-website/drivers/C/CARSAI01_Carlos_Sainz/carsai01.png.transform/1col/image.png,3.0,,,0 days 00:01:32.781000,0 days 00:01:25.197000,0 days 00:01:22.096000,,,,,13.5,18.1,76.3,1.9,True
2022,9,Canadian Grand Prix,Montréal,Q,2022-06-19,44,HAM,hamilton,Mercedes,mercedes,Lewis,Hamilton,https://www.formula1.com/content/dam/fom-website/drivers/L/LEWHAM01_Lewis_Hamilton/lewham01.png.transform/1col/image.png,4.0,,,0 days 00:01:33.841000,0 days 00:01:25.543000,0 days 00:01:22.891000,,,,,13.5,18.1,76.3,1.9,True
2022,9,Canadian Grand Prix,Montréal,Q,2022-06-19,20,MAG,kevin_magnussen,Haas F1 Team,haas,Kevin,Magnussen,None,5.0,,,0 days 00:01:32.957000,0 days 00:01:26.254000,0 days 00:01:22.960000,,,,,13.5,18.1,76.3,1.9,True
2022,9,Canadian Grand Prix,Montréal,Q,2022-06-19,47,MSC,mick_schumacher,Haas F1 Team,haas,Mick,Schumacher,https://www.formula1.com/content/dam/fom-website/drivers/M/MICSCH02_Mick_Schumacher/micsch02.png.transform/1col/image.png,6.0,,,0 days 00:01:33.707000,0 days 00:01:25.684000,0 days 00:01:23.356000,,,,,13.5,18.1,76.3,1.9,True
2022,9,Canadian Grand Prix,Montréal,Q,2022-06-19,31,OCO,ocon,Alpine,alpine,Esteban,Ocon,https://www.formula1.com/content/dam/fom-website/drivers/E/ESTOCO01_Esteban_Ocon/estoco01.png.transform/1col/image.png,7.0,,,0 days 00:01:33.012000,0 days 00:01:26.135000,0 days 00:01:23.529000,,,,,13.5,18.1,76.3,1.9,True
2022,9,Canadian Grand Prix,Montréal,Q,2022-06-19,63,RUS,russell,Mercedes,mercedes,George,Russell,https://www.formula1.com/content/dam/fom-website/drivers/G/GEORUS01_George_Russell/georus01.png.transform/1col/image.png,8.0,,,0 days 00:01:33.160000,0 days 00:01:24.950000,0 days 00:01:23.557000,,,,,13.5,18.1,76.3,1.9,True
2022,9,Canadian Grand Prix,Montréal,Q,2022-06-19,3,RIC,ricciardo,McLaren,mclaren,Daniel,Ricciardo,https://www.formula1.com/content/dam/fom-website/drivers/D/DANRIC01_Daniel_Ricciardo/danric01.png.transform/1col/image.png,9.0,,,0 days 00:01:33.636000,0 days 00:01:26.375000,0 days 00:01:23.749000,,,,,13.5,18.1,76.3,1.9,True
2022,9,Canadian Grand Prix,Montréal,Q,2022-06-19,24,ZHO,zhou,Alfa Romeo,alfa,Guanyu,Zhou,https://www.formula1.com/content/dam/fom-website/drivers/G/GUAZHO01_Guanyu_Zhou/guazho01.png.transform/1col/image.png,10.0,,,0 days 00:01:33.692000,0 days 00:01:26.116000,0 days 00:01:24.030000,,,,,13.5,18.1,76.3,1.9,True
2022,9,Canadian Grand Prix,Montréal,Q,2022-06-19,77,BOT,bottas,Alfa Romeo,alfa,Valtteri,Bottas,https://www.formula1.com/content/dam/fom-website/drivers/V/VALBOT01_Valtteri_Bottas/valbot01.png.transform/1col/image.png,11.0,,,0 days 00:01:33.689000,0 days 00:01:26.788000,,,,,,13.5,18.1,76.3,1.9,True
2022,9,Canadian Grand Prix,Montréal,Q,2022-06-19,23,ALB,albon,Williams,williams,Alexander,Albon,https://www.formula1.com/content/dam/fom-website/drivers/A/ALEALB01_Alexander_Albon/alealb01.png.transform/1col/image.png,12.0,,,0 days 00:01:34.047000,0 days 00:01:26.858000,,,,,,13.5,18.1,76.3,1.9,True
2022,9,Canadian Grand Prix,Montréal,Q,2022-06-19,11,PER,perez,Red Bull Racing,red_bull,Sergio,Perez,https://www.formula1.com/content/dam/fom-website/drivers/S/SERPER01_Sergio_Perez/serper01.png.transform/1col/image.png,13.0,,,0 days 00:01:33.929000,0 days 00:01:33.127000,,,,,,13.5,18.1,76.3,1.9,True
2022,9,Canadian Grand Prix,Montréal,Q,2022-06-19,4,NOR,norris,McLaren,mclaren,Lando,Norris,https://www.formula1.com/content/dam/fom-website/drivers/L/LANNOR01_Lando_Norris/lannor01.png.transform/1col/image.png,14.0,,,0 days 00:01:34.066000,,,,,,,13.5,18.1,76.3,1.9,True
2022,9,Canadian Grand Prix,Montréal,Q,2022-06-19,16,LEC,leclerc,Ferrari,ferrari,Charles,Leclerc,https://www.formula1.com/content/dam/fom-website/drivers/C/CHALEC01_Charles_Leclerc/chalec01.png.transform/1col/image.png,15.0,,,0 days 00:01:33.008000,,,,,,,13.5,18.1,76.3,1.9,True
2022,9,Canadian Grand Prix,Montréal,Q,2022-06-19,10,GAS,gasly,AlphaTauri,alphatauri,Pierre,Gasly,https://www.formula1.com/content/dam/fom-website/drivers/P/PIEGAS01_Pierre_Gasly/piegas01.png.transform/1col/image.png,16.0,,,0 days 00:01:34.492000,,,,,,,13.5,18.1,76.3,1.9,True
2022,9,Canadian Grand Prix,Montréal,Q,2022-06-19,5,VET,vettel,Aston Martin,aston_martin,Sebastian,Vettel,https://www.formula1.com/content/dam/fom-website/drivers/S/SEBVET01_Sebastian_Vettel/sebvet01.png.transform/1col/image.png,17.0,,,0 days 00:01:34.512000,,,,,,,13.5,18.1,76.3,1.9,True
2022,9,Canadian Grand Prix,Montréal,Q,2022-06-19,18,STR,stroll,Aston Martin,aston_martin,Lance,Stroll,https://www.formula1.com/content/dam/fom-website/drivers/L/LANSTR01_Lance_Stroll/lanstr01.png.transform/1col/image.png,18.0,,,0 days 00:01:35.532000,,,,,,,13.5,18.1,76.3,1.9,True
2022,9,Canadian Grand Prix,Montréal,Q,2022-06-19,6,LAT,latifi,Williams,williams,Nicholas,Latifi,https://www.formula1.com/content/dam/fom-website/drivers/N/NICLAF01_Nicholas_Latifi/niclaf01.png.transform/1col/image.png,19.0,,,0 days 00:01:35.660000,,,,,,,13.5,18.1,76.3,1.9,True
2022,9,Canadian Grand Prix,Montréal,Q,2022-06-19,22,TSU,tsunoda,AlphaTauri,alphatauri,Yuki,Tsunoda,https://www.formula1.com/content/dam/fom-website/drivers/Y/YUKTSU01_Yuki_Tsunoda/yuktsu01.png.transform/1col/image.png,20.0,,,0 days 00:01:36.575000,,,,,,,13.5,18.1,76.3,1.9,True
2022,10,British Grand Prix,Silverstone,Q,2022-07-03,55,SAI,sainz,Ferrari,ferrari,Carlos,Sainz,https://www.formula1.com/content/dam/fom-website/drivers/C/CARSAI01_Carlos_Sainz/carsai01.png.transform/1col/image.png,1.0,,,0 days 00:01:40.190000,0 days 00:01:41.602000,0 days 00:01:40.983000,,,,,14.9,20.9,86.3,2.8,True
2022,10,British Grand Prix,Silverstone,Q,2022-07-03,1,VER,max_verstappen,Red Bull Racing,red_bull,Max,Verstappen,https://www.formula1.com/content/dam/fom-website/drivers/M/MAXVER01_Max_Verstappen/maxver01.png.transform/1col/image.png,2.0,,,0 days 00:01:39.129000,0 days 00:01:40.655000,0 days 00:01:41.055000,,,,,14.9,20.9,86.3,2.8,True
2022,10,British Grand Prix,Silverstone,Q,2022-07-03,16,LEC,leclerc,Ferrari,ferrari,Charles,Leclerc,https://www.formula1.com/content/dam/fom-website/drivers/C/CHALEC01_Charles_Leclerc/chalec01.png.transform/1col/image.png,3.0,,,0 days 00:01:39.846000,0 days 00:01:41.247000,0 days 00:01:41.298000,,,,,14.9,20.9,86.3,2.8,True
2022,10,British Grand Prix,Silverstone,Q,2022-07-03,11,PER,perez,Red Bull Racing,red_bull,Sergio,Perez,https://www.formula1.com/content/dam/fom-website/drivers/S/SERPER01_Sergio_Perez/serper01.png.transform/1col/image.png,4.0,,,0 days 00:01:40.521000,0 days 00:01:42.513000,0 days 00:01:41.616000,,,,,14.9,20.9,86.3,2.8,True
2022,10,British Grand Prix,Silverstone,Q,2022-07-03,44,HAM,hamilton,Mercedes,mercedes,Lewis,Hamilton,https://www.formula1.com/content/dam/fom-website/drivers/L/LEWHAM01_Lewis_Hamilton/lewham01.png.transform/1col/image.png,5.0,,,0 days 00:01:40.428000,0 days 00:01:41.062000,0 days 00:01:41.995000,,,,,14.9,20.9,86.3,2.8,True
2022,10,British Grand Prix,Silverstone,Q,2022-07-03,4,NOR,norris,McLaren,mclaren,Lando,Norris,https://www.formula1.com/content/dam/fom-website/drivers/L/LANNOR01_Lando_Norris/lannor01.png.transform/1col/image.png,6.0,,,0 days 00:01:41.515000,0 days 00:01:41.821000,0 days 00:01:42.084000,,,,,14.9,20.9,86.3,2.8,True
2022,10,British Grand Prix,Silverstone,Q,2022-07-03,14,ALO,alonso,Alpine,alpine,Fernando,Alonso,https://www.formula1.com/content/dam/fom-website/drivers/F/FERALO01_Fernando_Alonso/feralo01.png.transform/1col/image.png,7.0,,,0 days 00:01:41.598000,0 days 00:01:42.209000,0 days 00:01:42.116000,,,,,14.9,20.9,86.3,2.8,True
2022,10,British Grand Prix,Silverstone,Q,2022-07-03,63,RUS,russell,Mercedes,mercedes,George,Russell,https://www.formula1.com/content/dam/fom-website/drivers/G/GEORUS01_George_Russell/georus01.png.transform/1col/image.png,8.0,,,0 days 00:01:40.028000,0 days 00:01:41.725000,0 days 00:01:42.161000,,,,,14.9,20.9,86.3,2.8,True
2022,10,British Grand Prix,Silverstone,Q,2022-07-03,24,ZHO,zhou,Alfa Romeo,alfa,Guanyu,Zhou,https://www.formula1.com/content/dam/fom-website/drivers/G/GUAZHO01_Guanyu_Zhou/guazho01.png.transform/1col/image.png,9.0,,,0 days 00:01:40.791000,0 days 00:01:42.640000,0 days 00:01:42.719000,,,,,14.9,20.9,86.3,2.8,True
2022,10,British Grand Prix,Silverstone,Q,2022-07-03,6,LAT,latifi,Williams,williams,Nicholas,Latifi,https://www.formula1.com/content/dam/fom-website/drivers/N/NICLAF01_Nicholas_Latifi/niclaf01.png.transform/1col/image.png,10.0,,,0 days 00:01:41.998000,0 days 00:01:43.273000,0 days 00:02:03.095000,,,,,14.9,20.9,86.3,2.8,True
2022,10,British Grand Prix,Silverstone,Q,2022-07-03,10,GAS,gasly,AlphaTauri,alphatauri,Pierre,Gasly,https://www.formula1.com/content/dam/fom-website/drivers/P/PIEGAS01_Pierre_Gasly/piegas01.png.transform/1col/image.png,11.0,,,0 days 00:01:41.680000,0 days 00:01:43.702000,,,,,,14.9,20.9,86.3,2.8,True
2022,10,British Grand Prix,Silverstone,Q,2022-07-03,77,BOT,bottas,Alfa Romeo,alfa,Valtteri,Bottas,https://www.formula1.com/content/dam/fom-website/drivers/V/VALBOT01_Valtteri_Bottas/valbot01.png.transform/1col/image.png,12.0,,,0 days 00:01:41.396000,0 days 00:01:44.232000,,,,,,14.9,20.9,86.3,2.8,True
2022,10,British Grand Prix,Silverstone,Q,2022-07-03,22,TSU,tsunoda,AlphaTauri,alphatauri,Yuki,Tsunoda,https://www.formula1.com/content/dam/fom-website/drivers/Y/YUKTSU01_Yuki_Tsunoda/yuktsu01.png.transform/1col/image.png,13.0,,,0 days 00:01:41.893000,0 days 00:01:44.311000,,,,,,14.9,20.9,86.3,2.8,True
2022,10,British Grand Prix,Silverstone,Q,2022-07-03,3,RIC,ricciardo,McLaren,mclaren,Daniel,Ricciardo,https://www.formula1.com/content/dam/fom-website/drivers/D/DANRIC01_Daniel_Ricciardo/danric01.png.transform/1col/image.png,14.0,,,0 days 00:01:41.933000,0 days 00:01:44.355000,,,,,,14.9,20.9,86.3,2.8,True
2022,10,British Grand Prix,Silverstone,Q,2022-07-03,31,OCO,ocon,Alpine,alpine,Esteban,Ocon,https://www.formula1.com/content/dam/fom-website/drivers/E/ESTOCO01_Esteban_Ocon/estoco01.png.transform/1col/image.png,15.0,,,0 days 00:01:41.730000,0 days 00:01:45.190000,,,,,,14.9,20.9,86.3,2.8,True
2022,10,British Grand Prix,Silverstone,Q,2022-07-03,23,ALB,albon,Williams,williams,Alexander,Albon,https://www.formula1.com/content/dam/fom-website/drivers/A/ALEALB01_Alexander_Albon/alealb01.png.transform/1col/image.png,16.0,,,0 days 00:01:42.078000,,,,,,,14.9,20.9,86.3,2.8,True
2022,10,British Grand Prix,Silverstone,Q,2022-07-03,20,MAG,kevin_magnussen,Haas F1 Team,haas,Kevin,Magnussen,None,17.0,,,0 days 00:01:42.159000,,,,,,,14.9,20.9,86.3,2.8,True
2022,10,British Grand Prix,Silverstone,Q,2022-07-03,5,VET,vettel,Aston Martin,aston_martin,Sebastian,Vettel,https://www.formula1.com/content/dam/fom-website/drivers/S/SEBVET01_Sebastian_Vettel/sebvet01.png.transform/1col/image.png,18.0,,,0 days 00:01:42.666000,,,,,,,14.9,20.9,86.3,2.8,True
2022,10,British Grand Prix,Silverstone,Q,2022-07-03,47,MSC,mick_schumacher,Haas F1 Team,haas,Mick,Schumacher,https://www.formula1.com/content/dam/fom-website/drivers/M/MICSCH02_Mick_Schumacher/micsch02.png.transform/1col/image.png,19.0,,,0 days 00:01:42.708000,,,,,,,14.9,20.9,86.3,2.8,True
2022,10,British Grand Prix,Silverstone,Q,2022-07-03,18,STR,stroll,Aston Martin,aston_martin,Lance,Stroll,https://www.formula1.com/content/dam/fom-website/drivers/L/LANSTR01_Lance_Stroll/lanstr01.png.transform/1col/image.png,20.0,,,0 days 00:01:43.430000,,,,,,,14.9,20.9,86.3,2.8,True
2022,11,Austrian Grand Prix,Spielberg,Q,2022-07-10,1,VER,max_verstappen,Red Bull Racing,red_bull,Max,Verstappen,https://www.formula1.com/content/dam/fom-website/drivers/M/MAXVER01_Max_Verstappen/maxver01.png.transform/1col/image.png,1.0,,,0 days 00:01:05.852000,0 days 00:01:05.374000,0 days 00:01:04.984000,,,,,19.0,35.9,34.4,1.5,False
2022,11,Austrian Grand Prix,Spielberg,Q,2022-07-10,16,LEC,leclerc,Ferrari,ferrari,Charles,Leclerc,https://www.formula1.com/content/dam/fom-website/drivers/C/CHALEC01_Charles_Leclerc/chalec01.png.transform/1col/image.png,2.0,,,0 days 00:01:05.419000,0 days 00:01:05.287000,0 days 00:01:05.013000,,,,,19.0,35.9,34.4,1.5,False
2022,11,Austrian Grand Prix,Spielberg,Q,2022-07-10,55,SAI,sainz,Ferrari,ferrari,Carlos,Sainz,https://www.formula1.com/content/dam/fom-website/drivers/C/CARSAI01_Carlos_Sainz/carsai01.png.transform/1col/image.png,3.0,,,0 days 00:01:05.660000,0 days 00:01:05.576000,0 days 00:01:05.066000,,,,,19.0,35.9,34.4,1.5,False
2022,11,Austrian Grand Prix,Spielberg,Q,2022-07-10,63,RUS,russell,Mercedes,mercedes,George,Russell,https://www.formula1.com/content/dam/fom-website/drivers/G/GEORUS01_George_Russell/georus01.png.transform/1col/image.png,4.0,,,0 days 00:01:06.235000,0 days 00:01:05.697000,0 days 00:01:05.431000,,,,,19.0,35.9,34.4,1.5,False
2022,11,Austrian Grand Prix,Spielberg,Q,2022-07-10,31,OCO,ocon,Alpine,alpine,Esteban,Ocon,https://www.formula1.com/content/dam/fom-website/drivers/E/ESTOCO01_Esteban_Ocon/estoco01.png.transform/1col/image.png,5.0,,,0 days 00:01:06.468000,0 days 00:01:05.993000,0 days 00:01:05.726000,,,,,19.0,35.9,34.4,1.5,False
2022,11,Austrian Grand Prix,Spielberg,Q,2022-07-10,20,MAG,kevin_magnussen,Haas F1 Team,haas,Kevin,Magnussen,None,6.0,,,0 days 00:01:06.366000,0 days 00:01:05.894000,0 days 00:01:05.879000,,,,,19.0,35.9,34.4,1.5,False
2022,11,Austrian Grand Prix,Spielberg,Q,2022-07-10,47,MSC,mick_schumacher,Haas F1 Team,haas,Mick,Schumacher,https://www.formula1.com/content/dam/fom-website/drivers/M/MICSCH02_Mick_Schumacher/micsch02.png.transform/1col/image.png,7.0,,,0 days 00:01:06.405000,0 days 00:01:06.151000,0 days 00:01:06.011000,,,,,19.0,35.9,34.4,1.5,False
2022,11,Austrian Grand Prix,Spielberg,Q,2022-07-10,14,ALO,alonso,Alpine,alpine,Fernando,Alonso,https://www.formula1.com/content/dam/fom-website/drivers/F/FERALO01_Fernando_Alonso/feralo01.png.transform/1col/image.png,8.0,,,0 days 00:01:06.016000,0 days 00:01:06.082000,0 days 00:01:06.103000,,,,,19.0,35.9,34.4,1.5,False
2022,11,Austrian Grand Prix,Spielberg,Q,2022-07-10,44,HAM,hamilton,Mercedes,mercedes,Lewis,Hamilton,https://www.formula1.com/content/dam/fom-website/drivers/L/LEWHAM01_Lewis_Hamilton/lewham01.png.transform/1col/image.png,9.0,,,0 days 00:01:06.079000,0 days 00:01:05.475000,0 days 00:01:13.151000,,,,,19.0,35.9,34.4,1.5,False
2022,11,Austrian Grand Prix,Spielberg,Q,2022-07-10,10,GAS,gasly,AlphaTauri,alphatauri,Pierre,Gasly,https://www.formula1.com/content/dam/fom-website/drivers/P/PIEGAS01_Pierre_Gasly/piegas01.png.transform/1col/image.png,10.0,,,0 days 00:01:06.589000,0 days 00:01:06.160000,,,,,,19.0,35.9,34.4,1.5,False
2022,11,Austrian Grand Prix,Spielberg,Q,2022-07-10,23,ALB,albon,Williams,williams,Alexander,Albon,https://www.formula1.com/content/dam/fom-website/drivers/A/ALEALB01_Alexander_Albon/alealb01.png.transform/1col/image.png,11.0,,,0 days 00:01:06.516000,0 days 00:01:06.230000,,,,,,19.0,35.9,34.4,1.5,False
2022,11,Austrian Grand Prix,Spielberg,Q,2022-07-10,77,BOT,bottas,Alfa Romeo,alfa,Valtteri,Bottas,https://www.formula1.com/content/dam/fom-website/drivers/V/VALBOT01_Valtteri_Bottas/valbot01.png.transform/1col/image.png,12.0,,,0 days 00:01:06.442000,0 days 00:01:06.319000,,,,,,19.0,35.9,34.4,1.5,False
2022,11,Austrian Grand Prix,Spielberg,Q,2022-07-10,11,PER,perez,Red Bull Racing,red_bull,Sergio,Perez,https://www.formula1.com/content/dam/fom-website/drivers/S/SERPER01_Sergio_Perez/serper01.png.transform/1col/image.png,13.0,,,0 days 00:01:06.143000,0 days 00:01:06.458000,,,,,,19.0,35.9,34.4,1.5,False
2022,11,Austrian Grand Prix,Spielberg,Q,2022-07-10,22,TSU,tsunoda,AlphaTauri,alphatauri,Yuki,Tsunoda,https://www.formula1.com/content/dam/fom-website/drivers/Y/YUKTSU01_Yuki_Tsunoda/yuktsu01.png.transform/1col/image.png,14.0,,,0 days 00:01:06.463000,0 days 00:01:06.851000,,,,,,19.0,35.9,34.4,1.5,False
2022,11,Austrian Grand Prix,Spielberg,Q,2022-07-10,4,NOR,norris,McLaren,mclaren,Lando,Norris,https://www.formula1.com/content/dam/fom-website/drivers/L/LANNOR01_Lando_Norris/lannor01.png.transform/1col/image.png,15.0,,,0 days 00:01:06.330000,0 days 00:01:25.847000,,,,,,19.0,35.9,34.4,1.5,False
2022,11,Austrian Grand Prix,Spielberg,Q,2022-07-10,3,RIC,ricciardo,McLaren,mclaren,Daniel,Ricciardo,https://www.formula1.com/content/dam/fom-website/drivers/D/DANRIC01_Daniel_Ricciardo/danric01.png.transform/1col/image.png,16.0,,,0 days 00:01:06.613000,,,,,,,19.0,35.9,34.4,1.5,False
2022,11,Austrian Grand Prix,Spielberg,Q,2022-07-10,18,STR,stroll,Aston Martin,aston_martin,Lance,Stroll,https://www.formula1.com/content/dam/fom-website/drivers/L/LANSTR01_Lance_Stroll/lanstr01.png.transform/1col/image.png,17.0,,,0 days 00:01:06.847000,,,,,,,19.0,35.9,34.4,1.5,False
2022,11,Austrian Grand Prix,Spielberg,Q,2022-07-10,24,ZHO,zhou,Alfa Romeo,alfa,Guanyu,Zhou,https://www.formula1.com/content/dam/fom-website/drivers/G/GUAZHO01_Guanyu_Zhou/guazho01.png.transform/1col/image.png,18.0,,,0 days 00:01:06.901000,,,,,,,19.0,35.9,34.4,1.5,False
2022,11,Austrian Grand Prix,Spielberg,Q,2022-07-10,6,LAT,latifi,Williams,williams,Nicholas,Latifi,https://www.formula1.com/content/dam/fom-website/drivers/N/NICLAF01_Nicholas_Latifi/niclaf01.png.transform/1col/image.png,19.0,,,0 days 00:01:07.003000,,,,,,,19.0,35.9,34.4,1.5,False
2022,11,Austrian Grand Prix,Spielberg,Q,2022-07-10,5,VET,vettel,Aston Martin,aston_martin,Sebastian,Vettel,https://www.formula1.com/content/dam/fom-website/drivers/S/SEBVET01_Sebastian_Vettel/sebvet01.png.transform/1col/image.png,20.0,,,0 days 00:01:07.083000,,,,,,,19.0,35.9,34.4,1.5,False
2022,12,French Grand Prix,Le Castellet,Q,2022-07-24,16,LEC,leclerc,Ferrari,ferrari,Charles,Leclerc,https://www.formula1.com/content/dam/fom-website/drivers/C/CHALEC01_Charles_Leclerc/chalec01.png.transform/1col/image.png,1.0,,,0 days 00:01:31.727000,0 days 00:01:31.216000,0 days 00:01:30.872000,,,,,30.5,54.8,45.2,1.9,False
2022,12,French Grand Prix,Le Castellet,Q,2022-07-24,1,VER,max_verstappen,Red Bull Racing,red_bull,Max,Verstappen,https://www.formula1.com/content/dam/fom-website/drivers/M/MAXVER01_Max_Verstappen/maxver01.png.transform/1col/image.png,2.0,,,0 days 00:01:31.891000,0 days 00:01:31.990000,0 days 00:01:31.176000,,,,,30.5,54.8,45.2,1.9,False
2022,12,French Grand Prix,Le Castellet,Q,2022-07-24,11,PER,perez,Red Bull Racing,red_bull,Sergio,Perez,https://www.formula1.com/content/dam/fom-website/drivers/S/SERPER01_Sergio_Perez/serper01.png.transform/1col/image.png,3.0,,,0 days 00:01:32.354000,0 days 00:01:32.120000,0 days 00:01:31.335000,,,,,30.5,54.8,45.2,1.9,False
2022,12,French Grand Prix,Le Castellet,Q,2022-07-24,44,HAM,hamilton,Mercedes,mercedes,Lewis,Hamilton,https://www.formula1.com/content/dam/fom-website/drivers/L/LEWHAM01_Lewis_Hamilton/lewham01.png.transform/1col/image.png,4.0,,,0 days 00:01:33.041000,0 days 00:01:32.274000,0 days 00:01:31.765000,,,,,30.5,54.8,45.2,1.9,False
2022,12,French Grand Prix,Le Castellet,Q,2022-07-24,4,NOR,norris,McLaren,mclaren,Lando,Norris,https://www.formula1.com/content/dam/fom-website/drivers/L/LANNOR01_Lando_Norris/lannor01.png.transform/1col/image.png,5.0,,,0 days 00:01:32.672000,0 days 00:01:32.777000,0 days 00:01:32.032000,,,,,30.5,54.8,45.2,1.9,False
2022,12,French Grand Prix,Le Castellet,Q,2022-07-24,63,RUS,russell,Mercedes,mercedes,George,Russell,https://www.formula1.com/content/dam/fom-website/drivers/G/GEORUS01_George_Russell/georus01.png.transform/1col/image.png,6.0,,,0 days 00:01:33.109000,0 days 00:01:32.633000,0 days 00:01:32.131000,,,,,30.5,54.8,45.2,1.9,False
2022,12,French Grand Prix,Le Castellet,Q,2022-07-24,14,ALO,alonso,Alpine,alpine,Fernando,Alonso,https://www.formula1.com/content/dam/fom-website/drivers/F/FERALO01_Fernando_Alonso/feralo01.png.transform/1col/image.png,7.0,,,0 days 00:01:32.819000,0 days 00:01:32.631000,0 days 00:01:32.552000,,,,,30.5,54.8,45.2,1.9,False
2022,12,French Grand Prix,Le Castellet,Q,2022-07-24,22,TSU,tsunoda,AlphaTauri,alphatauri,Yuki,Tsunoda,https://www.formula1.com/content/dam/fom-website/drivers/Y/YUKTSU01_Yuki_Tsunoda/yuktsu01.png.transform/1col/image.png,8.0,,,0 days 00:01:33.394000,0 days 00:01:32.836000,0 days 00:01:32.780000,,,,,30.5,54.8,45.2,1.9,False
2022,12,French Grand Prix,Le Castellet,Q,2022-07-24,55,SAI,sainz,Ferrari,ferrari,Carlos,Sainz,https://www.formula1.com/content/dam/fom-website/drivers/C/CARSAI01_Carlos_Sainz/carsai01.png.transform/1col/image.png,9.0,,,0 days 00:01:32.297000,0 days 00:01:31.081000,,,,,,30.5,54.8,45.2,1.9,False
2022,12,French Grand Prix,Le Castellet,Q,2022-07-24,20,MAG,kevin_magnussen,Haas F1 Team,haas,Kevin,Magnussen,None,10.0,,,0 days 00:01:32.756000,0 days 00:01:32.649000,,,,,,30.5,54.8,45.2,1.9,False
2022,12,French Grand Prix,Le Castellet,Q,2022-07-24,3,RIC,ricciardo,McLaren,mclaren,Daniel,Ricciardo,https://www.formula1.com/content/dam/fom-website/drivers/D/DANRIC01_Daniel_Ricciardo/danric01.png.transform/1col/image.png,11.0,,,0 days 00:01:33.404000,0 days 00:01:32.922000,,,,,,30.5,54.8,45.2,1.9,False
2022,12,French Grand Prix,Le Castellet,Q,2022-07-24,31,OCO,ocon,Alpine,alpine,Esteban,Ocon,https://www.formula1.com/content/dam/fom-website/drivers/E/ESTOCO01_Esteban_Ocon/estoco01.png.transform/1col/image.png,12.0,,,0 days 00:01:33.346000,0 days 00:01:33.048000,,,,,,30.5,54.8,45.2,1.9,False
2022,12,French Grand Prix,Le Castellet,Q,2022-07-24,77,BOT,bottas,Alfa Romeo,alfa,Valtteri,Bottas,https://www.formula1.com/content/dam/fom-website/drivers/V/VALBOT01_Valtteri_Bottas/valbot01.png.transform/1col/image.png,13.0,,,0 days 00:01:33.034000,0 days 00:01:33.052000,,,,,,30.5,54.8,45.2,1.9,False
2022,12,French Grand Prix,Le Castellet,Q,2022-07-24,5,VET,vettel,Aston Martin,aston_martin,Sebastian,Vettel,https://www.formula1.com/content/dam/fom-website/drivers/S/SEBVET01_Sebastian_Vettel/sebvet01.png.transform/1col/image.png,14.0,,,0 days 00:01:33.285000,0 days 00:01:33.276000,,,,,,30.5,54.8,45.2,1.9,False
2022,12,French Grand Prix,Le Castellet,Q,2022-07-24,23,ALB,albon,Williams,williams,Alexander,Albon,https://www.formula1.com/content/dam/fom-website/drivers/A/ALEALB01_Alexander_Albon/alealb01.png.transform/1col/image.png,15.0,,,0 days 00:01:33.423000,0 days 00:01:33.307000,,,,,,30.5,54.8,45.2,1.9,False
2022,12,French Grand Prix,Le Castellet,Q,2022-07-24,10,GAS,gasly,AlphaTauri,alphatauri,Pierre,Gasly,https://www.formula1.com/content/dam/fom-website/drivers/P/PIEGAS01_Pierre_Gasly/piegas01.png.transform/1col/image.png,16.0,,,0 days 00:01:33.439000,,,,,,,30.5,54.8,45.2,1.9,False
2022,12,French Grand Prix,Le Castellet,Q,2022-07-24,18,STR,stroll,Aston Martin,aston_martin,Lance,Stroll,https://www.formula1.com/content/dam/fom-website/drivers/L/LANSTR01_Lance_Stroll/lanstr01.png.transform/1col/image.png,17.0,,,0 days 00:01:33.439000,,,,,,,30.5,54.8,45.2,1.9,False
2022,12,French Grand Prix,Le Castellet,Q,2022-07-24,24,ZHO,zhou,Alfa Romeo,alfa,Guanyu,Zhou,https://www.formula1.com/content/dam/fom-website/drivers/G/GUAZHO01_Guanyu_Zhou/guazho01.png.transform/1col/image.png,18.0,,,0 days 00:01:33.674000,,,,,,,30.5,54.8,45.2,1.9,False
2022,12,French Grand Prix,Le Castellet,Q,2022-07-24,47,MSC,mick_schumacher,Haas F1 Team,haas,Mick,Schumacher,https://www.formula1.com/content/dam/fom-website/drivers/M/MICSCH02_Mick_Schumacher/micsch02.png.transform/1col/image.png,19.0,,,0 days 00:01:33.701000,,,,,,,30.5,54.8,45.2,1.9,False
2022,12,French Grand Prix,Le Castellet,Q,2022-07-24,6,LAT,latifi,Williams,williams,Nicholas,Latifi,https://www.formula1.com/content/dam/fom-website/drivers/N/NICLAF01_Nicholas_Latifi/niclaf01.png.transform/1col/image.png,20.0,,,0 days 00:01:33.794000,,,,,,,30.5,54.8,45.2,1.9,False
2022,13,Hungarian Grand Prix,Budapest,Q,2022-07-31,63,RUS,russell,Mercedes,mercedes,George,Russell,https://www.formula1.com/content/dam/fom-website/drivers/G/GEORUS01_George_Russell/georus01.png.transform/1col/image.png,1.0,,,0 days 00:01:18.407000,0 days 00:01:18.154000,0 days 00:01:17.377000,,,,,22.2,29.8,71.1,2.7,False
2022,13,Hungarian Grand Prix,Budapest,Q,2022-07-31,55,SAI,sainz,Ferrari,ferrari,Carlos,Sainz,https://www.formula1.com/content/dam/fom-website/drivers/C/CARSAI01_Carlos_Sainz/carsai01.png.transform/1col/image.png,2.0,,,0 days 00:01:18.434000,0 days 00:01:17.946000,0 days 00:01:17.421000,,,,,22.2,29.8,71.1,2.7,False
2022,13,Hungarian Grand Prix,Budapest,Q,2022-07-31,16,LEC,leclerc,Ferrari,ferrari,Charles,Leclerc,https://www.formula1.com/content/dam/fom-website/drivers/C/CHALEC01_Charles_Leclerc/chalec01.png.transform/1col/image.png,3.0,,,0 days 00:01:18.806000,0 days 00:01:17.768000,0 days 00:01:17.567000,,,,,22.2,29.8,71.1,2.7,False
2022,13,Hungarian Grand Prix,Budapest,Q,2022-07-31,4,NOR,norris,McLaren,mclaren,Lando,Norris,https://www.formula1.com/content/dam/fom-website/drivers/L/LANNOR01_Lando_Norris/lannor01.png.transform/1col/image.png,4.0,,,0 days 00:01:18.653000,0 days 00:01:18.121000,0 days 00:01:17.769000,,,,,22.2,29.8,71.1,2.7,False
2022,13,Hungarian Grand Prix,Budapest,Q,2022-07-31,31,OCO,ocon,Alpine,alpine,Esteban,Ocon,https://www.formula1.com/content/dam/fom-website/drivers/E/ESTOCO01_Esteban_Ocon/estoco01.png.transform/1col/image.png,5.0,,,0 days 00:01:18.866000,0 days 00:01:18.216000,0 days 00:01:18.018000,,,,,22.2,29.8,71.1,2.7,False
2022,13,Hungarian Grand Prix,Budapest,Q,2022-07-31,14,ALO,alonso,Alpine,alpine,Fernando,Alonso,https://www.formula1.com/content/dam/fom-website/drivers/F/FERALO01_Fernando_Alonso/feralo01.png.transform/1col/image.png,6.0,,,0 days 00:01:18.716000,0 days 00:01:17.904000,0 days 00:01:18.078000,,,,,22.2,29.8,71.1,2.7,False
2022,13,Hungarian Grand Prix,Budapest,Q,2022-07-31,44,HAM,hamilton,Mercedes,mercedes,Lewis,Hamilton,https://www.formula1.com/content/dam/fom-website/drivers/L/LEWHAM01_Lewis_Hamilton/lewham01.png.transform/1col/image.png,7.0,,,0 days 00:01:18.374000,0 days 00:01:18.035000,0 days 00:01:18.142000,,,,,22.2,29.8,71.1,2.7,False
2022,13,Hungarian Grand Prix,Budapest,Q,2022-07-31,77,BOT,bottas,Alfa Romeo,alfa,Valtteri,Bottas,https://www.formula1.com/content/dam/fom-website/drivers/V/VALBOT01_Valtteri_Bottas/valbot01.png.transform/1col/image.png,8.0,,,0 days 00:01:18.935000,0 days 00:01:18.445000,0 days 00:01:18.157000,,,,,22.2,29.8,71.1,2.7,False
2022,13,Hungarian Grand Prix,Budapest,Q,2022-07-31,3,RIC,ricciardo,McLaren,mclaren,Daniel,Ricciardo,https://www.formula1.com/content/dam/fom-website/drivers/D/DANRIC01_Daniel_Ricciardo/danric01.png.transform/1col/image.png,9.0,,,0 days 00:01:18.775000,0 days 00:01:18.198000,0 days 00:01:18.379000,,,,,22.2,29.8,71.1,2.7,False
2022,13,Hungarian Grand Prix,Budapest,Q,2022-07-31,1,VER,max_verstappen,Red Bull Racing,red_bull,Max,Verstappen,https://www.formula1.com/content/dam/fom-website/drivers/M/MAXVER01_Max_Verstappen/maxver01.png.transform/1col/image.png,10.0,,,0 days 00:01:18.509000,0 days 00:01:17.703000,0 days 00:01:18.823000,,,,,22.2,29.8,71.1,2.7,False
2022,13,Hungarian Grand Prix,Budapest,Q,2022-07-31,11,PER,perez,Red Bull Racing,red_bull,Sergio,Perez,https://www.formula1.com/content/dam/fom-website/drivers/S/SERPER01_Sergio_Perez/serper01.png.transform/1col/image.png,11.0,,,0 days 00:01:19.118000,0 days 00:01:18.516000,,,,,,22.2,29.8,71.1,2.7,False
2022,13,Hungarian Grand Prix,Budapest,Q,2022-07-31,24,ZHO,zhou,Alfa Romeo,alfa,Guanyu,Zhou,https://www.formula1.com/content/dam/fom-website/drivers/G/GUAZHO01_Guanyu_Zhou/guazho01.png.transform/1col/image.png,12.0,,,0 days 00:01:18.973000,0 days 00:01:18.573000,,,,,,22.2,29.8,71.1,2.7,False
2022,13,Hungarian Grand Prix,Budapest,Q,2022-07-31,20,MAG,kevin_magnussen,Haas F1 Team,haas,Kevin,Magnussen,None,13.0,,,0 days 00:01:18.993000,0 days 00:01:18.825000,,,,,,22.2,29.8,71.1,2.7,False
2022,13,Hungarian Grand Prix,Budapest,Q,2022-07-31,18,STR,stroll,Aston Martin,aston_martin,Lance,Stroll,https://www.formula1.com/content/dam/fom-website/drivers/L/LANSTR01_Lance_Stroll/lanstr01.png.transform/1col/image.png,14.0,,,0 days 00:01:19.205000,0 days 00:01:19.137000,,,,,,22.2,29.8,71.1,2.7,False
2022,13,Hungarian Grand Prix,Budapest,Q,2022-07-31,47,MSC,mick_schumacher,Haas F1 Team,haas,Mick,Schumacher,https://www.formula1.com/content/dam/fom-website/drivers/M/MICSCH02_Mick_Schumacher/micsch02.png.transform/1col/image.png,15.0,,,0 days 00:01:19.164000,0 days 00:01:19.202000,,,,,,22.2,29.8,71.1,2.7,False
2022,13,Hungarian Grand Prix,Budapest,Q,2022-07-31,22,TSU,tsunoda,AlphaTauri,alphatauri,Yuki,Tsunoda,https://www.formula1.com/content/dam/fom-website/drivers/Y/YUKTSU01_Yuki_Tsunoda/yuktsu01.png.transform/1col/image.png,16.0,,,0 days 00:01:19.240000,,,,,,,22.2,29.8,71.1,2.7,False
2022,13,Hungarian Grand Prix,Budapest,Q,2022-07-31,23,ALB,albon,Williams,williams,Alexander,Albon,https://www.formula1.com/content/dam/fom-website/drivers/A/ALEALB01_Alexander_Albon/alealb01.png.transform/1col/image.png,17.0,,,0 days 00:01:19.256000,,,,,,,22.2,29.8,71.1,2.7,False
2022,13,Hungarian Grand Prix,Budapest,Q,2022-07-31,5,VET,vettel,Aston Martin,aston_martin,Sebastian,Vettel,https://www.formula1.com/content/dam/fom-website/drivers/S/SEBVET01_Sebastian_Vettel/sebvet01.png.transform/1col/image.png,18.0,,,0 days 00:01:19.273000,,,,,,,22.2,29.8,71.1,2.7,False
2022,13,Hungarian Grand Prix,Budapest,Q,2022-07-31,10,GAS,gasly,AlphaTauri,alphatauri,Pierre,Gasly,https://www.formula1.com/content/dam/fom-website/drivers/P/PIEGAS01_Pierre_Gasly/piegas01.png.transform/1col/image.png,19.0,,,0 days 00:01:19.527000,,,,,,,22.2,29.8,71.1,2.7,False
2022,13,Hungarian Grand Prix,Budapest,Q,2022-07-31,6,LAT,latifi,Williams,williams,Nicholas,Latifi,https://www.formula1.com/content/dam/fom-website/drivers/N/NICLAF01_Nicholas_Latifi/niclaf01.png.transform/1col/image.png,20.0,,,0 days 00:01:19.570000,,,,,,,22.2,29.8,71.1,2.7,False
2022,14,Belgian Grand Prix,Spa-Francorchamps,Q,2022-08-28,1,VER,max_verstappen,Red Bull Racing,red_bull,Max,Verstappen,https://www.formula1.com/content/dam/fom-website/drivers/M/MAXVER01_Max_Verstappen/maxver01.png.transform/1col/image.png,1.0,,,0 days 00:01:44.581000,0 days 00:01:44.723000,0 days 00:01:43.665000,,,,,15.2,20.7,84.8,1.3,False
2022,14,Belgian Grand Prix,Spa-Francorchamps,Q,2022-08-28,55,SAI,sainz,Ferrari,ferrari,Carlos,Sainz,https://www.formula1.com/content/dam/fom-website/drivers/C/CARSAI01_Carlos_Sainz/carsai01.png.transform/1col/image.png,2.0,,,0 days 00:01:45.050000,0 days 00:01:45.418000,0 days 00:01:44.297000,,,,,15.2,20.7,84.8,1.3,False
2022,14,Belgian Grand Prix,Spa-Francorchamps,Q,2022-08-28,11,PER,perez,Red Bull Racing,red_bull,Sergio,Perez,https://www.formula1.com/content/dam/fom-website/drivers/S/SERPER01_Sergio_Perez/serper01.png.transform/1col/image.png,3.0,,,0 days 00:01:45.377000,0 days 00:01:44.794000,0 days 00:01:44.462000,,,,,15.2,20.7,84.8,1.3,False
2022,14,Belgian Grand Prix,Spa-Francorchamps,Q,2022-08-28,16,LEC,leclerc,Ferrari,ferrari,Charles,Leclerc,https://www.formula1.com/content/dam/fom-website/drivers/C/CHALEC01_Charles_Leclerc/chalec01.png.transform/1col/image.png,4.0,,,0 days 00:01:45.572000,0 days 00:01:44.551000,0 days 00:01:44.553000,,,,,15.2,20.7,84.8,1.3,False
2022,14,Belgian Grand Prix,Spa-Francorchamps,Q,2022-08-28,31,OCO,ocon,Alpine,alpine,Esteban,Ocon,https://www.formula1.com/content/dam/fom-website/drivers/E/ESTOCO01_Esteban_Ocon/estoco01.png.transform/1col/image.png,5.0,,,0 days 00:01:46.039000,0 days 00:01:45.475000,0 days 00:01:45.180000,,,,,15.2,20.7,84.8,1.3,False
2022,14,Belgian Grand Prix,Spa-Francorchamps,Q,2022-08-28,14,ALO,alonso,Alpine,alpine,Fernando,Alonso,https://www.formula1.com/content/dam/fom-website/drivers/F/FERALO01_Fernando_Alonso/feralo01.png.transform/1col/image.png,6.0,,,0 days 00:01:46.075000,0 days 00:01:45.552000,0 days 00:01:45.368000,,,,,15.2,20.7,84.8,1.3,False
2022,14,Belgian Grand Prix,Spa-Francorchamps,Q,2022-08-28,44,HAM,hamilton,Mercedes,mercedes,Lewis,Hamilton,https://www.formula1.com/content/dam/fom-website/drivers/L/LEWHAM01_Lewis_Hamilton/lewham01.png.transform/1col/image.png,7.0,,,0 days 00:01:45.736000,0 days 00:01:45.420000,0 days 00:01:45.503000,,,,,15.2,20.7,84.8,1.3,False
2022,14,Belgian Grand Prix,Spa-Francorchamps,Q,2022-08-28,63,RUS,russell,Mercedes,mercedes,George,Russell,https://www.formula1.com/content/dam/fom-website/drivers/G/GEORUS01_George_Russell/georus01.png.transform/1col/image.png,8.0,,,0 days 00:01:45.650000,0 days 00:01:45.461000,0 days 00:01:45.776000,,,,,15.2,20.7,84.8,1.3,False
2022,14,Belgian Grand Prix,Spa-Francorchamps,Q,2022-08-28,23,ALB,albon,Williams,williams,Alexander,Albon,https://www.formula1.com/content/dam/fom-website/drivers/A/ALEALB01_Alexander_Albon/alealb01.png.transform/1col/image.png,9.0,,,0 days 00:01:45.672000,0 days 00:01:45.675000,0 days 00:01:45.837000,,,,,15.2,20.7,84.8,1.3,False
2022,14,Belgian Grand Prix,Spa-Francorchamps,Q,2022-08-28,4,NOR,norris,McLaren,mclaren,Lando,Norris,https://www.formula1.com/content/dam/fom-website/drivers/L/LANNOR01_Lando_Norris/lannor01.png.transform/1col/image.png,10.0,,,0 days 00:01:45.745000,0 days 00:01:45.603000,0 days 00:01:46.178000,,,,,15.2,20.7,84.8,1.3,False
2022,14,Belgian Grand Prix,Spa-Francorchamps,Q,2022-08-28,3,RIC,ricciardo,McLaren,mclaren,Daniel,Ricciardo,https://www.formula1.com/content/dam/fom-website/drivers/D/DANRIC01_Daniel_Ricciardo/danric01.png.transform/1col/image.png,11.0,,,0 days 00:01:46.212000,0 days 00:01:45.767000,,,,,,15.2,20.7,84.8,1.3,False
2022,14,Belgian Grand Prix,Spa-Francorchamps,Q,2022-08-28,10,GAS,gasly,AlphaTauri,alphatauri,Pierre,Gasly,https://www.formula1.com/content/dam/fom-website/drivers/P/PIEGAS01_Pierre_Gasly/piegas01.png.transform/1col/image.png,12.0,,,0 days 00:01:46.183000,0 days 00:01:45.827000,,,,,,15.2,20.7,84.8,1.3,False
2022,14,Belgian Grand Prix,Spa-Francorchamps,Q,2022-08-28,24,ZHO,zhou,Alfa Romeo,alfa,Guanyu,Zhou,https://www.formula1.com/content/dam/fom-website/drivers/G/GUAZHO01_Guanyu_Zhou/guazho01.png.transform/1col/image.png,13.0,,,0 days 00:01:46.178000,0 days 00:01:46.085000,,,,,,15.2,20.7,84.8,1.3,False
2022,14,Belgian Grand Prix,Spa-Francorchamps,Q,2022-08-28,18,STR,stroll,Aston Martin,aston_martin,Lance,Stroll,https://www.formula1.com/content/dam/fom-website/drivers/L/LANSTR01_Lance_Stroll/lanstr01.png.transform/1col/image.png,14.0,,,0 days 00:01:46.256000,0 days 00:01:46.611000,,,,,,15.2,20.7,84.8,1.3,False
2022,14,Belgian Grand Prix,Spa-Francorchamps,Q,2022-08-28,47,MSC,mick_schumacher,Haas F1 Team,haas,Mick,Schumacher,https://www.formula1.com/content/dam/fom-website/drivers/M/MICSCH02_Mick_Schumacher/micsch02.png.transform/1col/image.png,15.0,,,0 days 00:01:46.342000,0 days 00:01:47.718000,,,,,,15.2,20.7,84.8,1.3,False
2022,14,Belgian Grand Prix,Spa-Francorchamps,Q,2022-08-28,5,VET,vettel,Aston Martin,aston_martin,Sebastian,Vettel,https://www.formula1.com/content/dam/fom-website/drivers/S/SEBVET01_Sebastian_Vettel/sebvet01.png.transform/1col/image.png,16.0,,,0 days 00:01:46.344000,,,,,,,15.2,20.7,84.8,1.3,False
2022,14,Belgian Grand Prix,Spa-Francorchamps,Q,2022-08-28,6,LAT,latifi,Williams,williams,Nicholas,Latifi,https://www.formula1.com/content/dam/fom-website/drivers/N/NICLAF01_Nicholas_Latifi/niclaf01.png.transform/1col/image.png,17.0,,,0 days 00:01:46.401000,,,,,,,15.2,20.7,84.8,1.3,False
2022,14,Belgian Grand Prix,Spa-Francorchamps,Q,2022-08-28,20,MAG,kevin_magnussen,Haas F1 Team,haas,Kevin,Magnussen,None,18.0,,,0 days 00:01:46.557000,,,,,,,15.2,20.7,84.8,1.3,False
2022,14,Belgian Grand Prix,Spa-Francorchamps,Q,2022-08-28,22,TSU,tsunoda,AlphaTauri,alphatauri,Yuki,Tsunoda,https://www.formula1.com/content/dam/fom-website/drivers/Y/YUKTSU01_Yuki_Tsunoda/yuktsu01.png.transform/1col/image.png,19.0,,,0 days 00:01:46.692000,,,,,,,15.2,20.7,84.8,1.3,False
2022,14,Belgian Grand Prix,Spa-Francorchamps,Q,2022-08-28,77,BOT,bottas,Alfa Romeo,alfa,Valtteri,Bottas,https://www.formula1.com/content/dam/fom-website/drivers/V/VALBOT01_Valtteri_Bottas/valbot01.png.transform/1col/image.png,20.0,,,0 days 00:01:47.866000,,,,,,,15.2,20.7,84.8,1.3,False
2022,15,Dutch Grand Prix,Zandvoort,Q,2022-09-04,1,VER,max_verstappen,Red Bull Racing,red_bull,Max,Verstappen,https://www.formula1.com/content/dam/fom-website/drivers/M/MAXVER01_Max_Verstappen/maxver01.png.transform/1col/image.png,1.0,,,0 days 00:01:11.317000,0 days 00:01:10.927000,0 days 00:01:10.342000,,,,,26.9,39.1,30.3,1.5,False
2022,15,Dutch Grand Prix,Zandvoort,Q,2022-09-04,16,LEC,leclerc,Ferrari,ferrari,Charles,Leclerc,https://www.formula1.com/content/dam/fom-website/drivers/C/CHALEC01_Charles_Leclerc/chalec01.png.transform/1col/image.png,2.0,,,0 days 00:01:11.443000,0 days 00:01:10.988000,0 days 00:01:10.363000,,,,,26.9,39.1,30.3,1.5,False
2022,15,Dutch Grand Prix,Zandvoort,Q,2022-09-04,55,SAI,sainz,Ferrari,ferrari,Carlos,Sainz,https://www.formula1.com/content/dam/fom-website/drivers/C/CARSAI01_Carlos_Sainz/carsai01.png.transform/1col/image.png,3.0,,,0 days 00:01:11.767000,0 days 00:01:10.814000,0 days 00:01:10.434000,,,,,26.9,39.1,30.3,1.5,False
2022,15,Dutch Grand Prix,Zandvoort,Q,2022-09-04,44,HAM,hamilton,Mercedes,mercedes,Lewis,Hamilton,https://www.formula1.com/content/dam/fom-website/drivers/L/LEWHAM01_Lewis_Hamilton/lewham01.png.transform/1col/image.png,4.0,,,0 days 00:01:11.331000,0 days 00:01:11.075000,0 days 00:01:10.648000,,,,,26.9,39.1,30.3,1.5,False
2022,15,Dutch Grand Prix,Zandvoort,Q,2022-09-04,11,PER,perez,Red Bull Racing,red_bull,Sergio,Perez,https://www.formula1.com/content/dam/fom-website/drivers/S/SERPER01_Sergio_Perez/serper01.png.transform/1col/image.png,5.0,,,0 days 00:01:11.641000,0 days 00:01:11.314000,0 days 00:01:11.077000,,,,,26.9,39.1,30.3,1.5,False
2022,15,Dutch Grand Prix,Zandvoort,Q,2022-09-04,63,RUS,russell,Mercedes,mercedes,George,Russell,https://www.formula1.com/content/dam/fom-website/drivers/G/GEORUS01_George_Russell/georus01.png.transform/1col/image.png,6.0,,,0 days 00:01:11.561000,0 days 00:01:10.824000,0 days 00:01:11.147000,,,,,26.9,39.1,30.3,1.5,False
2022,15,Dutch Grand Prix,Zandvoort,Q,2022-09-04,4,NOR,norris,McLaren,mclaren,Lando,Norris,https://www.formula1.com/content/dam/fom-website/drivers/L/LANNOR01_Lando_Norris/lannor01.png.transform/1col/image.png,7.0,,,0 days 00:01:11.556000,0 days 00:01:11.116000,0 days 00:01:11.174000,,,,,26.9,39.1,30.3,1.5,False
2022,15,Dutch Grand Prix,Zandvoort,Q,2022-09-04,47,MSC,mick_schumacher,Haas F1 Team,haas,Mick,Schumacher,https://www.formula1.com/content/dam/fom-website/drivers/M/MICSCH02_Mick_Schumacher/micsch02.png.transform/1col/image.png,8.0,,,0 days 00:01:11.741000,0 days 00:01:11.420000,0 days 00:01:11.442000,,,,,26.9,39.1,30.3,1.5,False
2022,15,Dutch Grand Prix,Zandvoort,Q,2022-09-04,22,TSU,tsunoda,AlphaTauri,alphatauri,Yuki,Tsunoda,https://www.formula1.com/content/dam/fom-website/drivers/Y/YUKTSU01_Yuki_Tsunoda/yuktsu01.png.transform/1col/image.png,9.0,,,0 days 00:01:11.427000,0 days 00:01:11.428000,0 days 00:01:12.556000,,,,,26.9,39.1,30.3,1.5,False
2022,15,Dutch Grand Prix,Zandvoort,Q,2022-09-04,18,STR,stroll,Aston Martin,aston_martin,Lance,Stroll,https://www.formula1.com/content/dam/fom-website/drivers/L/LANSTR01_Lance_Stroll/lanstr01.png.transform/1col/image.png,10.0,,,0 days 00:01:11.568000,0 days 00:01:11.416000,,,,,,26.9,39.1,30.3,1.5,False
2022,15,Dutch Grand Prix,Zandvoort,Q,2022-09-04,10,GAS,gasly,AlphaTauri,alphatauri,Pierre,Gasly,https://www.formula1.com/content/dam/fom-website/drivers/P/PIEGAS01_Pierre_Gasly/piegas01.png.transform/1col/image.png,11.0,,,0 days 00:01:11.705000,0 days 00:01:11.512000,,,,,,26.9,39.1,30.3,1.5,False
2022,15,Dutch Grand Prix,Zandvoort,Q,2022-09-04,31,OCO,ocon,Alpine,alpine,Esteban,Ocon,https://www.formula1.com/content/dam/fom-website/drivers/E/ESTOCO01_Esteban_Ocon/estoco01.png.transform/1col/image.png,12.0,,,0 days 00:01:11.748000,0 days 00:01:11.605000,,,,,,26.9,39.1,30.3,1.5,False
2022,15,Dutch Grand Prix,Zandvoort,Q,2022-09-04,14,ALO,alonso,Alpine,alpine,Fernando,Alonso,https://www.formula1.com/content/dam/fom-website/drivers/F/FERALO01_Fernando_Alonso/feralo01.png.transform/1col/image.png,13.0,,,0 days 00:01:11.667000,0 days 00:01:11.613000,,,,,,26.9,39.1,30.3,1.5,False
2022,15,Dutch Grand Prix,Zandvoort,Q,2022-09-04,24,ZHO,zhou,Alfa Romeo,alfa,Guanyu,Zhou,https://www.formula1.com/content/dam/fom-website/drivers/G/GUAZHO01_Guanyu_Zhou/guazho01.png.transform/1col/image.png,14.0,,,0 days 00:01:11.826000,0 days 00:01:11.704000,,,,,,26.9,39.1,30.3,1.5,False
2022,15,Dutch Grand Prix,Zandvoort,Q,2022-09-04,23,ALB,albon,Williams,williams,Alexander,Albon,https://www.formula1.com/content/dam/fom-website/drivers/A/ALEALB01_Alexander_Albon/alealb01.png.transform/1col/image.png,15.0,,,0 days 00:01:11.695000,0 days 00:01:11.802000,,,,,,26.9,39.1,30.3,1.5,False
2022,15,Dutch Grand Prix,Zandvoort,Q,2022-09-04,77,BOT,bottas,Alfa Romeo,alfa,Valtteri,Bottas,https://www.formula1.com/content/dam/fom-website/drivers/V/VALBOT01_Valtteri_Bottas/valbot01.png.transform/1col/image.png,16.0,,,0 days 00:01:11.961000,,,,,,,26.9,39.1,30.3,1.5,False
2022,15,Dutch Grand Prix,Zandvoort,Q,2022-09-04,3,RIC,ricciardo,McLaren,mclaren,Daniel,Ricciardo,https://www.formula1.com/content/dam/fom-website/drivers/D/DANRIC01_Daniel_Ricciardo/danric01.png.transform/1col/image.png,17.0,,,0 days 00:01:12.081000,,,,,,,26.9,39.1,30.3,1.5,False
2022,15,Dutch Grand Prix,Zandvoort,Q,2022-09-04,20,MAG,kevin_magnussen,Haas F1 Team,haas,Kevin,Magnussen,None,18.0,,,0 days 00:01:12.319000,,,,,,,26.9,39.1,30.3,1.5,False
2022,15,Dutch Grand Prix,Zandvoort,Q,2022-09-04,5,VET,vettel,Aston Martin,aston_martin,Sebastian,Vettel,https://www.formula1.com/content/dam/fom-website/drivers/S/SEBVET01_Sebastian_Vettel/sebvet01.png.transform/1col/image.png,19.0,,,0 days 00:01:12.391000,,,,,,,26.9,39.1,30.3,1.5,False
2022,15,Dutch Grand Prix,Zandvoort,Q,2022-09-04,6,LAT,latifi,Williams,williams,Nicholas,Latifi,https://www.formula1.com/content/dam/fom-website/drivers/N/NICLAF01_Nicholas_Latifi/niclaf01.png.transform/1col/image.png,20.0,,,0 days 00:01:13.353000,,,,,,,26.9,39.1,30.3,1.5,False
2022,16,Italian Grand Prix,Monza,Q,2022-09-11,16,LEC,leclerc,Ferrari,ferrari,Charles,Leclerc,https://www.formula1.com/content/dam/fom-website/drivers/C/CHALEC01_Charles_Leclerc/chalec01.png.transform/1col/image.png,1.0,,,0 days 00:01:21.280000,0 days 00:01:21.208000,0 days 00:01:20.161000,,,,,27.6,40.3,34.7,1.0,False
2022,16,Italian Grand Prix,Monza,Q,2022-09-11,1,VER,max_verstappen,Red Bull Racing,red_bull,Max,Verstappen,https://www.formula1.com/content/dam/fom-website/drivers/M/MAXVER01_Max_Verstappen/maxver01.png.transform/1col/image.png,2.0,,,0 days 00:01:20.922000,0 days 00:01:21.265000,0 days 00:01:20.306000,,,,,27.6,40.3,34.7,1.0,False
2022,16,Italian Grand Prix,Monza,Q,2022-09-11,55,SAI,sainz,Ferrari,ferrari,Carlos,Sainz,https://www.formula1.com/content/dam/fom-website/drivers/C/CARSAI01_Carlos_Sainz/carsai01.png.transform/1col/image.png,3.0,,,0 days 00:01:21.348000,0 days 00:01:20.878000,0 days 00:01:20.429000,,,,,27.6,40.3,34.7,1.0,False
2022,16,Italian Grand Prix,Monza,Q,2022-09-11,11,PER,perez,Red Bull Racing,red_bull,Sergio,Perez,https://www.formula1.com/content/dam/fom-website/drivers/S/SERPER01_Sergio_Perez/serper01.png.transform/1col/image.png,4.0,,,0 days 00:01:21.495000,0 days 00:01:21.358000,0 days 00:01:21.206000,,,,,27.6,40.3,34.7,1.0,False
2022,16,Italian Grand Prix,Monza,Q,2022-09-11,44,HAM,hamilton,Mercedes,mercedes,Lewis,Hamilton,https://www.formula1.com/content/dam/fom-website/drivers/L/LEWHAM01_Lewis_Hamilton/lewham01.png.transform/1col/image.png,5.0,,,0 days 00:01:22.048000,0 days 00:01:21.708000,0 days 00:01:21.524000,,,,,27.6,40.3,34.7,1.0,False
2022,16,Italian Grand Prix,Monza,Q,2022-09-11,63,RUS,russell,Mercedes,mercedes,George,Russell,https://www.formula1.com/content/dam/fom-website/drivers/G/GEORUS01_George_Russell/georus01.png.transform/1col/image.png,6.0,,,0 days 00:01:21.785000,0 days 00:01:21.747000,0 days 00:01:21.542000,,,,,27.6,40.3,34.7,1.0,False
2022,16,Italian Grand Prix,Monza,Q,2022-09-11,4,NOR,norris,McLaren,mclaren,Lando,Norris,https://www.formula1.com/content/dam/fom-website/drivers/L/LANNOR01_Lando_Norris/lannor01.png.transform/1col/image.png,7.0,,,0 days 00:01:22.130000,0 days 00:01:21.831000,0 days 00:01:21.584000,,,,,27.6,40.3,34.7,1.0,False
2022,16,Italian Grand Prix,Monza,Q,2022-09-11,3,RIC,ricciardo,McLaren,mclaren,Daniel,Ricciardo,https://www.formula1.com/content/dam/fom-website/drivers/D/DANRIC01_Daniel_Ricciardo/danric01.png.transform/1col/image.png,8.0,,,0 days 00:01:22.139000,0 days 00:01:21.855000,0 days 00:01:21.925000,,,,,27.6,40.3,34.7,1.0,False
2022,16,Italian Grand Prix,Monza,Q,2022-09-11,10,GAS,gasly,AlphaTauri,alphatauri,Pierre,Gasly,https://www.formula1.com/content/dam/fom-website/drivers/P/PIEGAS01_Pierre_Gasly/piegas01.png.transform/1col/image.png,9.0,,,0 days 00:01:22.010000,0 days 00:01:22.062000,0 days 00:01:22.648000,,,,,27.6,40.3,34.7,1.0,False
2022,16,Italian Grand Prix,Monza,Q,2022-09-11,14,ALO,alonso,Alpine,alpine,Fernando,Alonso,https://www.formula1.com/content/dam/fom-website/drivers/F/FERALO01_Fernando_Alonso/feralo01.png.transform/1col/image.png,10.0,,,0 days 00:01:22.089000,0 days 00:01:21.861000,,,,,,27.6,40.3,34.7,1.0,False
2022,16,Italian Grand Prix,Monza,Q,2022-09-11,31,OCO,ocon,Alpine,alpine,Esteban,Ocon,https://www.formula1.com/content/dam/fom-website/drivers/E/ESTOCO01_Esteban_Ocon/estoco01.png.transform/1col/image.png,11.0,,,0 days 00:01:22.166000,0 days 00:01:22.130000,,,,,,27.6,40.3,34.7,1.0,False
2022,16,Italian Grand Prix,Monza,Q,2022-09-11,77,BOT,bottas,Alfa Romeo,alfa,Valtteri,Bottas,https://www.formula1.com/content/dam/fom-website/drivers/V/VALBOT01_Valtteri_Bottas/valbot01.png.transform/1col/image.png,12.0,,,0 days 00:01:22.254000,0 days 00:01:22.235000,,,,,,27.6,40.3,34.7,1.0,False
2022,16,Italian Grand Prix,Monza,Q,2022-09-11,45,DEV,de_vries,Williams,williams,Nyck,De Vries,None,13.0,,,0 days 00:01:22.567000,0 days 00:01:22.471000,,,,,,27.6,40.3,34.7,1.0,False
2022,16,Italian Grand Prix,Monza,Q,2022-09-11,24,ZHO,zhou,Alfa Romeo,alfa,Guanyu,Zhou,https://www.formula1.com/content/dam/fom-website/drivers/G/GUAZHO01_Guanyu_Zhou/guazho01.png.transform/1col/image.png,14.0,,,0 days 00:01:22.003000,0 days 00:01:22.577000,,,,,,27.6,40.3,34.7,1.0,False
2022,16,Italian Grand Prix,Monza,Q,2022-09-11,22,TSU,tsunoda,AlphaTauri,alphatauri,Yuki,Tsunoda,https://www.formula1.com/content/dam/fom-website/drivers/Y/YUKTSU01_Yuki_Tsunoda/yuktsu01.png.transform/1col/image.png,15.0,,,0 days 00:01:22.020000,,,,,,,27.6,40.3,34.7,1.0,False
2022,16,Italian Grand Prix,Monza,Q,2022-09-11,6,LAT,latifi,Williams,williams,Nicholas,Latifi,https://www.formula1.com/content/dam/fom-website/drivers/N/NICLAF01_Nicholas_Latifi/niclaf01.png.transform/1col/image.png,16.0,,,0 days 00:01:22.587000,,,,,,,27.6,40.3,34.7,1.0,False
2022,16,Italian Grand Prix,Monza,Q,2022-09-11,5,VET,vettel,Aston Martin,aston_martin,Sebastian,Vettel,https://www.formula1.com/content/dam/fom-website/drivers/S/SEBVET01_Sebastian_Vettel/sebvet01.png.transform/1col/image.png,17.0,,,0 days 00:01:22.636000,,,,,,,27.6,40.3,34.7,1.0,False
2022,16,Italian Grand Prix,Monza,Q,2022-09-11,18,STR,stroll,Aston Martin,aston_martin,Lance,Stroll,https://www.formula1.com/content/dam/fom-website/drivers/L/LANSTR01_Lance_Stroll/lanstr01.png.transform/1col/image.png,18.0,,,0 days 00:01:22.748000,,,,,,,27.6,40.3,34.7,1.0,False
2022,16,Italian Grand Prix,Monza,Q,2022-09-11,20,MAG,kevin_magnussen,Haas F1 Team,haas,Kevin,Magnussen,None,19.0,,,0 days 00:01:22.908000,,,,,,,27.6,40.3,34.7,1.0,False
2022,16,Italian Grand Prix,Monza,Q,2022-09-11,47,MSC,mick_schumacher,Haas F1 Team,haas,Mick,Schumacher,https://www.formula1.com/content/dam/fom-website/drivers/M/MICSCH02_Mick_Schumacher/micsch02.png.transform/1col/image.png,20.0,,,0 days 00:01:23.005000,,,,,,,27.6,40.3,34.7,1.0,False
2022,17,Singapore Grand Prix,Marina Bay,Q,2022-10-02,16,LEC,leclerc,Ferrari,ferrari,Charles,Leclerc,https://www.formula1.com/content/dam/fom-website/drivers/C/CHALEC01_Charles_Leclerc/chalec01.png.transform/1col/image.png,1.0,,,0 days 00:01:54.129000,0 days 00:01:52.343000,0 days 00:01:49.412000,,,,,26.8,27.8,81.4,0.7,False
2022,17,Singapore Grand Prix,Marina Bay,Q,2022-10-02,11,PER,perez,Red Bull Racing,red_bull,Sergio,Perez,https://www.formula1.com/content/dam/fom-website/drivers/S/SERPER01_Sergio_Perez/serper01.png.transform/1col/image.png,2.0,,,0 days 00:01:54.404000,0 days 00:01:52.818000,0 days 00:01:49.434000,,,,,26.8,27.8,81.4,0.7,False
2022,17,Singapore Grand Prix,Marina Bay,Q,2022-10-02,44,HAM,hamilton,Mercedes,mercedes,Lewis,Hamilton,https://www.formula1.com/content/dam/fom-website/drivers/L/LEWHAM01_Lewis_Hamilton/lewham01.png.transform/1col/image.png,3.0,,,0 days 00:01:53.161000,0 days 00:01:52.691000,0 days 00:01:49.466000,,,,,26.8,27.8,81.4,0.7,False
2022,17,Singapore Grand Prix,Marina Bay,Q,2022-10-02,55,SAI,sainz,Ferrari,ferrari,Carlos,Sainz,https://www.formula1.com/content/dam/fom-website/drivers/C/CARSAI01_Carlos_Sainz/carsai01.png.transform/1col/image.png,4.0,,,0 days 00:01:54.559000,0 days 00:01:53.219000,0 days 00:01:49.583000,,,,,26.8,27.8,81.4,0.7,False
2022,17,Singapore Grand Prix,Marina Bay,Q,2022-10-02,14,ALO,alonso,Alpine,alpine,Fernando,Alonso,https://www.formula1.com/content/dam/fom-website/drivers/F/FERALO01_Fernando_Alonso/feralo01.png.transform/1col/image.png,5.0,,,0 days 00:01:55.360000,0 days 00:01:53.127000,0 days 00:01:49.966000,,,,,26.8,27.8,81.4,0.7,False
2022,17,Singapore Grand Prix,Marina Bay,Q,2022-10-02,4,NOR,norris,McLaren,mclaren,Lando,Norris,https://www.formula1.com/content/dam/fom-website/drivers/L/LANNOR01_Lando_Norris/lannor01.png.transform/1col/image.png,6.0,,,0 days 00:01:55.914000,0 days 00:01:53.942000,0 days 00:01:50.584000,,,,,26.8,27.8,81.4,0.7,False
2022,17,Singapore Grand Prix,Marina Bay,Q,2022-10-02,10,GAS,gasly,AlphaTauri,alphatauri,Pierre,Gasly,https://www.formula1.com/content/dam/fom-website/drivers/P/PIEGAS01_Pierre_Gasly/piegas01.png.transform/1col/image.png,7.0,,,0 days 00:01:55.606000,0 days 00:01:53.546000,0 days 00:01:51.211000,,,,,26.8,27.8,81.4,0.7,False
2022,17,Singapore Grand Prix,Marina Bay,Q,2022-10-02,1,VER,max_verstappen,Red Bull Racing,red_bull,Max,Verstappen,https://www.formula1.com/content/dam/fom-website/drivers/M/MAXVER01_Max_Verstappen/maxver01.png.transform/1col/image.png,8.0,,,0 days 00:01:53.057000,0 days 00:01:52.723000,0 days 00:01:51.395000,,,,,26.8,27.8,81.4,0.7,False
2022,17,Singapore Grand Prix,Marina Bay,Q,2022-10-02,20,MAG,kevin_magnussen,Haas F1 Team,haas,Kevin,Magnussen,None,9.0,,,0 days 00:01:55.103000,0 days 00:01:54.006000,0 days 00:01:51.573000,,,,,26.8,27.8,81.4,0.7,False
2022,17,Singapore Grand Prix,Marina Bay,Q,2022-10-02,22,TSU,tsunoda,AlphaTauri,alphatauri,Yuki,Tsunoda,https://www.formula1.com/content/dam/fom-website/drivers/Y/YUKTSU01_Yuki_Tsunoda/yuktsu01.png.transform/1col/image.png,10.0,,,0 days 00:01:55.314000,0 days 00:01:53.848000,0 days 00:01:51.983000,,,,,26.8,27.8,81.4,0.7,False
2022,17,Singapore Grand Prix,Marina Bay,Q,2022-10-02,63,RUS,russell,Mercedes,mercedes,George,Russell,https://www.formula1.com/content/dam/fom-website/drivers/G/GEORUS01_George_Russell/georus01.png.transform/1col/image.png,11.0,,,0 days 00:01:54.633000,0 days 00:01:54.012000,,,,,,26.8,27.8,81.4,0.7,False
2022,17,Singapore Grand Prix,Marina Bay,Q,2022-10-02,18,STR,stroll,Aston Martin,aston_martin,Lance,Stroll,https://www.formula1.com/content/dam/fom-website/drivers/L/LANSTR01_Lance_Stroll/lanstr01.png.transform/1col/image.png,12.0,,,0 days 00:01:55.629000,0 days 00:01:54.211000,,,,,,26.8,27.8,81.4,0.7,False
2022,17,Singapore Grand Prix,Marina Bay,Q,2022-10-02,47,MSC,mick_schumacher,Haas F1 Team,haas,Mick,Schumacher,https://www.formula1.com/content/dam/fom-website/drivers/M/MICSCH02_Mick_Schumacher/micsch02.png.transform/1col/image.png,13.0,,,0 days 00:01:55.736000,0 days 00:01:54.370000,,,,,,26.8,27.8,81.4,0.7,False
2022,17,Singapore Grand Prix,Marina Bay,Q,2022-10-02,5,VET,vettel,Aston Martin,aston_martin,Sebastian,Vettel,https://www.formula1.com/content/dam/fom-website/drivers/S/SEBVET01_Sebastian_Vettel/sebvet01.png.transform/1col/image.png,14.0,,,0 days 00:01:55.602000,0 days 00:01:54.380000,,,,,,26.8,27.8,81.4,0.7,False
2022,17,Singapore Grand Prix,Marina Bay,Q,2022-10-02,24,ZHO,zhou,Alfa Romeo,alfa,Guanyu,Zhou,https://www.formula1.com/content/dam/fom-website/drivers/G/GUAZHO01_Guanyu_Zhou/guazho01.png.transform/1col/image.png,15.0,,,0 days 00:01:55.375000,0 days 00:01:55.518000,,,,,,26.8,27.8,81.4,0.7,False
2022,17,Singapore Grand Prix,Marina Bay,Q,2022-10-02,77,BOT,bottas,Alfa Romeo,alfa,Valtteri,Bottas,https://www.formula1.com/content/dam/fom-website/drivers/V/VALBOT01_Valtteri_Bottas/valbot01.png.transform/1col/image.png,16.0,,,0 days 00:01:56.083000,,,,,,,26.8,27.8,81.4,0.7,False
2022,17,Singapore Grand Prix,Marina Bay,Q,2022-10-02,3,RIC,ricciardo,McLaren,mclaren,Daniel,Ricciardo,https://www.formula1.com/content/dam/fom-website/drivers/D/DANRIC01_Daniel_Ricciardo/danric01.png.transform/1col/image.png,17.0,,,0 days 00:01:56.226000,,,,,,,26.8,27.8,81.4,0.7,False
2022,17,Singapore Grand Prix,Marina Bay,Q,2022-10-02,31,OCO,ocon,Alpine,alpine,Esteban,Ocon,https://www.formula1.com/content/dam/fom-website/drivers/E/ESTOCO01_Esteban_Ocon/estoco01.png.transform/1col/image.png,18.0,,,0 days 00:01:56.337000,,,,,,,26.8,27.8,81.4,0.7,False
2022,17,Singapore Grand Prix,Marina Bay,Q,2022-10-02,23,ALB,albon,Williams,williams,Alexander,Albon,https://www.formula1.com/content/dam/fom-website/drivers/A/ALEALB01_Alexander_Albon/alealb01.png.transform/1col/image.png,19.0,,,0 days 00:01:56.985000,,,,,,,26.8,27.8,81.4,0.7,False
2022,17,Singapore Grand Prix,Marina Bay,Q,2022-10-02,6,LAT,latifi,Williams,williams,Nicholas,Latifi,https://www.formula1.com/content/dam/fom-website/drivers/N/NICLAF01_Nicholas_Latifi/niclaf01.png.transform/1col/image.png,20.0,,,0 days 00:01:57.532000,,,,,,,26.8,27.8,81.4,0.7,False
2022,18,Japanese Grand Prix,Suzuka,Q,2022-10-09,1,VER,max_verstappen,Red Bull Racing,red_bull,Max,Verstappen,https://www.formula1.com/content/dam/fom-website/drivers/M/MAXVER01_Max_Verstappen/maxver01.png.transform/1col/image.png,1.0,,,0 days 00:01:30.224000,0 days 00:01:30.346000,0 days 00:01:29.304000,,,,,19.9,26.5,57.5,2.6,False
2022,18,Japanese Grand Prix,Suzuka,Q,2022-10-09,16,LEC,leclerc,Ferrari,ferrari,Charles,Leclerc,https://www.formula1.com/content/dam/fom-website/drivers/C/CHALEC01_Charles_Leclerc/chalec01.png.transform/1col/image.png,2.0,,,0 days 00:01:30.402000,0 days 00:01:30.486000,0 days 00:01:29.314000,,,,,19.9,26.5,57.5,2.6,False
2022,18,Japanese Grand Prix,Suzuka,Q,2022-10-09,55,SAI,sainz,Ferrari,ferrari,Carlos,Sainz,https://www.formula1.com/content/dam/fom-website/drivers/C/CARSAI01_Carlos_Sainz/carsai01.png.transform/1col/image.png,3.0,,,0 days 00:01:30.336000,0 days 00:01:30.444000,0 days 00:01:29.361000,,,,,19.9,26.5,57.5,2.6,False
2022,18,Japanese Grand Prix,Suzuka,Q,2022-10-09,11,PER,perez,Red Bull Racing,red_bull,Sergio,Perez,https://www.formula1.com/content/dam/fom-website/drivers/S/SERPER01_Sergio_Perez/serper01.png.transform/1col/image.png,4.0,,,0 days 00:01:30.622000,0 days 00:01:29.925000,0 days 00:01:29.709000,,,,,19.9,26.5,57.5,2.6,False
2022,18,Japanese Grand Prix,Suzuka,Q,2022-10-09,31,OCO,ocon,Alpine,alpine,Esteban,Ocon,https://www.formula1.com/content/dam/fom-website/drivers/E/ESTOCO01_Esteban_Ocon/estoco01.png.transform/1col/image.png,5.0,,,0 days 00:01:30.696000,0 days 00:01:30.357000,0 days 00:01:30.165000,,,,,19.9,26.5,57.5,2.6,False
2022,18,Japanese Grand Prix,Suzuka,Q,2022-10-09,44,HAM,hamilton,Mercedes,mercedes,Lewis,Hamilton,https://www.formula1.com/content/dam/fom-website/drivers/L/LEWHAM01_Lewis_Hamilton/lewham01.png.transform/1col/image.png,6.0,,,0 days 00:01:30.906000,0 days 00:01:30.443000,0 days 00:01:30.261000,,,,,19.9,26.5,57.5,2.6,False
2022,18,Japanese Grand Prix,Suzuka,Q,2022-10-09,14,ALO,alonso,Alpine,alpine,Fernando,Alonso,https://www.formula1.com/content/dam/fom-website/drivers/F/FERALO01_Fernando_Alonso/feralo01.png.transform/1col/image.png,7.0,,,0 days 00:01:30.603000,0 days 00:01:30.343000,0 days 00:01:30.322000,,,,,19.9,26.5,57.5,2.6,False
2022,18,Japanese Grand Prix,Suzuka,Q,2022-10-09,63,RUS,russell,Mercedes,mercedes,George,Russell,https://www.formula1.com/content/dam/fom-website/drivers/G/GEORUS01_George_Russell/georus01.png.transform/1col/image.png,8.0,,,0 days 00:01:30.865000,0 days 00:01:30.465000,0 days 00:01:30.389000,,,,,19.9,26.5,57.5,2.6,False
2022,18,Japanese Grand Prix,Suzuka,Q,2022-10-09,5,VET,vettel,Aston Martin,aston_martin,Sebastian,Vettel,https://www.formula1.com/content/dam/fom-website/drivers/S/SEBVET01_Sebastian_Vettel/sebvet01.png.transform/1col/image.png,9.0,,,0 days 00:01:31.256000,0 days 00:01:30.656000,0 days 00:01:30.554000,,,,,19.9,26.5,57.5,2.6,False
2022,18,Japanese Grand Prix,Suzuka,Q,2022-10-09,4,NOR,norris,McLaren,mclaren,Lando,Norris,https://www.formula1.com/content/dam/fom-website/drivers/L/LANNOR01_Lando_Norris/lannor01.png.transform/1col/image.png,10.0,,,0 days 00:01:30.881000,0 days 00:01:30.473000,0 days 00:01:31.003000,,,,,19.9,26.5,57.5,2.6,False
2022,18,Japanese Grand Prix,Suzuka,Q,2022-10-09,3,RIC,ricciardo,McLaren,mclaren,Daniel,Ricciardo,https://www.formula1.com/content/dam/fom-website/drivers/D/DANRIC01_Daniel_Ricciardo/danric01.png.transform/1col/image.png,11.0,,,0 days 00:01:30.880000,0 days 00:01:30.659000,,,,,,19.9,26.5,57.5,2.6,False
2022,18,Japanese Grand Prix,Suzuka,Q,2022-10-09,77,BOT,bottas,Alfa Romeo,alfa,Valtteri,Bottas,https://www.formula1.com/content/dam/fom-website/drivers/V/VALBOT01_Valtteri_Bottas/valbot01.png.transform/1col/image.png,12.0,,,0 days 00:01:31.226000,0 days 00:01:30.709000,,,,,,19.9,26.5,57.5,2.6,False
2022,18,Japanese Grand Prix,Suzuka,Q,2022-10-09,22,TSU,tsunoda,AlphaTauri,alphatauri,Yuki,Tsunoda,https://www.formula1.com/content/dam/fom-website/drivers/Y/YUKTSU01_Yuki_Tsunoda/yuktsu01.png.transform/1col/image.png,13.0,,,0 days 00:01:31.130000,0 days 00:01:30.808000,,,,,,19.9,26.5,57.5,2.6,False
2022,18,Japanese Grand Prix,Suzuka,Q,2022-10-09,24,ZHO,zhou,Alfa Romeo,alfa,Guanyu,Zhou,https://www.formula1.com/content/dam/fom-website/drivers/G/GUAZHO01_Guanyu_Zhou/guazho01.png.transform/1col/image.png,14.0,,,0 days 00:01:30.894000,0 days 00:01:30.953000,,,,,,19.9,26.5,57.5,2.6,False
2022,18,Japanese Grand Prix,Suzuka,Q,2022-10-09,47,MSC,mick_schumacher,Haas F1 Team,haas,Mick,Schumacher,https://www.formula1.com/content/dam/fom-website/drivers/M/MICSCH02_Mick_Schumacher/micsch02.png.transform/1col/image.png,15.0,,,0 days 00:01:31.152000,0 days 00:01:31.439000,,,,,,19.9,26.5,57.5,2.6,False
2022,18,Japanese Grand Prix,Suzuka,Q,2022-10-09,23,ALB,albon,Williams,williams,Alexander,Albon,https://www.formula1.com/content/dam/fom-website/drivers/A/ALEALB01_Alexander_Albon/alealb01.png.transform/1col/image.png,16.0,,,0 days 00:01:31.311000,,,,,,,19.9,26.5,57.5,2.6,False
2022,18,Japanese Grand Prix,Suzuka,Q,2022-10-09,10,GAS,gasly,AlphaTauri,alphatauri,Pierre,Gasly,https://www.formula1.com/content/dam/fom-website/drivers/P/PIEGAS01_Pierre_Gasly/piegas01.png.transform/1col/image.png,17.0,,,0 days 00:01:31.322000,,,,,,,19.9,26.5,57.5,2.6,False
2022,18,Japanese Grand Prix,Suzuka,Q,2022-10-09,20,MAG,kevin_magnussen,Haas F1 Team,haas,Kevin,Magnussen,None,18.0,,,0 days 00:01:31.352000,,,,,,,19.9,26.5,57.5,2.6,False
2022,18,Japanese Grand Prix,Suzuka,Q,2022-10-09,18,STR,stroll,Aston Martin,aston_martin,Lance,Stroll,https://www.formula1.com/content/dam/fom-website/drivers/L/LANSTR01_Lance_Stroll/lanstr01.png.transform/1col/image.png,19.0,,,0 days 00:01:31.419000,,,,,,,19.9,26.5,57.5,2.6,False
2022,18,Japanese Grand Prix,Suzuka,Q,2022-10-09,6,LAT,latifi,Williams,williams,Nicholas,Latifi,https://www.formula1.com/content/dam/fom-website/drivers/N/NICLAF01_Nicholas_Latifi/niclaf01.png.transform/1col/image.png,20.0,,,0 days 00:01:31.511000,,,,,,,19.9,26.5,57.5,2.6,False
2022,19,United States Grand Prix,Austin,Q,2022-10-23,55,SAI,sainz,Ferrari,ferrari,Carlos,Sainz,https://www.formula1.com/content/dam/fom-website/drivers/C/CARSAI01_Carlos_Sainz/carsai01.png.transform/1col/image.png,1.0,,,0 days 00:01:35.297000,0 days 00:01:35.590000,0 days 00:01:34.356000,,,,,30.0,35.9,36.8,5.0,False
2022,19,United States Grand Prix,Austin,Q,2022-10-23,16,LEC,leclerc,Ferrari,ferrari,Charles,Leclerc,https://www.formula1.com/content/dam/fom-website/drivers/C/CHALEC01_Charles_Leclerc/chalec01.png.transform/1col/image.png,2.0,,,0 days 00:01:35.795000,0 days 00:01:35.246000,0 days 00:01:34.421000,,,,,30.0,35.9,36.8,5.0,False
2022,19,United States Grand Prix,Austin,Q,2022-10-23,1,VER,max_verstappen,Red Bull Racing,red_bull,Max,Verstappen,https://www.formula1.com/content/dam/fom-website/drivers/M/MAXVER01_Max_Verstappen/maxver01.png.transform/1col/image.png,3.0,,,0 days 00:01:35.864000,0 days 00:01:35.294000,0 days 00:01:34.448000,,,,,30.0,35.9,36.8,5.0,False
2022,19,United States Grand Prix,Austin,Q,2022-10-23,11,PER,perez,Red Bull Racing,red_bull,Sergio,Perez,https://www.formula1.com/content/dam/fom-website/drivers/S/SERPER01_Sergio_Perez/serper01.png.transform/1col/image.png,4.0,,,0 days 00:01:36.163000,0 days 00:01:35.864000,0 days 00:01:34.645000,,,,,30.0,35.9,36.8,5.0,False
2022,19,United States Grand Prix,Austin,Q,2022-10-23,44,HAM,hamilton,Mercedes,mercedes,Lewis,Hamilton,https://www.formula1.com/content/dam/fom-website/drivers/L/LEWHAM01_Lewis_Hamilton/lewham01.png.transform/1col/image.png,5.0,,,0 days 00:01:36.148000,0 days 00:01:35.732000,0 days 00:01:34.947000,,,,,30.0,35.9,36.8,5.0,False
2022,19,United States Grand Prix,Austin,Q,2022-10-23,63,RUS,russell,Mercedes,mercedes,George,Russell,https://www.formula1.com/content/dam/fom-website/drivers/G/GEORUS01_George_Russell/georus01.png.transform/1col/image.png,6.0,,,0 days 00:01:36.195000,0 days 00:01:35.692000,0 days 00:01:34.988000,,,,,30.0,35.9,36.8,5.0,False
2022,19,United States Grand Prix,Austin,Q,2022-10-23,18,STR,stroll,Aston Martin,aston_martin,Lance,Stroll,https://www.formula1.com/content/dam/fom-website/drivers/L/LANSTR01_Lance_Stroll/lanstr01.png.transform/1col/image.png,7.0,,,0 days 00:01:36.860000,0 days 00:01:36.032000,0 days 00:01:35.598000,,,,,30.0,35.9,36.8,5.0,False
2022,19,United States Grand Prix,Austin,Q,2022-10-23,4,NOR,norris,McLaren,mclaren,Lando,Norris,https://www.formula1.com/content/dam/fom-website/drivers/L/LANNOR01_Lando_Norris/lannor01.png.transform/1col/image.png,8.0,,,0 days 00:01:36.465000,0 days 00:01:36.341000,0 days 00:01:35.690000,,,,,30.0,35.9,36.8,5.0,False
2022,19,United States Grand Prix,Austin,Q,2022-10-23,14,ALO,alonso,Alpine,alpine,Fernando,Alonso,https://www.formula1.com/content/dam/fom-website/drivers/F/FERALO01_Fernando_Alonso/feralo01.png.transform/1col/image.png,9.0,,,0 days 00:01:36.446000,0 days 00:01:35.988000,0 days 00:01:35.876000,,,,,30.0,35.9,36.8,5.0,False
2022,19,United States Grand Prix,Austin,Q,2022-10-23,77,BOT,bottas,Alfa Romeo,alfa,Valtteri,Bottas,https://www.formula1.com/content/dam/fom-website/drivers/V/VALBOT01_Valtteri_Bottas/valbot01.png.transform/1col/image.png,10.0,,,0 days 00:01:36.746000,0 days 00:01:36.321000,0 days 00:01:36.319000,,,,,30.0,35.9,36.8,5.0,False
2022,19,United States Grand Prix,Austin,Q,2022-10-23,23,ALB,albon,Williams,williams,Alexander,Albon,https://www.formula1.com/content/dam/fom-website/drivers/A/ALEALB01_Alexander_Albon/alealb01.png.transform/1col/image.png,11.0,,,0 days 00:01:36.932000,0 days 00:01:36.368000,,,,,,30.0,35.9,36.8,5.0,False
2022,19,United States Grand Prix,Austin,Q,2022-10-23,5,VET,vettel,Aston Martin,aston_martin,Sebastian,Vettel,https://www.formula1.com/content/dam/fom-website/drivers/S/SEBVET01_Sebastian_Vettel/sebvet01.png.transform/1col/image.png,12.0,,,0 days 00:01:36.695000,0 days 00:01:36.398000,,,,,,30.0,35.9,36.8,5.0,False
2022,19,United States Grand Prix,Austin,Q,2022-10-23,10,GAS,gasly,AlphaTauri,alphatauri,Pierre,Gasly,https://www.formula1.com/content/dam/fom-website/drivers/P/PIEGAS01_Pierre_Gasly/piegas01.png.transform/1col/image.png,13.0,,,0 days 00:01:36.577000,0 days 00:01:36.740000,,,,,,30.0,35.9,36.8,5.0,False
2022,19,United States Grand Prix,Austin,Q,2022-10-23,24,ZHO,zhou,Alfa Romeo,alfa,Guanyu,Zhou,https://www.formula1.com/content/dam/fom-website/drivers/G/GUAZHO01_Guanyu_Zhou/guazho01.png.transform/1col/image.png,14.0,,,0 days 00:01:36.656000,0 days 00:01:36.970000,,,,,,30.0,35.9,36.8,5.0,False
2022,19,United States Grand Prix,Austin,Q,2022-10-23,22,TSU,tsunoda,AlphaTauri,alphatauri,Yuki,Tsunoda,https://www.formula1.com/content/dam/fom-website/drivers/Y/YUKTSU01_Yuki_Tsunoda/yuktsu01.png.transform/1col/image.png,15.0,,,0 days 00:01:36.808000,0 days 00:01:37.147000,,,,,,30.0,35.9,36.8,5.0,False
2022,19,United States Grand Prix,Austin,Q,2022-10-23,20,MAG,kevin_magnussen,Haas F1 Team,haas,Kevin,Magnussen,None,16.0,,,0 days 00:01:36.949000,,,,,,,30.0,35.9,36.8,5.0,False
2022,19,United States Grand Prix,Austin,Q,2022-10-23,3,RIC,ricciardo,McLaren,mclaren,Daniel,Ricciardo,https://www.formula1.com/content/dam/fom-website/drivers/D/DANRIC01_Daniel_Ricciardo/danric01.png.transform/1col/image.png,17.0,,,0 days 00:01:37.046000,,,,,,,30.0,35.9,36.8,5.0,False
2022,19,United States Grand Prix,Austin,Q,2022-10-23,31,OCO,ocon,Alpine,alpine,Esteban,Ocon,https://www.formula1.com/content/dam/fom-website/drivers/E/ESTOCO01_Esteban_Ocon/estoco01.png.transform/1col/image.png,18.0,,,0 days 00:01:37.068000,,,,,,,30.0,35.9,36.8,5.0,False
2022,19,United States Grand Prix,Austin,Q,2022-10-23,47,MSC,mick_schumacher,Haas F1 Team,haas,Mick,Schumacher,https://www.formula1.com/content/dam/fom-website/drivers/M/MICSCH02_Mick_Schumacher/micsch02.png.transform/1col/image.png,19.0,,,0 days 00:01:37.111000,,,,,,,30.0,35.9,36.8,5.0,False
2022,19,United States Grand Prix,Austin,Q,2022-10-23,6,LAT,latifi,Williams,williams,Nicholas,Latifi,https://www.formula1.com/content/dam/fom-website/drivers/N/NICLAF01_Nicholas_Latifi/niclaf01.png.transform/1col/image.png,20.0,,,0 days 00:01:37.244000,,,,,,,30.0,35.9,36.8,5.0,False
2022,20,Mexico City Grand Prix,Mexico City,Q,2022-10-30,1,VER,max_verstappen,Red Bull Racing,red_bull,Max,Verstappen,https://www.formula1.com/content/dam/fom-website/drivers/M/MAXVER01_Max_Verstappen/maxver01.png.transform/1col/image.png,1.0,,,0 days 00:01:19.222000,0 days 00:01:18.566000,0 days 00:01:17.775000,,,,,25.6,48.5,36.3,1.3,False
2022,20,Mexico City Grand Prix,Mexico City,Q,2022-10-30,63,RUS,russell,Mercedes,mercedes,George,Russell,https://www.formula1.com/content/dam/fom-website/drivers/G/GEORUS01_George_Russell/georus01.png.transform/1col/image.png,2.0,,,0 days 00:01:19.583000,0 days 00:01:18.565000,0 days 00:01:18.079000,,,,,25.6,48.5,36.3,1.3,False
2022,20,Mexico City Grand Prix,Mexico City,Q,2022-10-30,44,HAM,hamilton,Mercedes,mercedes,Lewis,Hamilton,https://www.formula1.com/content/dam/fom-website/drivers/L/LEWHAM01_Lewis_Hamilton/lewham01.png.transform/1col/image.png,3.0,,,0 days 00:01:19.169000,0 days 00:01:18.552000,0 days 00:01:18.084000,,,,,25.6,48.5,36.3,1.3,False
2022,20,Mexico City Grand Prix,Mexico City,Q,2022-10-30,11,PER,perez,Red Bull Racing,red_bull,Sergio,Perez,https://www.formula1.com/content/dam/fom-website/drivers/S/SERPER01_Sergio_Perez/serper01.png.transform/1col/image.png,4.0,,,0 days 00:01:19.706000,0 days 00:01:18.615000,0 days 00:01:18.128000,,,,,25.6,48.5,36.3,1.3,False
2022,20,Mexico City Grand Prix,Mexico City,Q,2022-10-30,55,SAI,sainz,Ferrari,ferrari,Carlos,Sainz,https://www.formula1.com/content/dam/fom-website/drivers/C/CARSAI01_Carlos_Sainz/carsai01.png.transform/1col/image.png,5.0,,,0 days 00:01:19.566000,0 days 00:01:18.560000,0 days 00:01:18.351000,,,,,25.6,48.5,36.3,1.3,False
2022,20,Mexico City Grand Prix,Mexico City,Q,2022-10-30,77,BOT,bottas,Alfa Romeo,alfa,Valtteri,Bottas,https://www.formula1.com/content/dam/fom-website/drivers/V/VALBOT01_Valtteri_Bottas/valbot01.png.transform/1col/image.png,6.0,,,0 days 00:01:19.523000,0 days 00:01:18.762000,0 days 00:01:18.401000,,,,,25.6,48.5,36.3,1.3,False
2022,20,Mexico City Grand Prix,Mexico City,Q,2022-10-30,16,LEC,leclerc,Ferrari,ferrari,Charles,Leclerc,https://www.formula1.com/content/dam/fom-website/drivers/C/CHALEC01_Charles_Leclerc/chalec01.png.transform/1col/image.png,7.0,,,0 days 00:01:19.505000,0 days 00:01:19.109000,0 days 00:01:18.555000,,,,,25.6,48.5,36.3,1.3,False
2022,20,Mexico City Grand Prix,Mexico City,Q,2022-10-30,4,NOR,norris,McLaren,mclaren,Lando,Norris,https://www.formula1.com/content/dam/fom-website/drivers/L/LANNOR01_Lando_Norris/lannor01.png.transform/1col/image.png,8.0,,,0 days 00:01:19.857000,0 days 00:01:19.119000,0 days 00:01:18.721000,,,,,25.6,48.5,36.3,1.3,False
2022,20,Mexico City Grand Prix,Mexico City,Q,2022-10-30,14,ALO,alonso,Alpine,alpine,Fernando,Alonso,https://www.formula1.com/content/dam/fom-website/drivers/F/FERALO01_Fernando_Alonso/feralo01.png.transform/1col/image.png,9.0,,,0 days 00:01:20.006000,0 days 00:01:19.272000,0 days 00:01:18.939000,,,,,25.6,48.5,36.3,1.3,False
2022,20,Mexico City Grand Prix,Mexico City,Q,2022-10-30,31,OCO,ocon,Alpine,alpine,Esteban,Ocon,https://www.formula1.com/content/dam/fom-website/drivers/E/ESTOCO01_Esteban_Ocon/estoco01.png.transform/1col/image.png,10.0,,,0 days 00:01:19.945000,0 days 00:01:19.081000,0 days 00:01:19.010000,,,,,25.6,48.5,36.3,1.3,False
2022,20,Mexico City Grand Prix,Mexico City,Q,2022-10-30,3,RIC,ricciardo,McLaren,mclaren,Daniel,Ricciardo,https://www.formula1.com/content/dam/fom-website/drivers/D/DANRIC01_Daniel_Ricciardo/danric01.png.transform/1col/image.png,11.0,,,0 days 00:01:20.279000,0 days 00:01:19.325000,,,,,,25.6,48.5,36.3,1.3,False
2022,20,Mexico City Grand Prix,Mexico City,Q,2022-10-30,24,ZHO,zhou,Alfa Romeo,alfa,Guanyu,Zhou,https://www.formula1.com/content/dam/fom-website/drivers/G/GUAZHO01_Guanyu_Zhou/guazho01.png.transform/1col/image.png,12.0,,,0 days 00:01:20.283000,0 days 00:01:19.476000,,,,,,25.6,48.5,36.3,1.3,False
2022,20,Mexico City Grand Prix,Mexico City,Q,2022-10-30,22,TSU,tsunoda,AlphaTauri,alphatauri,Yuki,Tsunoda,https://www.formula1.com/content/dam/fom-website/drivers/Y/YUKTSU01_Yuki_Tsunoda/yuktsu01.png.transform/1col/image.png,13.0,,,0 days 00:01:19.907000,0 days 00:01:19.589000,,,,,,25.6,48.5,36.3,1.3,False
2022,20,Mexico City Grand Prix,Mexico City,Q,2022-10-30,10,GAS,gasly,AlphaTauri,alphatauri,Pierre,Gasly,https://www.formula1.com/content/dam/fom-website/drivers/P/PIEGAS01_Pierre_Gasly/piegas01.png.transform/1col/image.png,14.0,,,0 days 00:01:20.256000,0 days 00:01:19.672000,,,,,,25.6,48.5,36.3,1.3,False
2022,20,Mexico City Grand Prix,Mexico City,Q,2022-10-30,20,MAG,kevin_magnussen,Haas F1 Team,haas,Kevin,Magnussen,None,15.0,,,0 days 00:01:20.293000,0 days 00:01:19.833000,,,,,,25.6,48.5,36.3,1.3,False
2022,20,Mexico City Grand Prix,Mexico City,Q,2022-10-30,47,MSC,mick_schumacher,Haas F1 Team,haas,Mick,Schumacher,https://www.formula1.com/content/dam/fom-website/drivers/M/MICSCH02_Mick_Schumacher/micsch02.png.transform/1col/image.png,16.0,,,0 days 00:01:20.419000,,,,,,,25.6,48.5,36.3,1.3,False
2022,20,Mexico City Grand Prix,Mexico City,Q,2022-10-30,5,VET,vettel,Aston Martin,aston_martin,Sebastian,Vettel,https://www.formula1.com/content/dam/fom-website/drivers/S/SEBVET01_Sebastian_Vettel/sebvet01.png.transform/1col/image.png,17.0,,,0 days 00:01:20.419000,,,,,,,25.6,48.5,36.3,1.3,False
2022,20,Mexico City Grand Prix,Mexico City,Q,2022-10-30,18,STR,stroll,Aston Martin,aston_martin,Lance,Stroll,https://www.formula1.com/content/dam/fom-website/drivers/L/LANSTR01_Lance_Stroll/lanstr01.png.transform/1col/image.png,18.0,,,0 days 00:01:20.520000,,,,,,,25.6,48.5,36.3,1.3,False
2022,20,Mexico City Grand Prix,Mexico City,Q,2022-10-30,23,ALB,albon,Williams,williams,Alexander,Albon,https://www.formula1.com/content/dam/fom-website/drivers/A/ALEALB01_Alexander_Albon/alealb01.png.transform/1col/image.png,19.0,,,0 days 00:01:20.859000,,,,,,,25.6,48.5,36.3,1.3,False
2022,20,Mexico City Grand Prix,Mexico City,Q,2022-10-30,6,LAT,latifi,Williams,williams,Nicholas,Latifi,https://www.formula1.com/content/dam/fom-website/drivers/N/NICLAF01_Nicholas_Latifi/niclaf01.png.transform/1col/image.png,20.0,,,0 days 00:01:21.167000,,,,,,,25.6,48.5,36.3,1.3,False
2022,21,São Paulo Grand Prix,São Paulo,Q,2022-11-13,20,MAG,kevin_magnussen,Haas F1 Team,haas,Kevin,Magnussen,None,1.0,,,0 days 00:01:13.954000,0 days 00:01:11.410000,0 days 00:01:11.674000,,,,,19.2,26.7,93.6,1.1,True
2022,21,São Paulo Grand Prix,São Paulo,Q,2022-11-13,1,VER,max_verstappen,Red Bull Racing,red_bull,Max,Verstappen,https://www.formula1.com/content/dam/fom-website/drivers/M/MAXVER01_Max_Verstappen/maxver01.png.transform/1col/image.png,2.0,,,0 days 00:01:13.625000,0 days 00:01:10.881000,0 days 00:01:11.877000,,,,,19.2,26.7,93.6,1.1,True
2022,21,São Paulo Grand Prix,São Paulo,Q,2022-11-13,63,RUS,russell,Mercedes,mercedes,George,Russell,https://www.formula1.com/content/dam/fom-website/drivers/G/GEORUS01_George_Russell/georus01.png.transform/1col/image.png,3.0,,,0 days 00:01:14.427000,0 days 00:01:11.318000,0 days 00:01:12.059000,,,,,19.2,26.7,93.6,1.1,True
2022,21,São Paulo Grand Prix,São Paulo,Q,2022-11-13,4,NOR,norris,McLaren,mclaren,Lando,Norris,https://www.formula1.com/content/dam/fom-website/drivers/L/LANNOR01_Lando_Norris/lannor01.png.transform/1col/image.png,4.0,,,0 days 00:01:13.106000,0 days 00:01:11.377000,0 days 00:01:12.263000,,,,,19.2,26.7,93.6,1.1,True
2022,21,São Paulo Grand Prix,São Paulo,Q,2022-11-13,55,SAI,sainz,Ferrari,ferrari,Carlos,Sainz,https://www.formula1.com/content/dam/fom-website/drivers/C/CARSAI01_Carlos_Sainz/carsai01.png.transform/1col/image.png,5.0,,,0 days 00:01:14.680000,0 days 00:01:10.890000,0 days 00:01:12.357000,,,,,19.2,26.7,93.6,1.1,True
2022,21,São Paulo Grand Prix,São Paulo,Q,2022-11-13,31,OCO,ocon,Alpine,alpine,Esteban,Ocon,https://www.formula1.com/content/dam/fom-website/drivers/E/ESTOCO01_Esteban_Ocon/estoco01.png.transform/1col/image.png,6.0,,,0 days 00:01:14.663000,0 days 00:01:11.587000,0 days 00:01:12.425000,,,,,19.2,26.7,93.6,1.1,True
2022,21,São Paulo Grand Prix,São Paulo,Q,2022-11-13,14,ALO,alonso,Alpine,alpine,Fernando,Alonso,https://www.formula1.com/content/dam/fom-website/drivers/F/FERALO01_Fernando_Alonso/feralo01.png.transform/1col/image.png,7.0,,,0 days 00:01:13.542000,0 days 00:01:11.394000,0 days 00:01:12.504000,,,,,19.2,26.7,93.6,1.1,True
2022,21,São Paulo Grand Prix,São Paulo,Q,2022-11-13,44,HAM,hamilton,Mercedes,mercedes,Lewis,Hamilton,https://www.formula1.com/content/dam/fom-website/drivers/L/LEWHAM01_Lewis_Hamilton/lewham01.png.transform/1col/image.png,8.0,,,0 days 00:01:13.403000,0 days 00:01:11.539000,0 days 00:01:12.611000,,,,,19.2,26.7,93.6,1.1,True
2022,21,São Paulo Grand Prix,São Paulo,Q,2022-11-13,11,PER,perez,Red Bull Racing,red_bull,Sergio,Perez,https://www.formula1.com/content/dam/fom-website/drivers/S/SERPER01_Sergio_Perez/serper01.png.transform/1col/image.png,9.0,,,0 days 00:01:13.613000,0 days 00:01:11.456000,0 days 00:01:15.601000,,,,,19.2,26.7,93.6,1.1,True
2022,21,São Paulo Grand Prix,São Paulo,Q,2022-11-13,16,LEC,leclerc,Ferrari,ferrari,Charles,Leclerc,https://www.formula1.com/content/dam/fom-website/drivers/C/CHALEC01_Charles_Leclerc/chalec01.png.transform/1col/image.png,10.0,,,0 days 00:01:14.486000,0 days 00:01:10.950000,,,,,,19.2,26.7,93.6,1.1,True
2022,21,São Paulo Grand Prix,São Paulo,Q,2022-11-13,23,ALB,albon,Williams,williams,Alexander,Albon,https://www.formula1.com/content/dam/fom-website/drivers/A/ALEALB01_Alexander_Albon/alealb01.png.transform/1col/image.png,11.0,,,0 days 00:01:14.324000,0 days 00:01:11.631000,,,,,,19.2,26.7,93.6,1.1,True
2022,21,São Paulo Grand Prix,São Paulo,Q,2022-11-13,10,GAS,gasly,AlphaTauri,alphatauri,Pierre,Gasly,https://www.formula1.com/content/dam/fom-website/drivers/P/PIEGAS01_Pierre_Gasly/piegas01.png.transform/1col/image.png,12.0,,,0 days 00:01:14.371000,0 days 00:01:11.675000,,,,,,19.2,26.7,93.6,1.1,True
2022,21,São Paulo Grand Prix,São Paulo,Q,2022-11-13,5,VET,vettel,Aston Martin,aston_martin,Sebastian,Vettel,https://www.formula1.com/content/dam/fom-website/drivers/S/SEBVET01_Sebastian_Vettel/sebvet01.png.transform/1col/image.png,13.0,,,0 days 00:01:13.597000,0 days 00:01:11.678000,,,,,,19.2,26.7,93.6,1.1,True
2022,21,São Paulo Grand Prix,São Paulo,Q,2022-11-13,3,RIC,ricciardo,McLaren,mclaren,Daniel,Ricciardo,https://www.formula1.com/content/dam/fom-website/drivers/D/DANRIC01_Daniel_Ricciardo/danric01.png.transform/1col/image.png,14.0,,,0 days 00:01:14.931000,0 days 00:01:12.140000,,,,,,19.2,26.7,93.6,1.1,True
2022,21,São Paulo Grand Prix,São Paulo,Q,2022-11-13,18,STR,stroll,Aston Martin,aston_martin,Lance,Stroll,https://www.formula1.com/content/dam/fom-website/drivers/L/LANSTR01_Lance_Stroll/lanstr01.png.transform/1col/image.png,15.0,,,0 days 00:01:14.398000,0 days 00:01:12.210000,,,,,,19.2,26.7,93.6,1.1,True
2022,21,São Paulo Grand Prix,São Paulo,Q,2022-11-13,6,LAT,latifi,Williams,williams,Nicholas,Latifi,https://www.formula1.com/content/dam/fom-website/drivers/N/NICLAF01_Nicholas_Latifi/niclaf01.png.transform/1col/image.png,16.0,,,0 days 00:01:15.095000,,,,,,,19.2,26.7,93.6,1.1,True
2022,21,São Paulo Grand Prix,São Paulo,Q,2022-11-13,24,ZHO,zhou,Alfa Romeo,alfa,Guanyu,Zhou,https://www.formula1.com/content/dam/fom-website/drivers/G/GUAZHO01_Guanyu_Zhou/guazho01.png.transform/1col/image.png,17.0,,,0 days 00:01:15.197000,,,,,,,19.2,26.7,93.6,1.1,True
2022,21,São Paulo Grand Prix,São Paulo,Q,2022-11-13,77,BOT,bottas,Alfa Romeo,alfa,Valtteri,Bottas,https://www.formula1.com/content/dam/fom-website/drivers/V/VALBOT01_Valtteri_Bottas/valbot01.png.transform/1col/image.png,18.0,,,0 days 00:01:15.486000,,,,,,,19.2,26.7,93.6,1.1,True
2022,21,São Paulo Grand Prix,São Paulo,Q,2022-11-13,22,TSU,tsunoda,AlphaTauri,alphatauri,Yuki,Tsunoda,https://www.formula1.com/content/dam/fom-website/drivers/Y/YUKTSU01_Yuki_Tsunoda/yuktsu01.png.transform/1col/image.png,19.0,,,0 days 00:01:16.264000,,,,,,,19.2,26.7,93.6,1.1,True
2022,21,São Paulo Grand Prix,São Paulo,Q,2022-11-13,47,MSC,mick_schumacher,Haas F1 Team,haas,Mick,Schumacher,https://www.formula1.com/content/dam/fom-website/drivers/M/MICSCH02_Mick_Schumacher/micsch02.png.transform/1col/image.png,20.0,,,0 days 00:01:16.361000,,,,,,,19.2,26.7,93.6,1.1,True
2022,22,Abu Dhabi Grand Prix,Yas Island,Q,2022-11-20,1,VER,max_verstappen,Red Bull Racing,red_bull,Max,Verstappen,https://www.formula1.com/content/dam/fom-website/drivers/M/MAXVER01_Max_Verstappen/maxver01.png.transform/1col/image.png,1.0,,,0 days 00:01:24.754000,0 days 00:01:24.622000,0 days 00:01:23.824000,,,,,28.8,33.9,69.7,1.6,False
2022,22,Abu Dhabi Grand Prix,Yas Island,Q,2022-11-20,11,PER,perez,Red Bull Racing,red_bull,Sergio,Perez,https://www.formula1.com/content/dam/fom-website/drivers/S/SERPER01_Sergio_Perez/serper01.png.transform/1col/image.png,2.0,,,0 days 00:01:24.820000,0 days 00:01:24.419000,0 days 00:01:24.052000,,,,,28.8,33.9,69.7,1.6,False
2022,22,Abu Dhabi Grand Prix,Yas Island,Q,2022-11-20,16,LEC,leclerc,Ferrari,ferrari,Charles,Leclerc,https://www.formula1.com/content/dam/fom-website/drivers/C/CHALEC01_Charles_Leclerc/chalec01.png.transform/1col/image.png,3.0,,,0 days 00:01:25.211000,0 days 00:01:24.517000,0 days 00:01:24.092000,,,,,28.8,33.9,69.7,1.6,False
2022,22,Abu Dhabi Grand Prix,Yas Island,Q,2022-11-20,55,SAI,sainz,Ferrari,ferrari,Carlos,Sainz,https://www.formula1.com/content/dam/fom-website/drivers/C/CARSAI01_Carlos_Sainz/carsai01.png.transform/1col/image.png,4.0,,,0 days 00:01:25.090000,0 days 00:01:24.521000,0 days 00:01:24.242000,,,,,28.8,33.9,69.7,1.6,False
2022,22,Abu Dhabi Grand Prix,Yas Island,Q,2022-11-20,44,HAM,hamilton,Mercedes,mercedes,Lewis,Hamilton,https://www.formula1.com/content/dam/fom-website/drivers/L/LEWHAM01_Lewis_Hamilton/lewham01.png.transform/1col/image.png,5.0,,,0 days 00:01:25.594000,0 days 00:01:24.774000,0 days 00:01:24.508000,,,,,28.8,33.9,69.7,1.6,False
2022,22,Abu Dhabi Grand Prix,Yas Island,Q,2022-11-20,63,RUS,russell,Mercedes,mercedes,George,Russell,https://www.formula1.com/content/dam/fom-website/drivers/G/GEORUS01_George_Russell/georus01.png.transform/1col/image.png,6.0,,,0 days 00:01:25.545000,0 days 00:01:24.940000,0 days 00:01:24.511000,,,,,28.8,33.9,69.7,1.6,False
2022,22,Abu Dhabi Grand Prix,Yas Island,Q,2022-11-20,4,NOR,norris,McLaren,mclaren,Lando,Norris,https://www.formula1.com/content/dam/fom-website/drivers/L/LANNOR01_Lando_Norris/lannor01.png.transform/1col/image.png,7.0,,,0 days 00:01:25.387000,0 days 00:01:24.903000,0 days 00:01:24.769000,,,,,28.8,33.9,69.7,1.6,False
2022,22,Abu Dhabi Grand Prix,Yas Island,Q,2022-11-20,31,OCO,ocon,Alpine,alpine,Esteban,Ocon,https://www.formula1.com/content/dam/fom-website/drivers/E/ESTOCO01_Esteban_Ocon/estoco01.png.transform/1col/image.png,8.0,,,0 days 00:01:25.735000,0 days 00:01:25.007000,0 days 00:01:24.830000,,,,,28.8,33.9,69.7,1.6,False
2022,22,Abu Dhabi Grand Prix,Yas Island,Q,2022-11-20,5,VET,vettel,Aston Martin,aston_martin,Sebastian,Vettel,https://www.formula1.com/content/dam/fom-website/drivers/S/SEBVET01_Sebastian_Vettel/sebvet01.png.transform/1col/image.png,9.0,,,0 days 00:01:25.523000,0 days 00:01:24.974000,0 days 00:01:24.961000,,,,,28.8,33.9,69.7,1.6,False
2022,22,Abu Dhabi Grand Prix,Yas Island,Q,2022-11-20,3,RIC,ricciardo,McLaren,mclaren,Daniel,Ricciardo,https://www.formula1.com/content/dam/fom-website/drivers/D/DANRIC01_Daniel_Ricciardo/danric01.png.transform/1col/image.png,10.0,,,0 days 00:01:25.766000,0 days 00:01:25.068000,0 days 00:01:25.045000,,,,,28.8,33.9,69.7,1.6,False
2022,22,Abu Dhabi Grand Prix,Yas Island,Q,2022-11-20,14,ALO,alonso,Alpine,alpine,Fernando,Alonso,https://www.formula1.com/content/dam/fom-website/drivers/F/FERALO01_Fernando_Alonso/feralo01.png.transform/1col/image.png,11.0,,,0 days 00:01:25.782000,0 days 00:01:25.096000,,,,,,28.8,33.9,69.7,1.6,False
2022,22,Abu Dhabi Grand Prix,Yas Island,Q,2022-11-20,22,TSU,tsunoda,AlphaTauri,alphatauri,Yuki,Tsunoda,https://www.formula1.com/content/dam/fom-website/drivers/Y/YUKTSU01_Yuki_Tsunoda/yuktsu01.png.transform/1col/image.png,12.0,,,0 days 00:01:25.630000,0 days 00:01:25.219000,,,,,,28.8,33.9,69.7,1.6,False
2022,22,Abu Dhabi Grand Prix,Yas Island,Q,2022-11-20,47,MSC,mick_schumacher,Haas F1 Team,haas,Mick,Schumacher,https://www.formula1.com/content/dam/fom-website/drivers/M/MICSCH02_Mick_Schumacher/micsch02.png.transform/1col/image.png,13.0,,,0 days 00:01:25.711000,0 days 00:01:25.225000,,,,,,28.8,33.9,69.7,1.6,False
2022,22,Abu Dhabi Grand Prix,Yas Island,Q,2022-11-20,18,STR,stroll,Aston Martin,aston_martin,Lance,Stroll,https://www.formula1.com/content/dam/fom-website/drivers/L/LANSTR01_Lance_Stroll/lanstr01.png.transform/1col/image.png,14.0,,,0 days 00:01:25.741000,0 days 00:01:25.359000,,,,,,28.8,33.9,69.7,1.6,False
2022,22,Abu Dhabi Grand Prix,Yas Island,Q,2022-11-20,24,ZHO,zhou,Alfa Romeo,alfa,Guanyu,Zhou,https://www.formula1.com/content/dam/fom-website/drivers/G/GUAZHO01_Guanyu_Zhou/guazho01.png.transform/1col/image.png,15.0,,,0 days 00:01:25.594000,0 days 00:01:25.408000,,,,,,28.8,33.9,69.7,1.6,False
2022,22,Abu Dhabi Grand Prix,Yas Island,Q,2022-11-20,20,MAG,kevin_magnussen,Haas F1 Team,haas,Kevin,Magnussen,None,16.0,,,0 days 00:01:25.834000,,,,,,,28.8,33.9,69.7,1.6,False
2022,22,Abu Dhabi Grand Prix,Yas Island,Q,2022-11-20,10,GAS,gasly,AlphaTauri,alphatauri,Pierre,Gasly,https://www.formula1.com/content/dam/fom-website/drivers/P/PIEGAS01_Pierre_Gasly/piegas01.png.transform/1col/image.png,17.0,,,0 days 00:01:25.859000,,,,,,,28.8,33.9,69.7,1.6,False
2022,22,Abu Dhabi Grand Prix,Yas Island,Q,2022-11-20,77,BOT,bottas,Alfa Romeo,alfa,Valtteri,Bottas,https://www.formula1.com/content/dam/fom-website/drivers/V/VALBOT01_Valtteri_Bottas/valbot01.png.transform/1col/image.png,18.0,,,0 days 00:01:25.892000,,,,,,,28.8,33.9,69.7,1.6,False
2022,22,Abu Dhabi Grand Prix,Yas Island,Q,2022-11-20,23,ALB,albon,Williams,williams,Alexander,Albon,https://www.formula1.com/content/dam/fom-website/drivers/A/ALEALB01_Alexander_Albon/alealb01.png.transform/1col/image.png,19.0,,,0 days 00:01:26.028000,,,,,,,28.8,33.9,69.7,1.6,False
2022,22,Abu Dhabi Grand Prix,Yas Island,Q,2022-11-20,6,LAT,latifi,Williams,williams,Nicholas,Latifi,https://www.formula1.com/content/dam/fom-website/drivers/N/NICLAF01_Nicholas_Latifi/niclaf01.png.transform/1col/image.png,20.0,,,0 days 00:01:26.054000,,,,,,,28.8,33.9,69.7,1.6,False
