Season,Round,EventName,Circuit,SessionType,EventDate,DriverNumber,Abbreviation,DriverId,TeamName,TeamId,FirstName,LastName,HeadshotUrl,Position,ClassifiedPosition,GridPosition,Q1,Q2,Q3,Time,Status,Points,Laps,AirTemp_mean,TrackTemp_mean,Humidity_mean,WindSpeed_mean,Rainfall
2022,1,Bahrain Grand Prix,Sakhir,R,2022-03-20,16,LEC,leclerc,Ferrari,ferrari,Charles,Leclerc,https://www.formula1.com/content/dam/fom-website/drivers/C/CHALEC01_Charles_Leclerc/chalec01.png.transform/1col/image.png,1.0,1,1.0,,,,0 days 01:37:33.584000,Finished,26.0,57.0,23.6,28.6,29.5,0.3,False
2022,1,Bahrain Grand Prix,Sakhir,R,2022-03-20,55,SAI,sainz,Ferrari,ferrari,Carlos,Sainz,https://www.formula1.com/content/dam/fom-website/drivers/C/CARSAI01_Carlos_Sainz/carsai01.png.transform/1col/image.png,2.0,2,3.0,,,,0 days 00:00:05.598000,Finished,18.0,57.0,23.6,28.6,29.5,0.3,False
2022,1,Bahrain Grand Prix,Sakhir,R,2022-03-20,44,HAM,hamilton,Mercedes,mercedes,Lewis,Hamilton,https://www.formula1.com/content/dam/fom-website/drivers/L/LEWHAM01_Lewis_Hamilton/lewham01.png.transform/1col/image.png,3.0,3,5.0,,,,0 days 00:00:09.675000,Finished,15.0,57.0,23.6,28.6,29.5,0.3,False
2022,1,Bahrain Grand Prix,Sakhir,R,2022-03-20,63,RUS,russell,Mercedes,mercedes,George,Russell,https://www.formula1.com/content/dam/fom-website/drivers/G/GEORUS01_George_Russell/georus01.png.transform/1col/image.png,4.0,4,9.0,,,,0 days 00:00:11.211000,Finished,12.0,57.0,23.6,28.6,29.5,0.3,False
2022,1,Bahrain Grand Prix,Sakhir,R,2022-03-20,20,MAG,kevin_magnussen,Haas F1 Team,haas,Kevin,Magnussen,None,5.0,5,7.0,,,,0 days 00:00:14.754000,Finished,10.0,57.0,23.6,28.6,29.5,0.3,False
2022,1,Bahrain Grand Prix,Sakhir,R,2022-03-20,77,BOT,bottas,Alfa Romeo,alfa,Valtteri,Bottas,https://www.formula1.com/content/dam/fom-website/drivers/V/VALBOT01_Valtteri_Bottas/valbot01.png.transform/1col/image.png,6.0,6,6.0,,,,0 days 00:00:16.119000,Finished,8.0,57.0,23.6,28.6,29.5,0.3,False
2022,1,Bahrain Grand Prix,Sakhir,R,2022-03-20,31,OCO,ocon,Alpine,alpine,Esteban,Ocon,https://www.formula1.com/content/dam/fom-website/drivers/E/ESTOCO01_Esteban_Ocon/estoco01.png.transform/1col/image.png,7.0,7,11.0,,,,0 days 00:00:19.423000,Finished,6.0,57.0,23.6,28.6,29.5,0.3,False
2022,1,Bahrain Grand Prix,Sakhir,R,2022-03-20,22,TSU,tsunoda,AlphaTauri,alphatauri,Yuki,Tsunoda,https://www.formula1.com/content/dam/fom-website/drivers/Y/YUKTSU01_Yuki_Tsunoda/yuktsu01.png.transform/1col/image.png,8.0,8,16.0,,,,0 days 00:00:20.386000,Finished,4.0,57.0,23.6,28.6,29.5,0.3,False
2022,1,Bahrain Grand Prix,Sakhir,R,2022-03-20,14,ALO,alonso,Alpine,alpine,Fernando,Alonso,https://www.formula1.com/content/dam/fom-website/drivers/F/FERALO01_Fernando_Alonso/feralo01.png.transform/1col/image.png,9.0,9,8.0,,,,0 days 00:00:22.390000,Finished,2.0,57.0,23.6,28.6,29.5,0.3,False
2022,1,Bahrain Grand Prix,Sakhir,R,2022-03-20,24,ZHO,zhou,Alfa Romeo,alfa,Guanyu,Zhou,https://www.formula1.com/content/dam/fom-website/drivers/G/GUAZHO01_Guanyu_Zhou/guazho01.png.transform/1col/image.png,10.0,10,15.0,,,,0 days 00:00:23.064000,Finished,1.0,57.0,23.6,28.6,29.5,0.3,False
2022,1,Bahrain Grand Prix,Sakhir,R,2022-03-20,47,MSC,mick_schumacher,Haas F1 Team,haas,Mick,Schumacher,https://www.formula1.com/content/dam/fom-website/drivers/M/MICSCH02_Mick_Schumacher/micsch02.png.transform/1col/image.png,11.0,11,12.0,,,,0 days 00:00:32.574000,Finished,0.0,57.0,23.6,28.6,29.5,0.3,False
2022,1,Bahrain Grand Prix,Sakhir,R,2022-03-20,18,STR,stroll,Aston Martin,aston_martin,Lance,Stroll,https://www.formula1.com/content/dam/fom-website/drivers/L/LANSTR01_Lance_Stroll/lanstr01.png.transform/1col/image.png,12.0,12,19.0,,,,0 days 00:00:45.873000,Finished,0.0,57.0,23.6,28.6,29.5,0.3,False
2022,1,Bahrain Grand Prix,Sakhir,R,2022-03-20,23,ALB,albon,Williams,williams,Alexander,Albon,https://www.formula1.com/content/dam/fom-website/drivers/A/ALEALB01_Alexander_Albon/alealb01.png.transform/1col/image.png,13.0,13,14.0,,,,0 days 00:00:53.932000,Finished,0.0,57.0,23.6,28.6,29.5,0.3,False
2022,1,Bahrain Grand Prix,Sakhir,R,2022-03-20,3,RIC,ricciardo,McLaren,mclaren,Daniel,Ricciardo,https://www.formula1.com/content/dam/fom-website/drivers/D/DANRIC01_Daniel_Ricciardo/danric01.png.transform/1col/image.png,14.0,14,18.0,,,,0 days 00:00:54.975000,Finished,0.0,57.0,23.6,28.6,29.5,0.3,False
2022,1,Bahrain Grand Prix,Sakhir,R,2022-03-20,4,NOR,norris,McLaren,mclaren,Lando,Norris,https://www.formula1.com/content/dam/fom-website/drivers/L/LANNOR01_Lando_Norris/lannor01.png.transform/1col/image.png,15.0,15,13.0,,,,0 days 00:00:56.335000,Finished,0.0,57.0,23.6,28.6,29.5,0.3,False
2022,1,Bahrain Grand Prix,Sakhir,R,2022-03-20,6,LAT,latifi,Williams,williams,Nicholas,Latifi,https://www.formula1.com/content/dam/fom-website/drivers/N/NICLAF01_Nicholas_Latifi/niclaf01.png.transform/1col/image.png,16.0,16,20.0,,,,0 days 00:01:01.795000,Finished,0.0,57.0,23.6,28.6,29.5,0.3,False
2022,1,Bahrain Grand Prix,Sakhir,R,2022-03-20,27,HUL,hulkenberg,Aston Martin,aston_martin,Nico,Hulkenberg,None,17.0,17,17.0,,,,0 days 00:01:03.829000,Finished,0.0,57.0,23.6,28.6,29.5,0.3,False
2022,1,Bahrain Grand Prix,Sakhir,R,2022-03-20,11,PER,perez,Red Bull Racing,red_bull,Sergio,Perez,https://www.formula1.com/content/dam/fom-website/drivers/S/SERPER01_Sergio_Perez/serper01.png.transform/1col/image.png,18.0,18,4.0,,,,,Fuel pressure,0.0,56.0,23.6,28.6,29.5,0.3,False
2022,1,Bahrain Grand Prix,Sakhir,R,2022-03-20,1,VER,max_verstappen,Red Bull Racing,red_bull,Max,Verstappen,https://www.formula1.com/content/dam/fom-website/drivers/M/MAXVER01_Max_Verstappen/maxver01.png.transform/1col/image.png,19.0,19,2.0,,,,,Fuel pressure,0.0,54.0,23.6,28.6,29.5,0.3,False
2022,1,Bahrain Grand Prix,Sakhir,R,2022-03-20,10,GAS,gasly,AlphaTauri,alphatauri,Pierre,Gasly,https://www.formula1.com/content/dam/fom-website/drivers/P/PIEGAS01_Pierre_Gasly/piegas01.png.transform/1col/image.png,20.0,R,10.0,,,,,Power Unit,0.0,44.0,23.6,28.6,29.5,0.3,False
2022,2,Saudi Arabian Grand Prix,Jeddah,R,2022-03-27,1,VER,max_verstappen,Red Bull Racing,red_bull,Max,Verstappen,https://www.formula1.com/content/dam/fom-website/drivers/M/MAXVER01_Max_Verstappen/maxver01.png.transform/1col/image.png,1.0,1,4.0,,,,0 days 01:24:19.293000,Finished,25.0,50.0,25.4,28.4,59.7,2.4,False
2022,2,Saudi Arabian Grand Prix,Jeddah,R,2022-03-27,16,LEC,leclerc,Ferrari,ferrari,Charles,Leclerc,https://www.formula1.com/content/dam/fom-website/drivers/C/CHALEC01_Charles_Leclerc/chalec01.png.transform/1col/image.png,2.0,2,2.0,,,,0 days 00:00:00.549000,Finished,19.0,50.0,25.4,28.4,59.7,2.4,False
2022,2,Saudi Arabian Grand Prix,Jeddah,R,2022-03-27,55,SAI,sainz,Ferrari,ferrari,Carlos,Sainz,https://www.formula1.com/content/dam/fom-website/drivers/C/CARSAI01_Carlos_Sainz/carsai01.png.transform/1col/image.png,3.0,3,3.0,,,,0 days 00:00:08.097000,Finished,15.0,50.0,25.4,28.4,59.7,2.4,False
2022,2,Saudi Arabian Grand Prix,Jeddah,R,2022-03-27,11,PER,perez,Red Bull Racing,red_bull,Sergio,Perez,https://www.formula1.com/content/dam/fom-website/drivers/S/SERPER01_Sergio_Perez/serper01.png.transform/1col/image.png,4.0,4,1.0,,,,0 days 00:00:10.800000,Finished,12.0,50.0,25.4,28.4,59.7,2.4,False
2022,2,Saudi Arabian Grand Prix,Jeddah,R,2022-03-27,63,RUS,russell,Mercedes,mercedes,George,Russell,https://www.formula1.com/content/dam/fom-website/drivers/G/GEORUS01_George_Russell/georus01.png.transform/1col/image.png,5.0,5,6.0,,,,0 days 00:00:32.732000,Finished,10.0,50.0,25.4,28.4,59.7,2.4,False
2022,2,Saudi Arabian Grand Prix,Jeddah,R,2022-03-27,31,OCO,ocon,Alpine,alpine,Esteban,Ocon,https://www.formula1.com/content/dam/fom-website/drivers/E/ESTOCO01_Esteban_Ocon/estoco01.png.transform/1col/image.png,6.0,6,5.0,,,,0 days 00:00:56.017000,Finished,8.0,50.0,25.4,28.4,59.7,2.4,False
2022,2,Saudi Arabian Grand Prix,Jeddah,R,2022-03-27,4,NOR,norris,McLaren,mclaren,Lando,Norris,https://www.formula1.com/content/dam/fom-website/drivers/L/LANNOR01_Lando_Norris/lannor01.png.transform/1col/image.png,7.0,7,11.0,,,,0 days 00:00:56.124000,Finished,6.0,50.0,25.4,28.4,59.7,2.4,False
2022,2,Saudi Arabian Grand Prix,Jeddah,R,2022-03-27,10,GAS,gasly,AlphaTauri,alphatauri,Pierre,Gasly,https://www.formula1.com/content/dam/fom-website/drivers/P/PIEGAS01_Pierre_Gasly/piegas01.png.transform/1col/image.png,8.0,8,9.0,,,,0 days 00:01:02.946000,Finished,4.0,50.0,25.4,28.4,59.7,2.4,False
2022,2,Saudi Arabian Grand Prix,Jeddah,R,2022-03-27,20,MAG,kevin_magnussen,Haas F1 Team,haas,Kevin,Magnussen,None,9.0,9,10.0,,,,0 days 00:01:04.308000,Finished,2.0,50.0,25.4,28.4,59.7,2.4,False
2022,2,Saudi Arabian Grand Prix,Jeddah,R,2022-03-27,44,HAM,hamilton,Mercedes,mercedes,Lewis,Hamilton,https://www.formula1.com/content/dam/fom-website/drivers/L/LEWHAM01_Lewis_Hamilton/lewham01.png.transform/1col/image.png,10.0,10,15.0,,,,0 days 00:01:13.948000,Finished,1.0,50.0,25.4,28.4,59.7,2.4,False
2022,2,Saudi Arabian Grand Prix,Jeddah,R,2022-03-27,24,ZHO,zhou,Alfa Romeo,alfa,Guanyu,Zhou,https://www.formula1.com/content/dam/fom-website/drivers/G/GUAZHO01_Guanyu_Zhou/guazho01.png.transform/1col/image.png,11.0,11,12.0,,,,0 days 00:01:22.215000,Finished,0.0,50.0,25.4,28.4,59.7,2.4,False
2022,2,Saudi Arabian Grand Prix,Jeddah,R,2022-03-27,27,HUL,hulkenberg,Aston Martin,aston_martin,Nico,Hulkenberg,None,12.0,12,17.0,,,,0 days 00:01:31.742000,Finished,0.0,50.0,25.4,28.4,59.7,2.4,False
2022,2,Saudi Arabian Grand Prix,Jeddah,R,2022-03-27,18,STR,stroll,Aston Martin,aston_martin,Lance,Stroll,https://www.formula1.com/content/dam/fom-website/drivers/L/LANSTR01_Lance_Stroll/lanstr01.png.transform/1col/image.png,13.0,13,13.0,,,,,+1 Lap,0.0,49.0,25.4,28.4,59.7,2.4,False
2022,2,Saudi Arabian Grand Prix,Jeddah,R,2022-03-27,23,ALB,albon,Williams,williams,Alexander,Albon,https://www.formula1.com/content/dam/fom-website/drivers/A/ALEALB01_Alexander_Albon/alealb01.png.transform/1col/image.png,14.0,14,16.0,,,,,Collision damage,0.0,47.0,25.4,28.4,59.7,2.4,False
2022,2,Saudi Arabian Grand Prix,Jeddah,R,2022-03-27,77,BOT,bottas,Alfa Romeo,alfa,Valtteri,Bottas,https://www.formula1.com/content/dam/fom-website/drivers/V/VALBOT01_Valtteri_Bottas/valbot01.png.transform/1col/image.png,15.0,R,8.0,,,,,Cooling system,0.0,36.0,25.4,28.4,59.7,2.4,False
2022,2,Saudi Arabian Grand Prix,Jeddah,R,2022-03-27,14,ALO,alonso,Alpine,alpine,Fernando,Alonso,https://www.formula1.com/content/dam/fom-website/drivers/F/FERALO01_Fernando_Alonso/feralo01.png.transform/1col/image.png,16.0,R,7.0,,,,,Water pump,0.0,35.0,25.4,28.4,59.7,2.4,False
2022,2,Saudi Arabian Grand Prix,Jeddah,R,2022-03-27,3,RIC,ricciardo,McLaren,mclaren,Daniel,Ricciardo,https://www.formula1.com/content/dam/fom-website/drivers/D/DANRIC01_Daniel_Ricciardo/danric01.png.transform/1col/image.png,17.0,R,14.0,,,,,Gearbox,0.0,35.0,25.4,28.4,59.7,2.4,False
2022,2,Saudi Arabian Grand Prix,Jeddah,R,2022-03-27,6,LAT,latifi,Williams,williams,Nicholas,Latifi,https://www.formula1.com/content/dam/fom-website/drivers/N/NICLAF01_Nicholas_Latifi/niclaf01.png.transform/1col/image.png,18.0,R,18.0,,,,,Accident,0.0,14.0,25.4,28.4,59.7,2.4,False
2022,2,Saudi Arabian Grand Prix,Jeddah,R,2022-03-27,22,TSU,tsunoda,AlphaTauri,alphatauri,Yuki,Tsunoda,https://www.formula1.com/content/dam/fom-website/drivers/Y/YUKTSU01_Yuki_Tsunoda/yuktsu01.png.transform/1col/image.png,19.0,R,19.0,,,,,Power Unit,0.0,0.0,25.4,28.4,59.7,2.4,False
2022,2,Saudi Arabian Grand Prix,Jeddah,R,2022-03-27,47,MSC,mick_schumacher,Haas F1 Team,haas,Mick,Schumacher,nan,,W,,,,,,Withdrew,0.0,0.0,25.4,28.4,59.7,2.4,False
2022,3,Australian Grand Prix,Melbourne,R,2022-04-10,16,LEC,leclerc,Ferrari,ferrari,Charles,Leclerc,https://www.formula1.com/content/dam/fom-website/drivers/C/CHALEC01_Charles_Leclerc/chalec01.png.transform/1col/image.png,1.0,1,1.0,,,,0 days 01:27:46.548000,Finished,26.0,58.0,26.7,37.4,43.7,1.8,False
2022,3,Australian Grand Prix,Melbourne,R,2022-04-10,11,PER,perez,Red Bull Racing,red_bull,Sergio,Perez,https://www.formula1.com/content/dam/fom-website/drivers/S/SERPER01_Sergio_Perez/serper01.png.transform/1col/image.png,2.0,2,3.0,,,,0 days 00:00:20.524000,Finished,18.0,58.0,26.7,37.4,43.7,1.8,False
2022,3,Australian Grand Prix,Melbourne,R,2022-04-10,63,RUS,russell,Mercedes,mercedes,George,Russell,https://www.formula1.com/content/dam/fom-website/drivers/G/GEORUS01_George_Russell/georus01.png.transform/1col/image.png,3.0,3,6.0,,,,0 days 00:00:25.593000,Finished,15.0,58.0,26.7,37.4,43.7,1.8,False
2022,3,Australian Grand Prix,Melbourne,R,2022-04-10,44,HAM,hamilton,Mercedes,mercedes,Lewis,Hamilton,https://www.formula1.com/content/dam/fom-website/drivers/L/LEWHAM01_Lewis_Hamilton/lewham01.png.transform/1col/image.png,4.0,4,5.0,,,,0 days 00:00:28.543000,Finished,12.0,58.0,26.7,37.4,43.7,1.8,False
2022,3,Australian Grand Prix,Melbourne,R,2022-04-10,4,NOR,norris,McLaren,mclaren,Lando,Norris,https://www.formula1.com/content/dam/fom-website/drivers/L/LANNOR01_Lando_Norris/lannor01.png.transform/1col/image.png,5.0,5,4.0,,,,0 days 00:00:53.303000,Finished,10.0,58.0,26.7,37.4,43.7,1.8,False
2022,3,Australian Grand Prix,Melbourne,R,2022-04-10,3,RIC,ricciardo,McLaren,mclaren,Daniel,Ricciardo,https://www.formula1.com/content/dam/fom-website/drivers/D/DANRIC01_Daniel_Ricciardo/danric01.png.transform/1col/image.png,6.0,6,7.0,,,,0 days 00:00:53.737000,Finished,8.0,58.0,26.7,37.4,43.7,1.8,False
2022,3,Australian Grand Prix,Melbourne,R,2022-04-10,31,OCO,ocon,Alpine,alpine,Esteban,Ocon,https://www.formula1.com/content/dam/fom-website/drivers/E/ESTOCO01_Esteban_Ocon/estoco01.png.transform/1col/image.png,7.0,7,8.0,,,,0 days 00:01:01.683000,Finished,6.0,58.0,26.7,37.4,43.7,1.8,False
2022,3,Australian Grand Prix,Melbourne,R,2022-04-10,77,BOT,bottas,Alfa Romeo,alfa,Valtteri,Bottas,https://www.formula1.com/content/dam/fom-website/drivers/V/VALBOT01_Valtteri_Bottas/valbot01.png.transform/1col/image.png,8.0,8,12.0,,,,0 days 00:01:08.439000,Finished,4.0,58.0,26.7,37.4,43.7,1.8,False
2022,3,Australian Grand Prix,Melbourne,R,2022-04-10,10,GAS,gasly,AlphaTauri,alphatauri,Pierre,Gasly,https://www.formula1.com/content/dam/fom-website/drivers/P/PIEGAS01_Pierre_Gasly/piegas01.png.transform/1col/image.png,9.0,9,11.0,,,,0 days 00:01:16.221000,Finished,2.0,58.0,26.7,37.4,43.7,1.8,False
2022,3,Australian Grand Prix,Melbourne,R,2022-04-10,23,ALB,albon,Williams,williams,Alexander,Albon,https://www.formula1.com/content/dam/fom-website/drivers/A/ALEALB01_Alexander_Albon/alealb01.png.transform/1col/image.png,10.0,10,20.0,,,,0 days 00:01:19.382000,Finished,1.0,58.0,26.7,37.4,43.7,1.8,False
2022,3,Australian Grand Prix,Melbourne,R,2022-04-10,24,ZHO,zhou,Alfa Romeo,alfa,Guanyu,Zhou,https://www.formula1.com/content/dam/fom-website/drivers/G/GUAZHO01_Guanyu_Zhou/guazho01.png.transform/1col/image.png,11.0,11,14.0,,,,0 days 00:01:21.695000,Finished,0.0,58.0,26.7,37.4,43.7,1.8,False
2022,3,Australian Grand Prix,Melbourne,R,2022-04-10,18,STR,stroll,Aston Martin,aston_martin,Lance,Stroll,https://www.formula1.com/content/dam/fom-website/drivers/L/LANSTR01_Lance_Stroll/lanstr01.png.transform/1col/image.png,12.0,12,19.0,,,,0 days 00:01:28.598000,Finished,0.0,58.0,26.7,37.4,43.7,1.8,False
2022,3,Australian Grand Prix,Melbourne,R,2022-04-10,47,MSC,mick_schumacher,Haas F1 Team,haas,Mick,Schumacher,https://www.formula1.com/content/dam/fom-website/drivers/M/MICSCH02_Mick_Schumacher/micsch02.png.transform/1col/image.png,13.0,13,15.0,,,,,+1 Lap,0.0,57.0,26.7,37.4,43.7,1.8,False
2022,3,Australian Grand Prix,Melbourne,R,2022-04-10,20,MAG,kevin_magnussen,Haas F1 Team,haas,Kevin,Magnussen,None,14.0,14,16.0,,,,,+1 Lap,0.0,57.0,26.7,37.4,43.7,1.8,False
2022,3,Australian Grand Prix,Melbourne,R,2022-04-10,22,TSU,tsunoda,AlphaTauri,alphatauri,Yuki,Tsunoda,https://www.formula1.com/content/dam/fom-website/drivers/Y/YUKTSU01_Yuki_Tsunoda/yuktsu01.png.transform/1col/image.png,15.0,15,13.0,,,,,+1 Lap,0.0,57.0,26.7,37.4,43.7,1.8,False
2022,3,Australian Grand Prix,Melbourne,R,2022-04-10,6,LAT,latifi,Williams,williams,Nicholas,Latifi,https://www.formula1.com/content/dam/fom-website/drivers/N/NICLAF01_Nicholas_Latifi/niclaf01.png.transform/1col/image.png,16.0,16,18.0,,,,,+1 Lap,0.0,57.0,26.7,37.4,43.7,1.8,False
2022,3,Australian Grand Prix,Melbourne,R,2022-04-10,14,ALO,alonso,Alpine,alpine,Fernando,Alonso,https://www.formula1.com/content/dam/fom-website/drivers/F/FERALO01_Fernando_Alonso/feralo01.png.transform/1col/image.png,17.0,17,10.0,,,,,+1 Lap,0.0,57.0,26.7,37.4,43.7,1.8,False
2022,3,Australian Grand Prix,Melbourne,R,2022-04-10,1,VER,max_verstappen,Red Bull Racing,red_bull,Max,Verstappen,https://www.formula1.com/content/dam/fom-website/drivers/M/MAXVER01_Max_Verstappen/maxver01.png.transform/1col/image.png,18.0,R,2.0,,,,,Fuel leak,0.0,38.0,26.7,37.4,43.7,1.8,False
2022,3,Australian Grand Prix,Melbourne,R,2022-04-10,5,VET,vettel,Aston Martin,aston_martin,Sebastian,Vettel,https://www.formula1.com/content/dam/fom-website/drivers/S/SEBVET01_Sebastian_Vettel/sebvet01.png.transform/1col/image.png,19.0,R,17.0,,,,,Accident,0.0,22.0,26.7,37.4,43.7,1.8,False
2022,3,Australian Grand Prix,Melbourne,R,2022-04-10,55,SAI,sainz,Ferrari,ferrari,Carlos,Sainz,https://www.formula1.com/content/dam/fom-website/drivers/C/CARSAI01_Carlos_Sainz/carsai01.png.transform/1col/image.png,20.0,R,9.0,,,,,Spun off,0.0,1.0,26.7,37.4,43.7,1.8,False
2022,4,Emilia Romagna Grand Prix,Imola,R,2022-04-24,1,VER,max_verstappen,Red Bull Racing,red_bull,Max,Verstappen,https://www.formula1.com/content/dam/fom-website/drivers/M/MAXVER01_Max_Verstappen/maxver01.png.transform/1col/image.png,1.0,1,1.0,,,,0 days 01:32:07.986000,Finished,26.0,63.0,12.9,17.4,83.2,1.5,False
2022,4,Emilia Romagna Grand Prix,Imola,R,2022-04-24,11,PER,perez,Red Bull Racing,red_bull,Sergio,Perez,https://www.formula1.com/content/dam/fom-website/drivers/S/SERPER01_Sergio_Perez/serper01.png.transform/1col/image.png,2.0,2,3.0,,,,0 days 00:00:16.527000,Finished,18.0,63.0,12.9,17.4,83.2,1.5,False
2022,4,Emilia Romagna Grand Prix,Imola,R,2022-04-24,4,NOR,norris,McLaren,mclaren,Lando,Norris,https://www.formula1.com/content/dam/fom-website/drivers/L/LANNOR01_Lando_Norris/lannor01.png.transform/1col/image.png,3.0,3,5.0,,,,0 days 00:00:34.834000,Finished,15.0,63.0,12.9,17.4,83.2,1.5,False
2022,4,Emilia Romagna Grand Prix,Imola,R,2022-04-24,63,RUS,russell,Mercedes,mercedes,George,Russell,https://www.formula1.com/content/dam/fom-website/drivers/G/GEORUS01_George_Russell/georus01.png.transform/1col/image.png,4.0,4,11.0,,,,0 days 00:00:42.506000,Finished,12.0,63.0,12.9,17.4,83.2,1.5,False
2022,4,Emilia Romagna Grand Prix,Imola,R,2022-04-24,77,BOT,bottas,Alfa Romeo,alfa,Valtteri,Bottas,https://www.formula1.com/content/dam/fom-website/drivers/V/VALBOT01_Valtteri_Bottas/valbot01.png.transform/1col/image.png,5.0,5,7.0,,,,0 days 00:00:43.181000,Finished,10.0,63.0,12.9,17.4,83.2,1.5,False
2022,4,Emilia Romagna Grand Prix,Imola,R,2022-04-24,16,LEC,leclerc,Ferrari,ferrari,Charles,Leclerc,https://www.formula1.com/content/dam/fom-website/drivers/C/CHALEC01_Charles_Leclerc/chalec01.png.transform/1col/image.png,6.0,6,2.0,,,,0 days 00:00:56.072000,Finished,8.0,63.0,12.9,17.4,83.2,1.5,False
2022,4,Emilia Romagna Grand Prix,Imola,R,2022-04-24,22,TSU,tsunoda,AlphaTauri,alphatauri,Yuki,Tsunoda,https://www.formula1.com/content/dam/fom-website/drivers/Y/YUKTSU01_Yuki_Tsunoda/yuktsu01.png.transform/1col/image.png,7.0,7,12.0,,,,0 days 00:01:01.110000,Finished,6.0,63.0,12.9,17.4,83.2,1.5,False
2022,4,Emilia Romagna Grand Prix,Imola,R,2022-04-24,5,VET,vettel,Aston Martin,aston_martin,Sebastian,Vettel,https://www.formula1.com/content/dam/fom-website/drivers/S/SEBVET01_Sebastian_Vettel/sebvet01.png.transform/1col/image.png,8.0,8,13.0,,,,0 days 00:01:10.892000,Finished,4.0,63.0,12.9,17.4,83.2,1.5,False
2022,4,Emilia Romagna Grand Prix,Imola,R,2022-04-24,20,MAG,kevin_magnussen,Haas F1 Team,haas,Kevin,Magnussen,None,9.0,9,8.0,,,,0 days 00:01:15.260000,Finished,2.0,63.0,12.9,17.4,83.2,1.5,False
2022,4,Emilia Romagna Grand Prix,Imola,R,2022-04-24,18,STR,stroll,Aston Martin,aston_martin,Lance,Stroll,https://www.formula1.com/content/dam/fom-website/drivers/L/LANSTR01_Lance_Stroll/lanstr01.png.transform/1col/image.png,10.0,10,15.0,,,,,+1 Lap,1.0,62.0,12.9,17.4,83.2,1.5,False
2022,4,Emilia Romagna Grand Prix,Imola,R,2022-04-24,23,ALB,albon,Williams,williams,Alexander,Albon,https://www.formula1.com/content/dam/fom-website/drivers/A/ALEALB01_Alexander_Albon/alealb01.png.transform/1col/image.png,11.0,11,18.0,,,,,+1 Lap,0.0,62.0,12.9,17.4,83.2,1.5,False
2022,4,Emilia Romagna Grand Prix,Imola,R,2022-04-24,10,GAS,gasly,AlphaTauri,alphatauri,Pierre,Gasly,https://www.formula1.com/content/dam/fom-website/drivers/P/PIEGAS01_Pierre_Gasly/piegas01.png.transform/1col/image.png,12.0,12,17.0,,,,,+1 Lap,0.0,62.0,12.9,17.4,83.2,1.5,False
2022,4,Emilia Romagna Grand Prix,Imola,R,2022-04-24,44,HAM,hamilton,Mercedes,mercedes,Lewis,Hamilton,https://www.formula1.com/content/dam/fom-website/drivers/L/LEWHAM01_Lewis_Hamilton/lewham01.png.transform/1col/image.png,13.0,13,14.0,,,,,+1 Lap,0.0,62.0,12.9,17.4,83.2,1.5,False
2022,4,Emilia Romagna Grand Prix,Imola,R,2022-04-24,31,OCO,ocon,Alpine,alpine,Esteban,Ocon,https://www.formula1.com/content/dam/fom-website/drivers/E/ESTOCO01_Esteban_Ocon/estoco01.png.transform/1col/image.png,14.0,14,16.0,,,,,+1 Lap,0.0,62.0,12.9,17.4,83.2,1.5,False
2022,4,Emilia Romagna Grand Prix,Imola,R,2022-04-24,24,ZHO,zhou,Alfa Romeo,alfa,Guanyu,Zhou,https://www.formula1.com/content/dam/fom-website/drivers/G/GUAZHO01_Guanyu_Zhou/guazho01.png.transform/1col/image.png,15.0,15,0.0,,,,,+1 Lap,0.0,62.0,12.9,17.4,83.2,1.5,False
2022,4,Emilia Romagna Grand Prix,Imola,R,2022-04-24,6,LAT,latifi,Williams,williams,Nicholas,Latifi,https://www.formula1.com/content/dam/fom-website/drivers/N/NICLAF01_Nicholas_Latifi/niclaf01.png.transform/1col/image.png,16.0,16,19.0,,,,,+1 Lap,0.0,62.0,12.9,17.4,83.2,1.5,False
2022,4,Emilia Romagna Grand Prix,Imola,R,2022-04-24,47,MSC,mick_schumacher,Haas F1 Team,haas,Mick,Schumacher,https://www.formula1.com/content/dam/fom-website/drivers/M/MICSCH02_Mick_Schumacher/micsch02.png.transform/1col/image.png,17.0,17,10.0,,,,,+1 Lap,0.0,62.0,12.9,17.4,83.2,1.5,False
2022,4,Emilia Romagna Grand Prix,Imola,R,2022-04-24,3,RIC,ricciardo,McLaren,mclaren,Daniel,Ricciardo,https://www.formula1.com/content/dam/fom-website/drivers/D/DANRIC01_Daniel_Ricciardo/danric01.png.transform/1col/image.png,18.0,18,6.0,,,,,+1 Lap,0.0,62.0,12.9,17.4,83.2,1.5,False
2022,4,Emilia Romagna Grand Prix,Imola,R,2022-04-24,14,ALO,alonso,Alpine,alpine,Fernando,Alonso,https://www.formula1.com/content/dam/fom-website/drivers/F/FERALO01_Fernando_Alonso/feralo01.png.transform/1col/image.png,19.0,R,9.0,,,,,Collision damage,0.0,6.0,12.9,17.4,83.2,1.5,False
2022,4,Emilia Romagna Grand Prix,Imola,R,2022-04-24,55,SAI,sainz,Ferrari,ferrari,Carlos,Sainz,https://www.formula1.com/content/dam/fom-website/drivers/C/CARSAI01_Carlos_Sainz/carsai01.png.transform/1col/image.png,20.0,R,4.0,,,,,Collision,0.0,0.0,12.9,17.4,83.2,1.5,False
2022,5,Miami Grand Prix,Miami,R,2022-05-08,1,VER,max_verstappen,Red Bull Racing,red_bull,Max,Verstappen,https://www.formula1.com/content/dam/fom-website/drivers/M/MAXVER01_Max_Verstappen/maxver01.png.transform/1col/image.png,1.0,1,3.0,,,,0 days 01:34:24.258000,Finished,26.0,57.0,30.6,42.8,58.9,2.3,True
2022,5,Miami Grand Prix,Miami,R,2022-05-08,16,LEC,leclerc,Ferrari,ferrari,Charles,Leclerc,https://www.formula1.com/content/dam/fom-website/drivers/C/CHALEC01_Charles_Leclerc/chalec01.png.transform/1col/image.png,2.0,2,1.0,,,,0 days 00:00:03.786000,Finished,18.0,57.0,30.6,42.8,58.9,2.3,True
2022,5,Miami Grand Prix,Miami,R,2022-05-08,55,SAI,sainz,Ferrari,ferrari,Carlos,Sainz,https://www.formula1.com/content/dam/fom-website/drivers/C/CARSAI01_Carlos_Sainz/carsai01.png.transform/1col/image.png,3.0,3,2.0,,,,0 days 00:00:08.229000,Finished,15.0,57.0,30.6,42.8,58.9,2.3,True
2022,5,Miami Grand Prix,Miami,R,2022-05-08,11,PER,perez,Red Bull Racing,red_bull,Sergio,Perez,https://www.formula1.com/content/dam/fom-website/drivers/S/SERPER01_Sergio_Perez/serper01.png.transform/1col/image.png,4.0,4,4.0,,,,0 days 00:00:10.638000,Finished,12.0,57.0,30.6,42.8,58.9,2.3,True
2022,5,Miami Grand Prix,Miami,R,2022-05-08,63,RUS,russell,Mercedes,mercedes,George,Russell,https://www.formula1.com/content/dam/fom-website/drivers/G/GEORUS01_George_Russell/georus01.png.transform/1col/image.png,5.0,5,12.0,,,,0 days 00:00:18.582000,Finished,10.0,57.0,30.6,42.8,58.9,2.3,True
2022,5,Miami Grand Prix,Miami,R,2022-05-08,44,HAM,hamilton,Mercedes,mercedes,Lewis,Hamilton,https://www.formula1.com/content/dam/fom-website/drivers/L/LEWHAM01_Lewis_Hamilton/lewham01.png.transform/1col/image.png,6.0,6,6.0,,,,0 days 00:00:21.368000,Finished,8.0,57.0,30.6,42.8,58.9,2.3,True
2022,5,Miami Grand Prix,Miami,R,2022-05-08,77,BOT,bottas,Alfa Romeo,alfa,Valtteri,Bottas,https://www.formula1.com/content/dam/fom-website/drivers/V/VALBOT01_Valtteri_Bottas/valbot01.png.transform/1col/image.png,7.0,7,5.0,,,,0 days 00:00:25.073000,Finished,6.0,57.0,30.6,42.8,58.9,2.3,True
2022,5,Miami Grand Prix,Miami,R,2022-05-08,31,OCO,ocon,Alpine,alpine,Esteban,Ocon,https://www.formula1.com/content/dam/fom-website/drivers/E/ESTOCO01_Esteban_Ocon/estoco01.png.transform/1col/image.png,8.0,8,20.0,,,,0 days 00:00:28.386000,Finished,4.0,57.0,30.6,42.8,58.9,2.3,True
2022,5,Miami Grand Prix,Miami,R,2022-05-08,23,ALB,albon,Williams,williams,Alexander,Albon,https://www.formula1.com/content/dam/fom-website/drivers/A/ALEALB01_Alexander_Albon/alealb01.png.transform/1col/image.png,9.0,9,18.0,,,,0 days 00:00:32.365000,Finished,2.0,57.0,30.6,42.8,58.9,2.3,True
2022,5,Miami Grand Prix,Miami,R,2022-05-08,18,STR,stroll,Aston Martin,aston_martin,Lance,Stroll,https://www.formula1.com/content/dam/fom-website/drivers/L/LANSTR01_Lance_Stroll/lanstr01.png.transform/1col/image.png,10.0,10,0.0,,,,0 days 00:00:37.026000,Finished,1.0,57.0,30.6,42.8,58.9,2.3,True
2022,5,Miami Grand Prix,Miami,R,2022-05-08,14,ALO,alonso,Alpine,alpine,Fernando,Alonso,https://www.formula1.com/content/dam/fom-website/drivers/F/FERALO01_Fernando_Alonso/feralo01.png.transform/1col/image.png,11.0,11,11.0,,,,0 days 00:00:37.128000,Finished,0.0,57.0,30.6,42.8,58.9,2.3,True
2022,5,Miami Grand Prix,Miami,R,2022-05-08,22,TSU,tsunoda,AlphaTauri,alphatauri,Yuki,Tsunoda,https://www.formula1.com/content/dam/fom-website/drivers/Y/YUKTSU01_Yuki_Tsunoda/yuktsu01.png.transform/1col/image.png,12.0,12,9.0,,,,0 days 00:00:40.146000,Finished,0.0,57.0,30.6,42.8,58.9,2.3,True
2022,5,Miami Grand Prix,Miami,R,2022-05-08,3,RIC,ricciardo,McLaren,mclaren,Daniel,Ricciardo,https://www.formula1.com/content/dam/fom-website/drivers/D/DANRIC01_Daniel_Ricciardo/danric01.png.transform/1col/image.png,13.0,13,14.0,,,,0 days 00:00:40.902000,Finished,0.0,57.0,30.6,42.8,58.9,2.3,True
2022,5,Miami Grand Prix,Miami,R,2022-05-08,6,LAT,latifi,Williams,williams,Nicholas,Latifi,https://www.formula1.com/content/dam/fom-website/drivers/N/NICLAF01_Nicholas_Latifi/niclaf01.png.transform/1col/image.png,14.0,14,19.0,,,,0 days 00:00:49.936000,Finished,0.0,57.0,30.6,42.8,58.9,2.3,True
2022,5,Miami Grand Prix,Miami,R,2022-05-08,47,MSC,mick_schumacher,Haas F1 Team,haas,Mick,Schumacher,https://www.formula1.com/content/dam/fom-website/drivers/M/MICSCH02_Mick_Schumacher/micsch02.png.transform/1col/image.png,15.0,15,15.0,,,,0 days 00:01:13.305000,Finished,0.0,57.0,30.6,42.8,58.9,2.3,True
2022,5,Miami Grand Prix,Miami,R,2022-05-08,20,MAG,kevin_magnussen,Haas F1 Team,haas,Kevin,Magnussen,None,16.0,16,16.0,,,,,Front wing,0.0,56.0,30.6,42.8,58.9,2.3,True
2022,5,Miami Grand Prix,Miami,R,2022-05-08,5,VET,vettel,Aston Martin,aston_martin,Sebastian,Vettel,https://www.formula1.com/content/dam/fom-website/drivers/S/SEBVET01_Sebastian_Vettel/sebvet01.png.transform/1col/image.png,17.0,17,0.0,,,,,Collision,0.0,54.0,30.6,42.8,58.9,2.3,True
2022,5,Miami Grand Prix,Miami,R,2022-05-08,10,GAS,gasly,AlphaTauri,alphatauri,Pierre,Gasly,https://www.formula1.com/content/dam/fom-website/drivers/P/PIEGAS01_Pierre_Gasly/piegas01.png.transform/1col/image.png,18.0,R,7.0,,,,,Suspension,0.0,45.0,30.6,42.8,58.9,2.3,True
2022,5,Miami Grand Prix,Miami,R,2022-05-08,4,NOR,norris,McLaren,mclaren,Lando,Norris,https://www.formula1.com/content/dam/fom-website/drivers/L/LANNOR01_Lando_Norris/lannor01.png.transform/1col/image.png,19.0,R,8.0,,,,,Collision,0.0,39.0,30.6,42.8,58.9,2.3,True
2022,5,Miami Grand Prix,Miami,R,2022-05-08,24,ZHO,zhou,Alfa Romeo,alfa,Guanyu,Zhou,https://www.formula1.com/content/dam/fom-website/drivers/G/GUAZHO01_Guanyu_Zhou/guazho01.png.transform/1col/image.png,20.0,R,17.0,,,,,Water leak,0.0,6.0,30.6,42.8,58.9,2.3,True
2022,6,Spanish Grand Prix,Barcelona,R,2022-05-22,1,VER,max_verstappen,Red Bull Racing,red_bull,Max,Verstappen,https://www.formula1.com/content/dam/fom-website/drivers/M/MAXVER01_Max_Verstappen/maxver01.png.transform/1col/image.png,1.0,1,2.0,,,,0 days 01:37:20.475000,Finished,25.0,66.0,36.6,49.0,7.1,3.5,False
2022,6,Spanish Grand Prix,Barcelona,R,2022-05-22,11,PER,perez,Red Bull Racing,red_bull,Sergio,Perez,https://www.formula1.com/content/dam/fom-website/drivers/S/SERPER01_Sergio_Perez/serper01.png.transform/1col/image.png,2.0,2,5.0,,,,0 days 00:00:13.072000,Finished,19.0,66.0,36.6,49.0,7.1,3.5,False
2022,6,Spanish Grand Prix,Barcelona,R,2022-05-22,63,RUS,russell,Mercedes,mercedes,George,Russell,https://www.formula1.com/content/dam/fom-website/drivers/G/GEORUS01_George_Russell/georus01.png.transform/1col/image.png,3.0,3,4.0,,,,0 days 00:00:32.927000,Finished,15.0,66.0,36.6,49.0,7.1,3.5,False
2022,6,Spanish Grand Prix,Barcelona,R,2022-05-22,55,SAI,sainz,Ferrari,ferrari,Carlos,Sainz,https://www.formula1.com/content/dam/fom-website/drivers/C/CARSAI01_Carlos_Sainz/carsai01.png.transform/1col/image.png,4.0,4,3.0,,,,0 days 00:00:45.208000,Finished,12.0,66.0,36.6,49.0,7.1,3.5,False
2022,6,Spanish Grand Prix,Barcelona,R,2022-05-22,44,HAM,hamilton,Mercedes,mercedes,Lewis,Hamilton,https://www.formula1.com/content/dam/fom-website/drivers/L/LEWHAM01_Lewis_Hamilton/lewham01.png.transform/1col/image.png,5.0,5,6.0,,,,0 days 00:00:54.534000,Finished,10.0,66.0,36.6,49.0,7.1,3.5,False
2022,6,Spanish Grand Prix,Barcelona,R,2022-05-22,77,BOT,bottas,Alfa Romeo,alfa,Valtteri,Bottas,https://www.formula1.com/content/dam/fom-website/drivers/V/VALBOT01_Valtteri_Bottas/valbot01.png.transform/1col/image.png,6.0,6,7.0,,,,0 days 00:00:59.976000,Finished,8.0,66.0,36.6,49.0,7.1,3.5,False
2022,6,Spanish Grand Prix,Barcelona,R,2022-05-22,31,OCO,ocon,Alpine,alpine,Esteban,Ocon,https://www.formula1.com/content/dam/fom-website/drivers/E/ESTOCO01_Esteban_Ocon/estoco01.png.transform/1col/image.png,7.0,7,12.0,,,,0 days 00:01:15.397000,Finished,6.0,66.0,36.6,49.0,7.1,3.5,False
2022,6,Spanish Grand Prix,Barcelona,R,2022-05-22,4,NOR,norris,McLaren,mclaren,Lando,Norris,https://www.formula1.com/content/dam/fom-website/drivers/L/LANNOR01_Lando_Norris/lannor01.png.transform/1col/image.png,8.0,8,11.0,,,,0 days 00:01:23.235000,Finished,4.0,66.0,36.6,49.0,7.1,3.5,False
2022,6,Spanish Grand Prix,Barcelona,R,2022-05-22,14,ALO,alonso,Alpine,alpine,Fernando,Alonso,https://www.formula1.com/content/dam/fom-website/drivers/F/FERALO01_Fernando_Alonso/feralo01.png.transform/1col/image.png,9.0,9,20.0,,,,,+1 Lap,2.0,65.0,36.6,49.0,7.1,3.5,False
2022,6,Spanish Grand Prix,Barcelona,R,2022-05-22,22,TSU,tsunoda,AlphaTauri,alphatauri,Yuki,Tsunoda,https://www.formula1.com/content/dam/fom-website/drivers/Y/YUKTSU01_Yuki_Tsunoda/yuktsu01.png.transform/1col/image.png,10.0,10,13.0,,,,,+1 Lap,1.0,65.0,36.6,49.0,7.1,3.5,False
2022,6,Spanish Grand Prix,Barcelona,R,2022-05-22,5,VET,vettel,Aston Martin,aston_martin,Sebastian,Vettel,https://www.formula1.com/content/dam/fom-website/drivers/S/SEBVET01_Sebastian_Vettel/sebvet01.png.transform/1col/image.png,11.0,11,16.0,,,,,+1 Lap,0.0,65.0,36.6,49.0,7.1,3.5,False
2022,6,Spanish Grand Prix,Barcelona,R,2022-05-22,3,RIC,ricciardo,McLaren,mclaren,Daniel,Ricciardo,https://www.formula1.com/content/dam/fom-website/drivers/D/DANRIC01_Daniel_Ricciardo/danric01.png.transform/1col/image.png,12.0,12,9.0,,,,,+1 Lap,0.0,65.0,36.6,49.0,7.1,3.5,False
2022,6,Spanish Grand Prix,Barcelona,R,2022-05-22,10,GAS,gasly,AlphaTauri,alphatauri,Pierre,Gasly,https://www.formula1.com/content/dam/fom-website/drivers/P/PIEGAS01_Pierre_Gasly/piegas01.png.transform/1col/image.png,13.0,13,14.0,,,,,+1 Lap,0.0,65.0,36.6,49.0,7.1,3.5,False
2022,6,Spanish Grand Prix,Barcelona,R,2022-05-22,47,MSC,mick_schumacher,Haas F1 Team,haas,Mick,Schumacher,https://www.formula1.com/content/dam/fom-website/drivers/M/MICSCH02_Mick_Schumacher/micsch02.png.transform/1col/image.png,14.0,14,10.0,,,,,+1 Lap,0.0,65.0,36.6,49.0,7.1,3.5,False
2022,6,Spanish Grand Prix,Barcelona,R,2022-05-22,18,STR,stroll,Aston Martin,aston_martin,Lance,Stroll,https://www.formula1.com/content/dam/fom-website/drivers/L/LANSTR01_Lance_Stroll/lanstr01.png.transform/1col/image.png,15.0,15,17.0,,,,,+1 Lap,0.0,65.0,36.6,49.0,7.1,3.5,False
2022,6,Spanish Grand Prix,Barcelona,R,2022-05-22,6,LAT,latifi,Williams,williams,Nicholas,Latifi,https://www.formula1.com/content/dam/fom-website/drivers/N/NICLAF01_Nicholas_Latifi/niclaf01.png.transform/1col/image.png,16.0,16,19.0,,,,,+2 Laps,0.0,64.0,36.6,49.0,7.1,3.5,False
2022,6,Spanish Grand Prix,Barcelona,R,2022-05-22,20,MAG,kevin_magnussen,Haas F1 Team,haas,Kevin,Magnussen,None,17.0,17,8.0,,,,,+2 Laps,0.0,64.0,36.6,49.0,7.1,3.5,False
2022,6,Spanish Grand Prix,Barcelona,R,2022-05-22,23,ALB,albon,Williams,williams,Alexander,Albon,https://www.formula1.com/content/dam/fom-website/drivers/A/ALEALB01_Alexander_Albon/alealb01.png.transform/1col/image.png,18.0,18,18.0,,,,,+2 Laps,0.0,64.0,36.6,49.0,7.1,3.5,False
2022,6,Spanish Grand Prix,Barcelona,R,2022-05-22,24,ZHO,zhou,Alfa Romeo,alfa,Guanyu,Zhou,https://www.formula1.com/content/dam/fom-website/drivers/G/GUAZHO01_Guanyu_Zhou/guazho01.png.transform/1col/image.png,19.0,R,15.0,,,,,Power loss,0.0,28.0,36.6,49.0,7.1,3.5,False
2022,6,Spanish Grand Prix,Barcelona,R,2022-05-22,16,LEC,leclerc,Ferrari,ferrari,Charles,Leclerc,https://www.formula1.com/content/dam/fom-website/drivers/C/CHALEC01_Charles_Leclerc/chalec01.png.transform/1col/image.png,20.0,R,1.0,,,,,Turbo,0.0,27.0,36.6,49.0,7.1,3.5,False
2022,7,Monaco Grand Prix,Monaco,R,2022-05-29,11,PER,perez,Red Bull Racing,red_bull,Sergio,Perez,https://www.formula1.com/content/dam/fom-website/drivers/S/SERPER01_Sergio_Perez/serper01.png.transform/1col/image.png,1.0,1,3.0,,,,0 days 01:56:30.265000,Finished,25.0,64.0,22.3,31.0,75.7,1.0,True
2022,7,Monaco Grand Prix,Monaco,R,2022-05-29,55,SAI,sainz,Ferrari,ferrari,Carlos,Sainz,https://www.formula1.com/content/dam/fom-website/drivers/C/CARSAI01_Carlos_Sainz/carsai01.png.transform/1col/image.png,2.0,2,2.0,,,,0 days 00:00:01.154000,Finished,18.0,64.0,22.3,31.0,75.7,1.0,True
2022,7,Monaco Grand Prix,Monaco,R,2022-05-29,1,VER,max_verstappen,Red Bull Racing,red_bull,Max,Verstappen,https://www.formula1.com/content/dam/fom-website/drivers/M/MAXVER01_Max_Verstappen/maxver01.png.transform/1col/image.png,3.0,3,4.0,,,,0 days 00:00:01.491000,Finished,15.0,64.0,22.3,31.0,75.7,1.0,True
2022,7,Monaco Grand Prix,Monaco,R,2022-05-29,16,LEC,leclerc,Ferrari,ferrari,Charles,Leclerc,https://www.formula1.com/content/dam/fom-website/drivers/C/CHALEC01_Charles_Leclerc/chalec01.png.transform/1col/image.png,4.0,4,1.0,,,,0 days 00:00:02.922000,Finished,12.0,64.0,22.3,31.0,75.7,1.0,True
2022,7,Monaco Grand Prix,Monaco,R,2022-05-29,63,RUS,russell,Mercedes,mercedes,George,Russell,https://www.formula1.com/content/dam/fom-website/drivers/G/GEORUS01_George_Russell/georus01.png.transform/1col/image.png,5.0,5,6.0,,,,0 days 00:00:11.968000,Finished,10.0,64.0,22.3,31.0,75.7,1.0,True
2022,7,Monaco Grand Prix,Monaco,R,2022-05-29,4,NOR,norris,McLaren,mclaren,Lando,Norris,https://www.formula1.com/content/dam/fom-website/drivers/L/LANNOR01_Lando_Norris/lannor01.png.transform/1col/image.png,6.0,6,5.0,,,,0 days 00:00:12.231000,Finished,9.0,64.0,22.3,31.0,75.7,1.0,True
2022,7,Monaco Grand Prix,Monaco,R,2022-05-29,14,ALO,alonso,Alpine,alpine,Fernando,Alonso,https://www.formula1.com/content/dam/fom-website/drivers/F/FERALO01_Fernando_Alonso/feralo01.png.transform/1col/image.png,7.0,7,7.0,,,,0 days 00:00:46.358000,Finished,6.0,64.0,22.3,31.0,75.7,1.0,True
2022,7,Monaco Grand Prix,Monaco,R,2022-05-29,44,HAM,hamilton,Mercedes,mercedes,Lewis,Hamilton,https://www.formula1.com/content/dam/fom-website/drivers/L/LEWHAM01_Lewis_Hamilton/lewham01.png.transform/1col/image.png,8.0,8,8.0,,,,0 days 00:00:50.388000,Finished,4.0,64.0,22.3,31.0,75.7,1.0,True
2022,7,Monaco Grand Prix,Monaco,R,2022-05-29,77,BOT,bottas,Alfa Romeo,alfa,Valtteri,Bottas,https://www.formula1.com/content/dam/fom-website/drivers/V/VALBOT01_Valtteri_Bottas/valbot01.png.transform/1col/image.png,9.0,9,12.0,,,,0 days 00:00:52.525000,Finished,2.0,64.0,22.3,31.0,75.7,1.0,True
2022,7,Monaco Grand Prix,Monaco,R,2022-05-29,5,VET,vettel,Aston Martin,aston_martin,Sebastian,Vettel,https://www.formula1.com/content/dam/fom-website/drivers/S/SEBVET01_Sebastian_Vettel/sebvet01.png.transform/1col/image.png,10.0,10,9.0,,,,0 days 00:00:53.536000,Finished,1.0,64.0,22.3,31.0,75.7,1.0,True
2022,7,Monaco Grand Prix,Monaco,R,2022-05-29,10,GAS,gasly,AlphaTauri,alphatauri,Pierre,Gasly,https://www.formula1.com/content/dam/fom-website/drivers/P/PIEGAS01_Pierre_Gasly/piegas01.png.transform/1col/image.png,11.0,11,17.0,,,,0 days 00:00:54.289000,Finished,0.0,64.0,22.3,31.0,75.7,1.0,True
2022,7,Monaco Grand Prix,Monaco,R,2022-05-29,31,OCO,ocon,Alpine,alpine,Esteban,Ocon,https://www.formula1.com/content/dam/fom-website/drivers/E/ESTOCO01_Esteban_Ocon/estoco01.png.transform/1col/image.png,12.0,12,10.0,,,,0 days 00:00:55.644000,Finished,0.0,64.0,22.3,31.0,75.7,1.0,True
2022,7,Monaco Grand Prix,Monaco,R,2022-05-29,3,RIC,ricciardo,McLaren,mclaren,Daniel,Ricciardo,https://www.formula1.com/content/dam/fom-website/drivers/D/DANRIC01_Daniel_Ricciardo/danric01.png.transform/1col/image.png,13.0,13,14.0,,,,0 days 00:00:57.635000,Finished,0.0,64.0,22.3,31.0,75.7,1.0,True
2022,7,Monaco Grand Prix,Monaco,R,2022-05-29,18,STR,stroll,Aston Martin,aston_martin,Lance,Stroll,https://www.formula1.com/content/dam/fom-website/drivers/L/LANSTR01_Lance_Stroll/lanstr01.png.transform/1col/image.png,14.0,14,18.0,,,,0 days 00:01:00.802000,Finished,0.0,64.0,22.3,31.0,75.7,1.0,True
2022,7,Monaco Grand Prix,Monaco,R,2022-05-29,6,LAT,latifi,Williams,williams,Nicholas,Latifi,https://www.formula1.com/content/dam/fom-website/drivers/N/NICLAF01_Nicholas_Latifi/niclaf01.png.transform/1col/image.png,15.0,15,19.0,,,,,+1 Lap,0.0,63.0,22.3,31.0,75.7,1.0,True
2022,7,Monaco Grand Prix,Monaco,R,2022-05-29,24,ZHO,zhou,Alfa Romeo,alfa,Guanyu,Zhou,https://www.formula1.com/content/dam/fom-website/drivers/G/GUAZHO01_Guanyu_Zhou/guazho01.png.transform/1col/image.png,16.0,16,20.0,,,,,+1 Lap,0.0,63.0,22.3,31.0,75.7,1.0,True
2022,7,Monaco Grand Prix,Monaco,R,2022-05-29,22,TSU,tsunoda,AlphaTauri,alphatauri,Yuki,Tsunoda,https://www.formula1.com/content/dam/fom-website/drivers/Y/YUKTSU01_Yuki_Tsunoda/yuktsu01.png.transform/1col/image.png,17.0,17,11.0,,,,,+1 Lap,0.0,63.0,22.3,31.0,75.7,1.0,True
2022,7,Monaco Grand Prix,Monaco,R,2022-05-29,23,ALB,albon,Williams,williams,Alexander,Albon,https://www.formula1.com/content/dam/fom-website/drivers/A/ALEALB01_Alexander_Albon/alealb01.png.transform/1col/image.png,18.0,R,16.0,,,,,Mechanical,0.0,48.0,22.3,31.0,75.7,1.0,True
2022,7,Monaco Grand Prix,Monaco,R,2022-05-29,47,MSC,mick_schumacher,Haas F1 Team,haas,Mick,Schumacher,https://www.formula1.com/content/dam/fom-website/drivers/M/MICSCH02_Mick_Schumacher/micsch02.png.transform/1col/image.png,19.0,R,15.0,,,,,Accident,0.0,24.0,22.3,31.0,75.7,1.0,True
2022,7,Monaco Grand Prix,Monaco,R,2022-05-29,20,MAG,kevin_magnussen,Haas F1 Team,haas,Kevin,Magnussen,None,20.0,R,13.0,,,,,Water pressure,0.0,19.0,22.3,31.0,75.7,1.0,True
2022,8,Azerbaijan Grand Prix,Baku,R,2022-06-12,1,VER,max_verstappen,Red Bull Racing,red_bull,Max,Verstappen,https://www.formula1.com/content/dam/fom-website/drivers/M/MAXVER01_Max_Verstappen/maxver01.png.transform/1col/image.png,1.0,1,3.0,,,,0 days 01:34:05.941000,Finished,25.0,51.0,25.4,47.1,59.5,1.5,False
2022,8,Azerbaijan Grand Prix,Baku,R,2022-06-12,11,PER,perez,Red Bull Racing,red_bull,Sergio,Perez,https://www.formula1.com/content/dam/fom-website/drivers/S/SERPER01_Sergio_Perez/serper01.png.transform/1col/image.png,2.0,2,2.0,,,,0 days 00:00:20.823000,Finished,19.0,51.0,25.4,47.1,59.5,1.5,False
2022,8,Azerbaijan Grand Prix,Baku,R,2022-06-12,63,RUS,russell,Mercedes,mercedes,George,Russell,https://www.formula1.com/content/dam/fom-website/drivers/G/GEORUS01_George_Russell/georus01.png.transform/1col/image.png,3.0,3,5.0,,,,0 days 00:00:45.995000,Finished,15.0,51.0,25.4,47.1,59.5,1.5,False
2022,8,Azerbaijan Grand Prix,Baku,R,2022-06-12,44,HAM,hamilton,Mercedes,mercedes,Lewis,Hamilton,https://www.formula1.com/content/dam/fom-website/drivers/L/LEWHAM01_Lewis_Hamilton/lewham01.png.transform/1col/image.png,4.0,4,7.0,,,,0 days 00:01:11.679000,Finished,12.0,51.0,25.4,47.1,59.5,1.5,False
2022,8,Azerbaijan Grand Prix,Baku,R,2022-06-12,10,GAS,gasly,AlphaTauri,alphatauri,Pierre,Gasly,https://www.formula1.com/content/dam/fom-website/drivers/P/PIEGAS01_Pierre_Gasly/piegas01.png.transform/1col/image.png,5.0,5,6.0,,,,0 days 00:01:17.299000,Finished,10.0,51.0,25.4,47.1,59.5,1.5,False
2022,8,Azerbaijan Grand Prix,Baku,R,2022-06-12,5,VET,vettel,Aston Martin,aston_martin,Sebastian,Vettel,https://www.formula1.com/content/dam/fom-website/drivers/S/SEBVET01_Sebastian_Vettel/sebvet01.png.transform/1col/image.png,6.0,6,9.0,,,,0 days 00:01:24.099000,Finished,8.0,51.0,25.4,47.1,59.5,1.5,False
2022,8,Azerbaijan Grand Prix,Baku,R,2022-06-12,14,ALO,alonso,Alpine,alpine,Fernando,Alonso,https://www.formula1.com/content/dam/fom-website/drivers/F/FERALO01_Fernando_Alonso/feralo01.png.transform/1col/image.png,7.0,7,10.0,,,,0 days 00:01:28.596000,Finished,6.0,51.0,25.4,47.1,59.5,1.5,False
2022,8,Azerbaijan Grand Prix,Baku,R,2022-06-12,3,RIC,ricciardo,McLaren,mclaren,Daniel,Ricciardo,https://www.formula1.com/content/dam/fom-website/drivers/D/DANRIC01_Daniel_Ricciardo/danric01.png.transform/1col/image.png,8.0,8,12.0,,,,0 days 00:01:32.207000,Finished,4.0,51.0,25.4,47.1,59.5,1.5,False
2022,8,Azerbaijan Grand Prix,Baku,R,2022-06-12,4,NOR,norris,McLaren,mclaren,Lando,Norris,https://www.formula1.com/content/dam/fom-website/drivers/L/LANNOR01_Lando_Norris/lannor01.png.transform/1col/image.png,9.0,9,11.0,,,,0 days 00:01:32.556000,Finished,2.0,51.0,25.4,47.1,59.5,1.5,False
2022,8,Azerbaijan Grand Prix,Baku,R,2022-06-12,31,OCO,ocon,Alpine,alpine,Esteban,Ocon,https://www.formula1.com/content/dam/fom-website/drivers/E/ESTOCO01_Esteban_Ocon/estoco01.png.transform/1col/image.png,10.0,10,13.0,,,,0 days 00:01:48.184000,Finished,1.0,51.0,25.4,47.1,59.5,1.5,False
2022,8,Azerbaijan Grand Prix,Baku,R,2022-06-12,77,BOT,bottas,Alfa Romeo,alfa,Valtteri,Bottas,https://www.formula1.com/content/dam/fom-website/drivers/V/VALBOT01_Valtteri_Bottas/valbot01.png.transform/1col/image.png,11.0,11,15.0,,,,,+1 Lap,0.0,50.0,25.4,47.1,59.5,1.5,False
2022,8,Azerbaijan Grand Prix,Baku,R,2022-06-12,23,ALB,albon,Williams,williams,Alexander,Albon,https://www.formula1.com/content/dam/fom-website/drivers/A/ALEALB01_Alexander_Albon/alealb01.png.transform/1col/image.png,12.0,12,17.0,,,,,+1 Lap,0.0,50.0,25.4,47.1,59.5,1.5,False
2022,8,Azerbaijan Grand Prix,Baku,R,2022-06-12,22,TSU,tsunoda,AlphaTauri,alphatauri,Yuki,Tsunoda,https://www.formula1.com/content/dam/fom-website/drivers/Y/YUKTSU01_Yuki_Tsunoda/yuktsu01.png.transform/1col/image.png,13.0,13,8.0,,,,,+1 Lap,0.0,50.0,25.4,47.1,59.5,1.5,False
2022,8,Azerbaijan Grand Prix,Baku,R,2022-06-12,47,MSC,mick_schumacher,Haas F1 Team,haas,Mick,Schumacher,https://www.formula1.com/content/dam/fom-website/drivers/M/MICSCH02_Mick_Schumacher/micsch02.png.transform/1col/image.png,14.0,14,20.0,,,,,+1 Lap,0.0,50.0,25.4,47.1,59.5,1.5,False
2022,8,Azerbaijan Grand Prix,Baku,R,2022-06-12,6,LAT,latifi,Williams,williams,Nicholas,Latifi,https://www.formula1.com/content/dam/fom-website/drivers/N/NICLAF01_Nicholas_Latifi/niclaf01.png.transform/1col/image.png,15.0,15,18.0,,,,,+1 Lap,0.0,50.0,25.4,47.1,59.5,1.5,False
2022,8,Azerbaijan Grand Prix,Baku,R,2022-06-12,18,STR,stroll,Aston Martin,aston_martin,Lance,Stroll,https://www.formula1.com/content/dam/fom-website/drivers/L/LANSTR01_Lance_Stroll/lanstr01.png.transform/1col/image.png,16.0,16,19.0,,,,,Vibrations,0.0,46.0,25.4,47.1,59.5,1.5,False
2022,8,Azerbaijan Grand Prix,Baku,R,2022-06-12,20,MAG,kevin_magnussen,Haas F1 Team,haas,Kevin,Magnussen,None,17.0,R,16.0,,,,,Power Unit,0.0,31.0,25.4,47.1,59.5,1.5,False
2022,8,Azerbaijan Grand Prix,Baku,R,2022-06-12,24,ZHO,zhou,Alfa Romeo,alfa,Guanyu,Zhou,https://www.formula1.com/content/dam/fom-website/drivers/G/GUAZHO01_Guanyu_Zhou/guazho01.png.transform/1col/image.png,18.0,R,14.0,,,,,Hydraulics,0.0,23.0,25.4,47.1,59.5,1.5,False
2022,8,Azerbaijan Grand Prix,Baku,R,2022-06-12,16,LEC,leclerc,Ferrari,ferrari,Charles,Leclerc,https://www.formula1.com/content/dam/fom-website/drivers/C/CHALEC01_Charles_Leclerc/chalec01.png.transform/1col/image.png,19.0,R,1.0,,,,,Power Unit,0.0,21.0,25.4,47.1,59.5,1.5,False
2022,8,Azerbaijan Grand Prix,Baku,R,2022-06-12,55,SAI,sainz,Ferrari,ferrari,Carlos,Sainz,https://www.formula1.com/content/dam/fom-website/drivers/C/CARSAI01_Carlos_Sainz/carsai01.png.transform/1col/image.png,20.0,R,4.0,,,,,Hydraulics,0.0,8.0,25.4,47.1,59.5,1.5,False
2022,9,Canadian Grand Prix,Montréal,R,2022-06-19,1,VER,max_verstappen,Red Bull Racing,red_bull,Max,Verstappen,https://www.formula1.com/content/dam/fom-website/drivers/M/MAXVER01_Max_Verstappen/maxver01.png.transform/1col/image.png,1.0,1,1.0,,,,0 days 01:36:21.757000,Finished,25.0,70.0,20.8,41.3,28.9,3.6,False
2022,9,Canadian Grand Prix,Montréal,R,2022-06-19,55,SAI,sainz,Ferrari,ferrari,Carlos,Sainz,https://www.formula1.com/content/dam/fom-website/drivers/C/CARSAI01_Carlos_Sainz/carsai01.png.transform/1col/image.png,2.0,2,3.0,,,,0 days 00:00:00.993000,Finished,19.0,70.0,20.8,41.3,28.9,3.6,False
2022,9,Canadian Grand Prix,Montréal,R,2022-06-19,44,HAM,hamilton,Mercedes,mercedes,Lewis,Hamilton,https://www.formula1.com/content/dam/fom-website/drivers/L/LEWHAM01_Lewis_Hamilton/lewham01.png.transform/1col/image.png,3.0,3,4.0,,,,0 days 00:00:07.006000,Finished,15.0,70.0,20.8,41.3,28.9,3.6,False
2022,9,Canadian Grand Prix,Montréal,R,2022-06-19,63,RUS,russell,Mercedes,mercedes,George,Russell,https://www.formula1.com/content/dam/fom-website/drivers/G/GEORUS01_George_Russell/georus01.png.transform/1col/image.png,4.0,4,8.0,,,,0 days 00:00:12.313000,Finished,12.0,70.0,20.8,41.3,28.9,3.6,False
2022,9,Canadian Grand Prix,Montréal,R,2022-06-19,16,LEC,leclerc,Ferrari,ferrari,Charles,Leclerc,https://www.formula1.com/content/dam/fom-website/drivers/C/CHALEC01_Charles_Leclerc/chalec01.png.transform/1col/image.png,5.0,5,19.0,,,,0 days 00:00:15.168000,Finished,10.0,70.0,20.8,41.3,28.9,3.6,False
2022,9,Canadian Grand Prix,Montréal,R,2022-06-19,31,OCO,ocon,Alpine,alpine,Esteban,Ocon,https://www.formula1.com/content/dam/fom-website/drivers/E/ESTOCO01_Esteban_Ocon/estoco01.png.transform/1col/image.png,6.0,6,7.0,,,,0 days 00:00:23.890000,Finished,8.0,70.0,20.8,41.3,28.9,3.6,False
2022,9,Canadian Grand Prix,Montréal,R,2022-06-19,77,BOT,bottas,Alfa Romeo,alfa,Valtteri,Bottas,https://www.formula1.com/content/dam/fom-website/drivers/V/VALBOT01_Valtteri_Bottas/valbot01.png.transform/1col/image.png,7.0,7,11.0,,,,0 days 00:00:25.247000,Finished,6.0,70.0,20.8,41.3,28.9,3.6,False
2022,9,Canadian Grand Prix,Montréal,R,2022-06-19,24,ZHO,zhou,Alfa Romeo,alfa,Guanyu,Zhou,https://www.formula1.com/content/dam/fom-website/drivers/G/GUAZHO01_Guanyu_Zhou/guazho01.png.transform/1col/image.png,8.0,8,10.0,,,,0 days 00:00:26.952000,Finished,4.0,70.0,20.8,41.3,28.9,3.6,False
2022,9,Canadian Grand Prix,Montréal,R,2022-06-19,14,ALO,alonso,Alpine,alpine,Fernando,Alonso,https://www.formula1.com/content/dam/fom-website/drivers/F/FERALO01_Fernando_Alonso/feralo01.png.transform/1col/image.png,9.0,9,2.0,,,,0 days 00:00:29.945000,Finished,2.0,70.0,20.8,41.3,28.9,3.6,False
2022,9,Canadian Grand Prix,Montréal,R,2022-06-19,18,STR,stroll,Aston Martin,aston_martin,Lance,Stroll,https://www.formula1.com/content/dam/fom-website/drivers/L/LANSTR01_Lance_Stroll/lanstr01.png.transform/1col/image.png,10.0,10,17.0,,,,0 days 00:00:38.222000,Finished,1.0,70.0,20.8,41.3,28.9,3.6,False
2022,9,Canadian Grand Prix,Montréal,R,2022-06-19,3,RIC,ricciardo,McLaren,mclaren,Daniel,Ricciardo,https://www.formula1.com/content/dam/fom-website/drivers/D/DANRIC01_Daniel_Ricciardo/danric01.png.transform/1col/image.png,11.0,11,9.0,,,,0 days 00:00:43.047000,Finished,0.0,70.0,20.8,41.3,28.9,3.6,False
2022,9,Canadian Grand Prix,Montréal,R,2022-06-19,5,VET,vettel,Aston Martin,aston_martin,Sebastian,Vettel,https://www.formula1.com/content/dam/fom-website/drivers/S/SEBVET01_Sebastian_Vettel/sebvet01.png.transform/1col/image.png,12.0,12,16.0,,,,0 days 00:00:44.245000,Finished,0.0,70.0,20.8,41.3,28.9,3.6,False
2022,9,Canadian Grand Prix,Montréal,R,2022-06-19,23,ALB,albon,Williams,williams,Alexander,Albon,https://www.formula1.com/content/dam/fom-website/drivers/A/ALEALB01_Alexander_Albon/alealb01.png.transform/1col/image.png,13.0,13,12.0,,,,0 days 00:00:44.893000,Finished,0.0,70.0,20.8,41.3,28.9,3.6,False
2022,9,Canadian Grand Prix,Montréal,R,2022-06-19,10,GAS,gasly,AlphaTauri,alphatauri,Pierre,Gasly,https://www.formula1.com/content/dam/fom-website/drivers/P/PIEGAS01_Pierre_Gasly/piegas01.png.transform/1col/image.png,14.0,14,15.0,,,,0 days 00:00:45.183000,Finished,0.0,70.0,20.8,41.3,28.9,3.6,False
2022,9,Canadian Grand Prix,Montréal,R,2022-06-19,4,NOR,norris,McLaren,mclaren,Lando,Norris,https://www.formula1.com/content/dam/fom-website/drivers/L/LANNOR01_Lando_Norris/lannor01.png.transform/1col/image.png,15.0,15,14.0,,,,0 days 00:00:52.145000,Finished,0.0,70.0,20.8,41.3,28.9,3.6,False
2022,9,Canadian Grand Prix,Montréal,R,2022-06-19,6,LAT,latifi,Williams,williams,Nicholas,Latifi,https://www.formula1.com/content/dam/fom-website/drivers/N/NICLAF01_Nicholas_Latifi/niclaf01.png.transform/1col/image.png,16.0,16,18.0,,,,0 days 00:00:59.978000,Finished,0.0,70.0,20.8,41.3,28.9,3.6,False
2022,9,Canadian Grand Prix,Montréal,R,2022-06-19,20,MAG,kevin_magnussen,Haas F1 Team,haas,Kevin,Magnussen,None,17.0,17,5.0,,,,0 days 00:01:08.180000,Finished,0.0,70.0,20.8,41.3,28.9,3.6,False
2022,9,Canadian Grand Prix,Montréal,R,2022-06-19,22,TSU,tsunoda,AlphaTauri,alphatauri,Yuki,Tsunoda,https://www.formula1.com/content/dam/fom-website/drivers/Y/YUKTSU01_Yuki_Tsunoda/yuktsu01.png.transform/1col/image.png,18.0,R,20.0,,,,,Accident,0.0,47.0,20.8,41.3,28.9,3.6,False
2022,9,Canadian Grand Prix,Montréal,R,2022-06-19,47,MSC,mick_schumacher,Haas F1 Team,haas,Mick,Schumacher,https://www.formula1.com/content/dam/fom-website/drivers/M/MICSCH02_Mick_Schumacher/micsch02.png.transform/1col/image.png,19.0,R,6.0,,,,,Engine,0.0,18.0,20.8,41.3,28.9,3.6,False
2022,9,Canadian Grand Prix,Montréal,R,2022-06-19,11,PER,perez,Red Bull Racing,red_bull,Sergio,Perez,https://www.formula1.com/content/dam/fom-website/drivers/S/SERPER01_Sergio_Perez/serper01.png.transform/1col/image.png,20.0,R,13.0,,,,,Gearbox,0.0,7.0,20.8,41.3,28.9,3.6,False
2022,10,British Grand Prix,Silverstone,R,2022-07-03,55,SAI,sainz,Ferrari,ferrari,Carlos,Sainz,https://www.formula1.com/content/dam/fom-website/drivers/C/CARSAI01_Carlos_Sainz/carsai01.png.transform/1col/image.png,1.0,1,1.0,,,,0 days 02:17:50.311000,Finished,25.0,52.0,18.3,30.0,59.7,1.5,True
2022,10,British Grand Prix,Silverstone,R,2022-07-03,11,PER,perez,Red Bull Racing,red_bull,Sergio,Perez,https://www.formula1.com/content/dam/fom-website/drivers/S/SERPER01_Sergio_Perez/serper01.png.transform/1col/image.png,2.0,2,4.0,,,,0 days 00:00:03.779000,Finished,18.0,52.0,18.3,30.0,59.7,1.5,True
2022,10,British Grand Prix,Silverstone,R,2022-07-03,44,HAM,hamilton,Mercedes,mercedes,Lewis,Hamilton,https://www.formula1.com/content/dam/fom-website/drivers/L/LEWHAM01_Lewis_Hamilton/lewham01.png.transform/1col/image.png,3.0,3,5.0,,,,0 days 00:00:06.225000,Finished,16.0,52.0,18.3,30.0,59.7,1.5,True
2022,10,British Grand Prix,Silverstone,R,2022-07-03,16,LEC,leclerc,Ferrari,ferrari,Charles,Leclerc,https://www.formula1.com/content/dam/fom-website/drivers/C/CHALEC01_Charles_Leclerc/chalec01.png.transform/1col/image.png,4.0,4,3.0,,,,0 days 00:00:08.546000,Finished,12.0,52.0,18.3,30.0,59.7,1.5,True
2022,10,British Grand Prix,Silverstone,R,2022-07-03,14,ALO,alonso,Alpine,alpine,Fernando,Alonso,https://www.formula1.com/content/dam/fom-website/drivers/F/FERALO01_Fernando_Alonso/feralo01.png.transform/1col/image.png,5.0,5,7.0,,,,0 days 00:00:09.571000,Finished,10.0,52.0,18.3,30.0,59.7,1.5,True
2022,10,British Grand Prix,Silverstone,R,2022-07-03,4,NOR,norris,McLaren,mclaren,Lando,Norris,https://www.formula1.com/content/dam/fom-website/drivers/L/LANNOR01_Lando_Norris/lannor01.png.transform/1col/image.png,6.0,6,6.0,,,,0 days 00:00:11.943000,Finished,8.0,52.0,18.3,30.0,59.7,1.5,True
2022,10,British Grand Prix,Silverstone,R,2022-07-03,1,VER,max_verstappen,Red Bull Racing,red_bull,Max,Verstappen,https://www.formula1.com/content/dam/fom-website/drivers/M/MAXVER01_Max_Verstappen/maxver01.png.transform/1col/image.png,7.0,7,2.0,,,,0 days 00:00:18.777000,Finished,6.0,52.0,18.3,30.0,59.7,1.5,True
2022,10,British Grand Prix,Silverstone,R,2022-07-03,47,MSC,mick_schumacher,Haas F1 Team,haas,Mick,Schumacher,https://www.formula1.com/content/dam/fom-website/drivers/M/MICSCH02_Mick_Schumacher/micsch02.png.transform/1col/image.png,8.0,8,19.0,,,,0 days 00:00:18.995000,Finished,4.0,52.0,18.3,30.0,59.7,1.5,True
2022,10,British Grand Prix,Silverstone,R,2022-07-03,5,VET,vettel,Aston Martin,aston_martin,Sebastian,Vettel,https://www.formula1.com/content/dam/fom-website/drivers/S/SEBVET01_Sebastian_Vettel/sebvet01.png.transform/1col/image.png,9.0,9,18.0,,,,0 days 00:00:22.356000,Finished,2.0,52.0,18.3,30.0,59.7,1.5,True
2022,10,British Grand Prix,Silverstone,R,2022-07-03,20,MAG,kevin_magnussen,Haas F1 Team,haas,Kevin,Magnussen,None,10.0,10,17.0,,,,0 days 00:00:24.590000,Finished,1.0,52.0,18.3,30.0,59.7,1.5,True
2022,10,British Grand Prix,Silverstone,R,2022-07-03,18,STR,stroll,Aston Martin,aston_martin,Lance,Stroll,https://www.formula1.com/content/dam/fom-website/drivers/L/LANSTR01_Lance_Stroll/lanstr01.png.transform/1col/image.png,11.0,11,20.0,,,,0 days 00:00:26.147000,Finished,0.0,52.0,18.3,30.0,59.7,1.5,True
2022,10,British Grand Prix,Silverstone,R,2022-07-03,6,LAT,latifi,Williams,williams,Nicholas,Latifi,https://www.formula1.com/content/dam/fom-website/drivers/N/NICLAF01_Nicholas_Latifi/niclaf01.png.transform/1col/image.png,12.0,12,10.0,,,,0 days 00:00:32.511000,Finished,0.0,52.0,18.3,30.0,59.7,1.5,True
2022,10,British Grand Prix,Silverstone,R,2022-07-03,3,RIC,ricciardo,McLaren,mclaren,Daniel,Ricciardo,https://www.formula1.com/content/dam/fom-website/drivers/D/DANRIC01_Daniel_Ricciardo/danric01.png.transform/1col/image.png,13.0,13,14.0,,,,0 days 00:00:32.817000,Finished,0.0,52.0,18.3,30.0,59.7,1.5,True
2022,10,British Grand Prix,Silverstone,R,2022-07-03,22,TSU,tsunoda,AlphaTauri,alphatauri,Yuki,Tsunoda,https://www.formula1.com/content/dam/fom-website/drivers/Y/YUKTSU01_Yuki_Tsunoda/yuktsu01.png.transform/1col/image.png,14.0,14,13.0,,,,0 days 00:00:40.910000,Finished,0.0,52.0,18.3,30.0,59.7,1.5,True
2022,10,British Grand Prix,Silverstone,R,2022-07-03,31,OCO,ocon,Alpine,alpine,Esteban,Ocon,https://www.formula1.com/content/dam/fom-website/drivers/E/ESTOCO01_Esteban_Ocon/estoco01.png.transform/1col/image.png,15.0,R,15.0,,,,,Fuel pump,0.0,37.0,18.3,30.0,59.7,1.5,True
2022,10,British Grand Prix,Silverstone,R,2022-07-03,10,GAS,gasly,AlphaTauri,alphatauri,Pierre,Gasly,https://www.formula1.com/content/dam/fom-website/drivers/P/PIEGAS01_Pierre_Gasly/piegas01.png.transform/1col/image.png,16.0,R,11.0,,,,,Collision damage,0.0,26.0,18.3,30.0,59.7,1.5,True
2022,10,British Grand Prix,Silverstone,R,2022-07-03,77,BOT,bottas,Alfa Romeo,alfa,Valtteri,Bottas,https://www.formula1.com/content/dam/fom-website/drivers/V/VALBOT01_Valtteri_Bottas/valbot01.png.transform/1col/image.png,17.0,R,12.0,,,,,Gearbox,0.0,20.0,18.3,30.0,59.7,1.5,True
2022,10,British Grand Prix,Silverstone,R,2022-07-03,63,RUS,russell,Mercedes,mercedes,George,Russell,https://www.formula1.com/content/dam/fom-website/drivers/G/GEORUS01_George_Russell/georus01.png.transform/1col/image.png,18.0,R,8.0,,,,,Collision,0.0,0.0,18.3,30.0,59.7,1.5,True
2022,10,British Grand Prix,Silverstone,R,2022-07-03,24,ZHO,zhou,Alfa Romeo,alfa,Guanyu,Zhou,https://www.formula1.com/content/dam/fom-website/drivers/G/GUAZHO01_Guanyu_Zhou/guazho01.png.transform/1col/image.png,19.0,R,9.0,,,,,Collision,0.0,0.0,18.3,30.0,59.7,1.5,True
2022,10,British Grand Prix,Silverstone,R,2022-07-03,23,ALB,albon,Williams,williams,Alexander,Albon,https://www.formula1.com/content/dam/fom-website/drivers/A/ALEALB01_Alexander_Albon/alealb01.png.transform/1col/image.png,20.0,R,16.0,,,,,Collision,0.0,0.0,18.3,30.0,59.7,1.5,True
2022,11,Austrian Grand Prix,Spielberg,R,2022-07-10,16,LEC,leclerc,Ferrari,ferrari,Charles,Leclerc,https://www.formula1.com/content/dam/fom-website/drivers/C/CHALEC01_Charles_Leclerc/chalec01.png.transform/1col/image.png,1.0,1,2.0,,,,0 days 01:24:24.312000,Finished,25.0,71.0,20.3,30.7,35.1,1.3,False
2022,11,Austrian Grand Prix,Spielberg,R,2022-07-10,1,VER,max_verstappen,Red Bull Racing,red_bull,Max,Verstappen,https://www.formula1.com/content/dam/fom-website/drivers/M/MAXVER01_Max_Verstappen/maxver01.png.transform/1col/image.png,2.0,2,1.0,,,,0 days 00:00:01.532000,Finished,19.0,71.0,20.3,30.7,35.1,1.3,False
2022,11,Austrian Grand Prix,Spielberg,R,2022-07-10,44,HAM,hamilton,Mercedes,mercedes,Lewis,Hamilton,https://www.formula1.com/content/dam/fom-website/drivers/L/LEWHAM01_Lewis_Hamilton/lewham01.png.transform/1col/image.png,3.0,3,8.0,,,,0 days 00:00:41.217000,Finished,15.0,71.0,20.3,30.7,35.1,1.3,False
2022,11,Austrian Grand Prix,Spielberg,R,2022-07-10,63,RUS,russell,Mercedes,mercedes,George,Russell,https://www.formula1.com/content/dam/fom-website/drivers/G/GEORUS01_George_Russell/georus01.png.transform/1col/image.png,4.0,4,4.0,,,,0 days 00:00:58.972000,Finished,12.0,71.0,20.3,30.7,35.1,1.3,False
2022,11,Austrian Grand Prix,Spielberg,R,2022-07-10,31,OCO,ocon,Alpine,alpine,Esteban,Ocon,https://www.formula1.com/content/dam/fom-website/drivers/E/ESTOCO01_Esteban_Ocon/estoco01.png.transform/1col/image.png,5.0,5,6.0,,,,0 days 00:01:08.436000,Finished,10.0,71.0,20.3,30.7,35.1,1.3,False
2022,11,Austrian Grand Prix,Spielberg,R,2022-07-10,47,MSC,mick_schumacher,Haas F1 Team,haas,Mick,Schumacher,https://www.formula1.com/content/dam/fom-website/drivers/M/MICSCH02_Mick_Schumacher/micsch02.png.transform/1col/image.png,6.0,6,9.0,,,,,+1 Lap,8.0,70.0,20.3,30.7,35.1,1.3,False
2022,11,Austrian Grand Prix,Spielberg,R,2022-07-10,4,NOR,norris,McLaren,mclaren,Lando,Norris,https://www.formula1.com/content/dam/fom-website/drivers/L/LANNOR01_Lando_Norris/lannor01.png.transform/1col/image.png,7.0,7,10.0,,,,,+1 Lap,6.0,70.0,20.3,30.7,35.1,1.3,False
2022,11,Austrian Grand Prix,Spielberg,R,2022-07-10,20,MAG,kevin_magnussen,Haas F1 Team,haas,Kevin,Magnussen,None,8.0,8,7.0,,,,,+1 Lap,4.0,70.0,20.3,30.7,35.1,1.3,False
2022,11,Austrian Grand Prix,Spielberg,R,2022-07-10,3,RIC,ricciardo,McLaren,mclaren,Daniel,Ricciardo,https://www.formula1.com/content/dam/fom-website/drivers/D/DANRIC01_Daniel_Ricciardo/danric01.png.transform/1col/image.png,9.0,9,11.0,,,,,+1 Lap,2.0,70.0,20.3,30.7,35.1,1.3,False
2022,11,Austrian Grand Prix,Spielberg,R,2022-07-10,14,ALO,alonso,Alpine,alpine,Fernando,Alonso,https://www.formula1.com/content/dam/fom-website/drivers/F/FERALO01_Fernando_Alonso/feralo01.png.transform/1col/image.png,10.0,10,19.0,,,,,+1 Lap,1.0,70.0,20.3,30.7,35.1,1.3,False
2022,11,Austrian Grand Prix,Spielberg,R,2022-07-10,77,BOT,bottas,Alfa Romeo,alfa,Valtteri,Bottas,https://www.formula1.com/content/dam/fom-website/drivers/V/VALBOT01_Valtteri_Bottas/valbot01.png.transform/1col/image.png,11.0,11,0.0,,,,,+1 Lap,0.0,70.0,20.3,30.7,35.1,1.3,False
2022,11,Austrian Grand Prix,Spielberg,R,2022-07-10,23,ALB,albon,Williams,williams,Alexander,Albon,https://www.formula1.com/content/dam/fom-website/drivers/A/ALEALB01_Alexander_Albon/alealb01.png.transform/1col/image.png,12.0,12,15.0,,,,,+1 Lap,0.0,70.0,20.3,30.7,35.1,1.3,False
2022,11,Austrian Grand Prix,Spielberg,R,2022-07-10,18,STR,stroll,Aston Martin,aston_martin,Lance,Stroll,https://www.formula1.com/content/dam/fom-website/drivers/L/LANSTR01_Lance_Stroll/lanstr01.png.transform/1col/image.png,13.0,13,12.0,,,,,+1 Lap,0.0,70.0,20.3,30.7,35.1,1.3,False
2022,11,Austrian Grand Prix,Spielberg,R,2022-07-10,24,ZHO,zhou,Alfa Romeo,alfa,Guanyu,Zhou,https://www.formula1.com/content/dam/fom-website/drivers/G/GUAZHO01_Guanyu_Zhou/guazho01.png.transform/1col/image.png,14.0,14,13.0,,,,,+1 Lap,0.0,70.0,20.3,30.7,35.1,1.3,False
2022,11,Austrian Grand Prix,Spielberg,R,2022-07-10,10,GAS,gasly,AlphaTauri,alphatauri,Pierre,Gasly,https://www.formula1.com/content/dam/fom-website/drivers/P/PIEGAS01_Pierre_Gasly/piegas01.png.transform/1col/image.png,15.0,15,14.0,,,,,+1 Lap,0.0,70.0,20.3,30.7,35.1,1.3,False
2022,11,Austrian Grand Prix,Spielberg,R,2022-07-10,22,TSU,tsunoda,AlphaTauri,alphatauri,Yuki,Tsunoda,https://www.formula1.com/content/dam/fom-website/drivers/Y/YUKTSU01_Yuki_Tsunoda/yuktsu01.png.transform/1col/image.png,16.0,16,16.0,,,,,+1 Lap,0.0,70.0,20.3,30.7,35.1,1.3,False
2022,11,Austrian Grand Prix,Spielberg,R,2022-07-10,5,VET,vettel,Aston Martin,aston_martin,Sebastian,Vettel,https://www.formula1.com/content/dam/fom-website/drivers/S/SEBVET01_Sebastian_Vettel/sebvet01.png.transform/1col/image.png,17.0,17,18.0,,,,,+1 Lap,0.0,70.0,20.3,30.7,35.1,1.3,False
2022,11,Austrian Grand Prix,Spielberg,R,2022-07-10,55,SAI,sainz,Ferrari,ferrari,Carlos,Sainz,https://www.formula1.com/content/dam/fom-website/drivers/C/CARSAI01_Carlos_Sainz/carsai01.png.transform/1col/image.png,18.0,R,3.0,,,,,Power Unit,0.0,56.0,20.3,30.7,35.1,1.3,False
2022,11,Austrian Grand Prix,Spielberg,R,2022-07-10,6,LAT,latifi,Williams,williams,Nicholas,Latifi,https://www.formula1.com/content/dam/fom-website/drivers/N/NICLAF01_Nicholas_Latifi/niclaf01.png.transform/1col/image.png,19.0,R,17.0,,,,,Undertray,0.0,48.0,20.3,30.7,35.1,1.3,False
2022,11,Austrian Grand Prix,Spielberg,R,2022-07-10,11,PER,perez,Red Bull Racing,red_bull,Sergio,Perez,https://www.formula1.com/content/dam/fom-website/drivers/S/SERPER01_Sergio_Perez/serper01.png.transform/1col/image.png,20.0,R,5.0,,,,,Collision damage,0.0,24.0,20.3,30.7,35.1,1.3,False
2022,12,French Grand Prix,Le Castellet,R,2022-07-24,1,VER,max_verstappen,Red Bull Racing,red_bull,Max,Verstappen,https://www.formula1.com/content/dam/fom-website/drivers/M/MAXVER01_Max_Verstappen/maxver01.png.transform/1col/image.png,1.0,1,2.0,,,,0 days 01:30:02.112000,Finished,25.0,53.0,30.2,54.5,47.7,1.9,False
2022,12,French Grand Prix,Le Castellet,R,2022-07-24,44,HAM,hamilton,Mercedes,mercedes,Lewis,Hamilton,https://www.formula1.com/content/dam/fom-website/drivers/L/LEWHAM01_Lewis_Hamilton/lewham01.png.transform/1col/image.png,2.0,2,4.0,,,,0 days 00:00:10.587000,Finished,18.0,53.0,30.2,54.5,47.7,1.9,False
2022,12,French Grand Prix,Le Castellet,R,2022-07-24,63,RUS,russell,Mercedes,mercedes,George,Russell,https://www.formula1.com/content/dam/fom-website/drivers/G/GEORUS01_George_Russell/georus01.png.transform/1col/image.png,3.0,3,6.0,,,,0 days 00:00:16.495000,Finished,15.0,53.0,30.2,54.5,47.7,1.9,False
2022,12,French Grand Prix,Le Castellet,R,2022-07-24,11,PER,perez,Red Bull Racing,red_bull,Sergio,Perez,https://www.formula1.com/content/dam/fom-website/drivers/S/SERPER01_Sergio_Perez/serper01.png.transform/1col/image.png,4.0,4,3.0,,,,0 days 00:00:17.310000,Finished,12.0,53.0,30.2,54.5,47.7,1.9,False
2022,12,French Grand Prix,Le Castellet,R,2022-07-24,55,SAI,sainz,Ferrari,ferrari,Carlos,Sainz,https://www.formula1.com/content/dam/fom-website/drivers/C/CARSAI01_Carlos_Sainz/carsai01.png.transform/1col/image.png,5.0,5,19.0,,,,0 days 00:00:28.872000,Finished,11.0,53.0,30.2,54.5,47.7,1.9,False
2022,12,French Grand Prix,Le Castellet,R,2022-07-24,14,ALO,alonso,Alpine,alpine,Fernando,Alonso,https://www.formula1.com/content/dam/fom-website/drivers/F/FERALO01_Fernando_Alonso/feralo01.png.transform/1col/image.png,6.0,6,7.0,,,,0 days 00:00:42.879000,Finished,8.0,53.0,30.2,54.5,47.7,1.9,False
2022,12,French Grand Prix,Le Castellet,R,2022-07-24,4,NOR,norris,McLaren,mclaren,Lando,Norris,https://www.formula1.com/content/dam/fom-website/drivers/L/LANNOR01_Lando_Norris/lannor01.png.transform/1col/image.png,7.0,7,5.0,,,,0 days 00:00:52.026000,Finished,6.0,53.0,30.2,54.5,47.7,1.9,False
2022,12,French Grand Prix,Le Castellet,R,2022-07-24,31,OCO,ocon,Alpine,alpine,Esteban,Ocon,https://www.formula1.com/content/dam/fom-website/drivers/E/ESTOCO01_Esteban_Ocon/estoco01.png.transform/1col/image.png,8.0,8,10.0,,,,0 days 00:00:56.959000,Finished,4.0,53.0,30.2,54.5,47.7,1.9,False
2022,12,French Grand Prix,Le Castellet,R,2022-07-24,3,RIC,ricciardo,McLaren,mclaren,Daniel,Ricciardo,https://www.formula1.com/content/dam/fom-website/drivers/D/DANRIC01_Daniel_Ricciardo/danric01.png.transform/1col/image.png,9.0,9,9.0,,,,0 days 00:01:00.372000,Finished,2.0,53.0,30.2,54.5,47.7,1.9,False
2022,12,French Grand Prix,Le Castellet,R,2022-07-24,18,STR,stroll,Aston Martin,aston_martin,Lance,Stroll,https://www.formula1.com/content/dam/fom-website/drivers/L/LANSTR01_Lance_Stroll/lanstr01.png.transform/1col/image.png,10.0,10,15.0,,,,0 days 00:01:02.549000,Finished,1.0,53.0,30.2,54.5,47.7,1.9,False
2022,12,French Grand Prix,Le Castellet,R,2022-07-24,5,VET,vettel,Aston Martin,aston_martin,Sebastian,Vettel,https://www.formula1.com/content/dam/fom-website/drivers/S/SEBVET01_Sebastian_Vettel/sebvet01.png.transform/1col/image.png,11.0,11,12.0,,,,0 days 00:01:04.494000,Finished,0.0,53.0,30.2,54.5,47.7,1.9,False
2022,12,French Grand Prix,Le Castellet,R,2022-07-24,10,GAS,gasly,AlphaTauri,alphatauri,Pierre,Gasly,https://www.formula1.com/content/dam/fom-website/drivers/P/PIEGAS01_Pierre_Gasly/piegas01.png.transform/1col/image.png,12.0,12,14.0,,,,0 days 00:01:05.448000,Finished,0.0,53.0,30.2,54.5,47.7,1.9,False
2022,12,French Grand Prix,Le Castellet,R,2022-07-24,23,ALB,albon,Williams,williams,Alexander,Albon,https://www.formula1.com/content/dam/fom-website/drivers/A/ALEALB01_Alexander_Albon/alealb01.png.transform/1col/image.png,13.0,13,13.0,,,,0 days 00:01:08.565000,Finished,0.0,53.0,30.2,54.5,47.7,1.9,False
2022,12,French Grand Prix,Le Castellet,R,2022-07-24,77,BOT,bottas,Alfa Romeo,alfa,Valtteri,Bottas,https://www.formula1.com/content/dam/fom-website/drivers/V/VALBOT01_Valtteri_Bottas/valbot01.png.transform/1col/image.png,14.0,14,11.0,,,,0 days 00:01:16.666000,Finished,0.0,53.0,30.2,54.5,47.7,1.9,False
2022,12,French Grand Prix,Le Castellet,R,2022-07-24,47,MSC,mick_schumacher,Haas F1 Team,haas,Mick,Schumacher,https://www.formula1.com/content/dam/fom-website/drivers/M/MICSCH02_Mick_Schumacher/micsch02.png.transform/1col/image.png,15.0,15,17.0,,,,0 days 00:01:20.394000,Finished,0.0,53.0,30.2,54.5,47.7,1.9,False
2022,12,French Grand Prix,Le Castellet,R,2022-07-24,24,ZHO,zhou,Alfa Romeo,alfa,Guanyu,Zhou,https://www.formula1.com/content/dam/fom-website/drivers/G/GUAZHO01_Guanyu_Zhou/guazho01.png.transform/1col/image.png,16.0,16,16.0,,,,,+6 Laps,0.0,47.0,30.2,54.5,47.7,1.9,False
2022,12,French Grand Prix,Le Castellet,R,2022-07-24,6,LAT,latifi,Williams,williams,Nicholas,Latifi,https://www.formula1.com/content/dam/fom-website/drivers/N/NICLAF01_Nicholas_Latifi/niclaf01.png.transform/1col/image.png,17.0,R,18.0,,,,,Collision damage,0.0,40.0,30.2,54.5,47.7,1.9,False
2022,12,French Grand Prix,Le Castellet,R,2022-07-24,20,MAG,kevin_magnussen,Haas F1 Team,haas,Kevin,Magnussen,None,18.0,R,20.0,,,,,Collision damage,0.0,37.0,30.2,54.5,47.7,1.9,False
2022,12,French Grand Prix,Le Castellet,R,2022-07-24,16,LEC,leclerc,Ferrari,ferrari,Charles,Leclerc,https://www.formula1.com/content/dam/fom-website/drivers/C/CHALEC01_Charles_Leclerc/chalec01.png.transform/1col/image.png,19.0,R,1.0,,,,,Accident,0.0,17.0,30.2,54.5,47.7,1.9,False
2022,12,French Grand Prix,Le Castellet,R,2022-07-24,22,TSU,tsunoda,AlphaTauri,alphatauri,Yuki,Tsunoda,https://www.formula1.com/content/dam/fom-website/drivers/Y/YUKTSU01_Yuki_Tsunoda/yuktsu01.png.transform/1col/image.png,20.0,R,8.0,,,,,Undertray,0.0,17.0,30.2,54.5,47.7,1.9,False
2022,13,Hungarian Grand Prix,Budapest,R,2022-07-31,1,VER,max_verstappen,Red Bull Racing,red_bull,Max,Verstappen,https://www.formula1.com/content/dam/fom-website/drivers/M/MAXVER01_Max_Verstappen/maxver01.png.transform/1col/image.png,1.0,1,10.0,,,,0 days 01:39:35.912000,Finished,25.0,70.0,18.6,26.7,69.3,4.0,True
2022,13,Hungarian Grand Prix,Budapest,R,2022-07-31,44,HAM,hamilton,Mercedes,mercedes,Lewis,Hamilton,https://www.formula1.com/content/dam/fom-website/drivers/L/LEWHAM01_Lewis_Hamilton/lewham01.png.transform/1col/image.png,2.0,2,7.0,,,,0 days 00:00:07.834000,Finished,19.0,70.0,18.6,26.7,69.3,4.0,True
2022,13,Hungarian Grand Prix,Budapest,R,2022-07-31,63,RUS,russell,Mercedes,mercedes,George,Russell,https://www.formula1.com/content/dam/fom-website/drivers/G/GEORUS01_George_Russell/georus01.png.transform/1col/image.png,3.0,3,1.0,,,,0 days 00:00:12.337000,Finished,15.0,70.0,18.6,26.7,69.3,4.0,True
2022,13,Hungarian Grand Prix,Budapest,R,2022-07-31,55,SAI,sainz,Ferrari,ferrari,Carlos,Sainz,https://www.formula1.com/content/dam/fom-website/drivers/C/CARSAI01_Carlos_Sainz/carsai01.png.transform/1col/image.png,4.0,4,2.0,,,,0 days 00:00:14.579000,Finished,12.0,70.0,18.6,26.7,69.3,4.0,True
2022,13,Hungarian Grand Prix,Budapest,R,2022-07-31,11,PER,perez,Red Bull Racing,red_bull,Sergio,Perez,https://www.formula1.com/content/dam/fom-website/drivers/S/SERPER01_Sergio_Perez/serper01.png.transform/1col/image.png,5.0,5,11.0,,,,0 days 00:00:15.688000,Finished,10.0,70.0,18.6,26.7,69.3,4.0,True
2022,13,Hungarian Grand Prix,Budapest,R,2022-07-31,16,LEC,leclerc,Ferrari,ferrari,Charles,Leclerc,https://www.formula1.com/content/dam/fom-website/drivers/C/CHALEC01_Charles_Leclerc/chalec01.png.transform/1col/image.png,6.0,6,3.0,,,,0 days 00:00:16.047000,Finished,8.0,70.0,18.6,26.7,69.3,4.0,True
2022,13,Hungarian Grand Prix,Budapest,R,2022-07-31,4,NOR,norris,McLaren,mclaren,Lando,Norris,https://www.formula1.com/content/dam/fom-website/drivers/L/LANNOR01_Lando_Norris/lannor01.png.transform/1col/image.png,7.0,7,4.0,,,,0 days 00:01:18.300000,Finished,6.0,70.0,18.6,26.7,69.3,4.0,True
2022,13,Hungarian Grand Prix,Budapest,R,2022-07-31,14,ALO,alonso,Alpine,alpine,Fernando,Alonso,https://www.formula1.com/content/dam/fom-website/drivers/F/FERALO01_Fernando_Alonso/feralo01.png.transform/1col/image.png,8.0,8,6.0,,,,,+1 Lap,4.0,69.0,18.6,26.7,69.3,4.0,True
2022,13,Hungarian Grand Prix,Budapest,R,2022-07-31,31,OCO,ocon,Alpine,alpine,Esteban,Ocon,https://www.formula1.com/content/dam/fom-website/drivers/E/ESTOCO01_Esteban_Ocon/estoco01.png.transform/1col/image.png,9.0,9,5.0,,,,,+1 Lap,2.0,69.0,18.6,26.7,69.3,4.0,True
2022,13,Hungarian Grand Prix,Budapest,R,2022-07-31,5,VET,vettel,Aston Martin,aston_martin,Sebastian,Vettel,https://www.formula1.com/content/dam/fom-website/drivers/S/SEBVET01_Sebastian_Vettel/sebvet01.png.transform/1col/image.png,10.0,10,18.0,,,,,+1 Lap,1.0,69.0,18.6,26.7,69.3,4.0,True
2022,13,Hungarian Grand Prix,Budapest,R,2022-07-31,18,STR,stroll,Aston Martin,aston_martin,Lance,Stroll,https://www.formula1.com/content/dam/fom-website/drivers/L/LANSTR01_Lance_Stroll/lanstr01.png.transform/1col/image.png,11.0,11,14.0,,,,,+1 Lap,0.0,69.0,18.6,26.7,69.3,4.0,True
2022,13,Hungarian Grand Prix,Budapest,R,2022-07-31,10,GAS,gasly,AlphaTauri,alphatauri,Pierre,Gasly,https://www.formula1.com/content/dam/fom-website/drivers/P/PIEGAS01_Pierre_Gasly/piegas01.png.transform/1col/image.png,12.0,12,0.0,,,,,+1 Lap,0.0,69.0,18.6,26.7,69.3,4.0,True
2022,13,Hungarian Grand Prix,Budapest,R,2022-07-31,24,ZHO,zhou,Alfa Romeo,alfa,Guanyu,Zhou,https://www.formula1.com/content/dam/fom-website/drivers/G/GUAZHO01_Guanyu_Zhou/guazho01.png.transform/1col/image.png,13.0,13,12.0,,,,,+1 Lap,0.0,69.0,18.6,26.7,69.3,4.0,True
2022,13,Hungarian Grand Prix,Budapest,R,2022-07-31,47,MSC,mick_schumacher,Haas F1 Team,haas,Mick,Schumacher,https://www.formula1.com/content/dam/fom-website/drivers/M/MICSCH02_Mick_Schumacher/micsch02.png.transform/1col/image.png,14.0,14,15.0,,,,,+1 Lap,0.0,69.0,18.6,26.7,69.3,4.0,True
2022,13,Hungarian Grand Prix,Budapest,R,2022-07-31,3,RIC,ricciardo,McLaren,mclaren,Daniel,Ricciardo,https://www.formula1.com/content/dam/fom-website/drivers/D/DANRIC01_Daniel_Ricciardo/danric01.png.transform/1col/image.png,15.0,15,9.0,,,,,+1 Lap,0.0,69.0,18.6,26.7,69.3,4.0,True
2022,13,Hungarian Grand Prix,Budapest,R,2022-07-31,20,MAG,kevin_magnussen,Haas F1 Team,haas,Kevin,Magnussen,None,16.0,16,13.0,,,,,+1 Lap,0.0,69.0,18.6,26.7,69.3,4.0,True
2022,13,Hungarian Grand Prix,Budapest,R,2022-07-31,23,ALB,albon,Williams,williams,Alexander,Albon,https://www.formula1.com/content/dam/fom-website/drivers/A/ALEALB01_Alexander_Albon/alealb01.png.transform/1col/image.png,17.0,17,17.0,,,,,+1 Lap,0.0,69.0,18.6,26.7,69.3,4.0,True
2022,13,Hungarian Grand Prix,Budapest,R,2022-07-31,6,LAT,latifi,Williams,williams,Nicholas,Latifi,https://www.formula1.com/content/dam/fom-website/drivers/N/NICLAF01_Nicholas_Latifi/niclaf01.png.transform/1col/image.png,18.0,18,19.0,,,,,+1 Lap,0.0,69.0,18.6,26.7,69.3,4.0,True
2022,13,Hungarian Grand Prix,Budapest,R,2022-07-31,22,TSU,tsunoda,AlphaTauri,alphatauri,Yuki,Tsunoda,https://www.formula1.com/content/dam/fom-website/drivers/Y/YUKTSU01_Yuki_Tsunoda/yuktsu01.png.transform/1col/image.png,19.0,19,16.0,,,,,+2 Laps,0.0,68.0,18.6,26.7,69.3,4.0,True
2022,13,Hungarian Grand Prix,Budapest,R,2022-07-31,77,BOT,bottas,Alfa Romeo,alfa,Valtteri,Bottas,https://www.formula1.com/content/dam/fom-website/drivers/V/VALBOT01_Valtteri_Bottas/valbot01.png.transform/1col/image.png,20.0,20,8.0,,,,,Power Unit,0.0,65.0,18.6,26.7,69.3,4.0,True
2022,14,Belgian Grand Prix,Spa-Francorchamps,R,2022-08-28,1,VER,max_verstappen,Red Bull Racing,red_bull,Max,Verstappen,https://www.formula1.com/content/dam/fom-website/drivers/M/MAXVER01_Max_Verstappen/maxver01.png.transform/1col/image.png,1.0,1,14.0,,,,0 days 01:25:52.894000,Finished,26.0,44.0,21.8,36.1,40.5,1.5,False
2022,14,Belgian Grand Prix,Spa-Francorchamps,R,2022-08-28,11,PER,perez,Red Bull Racing,red_bull,Sergio,Perez,https://www.formula1.com/content/dam/fom-website/drivers/S/SERPER01_Sergio_Perez/serper01.png.transform/1col/image.png,2.0,2,2.0,,,,0 days 00:00:17.841000,Finished,18.0,44.0,21.8,36.1,40.5,1.5,False
2022,14,Belgian Grand Prix,Spa-Francorchamps,R,2022-08-28,55,SAI,sainz,Ferrari,ferrari,Carlos,Sainz,https://www.formula1.com/content/dam/fom-website/drivers/C/CARSAI01_Carlos_Sainz/carsai01.png.transform/1col/image.png,3.0,3,1.0,,,,0 days 00:00:26.886000,Finished,15.0,44.0,21.8,36.1,40.5,1.5,False
2022,14,Belgian Grand Prix,Spa-Francorchamps,R,2022-08-28,63,RUS,russell,Mercedes,mercedes,George,Russell,https://www.formula1.com/content/dam/fom-website/drivers/G/GEORUS01_George_Russell/georus01.png.transform/1col/image.png,4.0,4,5.0,,,,0 days 00:00:29.140000,Finished,12.0,44.0,21.8,36.1,40.5,1.5,False
2022,14,Belgian Grand Prix,Spa-Francorchamps,R,2022-08-28,14,ALO,alonso,Alpine,alpine,Fernando,Alonso,https://www.formula1.com/content/dam/fom-website/drivers/F/FERALO01_Fernando_Alonso/feralo01.png.transform/1col/image.png,5.0,5,3.0,,,,0 days 00:01:13.256000,Finished,10.0,44.0,21.8,36.1,40.5,1.5,False
2022,14,Belgian Grand Prix,Spa-Francorchamps,R,2022-08-28,16,LEC,leclerc,Ferrari,ferrari,Charles,Leclerc,https://www.formula1.com/content/dam/fom-website/drivers/C/CHALEC01_Charles_Leclerc/chalec01.png.transform/1col/image.png,6.0,6,15.0,,,,0 days 00:01:14.936000,Finished,8.0,44.0,21.8,36.1,40.5,1.5,False
2022,14,Belgian Grand Prix,Spa-Francorchamps,R,2022-08-28,31,OCO,ocon,Alpine,alpine,Esteban,Ocon,https://www.formula1.com/content/dam/fom-website/drivers/E/ESTOCO01_Esteban_Ocon/estoco01.png.transform/1col/image.png,7.0,7,16.0,,,,0 days 00:01:15.640000,Finished,6.0,44.0,21.8,36.1,40.5,1.5,False
2022,14,Belgian Grand Prix,Spa-Francorchamps,R,2022-08-28,5,VET,vettel,Aston Martin,aston_martin,Sebastian,Vettel,https://www.formula1.com/content/dam/fom-website/drivers/S/SEBVET01_Sebastian_Vettel/sebvet01.png.transform/1col/image.png,8.0,8,10.0,,,,0 days 00:01:18.107000,Finished,4.0,44.0,21.8,36.1,40.5,1.5,False
2022,14,Belgian Grand Prix,Spa-Francorchamps,R,2022-08-28,10,GAS,gasly,AlphaTauri,alphatauri,Pierre,Gasly,https://www.formula1.com/content/dam/fom-website/drivers/P/PIEGAS01_Pierre_Gasly/piegas01.png.transform/1col/image.png,9.0,9,0.0,,,,0 days 00:01:32.181000,Finished,2.0,44.0,21.8,36.1,40.5,1.5,False
2022,14,Belgian Grand Prix,Spa-Francorchamps,R,2022-08-28,23,ALB,albon,Williams,williams,Alexander,Albon,https://www.formula1.com/content/dam/fom-website/drivers/A/ALEALB01_Alexander_Albon/alealb01.png.transform/1col/image.png,10.0,10,6.0,,,,0 days 00:01:41.900000,Finished,1.0,44.0,21.8,36.1,40.5,1.5,False
2022,14,Belgian Grand Prix,Spa-Francorchamps,R,2022-08-28,18,STR,stroll,Aston Martin,aston_martin,Lance,Stroll,https://www.formula1.com/content/dam/fom-website/drivers/L/LANSTR01_Lance_Stroll/lanstr01.png.transform/1col/image.png,11.0,11,9.0,,,,0 days 00:01:43.078000,Finished,0.0,44.0,21.8,36.1,40.5,1.5,False
2022,14,Belgian Grand Prix,Spa-Francorchamps,R,2022-08-28,4,NOR,norris,McLaren,mclaren,Lando,Norris,https://www.formula1.com/content/dam/fom-website/drivers/L/LANNOR01_Lando_Norris/lannor01.png.transform/1col/image.png,12.0,12,17.0,,,,0 days 00:01:44.739000,Finished,0.0,44.0,21.8,36.1,40.5,1.5,False
2022,14,Belgian Grand Prix,Spa-Francorchamps,R,2022-08-28,22,TSU,tsunoda,AlphaTauri,alphatauri,Yuki,Tsunoda,https://www.formula1.com/content/dam/fom-website/drivers/Y/YUKTSU01_Yuki_Tsunoda/yuktsu01.png.transform/1col/image.png,13.0,13,0.0,,,,0 days 00:01:45.217000,Finished,0.0,44.0,21.8,36.1,40.5,1.5,False
2022,14,Belgian Grand Prix,Spa-Francorchamps,R,2022-08-28,24,ZHO,zhou,Alfa Romeo,alfa,Guanyu,Zhou,https://www.formula1.com/content/dam/fom-website/drivers/G/GUAZHO01_Guanyu_Zhou/guazho01.png.transform/1col/image.png,14.0,14,18.0,,,,0 days 00:01:46.252000,Finished,0.0,44.0,21.8,36.1,40.5,1.5,False
2022,14,Belgian Grand Prix,Spa-Francorchamps,R,2022-08-28,3,RIC,ricciardo,McLaren,mclaren,Daniel,Ricciardo,https://www.formula1.com/content/dam/fom-website/drivers/D/DANRIC01_Daniel_Ricciardo/danric01.png.transform/1col/image.png,15.0,15,7.0,,,,0 days 00:01:47.163000,Finished,0.0,44.0,21.8,36.1,40.5,1.5,False
2022,14,Belgian Grand Prix,Spa-Francorchamps,R,2022-08-28,20,MAG,kevin_magnussen,Haas F1 Team,haas,Kevin,Magnussen,None,16.0,16,12.0,,,,,+1 Lap,0.0,43.0,21.8,36.1,40.5,1.5,False
2022,14,Belgian Grand Prix,Spa-Francorchamps,R,2022-08-28,47,MSC,mick_schumacher,Haas F1 Team,haas,Mick,Schumacher,https://www.formula1.com/content/dam/fom-website/drivers/M/MICSCH02_Mick_Schumacher/micsch02.png.transform/1col/image.png,17.0,17,19.0,,,,,+1 Lap,0.0,43.0,21.8,36.1,40.5,1.5,False
2022,14,Belgian Grand Prix,Spa-Francorchamps,R,2022-08-28,6,LAT,latifi,Williams,williams,Nicholas,Latifi,https://www.formula1.com/content/dam/fom-website/drivers/N/NICLAF01_Nicholas_Latifi/niclaf01.png.transform/1col/image.png,18.0,18,11.0,,,,,+1 Lap,0.0,43.0,21.8,36.1,40.5,1.5,False
2022,14,Belgian Grand Prix,Spa-Francorchamps,R,2022-08-28,77,BOT,bottas,Alfa Romeo,alfa,Valtteri,Bottas,https://www.formula1.com/content/dam/fom-website/drivers/V/VALBOT01_Valtteri_Bottas/valbot01.png.transform/1col/image.png,19.0,R,13.0,,,,,Accident,0.0,1.0,21.8,36.1,40.5,1.5,False
2022,14,Belgian Grand Prix,Spa-Francorchamps,R,2022-08-28,44,HAM,hamilton,Mercedes,mercedes,Lewis,Hamilton,https://www.formula1.com/content/dam/fom-website/drivers/L/LEWHAM01_Lewis_Hamilton/lewham01.png.transform/1col/image.png,20.0,R,4.0,,,,,Collision damage,0.0,0.0,21.8,36.1,40.5,1.5,False
2022,15,Dutch Grand Prix,Zandvoort,R,2022-09-04,1,VER,max_verstappen,Red Bull Racing,red_bull,Max,Verstappen,https://www.formula1.com/content/dam/fom-website/drivers/M/MAXVER01_Max_Verstappen/maxver01.png.transform/1col/image.png,1.0,1,1.0,,,,0 days 01:36:42.773000,Finished,26.0,72.0,22.7,33.4,75.4,1.1,False
2022,15,Dutch Grand Prix,Zandvoort,R,2022-09-04,63,RUS,russell,Mercedes,mercedes,George,Russell,https://www.formula1.com/content/dam/fom-website/drivers/G/GEORUS01_George_Russell/georus01.png.transform/1col/image.png,2.0,2,6.0,,,,0 days 00:00:04.071000,Finished,18.0,72.0,22.7,33.4,75.4,1.1,False
2022,15,Dutch Grand Prix,Zandvoort,R,2022-09-04,16,LEC,leclerc,Ferrari,ferrari,Charles,Leclerc,https://www.formula1.com/content/dam/fom-website/drivers/C/CHALEC01_Charles_Leclerc/chalec01.png.transform/1col/image.png,3.0,3,2.0,,,,0 days 00:00:10.929000,Finished,15.0,72.0,22.7,33.4,75.4,1.1,False
2022,15,Dutch Grand Prix,Zandvoort,R,2022-09-04,44,HAM,hamilton,Mercedes,mercedes,Lewis,Hamilton,https://www.formula1.com/content/dam/fom-website/drivers/L/LEWHAM01_Lewis_Hamilton/lewham01.png.transform/1col/image.png,4.0,4,4.0,,,,0 days 00:00:13.016000,Finished,12.0,72.0,22.7,33.4,75.4,1.1,False
2022,15,Dutch Grand Prix,Zandvoort,R,2022-09-04,11,PER,perez,Red Bull Racing,red_bull,Sergio,Perez,https://www.formula1.com/content/dam/fom-website/drivers/S/SERPER01_Sergio_Perez/serper01.png.transform/1col/image.png,5.0,5,5.0,,,,0 days 00:00:18.168000,Finished,10.0,72.0,22.7,33.4,75.4,1.1,False
2022,15,Dutch Grand Prix,Zandvoort,R,2022-09-04,14,ALO,alonso,Alpine,alpine,Fernando,Alonso,https://www.formula1.com/content/dam/fom-website/drivers/F/FERALO01_Fernando_Alonso/feralo01.png.transform/1col/image.png,6.0,6,13.0,,,,0 days 00:00:18.754000,Finished,8.0,72.0,22.7,33.4,75.4,1.1,False
2022,15,Dutch Grand Prix,Zandvoort,R,2022-09-04,4,NOR,norris,McLaren,mclaren,Lando,Norris,https://www.formula1.com/content/dam/fom-website/drivers/L/LANNOR01_Lando_Norris/lannor01.png.transform/1col/image.png,7.0,7,7.0,,,,0 days 00:00:19.306000,Finished,6.0,72.0,22.7,33.4,75.4,1.1,False
2022,15,Dutch Grand Prix,Zandvoort,R,2022-09-04,55,SAI,sainz,Ferrari,ferrari,Carlos,Sainz,https://www.formula1.com/content/dam/fom-website/drivers/C/CARSAI01_Carlos_Sainz/carsai01.png.transform/1col/image.png,8.0,8,3.0,,,,0 days 00:00:20.916000,Finished,4.0,72.0,22.7,33.4,75.4,1.1,False
2022,15,Dutch Grand Prix,Zandvoort,R,2022-09-04,31,OCO,ocon,Alpine,alpine,Esteban,Ocon,https://www.formula1.com/content/dam/fom-website/drivers/E/ESTOCO01_Esteban_Ocon/estoco01.png.transform/1col/image.png,9.0,9,12.0,,,,0 days 00:00:21.117000,Finished,2.0,72.0,22.7,33.4,75.4,1.1,False
2022,15,Dutch Grand Prix,Zandvoort,R,2022-09-04,18,STR,stroll,Aston Martin,aston_martin,Lance,Stroll,https://www.formula1.com/content/dam/fom-website/drivers/L/LANSTR01_Lance_Stroll/lanstr01.png.transform/1col/image.png,10.0,10,10.0,,,,0 days 00:00:22.459000,Finished,1.0,72.0,22.7,33.4,75.4,1.1,False
2022,15,Dutch Grand Prix,Zandvoort,R,2022-09-04,10,GAS,gasly,AlphaTauri,alphatauri,Pierre,Gasly,https://www.formula1.com/content/dam/fom-website/drivers/P/PIEGAS01_Pierre_Gasly/piegas01.png.transform/1col/image.png,11.0,11,11.0,,,,0 days 00:00:27.009000,Finished,0.0,72.0,22.7,33.4,75.4,1.1,False
2022,15,Dutch Grand Prix,Zandvoort,R,2022-09-04,23,ALB,albon,Williams,williams,Alexander,Albon,https://www.formula1.com/content/dam/fom-website/drivers/A/ALEALB01_Alexander_Albon/alealb01.png.transform/1col/image.png,12.0,12,15.0,,,,0 days 00:00:30.390000,Finished,0.0,72.0,22.7,33.4,75.4,1.1,False
2022,15,Dutch Grand Prix,Zandvoort,R,2022-09-04,47,MSC,mick_schumacher,Haas F1 Team,haas,Mick,Schumacher,https://www.formula1.com/content/dam/fom-website/drivers/M/MICSCH02_Mick_Schumacher/micsch02.png.transform/1col/image.png,13.0,13,8.0,,,,0 days 00:00:32.995000,Finished,0.0,72.0,22.7,33.4,75.4,1.1,False
2022,15,Dutch Grand Prix,Zandvoort,R,2022-09-04,5,VET,vettel,Aston Martin,aston_martin,Sebastian,Vettel,https://www.formula1.com/content/dam/fom-website/drivers/S/SEBVET01_Sebastian_Vettel/sebvet01.png.transform/1col/image.png,14.0,14,19.0,,,,0 days 00:00:36.007000,Finished,0.0,72.0,22.7,33.4,75.4,1.1,False
2022,15,Dutch Grand Prix,Zandvoort,R,2022-09-04,20,MAG,kevin_magnussen,Haas F1 Team,haas,Kevin,Magnussen,None,15.0,15,18.0,,,,0 days 00:00:36.869000,Finished,0.0,72.0,22.7,33.4,75.4,1.1,False
2022,15,Dutch Grand Prix,Zandvoort,R,2022-09-04,24,ZHO,zhou,Alfa Romeo,alfa,Guanyu,Zhou,https://www.formula1.com/content/dam/fom-website/drivers/G/GUAZHO01_Guanyu_Zhou/guazho01.png.transform/1col/image.png,16.0,16,14.0,,,,0 days 00:00:37.320000,Finished,0.0,72.0,22.7,33.4,75.4,1.1,False
2022,15,Dutch Grand Prix,Zandvoort,R,2022-09-04,3,RIC,ricciardo,McLaren,mclaren,Daniel,Ricciardo,https://www.formula1.com/content/dam/fom-website/drivers/D/DANRIC01_Daniel_Ricciardo/danric01.png.transform/1col/image.png,17.0,17,17.0,,,,0 days 00:00:37.764000,Finished,0.0,72.0,22.7,33.4,75.4,1.1,False
2022,15,Dutch Grand Prix,Zandvoort,R,2022-09-04,6,LAT,latifi,Williams,williams,Nicholas,Latifi,https://www.formula1.com/content/dam/fom-website/drivers/N/NICLAF01_Nicholas_Latifi/niclaf01.png.transform/1col/image.png,18.0,18,20.0,,,,,+1 Lap,0.0,71.0,22.7,33.4,75.4,1.1,False
2022,15,Dutch Grand Prix,Zandvoort,R,2022-09-04,77,BOT,bottas,Alfa Romeo,alfa,Valtteri,Bottas,https://www.formula1.com/content/dam/fom-website/drivers/V/VALBOT01_Valtteri_Bottas/valbot01.png.transform/1col/image.png,19.0,R,16.0,,,,,Engine,0.0,53.0,22.7,33.4,75.4,1.1,False
2022,15,Dutch Grand Prix,Zandvoort,R,2022-09-04,22,TSU,tsunoda,AlphaTauri,alphatauri,Yuki,Tsunoda,https://www.formula1.com/content/dam/fom-website/drivers/Y/YUKTSU01_Yuki_Tsunoda/yuktsu01.png.transform/1col/image.png,20.0,R,9.0,,,,,Differential,0.0,43.0,22.7,33.4,75.4,1.1,False
2022,16,Italian Grand Prix,Monza,R,2022-09-11,1,VER,max_verstappen,Red Bull Racing,red_bull,Max,Verstappen,https://www.formula1.com/content/dam/fom-website/drivers/M/MAXVER01_Max_Verstappen/maxver01.png.transform/1col/image.png,1.0,1,7.0,,,,0 days 01:20:27.511000,Finished,25.0,53.0,27.7,43.1,33.1,1.4,False
2022,16,Italian Grand Prix,Monza,R,2022-09-11,16,LEC,leclerc,Ferrari,ferrari,Charles,Leclerc,https://www.formula1.com/content/dam/fom-website/drivers/C/CHALEC01_Charles_Leclerc/chalec01.png.transform/1col/image.png,2.0,2,1.0,,,,0 days 00:00:02.446000,Finished,18.0,53.0,27.7,43.1,33.1,1.4,False
2022,16,Italian Grand Prix,Monza,R,2022-09-11,63,RUS,russell,Mercedes,mercedes,George,Russell,https://www.formula1.com/content/dam/fom-website/drivers/G/GEORUS01_George_Russell/georus01.png.transform/1col/image.png,3.0,3,2.0,,,,0 days 00:00:03.405000,Finished,15.0,53.0,27.7,43.1,33.1,1.4,False
2022,16,Italian Grand Prix,Monza,R,2022-09-11,55,SAI,sainz,Ferrari,ferrari,Carlos,Sainz,https://www.formula1.com/content/dam/fom-website/drivers/C/CARSAI01_Carlos_Sainz/carsai01.png.transform/1col/image.png,4.0,4,18.0,,,,0 days 00:00:05.061000,Finished,12.0,53.0,27.7,43.1,33.1,1.4,False
2022,16,Italian Grand Prix,Monza,R,2022-09-11,44,HAM,hamilton,Mercedes,mercedes,Lewis,Hamilton,https://www.formula1.com/content/dam/fom-website/drivers/L/LEWHAM01_Lewis_Hamilton/lewham01.png.transform/1col/image.png,5.0,5,19.0,,,,0 days 00:00:05.380000,Finished,10.0,53.0,27.7,43.1,33.1,1.4,False
2022,16,Italian Grand Prix,Monza,R,2022-09-11,11,PER,perez,Red Bull Racing,red_bull,Sergio,Perez,https://www.formula1.com/content/dam/fom-website/drivers/S/SERPER01_Sergio_Perez/serper01.png.transform/1col/image.png,6.0,6,13.0,,,,0 days 00:00:06.091000,Finished,9.0,53.0,27.7,43.1,33.1,1.4,False
2022,16,Italian Grand Prix,Monza,R,2022-09-11,4,NOR,norris,McLaren,mclaren,Lando,Norris,https://www.formula1.com/content/dam/fom-website/drivers/L/LANNOR01_Lando_Norris/lannor01.png.transform/1col/image.png,7.0,7,3.0,,,,0 days 00:00:06.207000,Finished,6.0,53.0,27.7,43.1,33.1,1.4,False
2022,16,Italian Grand Prix,Monza,R,2022-09-11,10,GAS,gasly,AlphaTauri,alphatauri,Pierre,Gasly,https://www.formula1.com/content/dam/fom-website/drivers/P/PIEGAS01_Pierre_Gasly/piegas01.png.transform/1col/image.png,8.0,8,5.0,,,,0 days 00:00:06.396000,Finished,4.0,53.0,27.7,43.1,33.1,1.4,False
2022,16,Italian Grand Prix,Monza,R,2022-09-11,45,DEV,de_vries,Williams,williams,Nyck,De Vries,None,9.0,9,8.0,,,,0 days 00:00:07.122000,Finished,2.0,53.0,27.7,43.1,33.1,1.4,False
2022,16,Italian Grand Prix,Monza,R,2022-09-11,24,ZHO,zhou,Alfa Romeo,alfa,Guanyu,Zhou,https://www.formula1.com/content/dam/fom-website/drivers/G/GUAZHO01_Guanyu_Zhou/guazho01.png.transform/1col/image.png,10.0,10,9.0,,,,0 days 00:00:07.910000,Finished,1.0,53.0,27.7,43.1,33.1,1.4,False
2022,16,Italian Grand Prix,Monza,R,2022-09-11,31,OCO,ocon,Alpine,alpine,Esteban,Ocon,https://www.formula1.com/content/dam/fom-website/drivers/E/ESTOCO01_Esteban_Ocon/estoco01.png.transform/1col/image.png,11.0,11,14.0,,,,0 days 00:00:08.323000,Finished,0.0,53.0,27.7,43.1,33.1,1.4,False
2022,16,Italian Grand Prix,Monza,R,2022-09-11,47,MSC,mick_schumacher,Haas F1 Team,haas,Mick,Schumacher,https://www.formula1.com/content/dam/fom-website/drivers/M/MICSCH02_Mick_Schumacher/micsch02.png.transform/1col/image.png,12.0,12,17.0,,,,0 days 00:00:08.549000,Finished,0.0,53.0,27.7,43.1,33.1,1.4,False
2022,16,Italian Grand Prix,Monza,R,2022-09-11,77,BOT,bottas,Alfa Romeo,alfa,Valtteri,Bottas,https://www.formula1.com/content/dam/fom-website/drivers/V/VALBOT01_Valtteri_Bottas/valbot01.png.transform/1col/image.png,13.0,13,15.0,,,,,+1 Lap,0.0,52.0,27.7,43.1,33.1,1.4,False
2022,16,Italian Grand Prix,Monza,R,2022-09-11,22,TSU,tsunoda,AlphaTauri,alphatauri,Yuki,Tsunoda,https://www.formula1.com/content/dam/fom-website/drivers/Y/YUKTSU01_Yuki_Tsunoda/yuktsu01.png.transform/1col/image.png,14.0,14,20.0,,,,,+1 Lap,0.0,52.0,27.7,43.1,33.1,1.4,False
2022,16,Italian Grand Prix,Monza,R,2022-09-11,6,LAT,latifi,Williams,williams,Nicholas,Latifi,https://www.formula1.com/content/dam/fom-website/drivers/N/NICLAF01_Nicholas_Latifi/niclaf01.png.transform/1col/image.png,15.0,15,10.0,,,,,+1 Lap,0.0,52.0,27.7,43.1,33.1,1.4,False
2022,16,Italian Grand Prix,Monza,R,2022-09-11,20,MAG,kevin_magnussen,Haas F1 Team,haas,Kevin,Magnussen,None,16.0,16,16.0,,,,,+1 Lap,0.0,52.0,27.7,43.1,33.1,1.4,False
2022,16,Italian Grand Prix,Monza,R,2022-09-11,3,RIC,ricciardo,McLaren,mclaren,Daniel,Ricciardo,https://www.formula1.com/content/dam/fom-website/drivers/D/DANRIC01_Daniel_Ricciardo/danric01.png.transform/1col/image.png,17.0,R,4.0,,,,,Oil leak,0.0,45.0,27.7,43.1,33.1,1.4,False
2022,16,Italian Grand Prix,Monza,R,2022-09-11,18,STR,stroll,Aston Martin,aston_martin,Lance,Stroll,https://www.formula1.com/content/dam/fom-website/drivers/L/LANSTR01_Lance_Stroll/lanstr01.png.transform/1col/image.png,18.0,R,12.0,,,,,Engine,0.0,39.0,27.7,43.1,33.1,1.4,False
2022,16,Italian Grand Prix,Monza,R,2022-09-11,14,ALO,alonso,Alpine,alpine,Fernando,Alonso,https://www.formula1.com/content/dam/fom-website/drivers/F/FERALO01_Fernando_Alonso/feralo01.png.transform/1col/image.png,19.0,R,6.0,,,,,Water pressure,0.0,31.0,27.7,43.1,33.1,1.4,False
2022,16,Italian Grand Prix,Monza,R,2022-09-11,5,VET,vettel,Aston Martin,aston_martin,Sebastian,Vettel,https://www.formula1.com/content/dam/fom-website/drivers/S/SEBVET01_Sebastian_Vettel/sebvet01.png.transform/1col/image.png,20.0,R,11.0,,,,,Engine,0.0,10.0,27.7,43.1,33.1,1.4,False
2022,17,Singapore Grand Prix,Marina Bay,R,2022-10-02,11,PER,perez,Red Bull Racing,red_bull,Sergio,Perez,https://www.formula1.com/content/dam/fom-website/drivers/S/SERPER01_Sergio_Perez/serper01.png.transform/1col/image.png,1.0,1,2.0,,,,0 days 02:02:20.238000,Finished,25.0,59.0,26.2,29.0,87.4,0.9,True
2022,17,Singapore Grand Prix,Marina Bay,R,2022-10-02,16,LEC,leclerc,Ferrari,ferrari,Charles,Leclerc,https://www.formula1.com/content/dam/fom-website/drivers/C/CHALEC01_Charles_Leclerc/chalec01.png.transform/1col/image.png,2.0,2,1.0,,,,0 days 00:00:02.595000,Finished,18.0,59.0,26.2,29.0,87.4,0.9,True
2022,17,Singapore Grand Prix,Marina Bay,R,2022-10-02,55,SAI,sainz,Ferrari,ferrari,Carlos,Sainz,https://www.formula1.com/content/dam/fom-website/drivers/C/CARSAI01_Carlos_Sainz/carsai01.png.transform/1col/image.png,3.0,3,4.0,,,,0 days 00:00:10.305000,Finished,15.0,59.0,26.2,29.0,87.4,0.9,True
2022,17,Singapore Grand Prix,Marina Bay,R,2022-10-02,4,NOR,norris,McLaren,mclaren,Lando,Norris,https://www.formula1.com/content/dam/fom-website/drivers/L/LANNOR01_Lando_Norris/lannor01.png.transform/1col/image.png,4.0,4,6.0,,,,0 days 00:00:21.133000,Finished,12.0,59.0,26.2,29.0,87.4,0.9,True
2022,17,Singapore Grand Prix,Marina Bay,R,2022-10-02,3,RIC,ricciardo,McLaren,mclaren,Daniel,Ricciardo,https://www.formula1.com/content/dam/fom-website/drivers/D/DANRIC01_Daniel_Ricciardo/danric01.png.transform/1col/image.png,5.0,5,16.0,,,,0 days 00:00:53.282000,Finished,10.0,59.0,26.2,29.0,87.4,0.9,True
2022,17,Singapore Grand Prix,Marina Bay,R,2022-10-02,18,STR,stroll,Aston Martin,aston_martin,Lance,Stroll,https://www.formula1.com/content/dam/fom-website/drivers/L/LANSTR01_Lance_Stroll/lanstr01.png.transform/1col/image.png,6.0,6,11.0,,,,0 days 00:00:56.330000,Finished,8.0,59.0,26.2,29.0,87.4,0.9,True
2022,17,Singapore Grand Prix,Marina Bay,R,2022-10-02,1,VER,max_verstappen,Red Bull Racing,red_bull,Max,Verstappen,https://www.formula1.com/content/dam/fom-website/drivers/M/MAXVER01_Max_Verstappen/maxver01.png.transform/1col/image.png,7.0,7,8.0,,,,0 days 00:00:58.825000,Finished,6.0,59.0,26.2,29.0,87.4,0.9,True
2022,17,Singapore Grand Prix,Marina Bay,R,2022-10-02,5,VET,vettel,Aston Martin,aston_martin,Sebastian,Vettel,https://www.formula1.com/content/dam/fom-website/drivers/S/SEBVET01_Sebastian_Vettel/sebvet01.png.transform/1col/image.png,8.0,8,13.0,,,,0 days 00:01:00.032000,Finished,4.0,59.0,26.2,29.0,87.4,0.9,True
2022,17,Singapore Grand Prix,Marina Bay,R,2022-10-02,44,HAM,hamilton,Mercedes,mercedes,Lewis,Hamilton,https://www.formula1.com/content/dam/fom-website/drivers/L/LEWHAM01_Lewis_Hamilton/lewham01.png.transform/1col/image.png,9.0,9,3.0,,,,0 days 00:01:01.515000,Finished,2.0,59.0,26.2,29.0,87.4,0.9,True
2022,17,Singapore Grand Prix,Marina Bay,R,2022-10-02,10,GAS,gasly,AlphaTauri,alphatauri,Pierre,Gasly,https://www.formula1.com/content/dam/fom-website/drivers/P/PIEGAS01_Pierre_Gasly/piegas01.png.transform/1col/image.png,10.0,10,7.0,,,,0 days 00:01:09.576000,Finished,1.0,59.0,26.2,29.0,87.4,0.9,True
2022,17,Singapore Grand Prix,Marina Bay,R,2022-10-02,77,BOT,bottas,Alfa Romeo,alfa,Valtteri,Bottas,https://www.formula1.com/content/dam/fom-website/drivers/V/VALBOT01_Valtteri_Bottas/valbot01.png.transform/1col/image.png,11.0,11,15.0,,,,0 days 00:01:28.844000,Finished,0.0,59.0,26.2,29.0,87.4,0.9,True
2022,17,Singapore Grand Prix,Marina Bay,R,2022-10-02,20,MAG,kevin_magnussen,Haas F1 Team,haas,Kevin,Magnussen,None,12.0,12,9.0,,,,0 days 00:01:32.610000,Finished,0.0,59.0,26.2,29.0,87.4,0.9,True
2022,17,Singapore Grand Prix,Marina Bay,R,2022-10-02,47,MSC,mick_schumacher,Haas F1 Team,haas,Mick,Schumacher,https://www.formula1.com/content/dam/fom-website/drivers/M/MICSCH02_Mick_Schumacher/micsch02.png.transform/1col/image.png,13.0,13,12.0,,,,,+1 Lap,0.0,58.0,26.2,29.0,87.4,0.9,True
2022,17,Singapore Grand Prix,Marina Bay,R,2022-10-02,63,RUS,russell,Mercedes,mercedes,George,Russell,https://www.formula1.com/content/dam/fom-website/drivers/G/GEORUS01_George_Russell/georus01.png.transform/1col/image.png,14.0,14,0.0,,,,,+2 Laps,0.0,57.0,26.2,29.0,87.4,0.9,True
2022,17,Singapore Grand Prix,Marina Bay,R,2022-10-02,22,TSU,tsunoda,AlphaTauri,alphatauri,Yuki,Tsunoda,https://www.formula1.com/content/dam/fom-website/drivers/Y/YUKTSU01_Yuki_Tsunoda/yuktsu01.png.transform/1col/image.png,15.0,R,10.0,,,,,Accident,0.0,34.0,26.2,29.0,87.4,0.9,True
2022,17,Singapore Grand Prix,Marina Bay,R,2022-10-02,31,OCO,ocon,Alpine,alpine,Esteban,Ocon,https://www.formula1.com/content/dam/fom-website/drivers/E/ESTOCO01_Esteban_Ocon/estoco01.png.transform/1col/image.png,16.0,R,17.0,,,,,Engine,0.0,26.0,26.2,29.0,87.4,0.9,True
2022,17,Singapore Grand Prix,Marina Bay,R,2022-10-02,23,ALB,albon,Williams,williams,Alexander,Albon,https://www.formula1.com/content/dam/fom-website/drivers/A/ALEALB01_Alexander_Albon/alealb01.png.transform/1col/image.png,17.0,R,18.0,,,,,Collision damage,0.0,25.0,26.2,29.0,87.4,0.9,True
2022,17,Singapore Grand Prix,Marina Bay,R,2022-10-02,14,ALO,alonso,Alpine,alpine,Fernando,Alonso,https://www.formula1.com/content/dam/fom-website/drivers/F/FERALO01_Fernando_Alonso/feralo01.png.transform/1col/image.png,18.0,R,5.0,,,,,Engine,0.0,20.0,26.2,29.0,87.4,0.9,True
2022,17,Singapore Grand Prix,Marina Bay,R,2022-10-02,6,LAT,latifi,Williams,williams,Nicholas,Latifi,https://www.formula1.com/content/dam/fom-website/drivers/N/NICLAF01_Nicholas_Latifi/niclaf01.png.transform/1col/image.png,19.0,R,19.0,,,,,Collision damage,0.0,7.0,26.2,29.0,87.4,0.9,True
2022,17,Singapore Grand Prix,Marina Bay,R,2022-10-02,24,ZHO,zhou,Alfa Romeo,alfa,Guanyu,Zhou,https://www.formula1.com/content/dam/fom-website/drivers/G/GUAZHO01_Guanyu_Zhou/guazho01.png.transform/1col/image.png,20.0,R,14.0,,,,,Collision,0.0,6.0,26.2,29.0,87.4,0.9,True
2022,18,Japanese Grand Prix,Suzuka,R,2022-10-09,1,VER,max_verstappen,Red Bull Racing,red_bull,Max,Verstappen,https://www.formula1.com/content/dam/fom-website/drivers/M/MAXVER01_Max_Verstappen/maxver01.png.transform/1col/image.png,1.0,1,1.0,,,,0 days 03:01:44.004000,Finished,25.0,28.0,16.7,19.9,86.2,2.0,True
2022,18,Japanese Grand Prix,Suzuka,R,2022-10-09,11,PER,perez,Red Bull Racing,red_bull,Sergio,Perez,https://www.formula1.com/content/dam/fom-website/drivers/S/SERPER01_Sergio_Perez/serper01.png.transform/1col/image.png,2.0,2,4.0,,,,0 days 00:00:27.066000,Finished,18.0,28.0,16.7,19.9,86.2,2.0,True
2022,18,Japanese Grand Prix,Suzuka,R,2022-10-09,16,LEC,leclerc,Ferrari,ferrari,Charles,Leclerc,https://www.formula1.com/content/dam/fom-website/drivers/C/CHALEC01_Charles_Leclerc/chalec01.png.transform/1col/image.png,3.0,3,2.0,,,,0 days 00:00:31.763000,Finished,15.0,28.0,16.7,19.9,86.2,2.0,True
2022,18,Japanese Grand Prix,Suzuka,R,2022-10-09,31,OCO,ocon,Alpine,alpine,Esteban,Ocon,https://www.formula1.com/content/dam/fom-website/drivers/E/ESTOCO01_Esteban_Ocon/estoco01.png.transform/1col/image.png,4.0,4,5.0,,,,0 days 00:00:39.685000,Finished,12.0,28.0,16.7,19.9,86.2,2.0,True
2022,18,Japanese Grand Prix,Suzuka,R,2022-10-09,44,HAM,hamilton,Mercedes,mercedes,Lewis,Hamilton,https://www.formula1.com/content/dam/fom-website/drivers/L/LEWHAM01_Lewis_Hamilton/lewham01.png.transform/1col/image.png,5.0,5,6.0,,,,0 days 00:00:40.326000,Finished,10.0,28.0,16.7,19.9,86.2,2.0,True
2022,18,Japanese Grand Prix,Suzuka,R,2022-10-09,5,VET,vettel,Aston Martin,aston_martin,Sebastian,Vettel,https://www.formula1.com/content/dam/fom-website/drivers/S/SEBVET01_Sebastian_Vettel/sebvet01.png.transform/1col/image.png,6.0,6,9.0,,,,0 days 00:00:46.358000,Finished,8.0,28.0,16.7,19.9,86.2,2.0,True
2022,18,Japanese Grand Prix,Suzuka,R,2022-10-09,14,ALO,alonso,Alpine,alpine,Fernando,Alonso,https://www.formula1.com/content/dam/fom-website/drivers/F/FERALO01_Fernando_Alonso/feralo01.png.transform/1col/image.png,7.0,7,7.0,,,,0 days 00:00:46.369000,Finished,6.0,28.0,16.7,19.9,86.2,2.0,True
2022,18,Japanese Grand Prix,Suzuka,R,2022-10-09,63,RUS,russell,Mercedes,mercedes,George,Russell,https://www.formula1.com/content/dam/fom-website/drivers/G/GEORUS01_George_Russell/georus01.png.transform/1col/image.png,8.0,8,8.0,,,,0 days 00:00:47.661000,Finished,4.0,28.0,16.7,19.9,86.2,2.0,True
2022,18,Japanese Grand Prix,Suzuka,R,2022-10-09,6,LAT,latifi,Williams,williams,Nicholas,Latifi,https://www.formula1.com/content/dam/fom-website/drivers/N/NICLAF01_Nicholas_Latifi/niclaf01.png.transform/1col/image.png,9.0,9,20.0,,,,0 days 00:01:10.143000,Finished,2.0,28.0,16.7,19.9,86.2,2.0,True
2022,18,Japanese Grand Prix,Suzuka,R,2022-10-09,4,NOR,norris,McLaren,mclaren,Lando,Norris,https://www.formula1.com/content/dam/fom-website/drivers/L/LANNOR01_Lando_Norris/lannor01.png.transform/1col/image.png,10.0,10,10.0,,,,0 days 00:01:10.782000,Finished,1.0,28.0,16.7,19.9,86.2,2.0,True
2022,18,Japanese Grand Prix,Suzuka,R,2022-10-09,3,RIC,ricciardo,McLaren,mclaren,Daniel,Ricciardo,https://www.formula1.com/content/dam/fom-website/drivers/D/DANRIC01_Daniel_Ricciardo/danric01.png.transform/1col/image.png,11.0,11,11.0,,,,0 days 00:01:12.877000,Finished,0.0,28.0,16.7,19.9,86.2,2.0,True
2022,18,Japanese Grand Prix,Suzuka,R,2022-10-09,18,STR,stroll,Aston Martin,aston_martin,Lance,Stroll,https://www.formula1.com/content/dam/fom-website/drivers/L/LANSTR01_Lance_Stroll/lanstr01.png.transform/1col/image.png,12.0,12,19.0,,,,0 days 00:01:13.904000,Finished,0.0,28.0,16.7,19.9,86.2,2.0,True
2022,18,Japanese Grand Prix,Suzuka,R,2022-10-09,22,TSU,tsunoda,AlphaTauri,alphatauri,Yuki,Tsunoda,https://www.formula1.com/content/dam/fom-website/drivers/Y/YUKTSU01_Yuki_Tsunoda/yuktsu01.png.transform/1col/image.png,13.0,13,13.0,,,,0 days 00:01:15.599000,Finished,0.0,28.0,16.7,19.9,86.2,2.0,True
2022,18,Japanese Grand Prix,Suzuka,R,2022-10-09,20,MAG,kevin_magnussen,Haas F1 Team,haas,Kevin,Magnussen,None,14.0,14,18.0,,,,0 days 00:01:26.016000,Finished,0.0,28.0,16.7,19.9,86.2,2.0,True
2022,18,Japanese Grand Prix,Suzuka,R,2022-10-09,77,BOT,bottas,Alfa Romeo,alfa,Valtteri,Bottas,https://www.formula1.com/content/dam/fom-website/drivers/V/VALBOT01_Valtteri_Bottas/valbot01.png.transform/1col/image.png,15.0,15,12.0,,,,0 days 00:01:26.496000,Finished,0.0,28.0,16.7,19.9,86.2,2.0,True
2022,18,Japanese Grand Prix,Suzuka,R,2022-10-09,24,ZHO,zhou,Alfa Romeo,alfa,Guanyu,Zhou,https://www.formula1.com/content/dam/fom-website/drivers/G/GUAZHO01_Guanyu_Zhou/guazho01.png.transform/1col/image.png,16.0,16,14.0,,,,0 days 00:01:27.043000,Finished,0.0,28.0,16.7,19.9,86.2,2.0,True
2022,18,Japanese Grand Prix,Suzuka,R,2022-10-09,47,MSC,mick_schumacher,Haas F1 Team,haas,Mick,Schumacher,https://www.formula1.com/content/dam/fom-website/drivers/M/MICSCH02_Mick_Schumacher/micsch02.png.transform/1col/image.png,17.0,17,15.0,,,,0 days 00:01:32.523000,Finished,0.0,28.0,16.7,19.9,86.2,2.0,True
2022,18,Japanese Grand Prix,Suzuka,R,2022-10-09,10,GAS,gasly,AlphaTauri,alphatauri,Pierre,Gasly,https://www.formula1.com/content/dam/fom-website/drivers/P/PIEGAS01_Pierre_Gasly/piegas01.png.transform/1col/image.png,18.0,18,17.0,,,,0 days 00:01:48.091000,Finished,0.0,28.0,16.7,19.9,86.2,2.0,True
2022,18,Japanese Grand Prix,Suzuka,R,2022-10-09,55,SAI,sainz,Ferrari,ferrari,Carlos,Sainz,https://www.formula1.com/content/dam/fom-website/drivers/C/CARSAI01_Carlos_Sainz/carsai01.png.transform/1col/image.png,19.0,R,3.0,,,,,Accident,0.0,0.0,16.7,19.9,86.2,2.0,True
2022,18,Japanese Grand Prix,Suzuka,R,2022-10-09,23,ALB,albon,Williams,williams,Alexander,Albon,https://www.formula1.com/content/dam/fom-website/drivers/A/ALEALB01_Alexander_Albon/alealb01.png.transform/1col/image.png,20.0,R,16.0,,,,,Hydraulics,0.0,0.0,16.7,19.9,86.2,2.0,True
2022,19,United States Grand Prix,Austin,R,2022-10-23,1,VER,max_verstappen,Red Bull Racing,red_bull,Max,Verstappen,https://www.formula1.com/content/dam/fom-website/drivers/M/MAXVER01_Max_Verstappen/maxver01.png.transform/1col/image.png,1.0,1,2.0,,,,0 days 01:42:11.687000,Finished,25.0,56.0,29.3,35.5,49.6,5.5,False
2022,19,United States Grand Prix,Austin,R,2022-10-23,44,HAM,hamilton,Mercedes,mercedes,Lewis,Hamilton,https://www.formula1.com/content/dam/fom-website/drivers/L/LEWHAM01_Lewis_Hamilton/lewham01.png.transform/1col/image.png,2.0,2,3.0,,,,0 days 00:00:05.023000,Finished,18.0,56.0,29.3,35.5,49.6,5.5,False
2022,19,United States Grand Prix,Austin,R,2022-10-23,16,LEC,leclerc,Ferrari,ferrari,Charles,Leclerc,https://www.formula1.com/content/dam/fom-website/drivers/C/CHALEC01_Charles_Leclerc/chalec01.png.transform/1col/image.png,3.0,3,12.0,,,,0 days 00:00:07.501000,Finished,15.0,56.0,29.3,35.5,49.6,5.5,False
2022,19,United States Grand Prix,Austin,R,2022-10-23,11,PER,perez,Red Bull Racing,red_bull,Sergio,Perez,https://www.formula1.com/content/dam/fom-website/drivers/S/SERPER01_Sergio_Perez/serper01.png.transform/1col/image.png,4.0,4,9.0,,,,0 days 00:00:08.293000,Finished,12.0,56.0,29.3,35.5,49.6,5.5,False
2022,19,United States Grand Prix,Austin,R,2022-10-23,63,RUS,russell,Mercedes,mercedes,George,Russell,https://www.formula1.com/content/dam/fom-website/drivers/G/GEORUS01_George_Russell/georus01.png.transform/1col/image.png,5.0,5,4.0,,,,0 days 00:00:44.815000,Finished,11.0,56.0,29.3,35.5,49.6,5.5,False
2022,19,United States Grand Prix,Austin,R,2022-10-23,4,NOR,norris,McLaren,mclaren,Lando,Norris,https://www.formula1.com/content/dam/fom-website/drivers/L/LANNOR01_Lando_Norris/lannor01.png.transform/1col/image.png,6.0,6,6.0,,,,0 days 00:00:53.785000,Finished,8.0,56.0,29.3,35.5,49.6,5.5,False
2022,19,United States Grand Prix,Austin,R,2022-10-23,14,ALO,alonso,Alpine,alpine,Fernando,Alonso,https://www.formula1.com/content/dam/fom-website/drivers/F/FERALO01_Fernando_Alonso/feralo01.png.transform/1col/image.png,7.0,7,14.0,,,,0 days 00:00:55.078000,Finished,6.0,56.0,29.3,35.5,49.6,5.5,False
2022,19,United States Grand Prix,Austin,R,2022-10-23,5,VET,vettel,Aston Martin,aston_martin,Sebastian,Vettel,https://www.formula1.com/content/dam/fom-website/drivers/S/SEBVET01_Sebastian_Vettel/sebvet01.png.transform/1col/image.png,8.0,8,10.0,,,,0 days 00:01:05.354000,Finished,4.0,56.0,29.3,35.5,49.6,5.5,False
2022,19,United States Grand Prix,Austin,R,2022-10-23,20,MAG,kevin_magnussen,Haas F1 Team,haas,Kevin,Magnussen,None,9.0,9,13.0,,,,0 days 00:01:05.834000,Finished,2.0,56.0,29.3,35.5,49.6,5.5,False
2022,19,United States Grand Prix,Austin,R,2022-10-23,22,TSU,tsunoda,AlphaTauri,alphatauri,Yuki,Tsunoda,https://www.formula1.com/content/dam/fom-website/drivers/Y/YUKTSU01_Yuki_Tsunoda/yuktsu01.png.transform/1col/image.png,10.0,10,19.0,,,,0 days 00:01:10.919000,Finished,1.0,56.0,29.3,35.5,49.6,5.5,False
2022,19,United States Grand Prix,Austin,R,2022-10-23,31,OCO,ocon,Alpine,alpine,Esteban,Ocon,https://www.formula1.com/content/dam/fom-website/drivers/E/ESTOCO01_Esteban_Ocon/estoco01.png.transform/1col/image.png,11.0,11,0.0,,,,0 days 00:01:12.875000,Finished,0.0,56.0,29.3,35.5,49.6,5.5,False
2022,19,United States Grand Prix,Austin,R,2022-10-23,24,ZHO,zhou,Alfa Romeo,alfa,Guanyu,Zhou,https://www.formula1.com/content/dam/fom-website/drivers/G/GUAZHO01_Guanyu_Zhou/guazho01.png.transform/1col/image.png,12.0,12,18.0,,,,0 days 00:01:16.164000,Finished,0.0,56.0,29.3,35.5,49.6,5.5,False
2022,19,United States Grand Prix,Austin,R,2022-10-23,23,ALB,albon,Williams,williams,Alexander,Albon,https://www.formula1.com/content/dam/fom-website/drivers/A/ALEALB01_Alexander_Albon/alealb01.png.transform/1col/image.png,13.0,13,8.0,,,,0 days 00:01:20.057000,Finished,0.0,56.0,29.3,35.5,49.6,5.5,False
2022,19,United States Grand Prix,Austin,R,2022-10-23,10,GAS,gasly,AlphaTauri,alphatauri,Pierre,Gasly,https://www.formula1.com/content/dam/fom-website/drivers/P/PIEGAS01_Pierre_Gasly/piegas01.png.transform/1col/image.png,14.0,14,11.0,,,,0 days 00:01:21.763000,Finished,0.0,56.0,29.3,35.5,49.6,5.5,False
2022,19,United States Grand Prix,Austin,R,2022-10-23,47,MSC,mick_schumacher,Haas F1 Team,haas,Mick,Schumacher,https://www.formula1.com/content/dam/fom-website/drivers/M/MICSCH02_Mick_Schumacher/micsch02.png.transform/1col/image.png,15.0,15,16.0,,,,0 days 00:01:24.490000,Finished,0.0,56.0,29.3,35.5,49.6,5.5,False
2022,19,United States Grand Prix,Austin,R,2022-10-23,3,RIC,ricciardo,McLaren,mclaren,Daniel,Ricciardo,https://www.formula1.com/content/dam/fom-website/drivers/D/DANRIC01_Daniel_Ricciardo/danric01.png.transform/1col/image.png,16.0,16,15.0,,,,0 days 00:01:30.487000,Finished,0.0,56.0,29.3,35.5,49.6,5.5,False
2022,19,United States Grand Prix,Austin,R,2022-10-23,6,LAT,latifi,Williams,williams,Nicholas,Latifi,https://www.formula1.com/content/dam/fom-website/drivers/N/NICLAF01_Nicholas_Latifi/niclaf01.png.transform/1col/image.png,17.0,17,17.0,,,,0 days 00:01:43.588000,Finished,0.0,56.0,29.3,35.5,49.6,5.5,False
2022,19,United States Grand Prix,Austin,R,2022-10-23,18,STR,stroll,Aston Martin,aston_martin,Lance,Stroll,https://www.formula1.com/content/dam/fom-website/drivers/L/LANSTR01_Lance_Stroll/lanstr01.png.transform/1col/image.png,18.0,R,5.0,,,,,Collision,0.0,21.0,29.3,35.5,49.6,5.5,False
2022,19,United States Grand Prix,Austin,R,2022-10-23,77,BOT,bottas,Alfa Romeo,alfa,Valtteri,Bottas,https://www.formula1.com/content/dam/fom-website/drivers/V/VALBOT01_Valtteri_Bottas/valbot01.png.transform/1col/image.png,19.0,R,7.0,,,,,Spun off,0.0,16.0,29.3,35.5,49.6,5.5,False
2022,19,United States Grand Prix,Austin,R,2022-10-23,55,SAI,sainz,Ferrari,ferrari,Carlos,Sainz,https://www.formula1.com/content/dam/fom-website/drivers/C/CARSAI01_Carlos_Sainz/carsai01.png.transform/1col/image.png,20.0,R,1.0,,,,,Collision damage,0.0,1.0,29.3,35.5,49.6,5.5,False
2022,20,Mexico City Grand Prix,Mexico City,R,2022-10-30,1,VER,max_verstappen,Red Bull Racing,red_bull,Max,Verstappen,https://www.formula1.com/content/dam/fom-website/drivers/M/MAXVER01_Max_Verstappen/maxver01.png.transform/1col/image.png,1.0,1,1.0,,,,0 days 01:38:36.729000,Finished,25.0,71.0,24.3,41.7,34.4,1.3,False
2022,20,Mexico City Grand Prix,Mexico City,R,2022-10-30,44,HAM,hamilton,Mercedes,mercedes,Lewis,Hamilton,https://www.formula1.com/content/dam/fom-website/drivers/L/LEWHAM01_Lewis_Hamilton/lewham01.png.transform/1col/image.png,2.0,2,3.0,,,,0 days 00:00:15.186000,Finished,18.0,71.0,24.3,41.7,34.4,1.3,False
2022,20,Mexico City Grand Prix,Mexico City,R,2022-10-30,11,PER,perez,Red Bull Racing,red_bull,Sergio,Perez,https://www.formula1.com/content/dam/fom-website/drivers/S/SERPER01_Sergio_Perez/serper01.png.transform/1col/image.png,3.0,3,4.0,,,,0 days 00:00:18.097000,Finished,15.0,71.0,24.3,41.7,34.4,1.3,False
2022,20,Mexico City Grand Prix,Mexico City,R,2022-10-30,63,RUS,russell,Mercedes,mercedes,George,Russell,https://www.formula1.com/content/dam/fom-website/drivers/G/GEORUS01_George_Russell/georus01.png.transform/1col/image.png,4.0,4,2.0,,,,0 days 00:00:49.431000,Finished,13.0,71.0,24.3,41.7,34.4,1.3,False
2022,20,Mexico City Grand Prix,Mexico City,R,2022-10-30,55,SAI,sainz,Ferrari,ferrari,Carlos,Sainz,https://www.formula1.com/content/dam/fom-website/drivers/C/CARSAI01_Carlos_Sainz/carsai01.png.transform/1col/image.png,5.0,5,5.0,,,,0 days 00:00:58.123000,Finished,10.0,71.0,24.3,41.7,34.4,1.3,False
2022,20,Mexico City Grand Prix,Mexico City,R,2022-10-30,16,LEC,leclerc,Ferrari,ferrari,Charles,Leclerc,https://www.formula1.com/content/dam/fom-website/drivers/C/CHALEC01_Charles_Leclerc/chalec01.png.transform/1col/image.png,6.0,6,7.0,,,,0 days 00:01:08.774000,Finished,8.0,71.0,24.3,41.7,34.4,1.3,False
2022,20,Mexico City Grand Prix,Mexico City,R,2022-10-30,3,RIC,ricciardo,McLaren,mclaren,Daniel,Ricciardo,https://www.formula1.com/content/dam/fom-website/drivers/D/DANRIC01_Daniel_Ricciardo/danric01.png.transform/1col/image.png,7.0,7,11.0,,,,,+1 Lap,6.0,70.0,24.3,41.7,34.4,1.3,False
2022,20,Mexico City Grand Prix,Mexico City,R,2022-10-30,31,OCO,ocon,Alpine,alpine,Esteban,Ocon,https://www.formula1.com/content/dam/fom-website/drivers/E/ESTOCO01_Esteban_Ocon/estoco01.png.transform/1col/image.png,8.0,8,10.0,,,,,+1 Lap,4.0,70.0,24.3,41.7,34.4,1.3,False
2022,20,Mexico City Grand Prix,Mexico City,R,2022-10-30,4,NOR,norris,McLaren,mclaren,Lando,Norris,https://www.formula1.com/content/dam/fom-website/drivers/L/LANNOR01_Lando_Norris/lannor01.png.transform/1col/image.png,9.0,9,8.0,,,,,+1 Lap,2.0,70.0,24.3,41.7,34.4,1.3,False
2022,20,Mexico City Grand Prix,Mexico City,R,2022-10-30,77,BOT,bottas,Alfa Romeo,alfa,Valtteri,Bottas,https://www.formula1.com/content/dam/fom-website/drivers/V/VALBOT01_Valtteri_Bottas/valbot01.png.transform/1col/image.png,10.0,10,6.0,,,,,+1 Lap,1.0,70.0,24.3,41.7,34.4,1.3,False
2022,20,Mexico City Grand Prix,Mexico City,R,2022-10-30,10,GAS,gasly,AlphaTauri,alphatauri,Pierre,Gasly,https://www.formula1.com/content/dam/fom-website/drivers/P/PIEGAS01_Pierre_Gasly/piegas01.png.transform/1col/image.png,11.0,11,14.0,,,,,+1 Lap,0.0,70.0,24.3,41.7,34.4,1.3,False
2022,20,Mexico City Grand Prix,Mexico City,R,2022-10-30,23,ALB,albon,Williams,williams,Alexander,Albon,https://www.formula1.com/content/dam/fom-website/drivers/A/ALEALB01_Alexander_Albon/alealb01.png.transform/1col/image.png,12.0,12,17.0,,,,,+1 Lap,0.0,70.0,24.3,41.7,34.4,1.3,False
2022,20,Mexico City Grand Prix,Mexico City,R,2022-10-30,24,ZHO,zhou,Alfa Romeo,alfa,Guanyu,Zhou,https://www.formula1.com/content/dam/fom-website/drivers/G/GUAZHO01_Guanyu_Zhou/guazho01.png.transform/1col/image.png,13.0,13,12.0,,,,,+1 Lap,0.0,70.0,24.3,41.7,34.4,1.3,False
2022,20,Mexico City Grand Prix,Mexico City,R,2022-10-30,5,VET,vettel,Aston Martin,aston_martin,Sebastian,Vettel,https://www.formula1.com/content/dam/fom-website/drivers/S/SEBVET01_Sebastian_Vettel/sebvet01.png.transform/1col/image.png,14.0,14,16.0,,,,,+1 Lap,0.0,70.0,24.3,41.7,34.4,1.3,False
2022,20,Mexico City Grand Prix,Mexico City,R,2022-10-30,18,STR,stroll,Aston Martin,aston_martin,Lance,Stroll,https://www.formula1.com/content/dam/fom-website/drivers/L/LANSTR01_Lance_Stroll/lanstr01.png.transform/1col/image.png,15.0,15,20.0,,,,,+1 Lap,0.0,70.0,24.3,41.7,34.4,1.3,False
2022,20,Mexico City Grand Prix,Mexico City,R,2022-10-30,47,MSC,mick_schumacher,Haas F1 Team,haas,Mick,Schumacher,https://www.formula1.com/content/dam/fom-website/drivers/M/MICSCH02_Mick_Schumacher/micsch02.png.transform/1col/image.png,16.0,16,15.0,,,,,+1 Lap,0.0,70.0,24.3,41.7,34.4,1.3,False
2022,20,Mexico City Grand Prix,Mexico City,R,2022-10-30,20,MAG,kevin_magnussen,Haas F1 Team,haas,Kevin,Magnussen,None,17.0,17,19.0,,,,,+1 Lap,0.0,70.0,24.3,41.7,34.4,1.3,False
2022,20,Mexico City Grand Prix,Mexico City,R,2022-10-30,6,LAT,latifi,Williams,williams,Nicholas,Latifi,https://www.formula1.com/content/dam/fom-website/drivers/N/NICLAF01_Nicholas_Latifi/niclaf01.png.transform/1col/image.png,18.0,18,18.0,,,,,+2 Laps,0.0,69.0,24.3,41.7,34.4,1.3,False
2022,20,Mexico City Grand Prix,Mexico City,R,2022-10-30,14,ALO,alonso,Alpine,alpine,Fernando,Alonso,https://www.formula1.com/content/dam/fom-website/drivers/F/FERALO01_Fernando_Alonso/feralo01.png.transform/1col/image.png,19.0,19,9.0,,,,,Engine,0.0,63.0,24.3,41.7,34.4,1.3,False
2022,20,Mexico City Grand Prix,Mexico City,R,2022-10-30,22,TSU,tsunoda,AlphaTauri,alphatauri,Yuki,Tsunoda,https://www.formula1.com/content/dam/fom-website/drivers/Y/YUKTSU01_Yuki_Tsunoda/yuktsu01.png.transform/1col/image.png,20.0,R,13.0,,,,,Collision damage,0.0,50.0,24.3,41.7,34.4,1.3,False
2022,21,São Paulo Grand Prix,São Paulo,R,2022-11-13,63,RUS,russell,Mercedes,mercedes,George,Russell,https://www.formula1.com/content/dam/fom-website/drivers/G/GEORUS01_George_Russell/georus01.png.transform/1col/image.png,1.0,1,1.0,,,,0 days 01:38:34.044000,Finished,26.0,71.0,23.0,46.0,76.1,1.4,False
2022,21,São Paulo Grand Prix,São Paulo,R,2022-11-13,44,HAM,hamilton,Mercedes,mercedes,Lewis,Hamilton,https://www.formula1.com/content/dam/fom-website/drivers/L/LEWHAM01_Lewis_Hamilton/lewham01.png.transform/1col/image.png,2.0,2,2.0,,,,0 days 00:00:01.529000,Finished,18.0,71.0,23.0,46.0,76.1,1.4,False
2022,21,São Paulo Grand Prix,São Paulo,R,2022-11-13,55,SAI,sainz,Ferrari,ferrari,Carlos,Sainz,https://www.formula1.com/content/dam/fom-website/drivers/C/CARSAI01_Carlos_Sainz/carsai01.png.transform/1col/image.png,3.0,3,7.0,,,,0 days 00:00:04.051000,Finished,15.0,71.0,23.0,46.0,76.1,1.4,False
2022,21,São Paulo Grand Prix,São Paulo,R,2022-11-13,16,LEC,leclerc,Ferrari,ferrari,Charles,Leclerc,https://www.formula1.com/content/dam/fom-website/drivers/C/CHALEC01_Charles_Leclerc/chalec01.png.transform/1col/image.png,4.0,4,5.0,,,,0 days 00:00:08.441000,Finished,12.0,71.0,23.0,46.0,76.1,1.4,False
2022,21,São Paulo Grand Prix,São Paulo,R,2022-11-13,14,ALO,alonso,Alpine,alpine,Fernando,Alonso,https://www.formula1.com/content/dam/fom-website/drivers/F/FERALO01_Fernando_Alonso/feralo01.png.transform/1col/image.png,5.0,5,17.0,,,,0 days 00:00:09.561000,Finished,10.0,71.0,23.0,46.0,76.1,1.4,False
2022,21,São Paulo Grand Prix,São Paulo,R,2022-11-13,1,VER,max_verstappen,Red Bull Racing,red_bull,Max,Verstappen,https://www.formula1.com/content/dam/fom-website/drivers/M/MAXVER01_Max_Verstappen/maxver01.png.transform/1col/image.png,6.0,6,3.0,,,,0 days 00:00:10.056000,Finished,8.0,71.0,23.0,46.0,76.1,1.4,False
2022,21,São Paulo Grand Prix,São Paulo,R,2022-11-13,11,PER,perez,Red Bull Racing,red_bull,Sergio,Perez,https://www.formula1.com/content/dam/fom-website/drivers/S/SERPER01_Sergio_Perez/serper01.png.transform/1col/image.png,7.0,7,4.0,,,,0 days 00:00:14.080000,Finished,6.0,71.0,23.0,46.0,76.1,1.4,False
2022,21,São Paulo Grand Prix,São Paulo,R,2022-11-13,31,OCO,ocon,Alpine,alpine,Esteban,Ocon,https://www.formula1.com/content/dam/fom-website/drivers/E/ESTOCO01_Esteban_Ocon/estoco01.png.transform/1col/image.png,8.0,8,16.0,,,,0 days 00:00:18.690000,Finished,4.0,71.0,23.0,46.0,76.1,1.4,False
2022,21,São Paulo Grand Prix,São Paulo,R,2022-11-13,77,BOT,bottas,Alfa Romeo,alfa,Valtteri,Bottas,https://www.formula1.com/content/dam/fom-website/drivers/V/VALBOT01_Valtteri_Bottas/valbot01.png.transform/1col/image.png,9.0,9,14.0,,,,0 days 00:00:22.552000,Finished,2.0,71.0,23.0,46.0,76.1,1.4,False
2022,21,São Paulo Grand Prix,São Paulo,R,2022-11-13,18,STR,stroll,Aston Martin,aston_martin,Lance,Stroll,https://www.formula1.com/content/dam/fom-website/drivers/L/LANSTR01_Lance_Stroll/lanstr01.png.transform/1col/image.png,10.0,10,15.0,,,,0 days 00:00:23.552000,Finished,1.0,71.0,23.0,46.0,76.1,1.4,False
2022,21,São Paulo Grand Prix,São Paulo,R,2022-11-13,5,VET,vettel,Aston Martin,aston_martin,Sebastian,Vettel,https://www.formula1.com/content/dam/fom-website/drivers/S/SEBVET01_Sebastian_Vettel/sebvet01.png.transform/1col/image.png,11.0,11,9.0,,,,0 days 00:00:26.183000,Finished,0.0,71.0,23.0,46.0,76.1,1.4,False
2022,21,São Paulo Grand Prix,São Paulo,R,2022-11-13,24,ZHO,zhou,Alfa Romeo,alfa,Guanyu,Zhou,https://www.formula1.com/content/dam/fom-website/drivers/G/GUAZHO01_Guanyu_Zhou/guazho01.png.transform/1col/image.png,12.0,12,13.0,,,,0 days 00:00:29.325000,Finished,0.0,71.0,23.0,46.0,76.1,1.4,False
2022,21,São Paulo Grand Prix,São Paulo,R,2022-11-13,47,MSC,mick_schumacher,Haas F1 Team,haas,Mick,Schumacher,https://www.formula1.com/content/dam/fom-website/drivers/M/MICSCH02_Mick_Schumacher/micsch02.png.transform/1col/image.png,13.0,13,12.0,,,,0 days 00:00:29.899000,Finished,0.0,71.0,23.0,46.0,76.1,1.4,False
2022,21,São Paulo Grand Prix,São Paulo,R,2022-11-13,10,GAS,gasly,AlphaTauri,alphatauri,Pierre,Gasly,https://www.formula1.com/content/dam/fom-website/drivers/P/PIEGAS01_Pierre_Gasly/piegas01.png.transform/1col/image.png,14.0,14,10.0,,,,0 days 00:00:31.867000,Finished,0.0,71.0,23.0,46.0,76.1,1.4,False
2022,21,São Paulo Grand Prix,São Paulo,R,2022-11-13,23,ALB,albon,Williams,williams,Alexander,Albon,https://www.formula1.com/content/dam/fom-website/drivers/A/ALEALB01_Alexander_Albon/alealb01.png.transform/1col/image.png,15.0,15,19.0,,,,0 days 00:00:36.016000,Finished,0.0,71.0,23.0,46.0,76.1,1.4,False
2022,21,São Paulo Grand Prix,São Paulo,R,2022-11-13,6,LAT,latifi,Williams,williams,Nicholas,Latifi,https://www.formula1.com/content/dam/fom-website/drivers/N/NICLAF01_Nicholas_Latifi/niclaf01.png.transform/1col/image.png,16.0,16,18.0,,,,0 days 00:00:37.038000,Finished,0.0,71.0,23.0,46.0,76.1,1.4,False
2022,21,São Paulo Grand Prix,São Paulo,R,2022-11-13,22,TSU,tsunoda,AlphaTauri,alphatauri,Yuki,Tsunoda,https://www.formula1.com/content/dam/fom-website/drivers/Y/YUKTSU01_Yuki_Tsunoda/yuktsu01.png.transform/1col/image.png,17.0,17,0.0,,,,,+1 Lap,0.0,70.0,23.0,46.0,76.1,1.4,False
2022,21,São Paulo Grand Prix,São Paulo,R,2022-11-13,4,NOR,norris,McLaren,mclaren,Lando,Norris,https://www.formula1.com/content/dam/fom-website/drivers/L/LANNOR01_Lando_Norris/lannor01.png.transform/1col/image.png,18.0,R,6.0,,,,,Gearbox,0.0,50.0,23.0,46.0,76.1,1.4,False
2022,21,São Paulo Grand Prix,São Paulo,R,2022-11-13,20,MAG,kevin_magnussen,Haas F1 Team,haas,Kevin,Magnussen,None,19.0,R,8.0,,,,,Collision,0.0,0.0,23.0,46.0,76.1,1.4,False
2022,21,São Paulo Grand Prix,São Paulo,R,2022-11-13,3,RIC,ricciardo,McLaren,mclaren,Daniel,Ricciardo,https://www.formula1.com/content/dam/fom-website/drivers/D/DANRIC01_Daniel_Ricciardo/danric01.png.transform/1col/image.png,20.0,R,11.0,,,,,Collision,0.0,0.0,23.0,46.0,76.1,1.4,False
2022,22,Abu Dhabi Grand Prix,Yas Island,R,2022-11-20,1,VER,max_verstappen,Red Bull Racing,red_bull,Max,Verstappen,https://www.formula1.com/content/dam/fom-website/drivers/M/MAXVER01_Max_Verstappen/maxver01.png.transform/1col/image.png,1.0,1,1.0,,,,0 days 01:27:45.914000,Finished,25.0,58.0,28.6,34.3,61.7,2.6,False
2022,22,Abu Dhabi Grand Prix,Yas Island,R,2022-11-20,16,LEC,leclerc,Ferrari,ferrari,Charles,Leclerc,https://www.formula1.com/content/dam/fom-website/drivers/C/CHALEC01_Charles_Leclerc/chalec01.png.transform/1col/image.png,2.0,2,3.0,,,,0 days 00:00:08.771000,Finished,18.0,58.0,28.6,34.3,61.7,2.6,False
2022,22,Abu Dhabi Grand Prix,Yas Island,R,2022-11-20,11,PER,perez,Red Bull Racing,red_bull,Sergio,Perez,https://www.formula1.com/content/dam/fom-website/drivers/S/SERPER01_Sergio_Perez/serper01.png.transform/1col/image.png,3.0,3,2.0,,,,0 days 00:00:10.093000,Finished,15.0,58.0,28.6,34.3,61.7,2.6,False
2022,22,Abu Dhabi Grand Prix,Yas Island,R,2022-11-20,55,SAI,sainz,Ferrari,ferrari,Carlos,Sainz,https://www.formula1.com/content/dam/fom-website/drivers/C/CARSAI01_Carlos_Sainz/carsai01.png.transform/1col/image.png,4.0,4,4.0,,,,0 days 00:00:24.892000,Finished,12.0,58.0,28.6,34.3,61.7,2.6,False
2022,22,Abu Dhabi Grand Prix,Yas Island,R,2022-11-20,63,RUS,russell,Mercedes,mercedes,George,Russell,https://www.formula1.com/content/dam/fom-website/drivers/G/GEORUS01_George_Russell/georus01.png.transform/1col/image.png,5.0,5,6.0,,,,0 days 00:00:35.888000,Finished,10.0,58.0,28.6,34.3,61.7,2.6,False
2022,22,Abu Dhabi Grand Prix,Yas Island,R,2022-11-20,4,NOR,norris,McLaren,mclaren,Lando,Norris,https://www.formula1.com/content/dam/fom-website/drivers/L/LANNOR01_Lando_Norris/lannor01.png.transform/1col/image.png,6.0,6,7.0,,,,0 days 00:00:56.234000,Finished,9.0,58.0,28.6,34.3,61.7,2.6,False
2022,22,Abu Dhabi Grand Prix,Yas Island,R,2022-11-20,31,OCO,ocon,Alpine,alpine,Esteban,Ocon,https://www.formula1.com/content/dam/fom-website/drivers/E/ESTOCO01_Esteban_Ocon/estoco01.png.transform/1col/image.png,7.0,7,8.0,,,,0 days 00:00:57.240000,Finished,6.0,58.0,28.6,34.3,61.7,2.6,False
2022,22,Abu Dhabi Grand Prix,Yas Island,R,2022-11-20,18,STR,stroll,Aston Martin,aston_martin,Lance,Stroll,https://www.formula1.com/content/dam/fom-website/drivers/L/LANSTR01_Lance_Stroll/lanstr01.png.transform/1col/image.png,8.0,8,14.0,,,,0 days 00:01:16.931000,Finished,4.0,58.0,28.6,34.3,61.7,2.6,False
2022,22,Abu Dhabi Grand Prix,Yas Island,R,2022-11-20,3,RIC,ricciardo,McLaren,mclaren,Daniel,Ricciardo,https://www.formula1.com/content/dam/fom-website/drivers/D/DANRIC01_Daniel_Ricciardo/danric01.png.transform/1col/image.png,9.0,9,13.0,,,,0 days 00:01:23.268000,Finished,2.0,58.0,28.6,34.3,61.7,2.6,False
2022,22,Abu Dhabi Grand Prix,Yas Island,R,2022-11-20,5,VET,vettel,Aston Martin,aston_martin,Sebastian,Vettel,https://www.formula1.com/content/dam/fom-website/drivers/S/SEBVET01_Sebastian_Vettel/sebvet01.png.transform/1col/image.png,10.0,10,9.0,,,,0 days 00:01:23.898000,Finished,1.0,58.0,28.6,34.3,61.7,2.6,False
2022,22,Abu Dhabi Grand Prix,Yas Island,R,2022-11-20,22,TSU,tsunoda,AlphaTauri,alphatauri,Yuki,Tsunoda,https://www.formula1.com/content/dam/fom-website/drivers/Y/YUKTSU01_Yuki_Tsunoda/yuktsu01.png.transform/1col/image.png,11.0,11,11.0,,,,0 days 00:01:29.371000,Finished,0.0,58.0,28.6,34.3,61.7,2.6,False
2022,22,Abu Dhabi Grand Prix,Yas Island,R,2022-11-20,24,ZHO,zhou,Alfa Romeo,alfa,Guanyu,Zhou,https://www.formula1.com/content/dam/fom-website/drivers/G/GUAZHO01_Guanyu_Zhou/guazho01.png.transform/1col/image.png,12.0,12,15.0,,,,,+1 Lap,0.0,57.0,28.6,34.3,61.7,2.6,False
2022,22,Abu Dhabi Grand Prix,Yas Island,R,2022-11-20,23,ALB,albon,Williams,williams,Alexander,Albon,https://www.formula1.com/content/dam/fom-website/drivers/A/ALEALB01_Alexander_Albon/alealb01.png.transform/1col/image.png,13.0,13,19.0,,,,,+1 Lap,0.0,57.0,28.6,34.3,61.7,2.6,False
2022,22,Abu Dhabi Grand Prix,Yas Island,R,2022-11-20,10,GAS,gasly,AlphaTauri,alphatauri,Pierre,Gasly,https://www.formula1.com/content/dam/fom-website/drivers/P/PIEGAS01_Pierre_Gasly/piegas01.png.transform/1col/image.png,14.0,14,17.0,,,,,+1 Lap,0.0,57.0,28.6,34.3,61.7,2.6,False
2022,22,Abu Dhabi Grand Prix,Yas Island,R,2022-11-20,77,BOT,bottas,Alfa Romeo,alfa,Valtteri,Bottas,https://www.formula1.com/content/dam/fom-website/drivers/V/VALBOT01_Valtteri_Bottas/valbot01.png.transform/1col/image.png,15.0,15,18.0,,,,,+1 Lap,0.0,57.0,28.6,34.3,61.7,2.6,False
2022,22,Abu Dhabi Grand Prix,Yas Island,R,2022-11-20,47,MSC,mick_schumacher,Haas F1 Team,haas,Mick,Schumacher,https://www.formula1.com/content/dam/fom-website/drivers/M/MICSCH02_Mick_Schumacher/micsch02.png.transform/1col/image.png,16.0,16,12.0,,,,,+1 Lap,0.0,57.0,28.6,34.3,61.7,2.6,False
2022,22,Abu Dhabi Grand Prix,Yas Island,R,2022-11-20,20,MAG,kevin_magnussen,Haas F1 Team,haas,Kevin,Magnussen,None,17.0,17,16.0,,,,,+1 Lap,0.0,57.0,28.6,34.3,61.7,2.6,False
2022,22,Abu Dhabi Grand Prix,Yas Island,R,2022-11-20,44,HAM,hamilton,Mercedes,mercedes,Lewis,Hamilton,https://www.formula1.com/content/dam/fom-website/drivers/L/LEWHAM01_Lewis_Hamilton/lewham01.png.transform/1col/image.png,18.0,18,5.0,,,,,Hydraulics,0.0,55.0,28.6,34.3,61.7,2.6,False
2022,22,Abu Dhabi Grand Prix,Yas Island,R,2022-11-20,6,LAT,latifi,Williams,williams,Nicholas,Latifi,https://www.formula1.com/content/dam/fom-website/drivers/N/NICLAF01_Nicholas_Latifi/niclaf01.png.transform/1col/image.png,19.0,19,20.0,,,,,Collision damage,0.0,55.0,28.6,34.3,61.7,2.6,False
2022,22,Abu Dhabi Grand Prix,Yas Island,R,2022-11-20,14,ALO,alonso,Alpine,alpine,Fernando,Alonso,https://www.formula1.com/content/dam/fom-website/drivers/F/FERALO01_Fernando_Alonso/feralo01.png.transform/1col/image.png,20.0,R,10.0,,,,,Water leak,0.0,27.0,28.6,34.3,61.7,2.6,False
