Season,Round,EventName,Circuit,SessionType,EventDate,DriverNumber,Abbreviation,DriverId,TeamName,TeamId,FirstName,LastName,HeadshotUrl,Position,ClassifiedPosition,GridPosition,Q1,Q2,Q3,Time,Status,Points,Laps,AirTemp_mean,TrackTemp_mean,Humidity_mean,WindSpeed_mean,Rainfall
2024,1,Bahrain Grand Prix,Sakhir,Q,2024-03-02,1,VER,max_verstappen,Red Bull Racing,red_bull,Max,Verstappen,https://media.formula1.com/d_driver_fallback_image.png/content/dam/fom-website/drivers/M/MAXVER01_Max_Verstappen/maxver01.png.transform/1col/image.png,1.0,,,0 days 00:01:30.031000,0 days 00:01:29.374000,0 days 00:01:29.179000,,,,,18.0,21.5,46.9,2.0,False
2024,1,Bahrain Grand Prix,Sakhir,Q,2024-03-02,16,LEC,leclerc,Ferrari,ferrari,Charles,Leclerc,https://media.formula1.com/d_driver_fallback_image.png/content/dam/fom-website/drivers/C/CHALEC01_Charles_Leclerc/chalec01.png.transform/1col/image.png,2.0,,,0 days 00:01:30.243000,0 days 00:01:29.165000,0 days 00:01:29.407000,,,,,18.0,21.5,46.9,2.0,False
2024,1,Bahrain Grand Prix,Sakhir,Q,2024-03-02,63,RUS,russell,Mercedes,mercedes,George,Russell,https://media.formula1.com/d_driver_fallback_image.png/content/dam/fom-website/drivers/G/GEORUS01_George_Russell/georus01.png.transform/1col/image.png,3.0,,,0 days 00:01:30.350000,0 days 00:01:29.922000,0 days 00:01:29.485000,,,,,18.0,21.5,46.9,2.0,False
2024,1,Bahrain Grand Prix,Sakhir,Q,2024-03-02,55,SAI,sainz,Ferrari,ferrari,Carlos,Sainz,https://media.formula1.com/d_driver_fallback_image.png/content/dam/fom-website/drivers/C/CARSAI01_Carlos_Sainz/carsai01.png.transform/1col/image.png,4.0,,,0 days 00:01:29.909000,0 days 00:01:29.573000,0 days 00:01:29.507000,,,,,18.0,21.5,46.9,2.0,False
2024,1,Bahrain Grand Prix,Sakhir,Q,2024-03-02,11,PER,perez,Red Bull Racing,red_bull,Sergio,Perez,https://media.formula1.com/d_driver_fallback_image.png/content/dam/fom-website/drivers/S/SERPER01_Sergio_Perez/serper01.png.transform/1col/image.png,5.0,,,0 days 00:01:30.221000,0 days 00:01:29.932000,0 days 00:01:29.537000,,,,,18.0,21.5,46.9,2.0,False
2024,1,Bahrain Grand Prix,Sakhir,Q,2024-03-02,14,ALO,alonso,Aston Martin,aston_martin,Fernando,Alonso,https://media.formula1.com/d_driver_fallback_image.png/content/dam/fom-website/drivers/F/FERALO01_Fernando_Alonso/feralo01.png.transform/1col/image.png,6.0,,,0 days 00:01:30.179000,0 days 00:01:29.801000,0 days 00:01:29.542000,,,,,18.0,21.5,46.9,2.0,False
2024,1,Bahrain Grand Prix,Sakhir,Q,2024-03-02,4,NOR,norris,McLaren,mclaren,Lando,Norris,https://media.formula1.com/d_driver_fallback_image.png/content/dam/fom-website/drivers/L/LANNOR01_Lando_Norris/lannor01.png.transform/1col/image.png,7.0,,,0 days 00:01:30.143000,0 days 00:01:29.941000,0 days 00:01:29.614000,,,,,18.0,21.5,46.9,2.0,False
2024,1,Bahrain Grand Prix,Sakhir,Q,2024-03-02,81,PIA,piastri,McLaren,mclaren,Oscar,Piastri,https://media.formula1.com/d_driver_fallback_image.png/content/dam/fom-website/drivers/O/OSCPIA01_Oscar_Piastri/oscpia01.png.transform/1col/image.png,8.0,,,0 days 00:01:30.531000,0 days 00:01:30.122000,0 days 00:01:29.683000,,,,,18.0,21.5,46.9,2.0,False
2024,1,Bahrain Grand Prix,Sakhir,Q,2024-03-02,44,HAM,hamilton,Mercedes,mercedes,Lewis,Hamilton,https://media.formula1.com/d_driver_fallback_image.png/content/dam/fom-website/drivers/L/LEWHAM01_Lewis_Hamilton/lewham01.png.transform/1col/image.png,9.0,,,0 days 00:01:30.451000,0 days 00:01:29.718000,0 days 00:01:29.710000,,,,,18.0,21.5,46.9,2.0,False
2024,1,Bahrain Grand Prix,Sakhir,Q,2024-03-02,27,HUL,hulkenberg,Haas F1 Team,haas,Nico,Hulkenberg,https://media.formula1.com/d_driver_fallback_image.png/content/dam/fom-website/drivers/N/NICHUL01_Nico_Hulkenberg/nichul01.png.transform/1col/image.png,10.0,,,0 days 00:01:30.566000,0 days 00:01:29.851000,0 days 00:01:30.502000,,,,,18.0,21.5,46.9,2.0,False
2024,1,Bahrain Grand Prix,Sakhir,Q,2024-03-02,22,TSU,tsunoda,RB,rb,Yuki,Tsunoda,https://media.formula1.com/d_driver_fallback_image.png/content/dam/fom-website/drivers/Y/YUKTSU01_Yuki_Tsunoda/yuktsu01.png.transform/1col/image.png,11.0,,,0 days 00:01:30.481000,0 days 00:01:30.129000,,,,,,18.0,21.5,46.9,2.0,False
2024,1,Bahrain Grand Prix,Sakhir,Q,2024-03-02,18,STR,stroll,Aston Martin,aston_martin,Lance,Stroll,https://media.formula1.com/d_driver_fallback_image.png/content/dam/fom-website/drivers/L/LANSTR01_Lance_Stroll/lanstr01.png.transform/1col/image.png,12.0,,,0 days 00:01:29.965000,0 days 00:01:30.200000,,,,,,18.0,21.5,46.9,2.0,False
2024,1,Bahrain Grand Prix,Sakhir,Q,2024-03-02,23,ALB,albon,Williams,williams,Alexander,Albon,https://media.formula1.com/d_driver_fallback_image.png/content/dam/fom-website/drivers/A/ALEALB01_Alexander_Albon/alealb01.png.transform/1col/image.png,13.0,,,0 days 00:01:30.397000,0 days 00:01:30.221000,,,,,,18.0,21.5,46.9,2.0,False
2024,1,Bahrain Grand Prix,Sakhir,Q,2024-03-02,3,RIC,ricciardo,RB,rb,Daniel,Ricciardo,https://media.formula1.com/d_driver_fallback_image.png/content/dam/fom-website/drivers/D/DANRIC01_Daniel_Ricciardo/danric01.png.transform/1col/image.png,14.0,,,0 days 00:01:30.562000,0 days 00:01:30.278000,,,,,,18.0,21.5,46.9,2.0,False
2024,1,Bahrain Grand Prix,Sakhir,Q,2024-03-02,20,MAG,kevin_magnussen,Haas F1 Team,haas,Kevin,Magnussen,https://media.formula1.com/d_driver_fallback_image.png/content/dam/fom-website/drivers/K/KEVMAG01_Kevin_Magnussen/kevmag01.png.transform/1col/image.png,15.0,,,0 days 00:01:30.646000,0 days 00:01:30.529000,,,,,,18.0,21.5,46.9,2.0,False
2024,1,Bahrain Grand Prix,Sakhir,Q,2024-03-02,77,BOT,bottas,Kick Sauber,sauber,Valtteri,Bottas,https://media.formula1.com/d_driver_fallback_image.png/content/dam/fom-website/drivers/V/VALBOT01_Valtteri_Bottas/valbot01.png.transform/1col/image.png,16.0,,,0 days 00:01:30.756000,,,,,,,18.0,21.5,46.9,2.0,False
2024,1,Bahrain Grand Prix,Sakhir,Q,2024-03-02,24,ZHO,zhou,Kick Sauber,sauber,Guanyu,Zhou,https://media.formula1.com/d_driver_fallback_image.png/content/dam/fom-website/drivers/G/GUAZHO01_Guanyu_Zhou/guazho01.png.transform/1col/image.png,17.0,,,0 days 00:01:30.757000,,,,,,,18.0,21.5,46.9,2.0,False
2024,1,Bahrain Grand Prix,Sakhir,Q,2024-03-02,2,SAR,sargeant,Williams,williams,Logan,Sargeant,https://media.formula1.com/d_driver_fallback_image.png/content/dam/fom-website/drivers/L/LOGSAR01_Logan_Sargeant/logsar01.png.transform/1col/image.png,18.0,,,0 days 00:01:30.770000,,,,,,,18.0,21.5,46.9,2.0,False
2024,1,Bahrain Grand Prix,Sakhir,Q,2024-03-02,31,OCO,ocon,Alpine,alpine,Esteban,Ocon,https://media.formula1.com/d_driver_fallback_image.png/content/dam/fom-website/drivers/E/ESTOCO01_Esteban_Ocon/estoco01.png.transform/1col/image.png,19.0,,,0 days 00:01:30.793000,,,,,,,18.0,21.5,46.9,2.0,False
2024,1,Bahrain Grand Prix,Sakhir,Q,2024-03-02,10,GAS,gasly,Alpine,alpine,Pierre,Gasly,https://media.formula1.com/d_driver_fallback_image.png/content/dam/fom-website/drivers/P/PIEGAS01_Pierre_Gasly/piegas01.png.transform/1col/image.png,20.0,,,0 days 00:01:30.948000,,,,,,,18.0,21.5,46.9,2.0,False
2024,2,Saudi Arabian Grand Prix,Jeddah,Q,2024-03-09,1,VER,max_verstappen,Red Bull Racing,red_bull,Max,Verstappen,https://media.formula1.com/d_driver_fallback_image.png/content/dam/fom-website/drivers/M/MAXVER01_Max_Verstappen/maxver01.png.transform/1col/image.png,1.0,,,0 days 00:01:28.171000,0 days 00:01:28.033000,0 days 00:01:27.472000,,,,,25.1,30.8,56.1,1.5,False
2024,2,Saudi Arabian Grand Prix,Jeddah,Q,2024-03-09,16,LEC,leclerc,Ferrari,ferrari,Charles,Leclerc,https://media.formula1.com/d_driver_fallback_image.png/content/dam/fom-website/drivers/C/CHALEC01_Charles_Leclerc/chalec01.png.transform/1col/image.png,2.0,,,0 days 00:01:28.318000,0 days 00:01:28.112000,0 days 00:01:27.791000,,,,,25.1,30.8,56.1,1.5,False
2024,2,Saudi Arabian Grand Prix,Jeddah,Q,2024-03-09,11,PER,perez,Red Bull Racing,red_bull,Sergio,Perez,https://media.formula1.com/d_driver_fallback_image.png/content/dam/fom-website/drivers/S/SERPER01_Sergio_Perez/serper01.png.transform/1col/image.png,3.0,,,0 days 00:01:28.638000,0 days 00:01:28.467000,0 days 00:01:27.807000,,,,,25.1,30.8,56.1,1.5,False
2024,2,Saudi Arabian Grand Prix,Jeddah,Q,2024-03-09,14,ALO,alonso,Aston Martin,aston_martin,Fernando,Alonso,https://media.formula1.com/d_driver_fallback_image.png/content/dam/fom-website/drivers/F/FERALO01_Fernando_Alonso/feralo01.png.transform/1col/image.png,4.0,,,0 days 00:01:28.706000,0 days 00:01:28.122000,0 days 00:01:27.846000,,,,,25.1,30.8,56.1,1.5,False
2024,2,Saudi Arabian Grand Prix,Jeddah,Q,2024-03-09,81,PIA,piastri,McLaren,mclaren,Oscar,Piastri,https://media.formula1.com/d_driver_fallback_image.png/content/dam/fom-website/drivers/O/OSCPIA01_Oscar_Piastri/oscpia01.png.transform/1col/image.png,5.0,,,0 days 00:01:28.755000,0 days 00:01:28.343000,0 days 00:01:28.089000,,,,,25.1,30.8,56.1,1.5,False
2024,2,Saudi Arabian Grand Prix,Jeddah,Q,2024-03-09,4,NOR,norris,McLaren,mclaren,Lando,Norris,https://media.formula1.com/d_driver_fallback_image.png/content/dam/fom-website/drivers/L/LANNOR01_Lando_Norris/lannor01.png.transform/1col/image.png,6.0,,,0 days 00:01:28.805000,0 days 00:01:28.479000,0 days 00:01:28.132000,,,,,25.1,30.8,56.1,1.5,False
2024,2,Saudi Arabian Grand Prix,Jeddah,Q,2024-03-09,63,RUS,russell,Mercedes,mercedes,George,Russell,https://media.formula1.com/d_driver_fallback_image.png/content/dam/fom-website/drivers/G/GEORUS01_George_Russell/georus01.png.transform/1col/image.png,7.0,,,0 days 00:01:28.749000,0 days 00:01:28.448000,0 days 00:01:28.316000,,,,,25.1,30.8,56.1,1.5,False
2024,2,Saudi Arabian Grand Prix,Jeddah,Q,2024-03-09,44,HAM,hamilton,Mercedes,mercedes,Lewis,Hamilton,https://media.formula1.com/d_driver_fallback_image.png/content/dam/fom-website/drivers/L/LEWHAM01_Lewis_Hamilton/lewham01.png.transform/1col/image.png,8.0,,,0 days 00:01:28.994000,0 days 00:01:28.606000,0 days 00:01:28.460000,,,,,25.1,30.8,56.1,1.5,False
2024,2,Saudi Arabian Grand Prix,Jeddah,Q,2024-03-09,22,TSU,tsunoda,RB,rb,Yuki,Tsunoda,https://media.formula1.com/d_driver_fallback_image.png/content/dam/fom-website/drivers/Y/YUKTSU01_Yuki_Tsunoda/yuktsu01.png.transform/1col/image.png,9.0,,,0 days 00:01:28.988000,0 days 00:01:28.564000,0 days 00:01:28.547000,,,,,25.1,30.8,56.1,1.5,False
2024,2,Saudi Arabian Grand Prix,Jeddah,Q,2024-03-09,18,STR,stroll,Aston Martin,aston_martin,Lance,Stroll,https://media.formula1.com/d_driver_fallback_image.png/content/dam/fom-website/drivers/L/LANSTR01_Lance_Stroll/lanstr01.png.transform/1col/image.png,10.0,,,0 days 00:01:28.250000,0 days 00:01:28.578000,0 days 00:01:28.572000,,,,,25.1,30.8,56.1,1.5,False
2024,2,Saudi Arabian Grand Prix,Jeddah,Q,2024-03-09,38,BEA,bearman,Ferrari,ferrari,Oliver,Bearman,None,11.0,,,0 days 00:01:28.984000,0 days 00:01:28.642000,,,,,,25.1,30.8,56.1,1.5,False
2024,2,Saudi Arabian Grand Prix,Jeddah,Q,2024-03-09,23,ALB,albon,Williams,williams,Alexander,Albon,https://media.formula1.com/d_driver_fallback_image.png/content/dam/fom-website/drivers/A/ALEALB01_Alexander_Albon/alealb01.png.transform/1col/image.png,12.0,,,0 days 00:01:29.107000,0 days 00:01:28.980000,,,,,,25.1,30.8,56.1,1.5,False
2024,2,Saudi Arabian Grand Prix,Jeddah,Q,2024-03-09,20,MAG,kevin_magnussen,Haas F1 Team,haas,Kevin,Magnussen,https://media.formula1.com/d_driver_fallback_image.png/content/dam/fom-website/drivers/K/KEVMAG01_Kevin_Magnussen/kevmag01.png.transform/1col/image.png,13.0,,,0 days 00:01:29.069000,0 days 00:01:29.020000,,,,,,25.1,30.8,56.1,1.5,False
2024,2,Saudi Arabian Grand Prix,Jeddah,Q,2024-03-09,3,RIC,ricciardo,RB,rb,Daniel,Ricciardo,https://media.formula1.com/d_driver_fallback_image.png/content/dam/fom-website/drivers/D/DANRIC01_Daniel_Ricciardo/danric01.png.transform/1col/image.png,14.0,,,0 days 00:01:29.065000,0 days 00:01:29.025000,,,,,,25.1,30.8,56.1,1.5,False
2024,2,Saudi Arabian Grand Prix,Jeddah,Q,2024-03-09,27,HUL,hulkenberg,Haas F1 Team,haas,Nico,Hulkenberg,https://media.formula1.com/d_driver_fallback_image.png/content/dam/fom-website/drivers/N/NICHUL01_Nico_Hulkenberg/nichul01.png.transform/1col/image.png,15.0,,,0 days 00:01:29.055000,,,,,,,25.1,30.8,56.1,1.5,False
2024,2,Saudi Arabian Grand Prix,Jeddah,Q,2024-03-09,77,BOT,bottas,Kick Sauber,sauber,Valtteri,Bottas,https://media.formula1.com/d_driver_fallback_image.png/content/dam/fom-website/drivers/V/VALBOT01_Valtteri_Bottas/valbot01.png.transform/1col/image.png,16.0,,,0 days 00:01:29.179000,,,,,,,25.1,30.8,56.1,1.5,False
2024,2,Saudi Arabian Grand Prix,Jeddah,Q,2024-03-09,31,OCO,ocon,Alpine,alpine,Esteban,Ocon,https://media.formula1.com/d_driver_fallback_image.png/content/dam/fom-website/drivers/E/ESTOCO01_Esteban_Ocon/estoco01.png.transform/1col/image.png,17.0,,,0 days 00:01:29.475000,,,,,,,25.1,30.8,56.1,1.5,False
2024,2,Saudi Arabian Grand Prix,Jeddah,Q,2024-03-09,10,GAS,gasly,Alpine,alpine,Pierre,Gasly,https://media.formula1.com/d_driver_fallback_image.png/content/dam/fom-website/drivers/P/PIEGAS01_Pierre_Gasly/piegas01.png.transform/1col/image.png,18.0,,,0 days 00:01:29.479000,,,,,,,25.1,30.8,56.1,1.5,False
2024,2,Saudi Arabian Grand Prix,Jeddah,Q,2024-03-09,2,SAR,sargeant,Williams,williams,Logan,Sargeant,https://media.formula1.com/d_driver_fallback_image.png/content/dam/fom-website/drivers/L/LOGSAR01_Logan_Sargeant/logsar01.png.transform/1col/image.png,19.0,,,0 days 00:01:29.526000,,,,,,,25.1,30.8,56.1,1.5,False
2024,2,Saudi Arabian Grand Prix,Jeddah,Q,2024-03-09,24,ZHO,zhou,Kick Sauber,sauber,Guanyu,Zhou,https://media.formula1.com/d_driver_fallback_image.png/content/dam/fom-website/drivers/G/GUAZHO01_Guanyu_Zhou/guazho01.png.transform/1col/image.png,20.0,,,,,,,,,,25.1,30.8,56.1,1.5,False
2024,3,Australian Grand Prix,Melbourne,Q,2024-03-24,1,VER,max_verstappen,Red Bull Racing,red_bull,Max,Verstappen,https://media.formula1.com/d_driver_fallback_image.png/content/dam/fom-website/drivers/M/MAXVER01_Max_Verstappen/maxver01.png.transform/1col/image.png,1.0,,,0 days 00:01:16.819000,0 days 00:01:16.387000,0 days 00:01:15.915000,,,,,18.7,34.4,53.6,1.5,True
2024,3,Australian Grand Prix,Melbourne,Q,2024-03-24,55,SAI,sainz,Ferrari,ferrari,Carlos,Sainz,https://media.formula1.com/d_driver_fallback_image.png/content/dam/fom-website/drivers/C/CARSAI01_Carlos_Sainz/carsai01.png.transform/1col/image.png,2.0,,,0 days 00:01:16.731000,0 days 00:01:16.189000,0 days 00:01:16.185000,,,,,18.7,34.4,53.6,1.5,True
2024,3,Australian Grand Prix,Melbourne,Q,2024-03-24,11,PER,perez,Red Bull Racing,red_bull,Sergio,Perez,https://media.formula1.com/d_driver_fallback_image.png/content/dam/fom-website/drivers/S/SERPER01_Sergio_Perez/serper01.png.transform/1col/image.png,3.0,,,0 days 00:01:16.805000,0 days 00:01:16.631000,0 days 00:01:16.274000,,,,,18.7,34.4,53.6,1.5,True
2024,3,Australian Grand Prix,Melbourne,Q,2024-03-24,4,NOR,norris,McLaren,mclaren,Lando,Norris,https://media.formula1.com/d_driver_fallback_image.png/content/dam/fom-website/drivers/L/LANNOR01_Lando_Norris/lannor01.png.transform/1col/image.png,4.0,,,0 days 00:01:17.430000,0 days 00:01:16.750000,0 days 00:01:16.315000,,,,,18.7,34.4,53.6,1.5,True
2024,3,Australian Grand Prix,Melbourne,Q,2024-03-24,16,LEC,leclerc,Ferrari,ferrari,Charles,Leclerc,https://media.formula1.com/d_driver_fallback_image.png/content/dam/fom-website/drivers/C/CHALEC01_Charles_Leclerc/chalec01.png.transform/1col/image.png,5.0,,,0 days 00:01:16.984000,0 days 00:01:16.304000,0 days 00:01:16.435000,,,,,18.7,34.4,53.6,1.5,True
2024,3,Australian Grand Prix,Melbourne,Q,2024-03-24,81,PIA,piastri,McLaren,mclaren,Oscar,Piastri,https://media.formula1.com/d_driver_fallback_image.png/content/dam/fom-website/drivers/O/OSCPIA01_Oscar_Piastri/oscpia01.png.transform/1col/image.png,6.0,,,0 days 00:01:17.369000,0 days 00:01:16.601000,0 days 00:01:16.572000,,,,,18.7,34.4,53.6,1.5,True
2024,3,Australian Grand Prix,Melbourne,Q,2024-03-24,63,RUS,russell,Mercedes,mercedes,George,Russell,https://media.formula1.com/d_driver_fallback_image.png/content/dam/fom-website/drivers/G/GEORUS01_George_Russell/georus01.png.transform/1col/image.png,7.0,,,0 days 00:01:17.062000,0 days 00:01:16.901000,0 days 00:01:16.724000,,,,,18.7,34.4,53.6,1.5,True
2024,3,Australian Grand Prix,Melbourne,Q,2024-03-24,22,TSU,tsunoda,RB,rb,Yuki,Tsunoda,https://media.formula1.com/d_driver_fallback_image.png/content/dam/fom-website/drivers/Y/YUKTSU01_Yuki_Tsunoda/yuktsu01.png.transform/1col/image.png,8.0,,,0 days 00:01:17.356000,0 days 00:01:16.791000,0 days 00:01:16.788000,,,,,18.7,34.4,53.6,1.5,True
2024,3,Australian Grand Prix,Melbourne,Q,2024-03-24,18,STR,stroll,Aston Martin,aston_martin,Lance,Stroll,https://media.formula1.com/d_driver_fallback_image.png/content/dam/fom-website/drivers/L/LANSTR01_Lance_Stroll/lanstr01.png.transform/1col/image.png,9.0,,,0 days 00:01:17.376000,0 days 00:01:16.780000,0 days 00:01:17.072000,,,,,18.7,34.4,53.6,1.5,True
2024,3,Australian Grand Prix,Melbourne,Q,2024-03-24,14,ALO,alonso,Aston Martin,aston_martin,Fernando,Alonso,https://media.formula1.com/d_driver_fallback_image.png/content/dam/fom-website/drivers/F/FERALO01_Fernando_Alonso/feralo01.png.transform/1col/image.png,10.0,,,0 days 00:01:16.991000,0 days 00:01:16.710000,0 days 00:01:17.552000,,,,,18.7,34.4,53.6,1.5,True
2024,3,Australian Grand Prix,Melbourne,Q,2024-03-24,44,HAM,hamilton,Mercedes,mercedes,Lewis,Hamilton,https://media.formula1.com/d_driver_fallback_image.png/content/dam/fom-website/drivers/L/LEWHAM01_Lewis_Hamilton/lewham01.png.transform/1col/image.png,11.0,,,0 days 00:01:17.499000,0 days 00:01:16.960000,,,,,,18.7,34.4,53.6,1.5,True
2024,3,Australian Grand Prix,Melbourne,Q,2024-03-24,23,ALB,albon,Williams,williams,Alexander,Albon,https://media.formula1.com/d_driver_fallback_image.png/content/dam/fom-website/drivers/A/ALEALB01_Alexander_Albon/alealb01.png.transform/1col/image.png,12.0,,,0 days 00:01:17.130000,0 days 00:01:17.167000,,,,,,18.7,34.4,53.6,1.5,True
2024,3,Australian Grand Prix,Melbourne,Q,2024-03-24,77,BOT,bottas,Kick Sauber,sauber,Valtteri,Bottas,https://media.formula1.com/d_driver_fallback_image.png/content/dam/fom-website/drivers/V/VALBOT01_Valtteri_Bottas/valbot01.png.transform/1col/image.png,13.0,,,0 days 00:01:17.543000,0 days 00:01:17.340000,,,,,,18.7,34.4,53.6,1.5,True
2024,3,Australian Grand Prix,Melbourne,Q,2024-03-24,20,MAG,kevin_magnussen,Haas F1 Team,haas,Kevin,Magnussen,https://media.formula1.com/d_driver_fallback_image.png/content/dam/fom-website/drivers/K/KEVMAG01_Kevin_Magnussen/kevmag01.png.transform/1col/image.png,14.0,,,0 days 00:01:17.709000,0 days 00:01:17.427000,,,,,,18.7,34.4,53.6,1.5,True
2024,3,Australian Grand Prix,Melbourne,Q,2024-03-24,31,OCO,ocon,Alpine,alpine,Esteban,Ocon,https://media.formula1.com/d_driver_fallback_image.png/content/dam/fom-website/drivers/E/ESTOCO01_Esteban_Ocon/estoco01.png.transform/1col/image.png,15.0,,,0 days 00:01:17.617000,0 days 00:01:17.697000,,,,,,18.7,34.4,53.6,1.5,True
2024,3,Australian Grand Prix,Melbourne,Q,2024-03-24,27,HUL,hulkenberg,Haas F1 Team,haas,Nico,Hulkenberg,https://media.formula1.com/d_driver_fallback_image.png/content/dam/fom-website/drivers/N/NICHUL01_Nico_Hulkenberg/nichul01.png.transform/1col/image.png,16.0,,,0 days 00:01:17.976000,,,,,,,18.7,34.4,53.6,1.5,True
2024,3,Australian Grand Prix,Melbourne,Q,2024-03-24,10,GAS,gasly,Alpine,alpine,Pierre,Gasly,https://media.formula1.com/d_driver_fallback_image.png/content/dam/fom-website/drivers/P/PIEGAS01_Pierre_Gasly/piegas01.png.transform/1col/image.png,17.0,,,0 days 00:01:17.982000,,,,,,,18.7,34.4,53.6,1.5,True
2024,3,Australian Grand Prix,Melbourne,Q,2024-03-24,3,RIC,ricciardo,RB,rb,Daniel,Ricciardo,https://media.formula1.com/d_driver_fallback_image.png/content/dam/fom-website/drivers/D/DANRIC01_Daniel_Ricciardo/danric01.png.transform/1col/image.png,18.0,,,0 days 00:01:18.085000,,,,,,,18.7,34.4,53.6,1.5,True
2024,3,Australian Grand Prix,Melbourne,Q,2024-03-24,24,ZHO,zhou,Kick Sauber,sauber,Guanyu,Zhou,https://media.formula1.com/d_driver_fallback_image.png/content/dam/fom-website/drivers/G/GUAZHO01_Guanyu_Zhou/guazho01.png.transform/1col/image.png,19.0,,,0 days 00:01:18.188000,,,,,,,18.7,34.4,53.6,1.5,True
2024,4,Japanese Grand Prix,Suzuka,Q,2024-04-07,1,VER,max_verstappen,Red Bull Racing,red_bull,Max,Verstappen,https://media.formula1.com/d_driver_fallback_image.png/content/dam/fom-website/drivers/M/MAXVER01_Max_Verstappen/maxver01.png.transform/1col/image.png,1.0,,,0 days 00:01:28.866000,0 days 00:01:28.740000,0 days 00:01:28.197000,,,,,17.5,26.7,58.1,1.6,False
2024,4,Japanese Grand Prix,Suzuka,Q,2024-04-07,11,PER,perez,Red Bull Racing,red_bull,Sergio,Perez,https://media.formula1.com/d_driver_fallback_image.png/content/dam/fom-website/drivers/S/SERPER01_Sergio_Perez/serper01.png.transform/1col/image.png,2.0,,,0 days 00:01:29.303000,0 days 00:01:28.752000,0 days 00:01:28.263000,,,,,17.5,26.7,58.1,1.6,False
2024,4,Japanese Grand Prix,Suzuka,Q,2024-04-07,4,NOR,norris,McLaren,mclaren,Lando,Norris,https://media.formula1.com/d_driver_fallback_image.png/content/dam/fom-website/drivers/L/LANNOR01_Lando_Norris/lannor01.png.transform/1col/image.png,3.0,,,0 days 00:01:29.536000,0 days 00:01:28.940000,0 days 00:01:28.489000,,,,,17.5,26.7,58.1,1.6,False
2024,4,Japanese Grand Prix,Suzuka,Q,2024-04-07,55,SAI,sainz,Ferrari,ferrari,Carlos,Sainz,https://media.formula1.com/d_driver_fallback_image.png/content/dam/fom-website/drivers/C/CARSAI01_Carlos_Sainz/carsai01.png.transform/1col/image.png,4.0,,,0 days 00:01:29.513000,0 days 00:01:29.099000,0 days 00:01:28.682000,,,,,17.5,26.7,58.1,1.6,False
2024,4,Japanese Grand Prix,Suzuka,Q,2024-04-07,14,ALO,alonso,Aston Martin,aston_martin,Fernando,Alonso,https://media.formula1.com/d_driver_fallback_image.png/content/dam/fom-website/drivers/F/FERALO01_Fernando_Alonso/feralo01.png.transform/1col/image.png,5.0,,,0 days 00:01:29.254000,0 days 00:01:29.082000,0 days 00:01:28.686000,,,,,17.5,26.7,58.1,1.6,False
2024,4,Japanese Grand Prix,Suzuka,Q,2024-04-07,81,PIA,piastri,McLaren,mclaren,Oscar,Piastri,https://media.formula1.com/d_driver_fallback_image.png/content/dam/fom-website/drivers/O/OSCPIA01_Oscar_Piastri/oscpia01.png.transform/1col/image.png,6.0,,,0 days 00:01:29.425000,0 days 00:01:29.148000,0 days 00:01:28.760000,,,,,17.5,26.7,58.1,1.6,False
2024,4,Japanese Grand Prix,Suzuka,Q,2024-04-07,44,HAM,hamilton,Mercedes,mercedes,Lewis,Hamilton,https://media.formula1.com/d_driver_fallback_image.png/content/dam/fom-website/drivers/L/LEWHAM01_Lewis_Hamilton/lewham01.png.transform/1col/image.png,7.0,,,0 days 00:01:29.661000,0 days 00:01:28.887000,0 days 00:01:28.766000,,,,,17.5,26.7,58.1,1.6,False
2024,4,Japanese Grand Prix,Suzuka,Q,2024-04-07,16,LEC,leclerc,Ferrari,ferrari,Charles,Leclerc,https://media.formula1.com/d_driver_fallback_image.png/content/dam/fom-website/drivers/C/CHALEC01_Charles_Leclerc/chalec01.png.transform/1col/image.png,8.0,,,0 days 00:01:29.338000,0 days 00:01:29.196000,0 days 00:01:28.786000,,,,,17.5,26.7,58.1,1.6,False
2024,4,Japanese Grand Prix,Suzuka,Q,2024-04-07,63,RUS,russell,Mercedes,mercedes,George,Russell,https://media.formula1.com/d_driver_fallback_image.png/content/dam/fom-website/drivers/G/GEORUS01_George_Russell/georus01.png.transform/1col/image.png,9.0,,,0 days 00:01:29.799000,0 days 00:01:29.140000,0 days 00:01:29.008000,,,,,17.5,26.7,58.1,1.6,False
2024,4,Japanese Grand Prix,Suzuka,Q,2024-04-07,22,TSU,tsunoda,RB,rb,Yuki,Tsunoda,https://media.formula1.com/d_driver_fallback_image.png/content/dam/fom-website/drivers/Y/YUKTSU01_Yuki_Tsunoda/yuktsu01.png.transform/1col/image.png,10.0,,,0 days 00:01:29.775000,0 days 00:01:29.417000,0 days 00:01:29.413000,,,,,17.5,26.7,58.1,1.6,False
2024,4,Japanese Grand Prix,Suzuka,Q,2024-04-07,3,RIC,ricciardo,RB,rb,Daniel,Ricciardo,https://media.formula1.com/d_driver_fallback_image.png/content/dam/fom-website/drivers/D/DANRIC01_Daniel_Ricciardo/danric01.png.transform/1col/image.png,11.0,,,0 days 00:01:29.727000,0 days 00:01:29.472000,,,,,,17.5,26.7,58.1,1.6,False
2024,4,Japanese Grand Prix,Suzuka,Q,2024-04-07,27,HUL,hulkenberg,Haas F1 Team,haas,Nico,Hulkenberg,https://media.formula1.com/d_driver_fallback_image.png/content/dam/fom-website/drivers/N/NICHUL01_Nico_Hulkenberg/nichul01.png.transform/1col/image.png,12.0,,,0 days 00:01:29.821000,0 days 00:01:29.494000,,,,,,17.5,26.7,58.1,1.6,False
2024,4,Japanese Grand Prix,Suzuka,Q,2024-04-07,77,BOT,bottas,Kick Sauber,sauber,Valtteri,Bottas,https://media.formula1.com/d_driver_fallback_image.png/content/dam/fom-website/drivers/V/VALBOT01_Valtteri_Bottas/valbot01.png.transform/1col/image.png,13.0,,,0 days 00:01:29.602000,0 days 00:01:29.593000,,,,,,17.5,26.7,58.1,1.6,False
2024,4,Japanese Grand Prix,Suzuka,Q,2024-04-07,23,ALB,albon,Williams,williams,Alexander,Albon,https://media.formula1.com/d_driver_fallback_image.png/content/dam/fom-website/drivers/A/ALEALB01_Alexander_Albon/alealb01.png.transform/1col/image.png,14.0,,,0 days 00:01:29.963000,0 days 00:01:29.714000,,,,,,17.5,26.7,58.1,1.6,False
2024,4,Japanese Grand Prix,Suzuka,Q,2024-04-07,31,OCO,ocon,Alpine,alpine,Esteban,Ocon,https://media.formula1.com/d_driver_fallback_image.png/content/dam/fom-website/drivers/E/ESTOCO01_Esteban_Ocon/estoco01.png.transform/1col/image.png,15.0,,,0 days 00:01:29.811000,0 days 00:01:29.816000,,,,,,17.5,26.7,58.1,1.6,False
2024,4,Japanese Grand Prix,Suzuka,Q,2024-04-07,18,STR,stroll,Aston Martin,aston_martin,Lance,Stroll,https://media.formula1.com/d_driver_fallback_image.png/content/dam/fom-website/drivers/L/LANSTR01_Lance_Stroll/lanstr01.png.transform/1col/image.png,16.0,,,0 days 00:01:30.024000,,,,,,,17.5,26.7,58.1,1.6,False
2024,4,Japanese Grand Prix,Suzuka,Q,2024-04-07,10,GAS,gasly,Alpine,alpine,Pierre,Gasly,https://media.formula1.com/d_driver_fallback_image.png/content/dam/fom-website/drivers/P/PIEGAS01_Pierre_Gasly/piegas01.png.transform/1col/image.png,17.0,,,0 days 00:01:30.119000,,,,,,,17.5,26.7,58.1,1.6,False
2024,4,Japanese Grand Prix,Suzuka,Q,2024-04-07,20,MAG,kevin_magnussen,Haas F1 Team,haas,Kevin,Magnussen,https://media.formula1.com/d_driver_fallback_image.png/content/dam/fom-website/drivers/K/KEVMAG01_Kevin_Magnussen/kevmag01.png.transform/1col/image.png,18.0,,,0 days 00:01:30.131000,,,,,,,17.5,26.7,58.1,1.6,False
2024,4,Japanese Grand Prix,Suzuka,Q,2024-04-07,2,SAR,sargeant,Williams,williams,Logan,Sargeant,https://media.formula1.com/d_driver_fallback_image.png/content/dam/fom-website/drivers/L/LOGSAR01_Logan_Sargeant/logsar01.png.transform/1col/image.png,19.0,,,0 days 00:01:30.139000,,,,,,,17.5,26.7,58.1,1.6,False
2024,4,Japanese Grand Prix,Suzuka,Q,2024-04-07,24,ZHO,zhou,Kick Sauber,sauber,Guanyu,Zhou,https://media.formula1.com/d_driver_fallback_image.png/content/dam/fom-website/drivers/G/GUAZHO01_Guanyu_Zhou/guazho01.png.transform/1col/image.png,20.0,,,0 days 00:01:30.143000,,,,,,,17.5,26.7,58.1,1.6,False
2024,5,Chinese Grand Prix,Shanghai,Q,2024-04-21,1,VER,max_verstappen,Red Bull Racing,red_bull,Max,Verstappen,https://media.formula1.com/d_driver_fallback_image.png/content/dam/fom-website/drivers/M/MAXVER01_Max_Verstappen/maxver01.png.transform/1col/image.png,1.0,,,0 days 00:01:34.742000,0 days 00:01:33.794000,0 days 00:01:33.660000,,,,,22.1,33.9,55.4,1.7,False
2024,5,Chinese Grand Prix,Shanghai,Q,2024-04-21,11,PER,perez,Red Bull Racing,red_bull,Sergio,Perez,https://media.formula1.com/d_driver_fallback_image.png/content/dam/fom-website/drivers/S/SERPER01_Sergio_Perez/serper01.png.transform/1col/image.png,2.0,,,0 days 00:01:35.457000,0 days 00:01:34.026000,0 days 00:01:33.982000,,,,,22.1,33.9,55.4,1.7,False
2024,5,Chinese Grand Prix,Shanghai,Q,2024-04-21,14,ALO,alonso,Aston Martin,aston_martin,Fernando,Alonso,https://media.formula1.com/d_driver_fallback_image.png/content/dam/fom-website/drivers/F/FERALO01_Fernando_Alonso/feralo01.png.transform/1col/image.png,3.0,,,0 days 00:01:35.116000,0 days 00:01:34.652000,0 days 00:01:34.148000,,,,,22.1,33.9,55.4,1.7,False
2024,5,Chinese Grand Prix,Shanghai,Q,2024-04-21,4,NOR,norris,McLaren,mclaren,Lando,Norris,https://media.formula1.com/d_driver_fallback_image.png/content/dam/fom-website/drivers/L/LANNOR01_Lando_Norris/lannor01.png.transform/1col/image.png,4.0,,,0 days 00:01:34.842000,0 days 00:01:34.460000,0 days 00:01:34.165000,,,,,22.1,33.9,55.4,1.7,False
2024,5,Chinese Grand Prix,Shanghai,Q,2024-04-21,81,PIA,piastri,McLaren,mclaren,Oscar,Piastri,https://media.formula1.com/d_driver_fallback_image.png/content/dam/fom-website/drivers/O/OSCPIA01_Oscar_Piastri/oscpia01.png.transform/1col/image.png,5.0,,,0 days 00:01:35.014000,0 days 00:01:34.659000,0 days 00:01:34.273000,,,,,22.1,33.9,55.4,1.7,False
2024,5,Chinese Grand Prix,Shanghai,Q,2024-04-21,16,LEC,leclerc,Ferrari,ferrari,Charles,Leclerc,https://media.formula1.com/d_driver_fallback_image.png/content/dam/fom-website/drivers/C/CHALEC01_Charles_Leclerc/chalec01.png.transform/1col/image.png,6.0,,,0 days 00:01:34.797000,0 days 00:01:34.399000,0 days 00:01:34.289000,,,,,22.1,33.9,55.4,1.7,False
2024,5,Chinese Grand Prix,Shanghai,Q,2024-04-21,55,SAI,sainz,Ferrari,ferrari,Carlos,Sainz,https://media.formula1.com/d_driver_fallback_image.png/content/dam/fom-website/drivers/C/CARSAI01_Carlos_Sainz/carsai01.png.transform/1col/image.png,7.0,,,0 days 00:01:34.970000,0 days 00:01:34.368000,0 days 00:01:34.297000,,,,,22.1,33.9,55.4,1.7,False
2024,5,Chinese Grand Prix,Shanghai,Q,2024-04-21,63,RUS,russell,Mercedes,mercedes,George,Russell,https://media.formula1.com/d_driver_fallback_image.png/content/dam/fom-website/drivers/G/GEORUS01_George_Russell/georus01.png.transform/1col/image.png,8.0,,,0 days 00:01:35.084000,0 days 00:01:34.609000,0 days 00:01:34.433000,,,,,22.1,33.9,55.4,1.7,False
2024,5,Chinese Grand Prix,Shanghai,Q,2024-04-21,27,HUL,hulkenberg,Haas F1 Team,haas,Nico,Hulkenberg,https://media.formula1.com/d_driver_fallback_image.png/content/dam/fom-website/drivers/N/NICHUL01_Nico_Hulkenberg/nichul01.png.transform/1col/image.png,9.0,,,0 days 00:01:35.068000,0 days 00:01:34.667000,0 days 00:01:34.604000,,,,,22.1,33.9,55.4,1.7,False
2024,5,Chinese Grand Prix,Shanghai,Q,2024-04-21,77,BOT,bottas,Kick Sauber,sauber,Valtteri,Bottas,https://media.formula1.com/d_driver_fallback_image.png/content/dam/fom-website/drivers/V/VALBOT01_Valtteri_Bottas/valbot01.png.transform/1col/image.png,10.0,,,0 days 00:01:35.169000,0 days 00:01:34.769000,0 days 00:01:34.665000,,,,,22.1,33.9,55.4,1.7,False
2024,5,Chinese Grand Prix,Shanghai,Q,2024-04-21,18,STR,stroll,Aston Martin,aston_martin,Lance,Stroll,https://media.formula1.com/d_driver_fallback_image.png/content/dam/fom-website/drivers/L/LANSTR01_Lance_Stroll/lanstr01.png.transform/1col/image.png,11.0,,,0 days 00:01:35.334000,0 days 00:01:34.838000,,,,,,22.1,33.9,55.4,1.7,False
2024,5,Chinese Grand Prix,Shanghai,Q,2024-04-21,3,RIC,ricciardo,RB,rb,Daniel,Ricciardo,https://media.formula1.com/d_driver_fallback_image.png/content/dam/fom-website/drivers/D/DANRIC01_Daniel_Ricciardo/danric01.png.transform/1col/image.png,12.0,,,0 days 00:01:35.443000,0 days 00:01:34.934000,,,,,,22.1,33.9,55.4,1.7,False
2024,5,Chinese Grand Prix,Shanghai,Q,2024-04-21,31,OCO,ocon,Alpine,alpine,Esteban,Ocon,https://media.formula1.com/d_driver_fallback_image.png/content/dam/fom-website/drivers/E/ESTOCO01_Esteban_Ocon/estoco01.png.transform/1col/image.png,13.0,,,0 days 00:01:35.356000,0 days 00:01:35.223000,,,,,,22.1,33.9,55.4,1.7,False
2024,5,Chinese Grand Prix,Shanghai,Q,2024-04-21,23,ALB,albon,Williams,williams,Alexander,Albon,https://media.formula1.com/d_driver_fallback_image.png/content/dam/fom-website/drivers/A/ALEALB01_Alexander_Albon/alealb01.png.transform/1col/image.png,14.0,,,0 days 00:01:35.384000,0 days 00:01:35.241000,,,,,,22.1,33.9,55.4,1.7,False
2024,5,Chinese Grand Prix,Shanghai,Q,2024-04-21,10,GAS,gasly,Alpine,alpine,Pierre,Gasly,https://media.formula1.com/d_driver_fallback_image.png/content/dam/fom-website/drivers/P/PIEGAS01_Pierre_Gasly/piegas01.png.transform/1col/image.png,15.0,,,0 days 00:01:35.287000,0 days 00:01:35.463000,,,,,,22.1,33.9,55.4,1.7,False
2024,5,Chinese Grand Prix,Shanghai,Q,2024-04-21,24,ZHO,zhou,Kick Sauber,sauber,Guanyu,Zhou,https://media.formula1.com/d_driver_fallback_image.png/content/dam/fom-website/drivers/G/GUAZHO01_Guanyu_Zhou/guazho01.png.transform/1col/image.png,16.0,,,0 days 00:01:35.505000,,,,,,,22.1,33.9,55.4,1.7,False
2024,5,Chinese Grand Prix,Shanghai,Q,2024-04-21,20,MAG,kevin_magnussen,Haas F1 Team,haas,Kevin,Magnussen,https://media.formula1.com/d_driver_fallback_image.png/content/dam/fom-website/drivers/K/KEVMAG01_Kevin_Magnussen/kevmag01.png.transform/1col/image.png,17.0,,,0 days 00:01:35.516000,,,,,,,22.1,33.9,55.4,1.7,False
2024,5,Chinese Grand Prix,Shanghai,Q,2024-04-21,44,HAM,hamilton,Mercedes,mercedes,Lewis,Hamilton,https://media.formula1.com/d_driver_fallback_image.png/content/dam/fom-website/drivers/L/LEWHAM01_Lewis_Hamilton/lewham01.png.transform/1col/image.png,18.0,,,0 days 00:01:35.573000,,,,,,,22.1,33.9,55.4,1.7,False
2024,5,Chinese Grand Prix,Shanghai,Q,2024-04-21,22,TSU,tsunoda,RB,rb,Yuki,Tsunoda,https://media.formula1.com/d_driver_fallback_image.png/content/dam/fom-website/drivers/Y/YUKTSU01_Yuki_Tsunoda/yuktsu01.png.transform/1col/image.png,19.0,,,0 days 00:01:35.746000,,,,,,,22.1,33.9,55.4,1.7,False
2024,5,Chinese Grand Prix,Shanghai,Q,2024-04-21,2,SAR,sargeant,Williams,williams,Logan,Sargeant,https://media.formula1.com/d_driver_fallback_image.png/content/dam/fom-website/drivers/L/LOGSAR01_Logan_Sargeant/logsar01.png.transform/1col/image.png,20.0,,,0 days 00:01:36.358000,,,,,,,22.1,33.9,55.4,1.7,False
2024,6,Miami Grand Prix,Miami,Q,2024-05-05,1,VER,max_verstappen,Red Bull Racing,red_bull,Max,Verstappen,https://media.formula1.com/d_driver_fallback_image.png/content/dam/fom-website/drivers/M/MAXVER01_Max_Verstappen/maxver01.png.transform/1col/image.png,1.0,,,0 days 00:01:27.689000,0 days 00:01:27.566000,0 days 00:01:27.241000,,,,,29.1,47.3,54.9,2.9,False
2024,6,Miami Grand Prix,Miami,Q,2024-05-05,16,LEC,leclerc,Ferrari,ferrari,Charles,Leclerc,https://media.formula1.com/d_driver_fallback_image.png/content/dam/fom-website/drivers/C/CHALEC01_Charles_Leclerc/chalec01.png.transform/1col/image.png,2.0,,,0 days 00:01:28.081000,0 days 00:01:27.533000,0 days 00:01:27.382000,,,,,29.1,47.3,54.9,2.9,False
2024,6,Miami Grand Prix,Miami,Q,2024-05-05,55,SAI,sainz,Ferrari,ferrari,Carlos,Sainz,https://media.formula1.com/d_driver_fallback_image.png/content/dam/fom-website/drivers/C/CARSAI01_Carlos_Sainz/carsai01.png.transform/1col/image.png,3.0,,,0 days 00:01:27.937000,0 days 00:01:27.941000,0 days 00:01:27.455000,,,,,29.1,47.3,54.9,2.9,False
2024,6,Miami Grand Prix,Miami,Q,2024-05-05,11,PER,perez,Red Bull Racing,red_bull,Sergio,Perez,https://media.formula1.com/d_driver_fallback_image.png/content/dam/fom-website/drivers/S/SERPER01_Sergio_Perez/serper01.png.transform/1col/image.png,4.0,,,0 days 00:01:27.772000,0 days 00:01:27.839000,0 days 00:01:27.460000,,,,,29.1,47.3,54.9,2.9,False
2024,6,Miami Grand Prix,Miami,Q,2024-05-05,4,NOR,norris,McLaren,mclaren,Lando,Norris,https://media.formula1.com/d_driver_fallback_image.png/content/dam/fom-website/drivers/L/LANNOR01_Lando_Norris/lannor01.png.transform/1col/image.png,5.0,,,0 days 00:01:27.913000,0 days 00:01:27.871000,0 days 00:01:27.594000,,,,,29.1,47.3,54.9,2.9,False
2024,6,Miami Grand Prix,Miami,Q,2024-05-05,81,PIA,piastri,McLaren,mclaren,Oscar,Piastri,https://media.formula1.com/d_driver_fallback_image.png/content/dam/fom-website/drivers/O/OSCPIA01_Oscar_Piastri/oscpia01.png.transform/1col/image.png,6.0,,,0 days 00:01:28.032000,0 days 00:01:27.721000,0 days 00:01:27.675000,,,,,29.1,47.3,54.9,2.9,False
2024,6,Miami Grand Prix,Miami,Q,2024-05-05,63,RUS,russell,Mercedes,mercedes,George,Russell,https://media.formula1.com/d_driver_fallback_image.png/content/dam/fom-website/drivers/G/GEORUS01_George_Russell/georus01.png.transform/1col/image.png,7.0,,,0 days 00:01:28.159000,0 days 00:01:28.095000,0 days 00:01:28.067000,,,,,29.1,47.3,54.9,2.9,False
2024,6,Miami Grand Prix,Miami,Q,2024-05-05,44,HAM,hamilton,Mercedes,mercedes,Lewis,Hamilton,https://media.formula1.com/d_driver_fallback_image.png/content/dam/fom-website/drivers/L/LEWHAM01_Lewis_Hamilton/lewham01.png.transform/1col/image.png,8.0,,,0 days 00:01:28.167000,0 days 00:01:27.697000,0 days 00:01:28.107000,,,,,29.1,47.3,54.9,2.9,False
2024,6,Miami Grand Prix,Miami,Q,2024-05-05,27,HUL,hulkenberg,Haas F1 Team,haas,Nico,Hulkenberg,https://media.formula1.com/d_driver_fallback_image.png/content/dam/fom-website/drivers/N/NICHUL01_Nico_Hulkenberg/nichul01.png.transform/1col/image.png,9.0,,,0 days 00:01:28.383000,0 days 00:01:28.200000,0 days 00:01:28.146000,,,,,29.1,47.3,54.9,2.9,False
2024,6,Miami Grand Prix,Miami,Q,2024-05-05,22,TSU,tsunoda,RB,rb,Yuki,Tsunoda,https://media.formula1.com/d_driver_fallback_image.png/content/dam/fom-website/drivers/Y/YUKTSU01_Yuki_Tsunoda/yuktsu01.png.transform/1col/image.png,10.0,,,0 days 00:01:28.324000,0 days 00:01:28.167000,0 days 00:01:28.192000,,,,,29.1,47.3,54.9,2.9,False
2024,6,Miami Grand Prix,Miami,Q,2024-05-05,18,STR,stroll,Aston Martin,aston_martin,Lance,Stroll,https://media.formula1.com/d_driver_fallback_image.png/content/dam/fom-website/drivers/L/LANSTR01_Lance_Stroll/lanstr01.png.transform/1col/image.png,11.0,,,0 days 00:01:28.177000,0 days 00:01:28.222000,,,,,,29.1,47.3,54.9,2.9,False
2024,6,Miami Grand Prix,Miami,Q,2024-05-05,10,GAS,gasly,Alpine,alpine,Pierre,Gasly,https://media.formula1.com/d_driver_fallback_image.png/content/dam/fom-website/drivers/P/PIEGAS01_Pierre_Gasly/piegas01.png.transform/1col/image.png,12.0,,,0 days 00:01:27.976000,0 days 00:01:28.324000,,,,,,29.1,47.3,54.9,2.9,False
2024,6,Miami Grand Prix,Miami,Q,2024-05-05,31,OCO,ocon,Alpine,alpine,Esteban,Ocon,https://media.formula1.com/d_driver_fallback_image.png/content/dam/fom-website/drivers/E/ESTOCO01_Esteban_Ocon/estoco01.png.transform/1col/image.png,13.0,,,0 days 00:01:28.209000,0 days 00:01:28.371000,,,,,,29.1,47.3,54.9,2.9,False
2024,6,Miami Grand Prix,Miami,Q,2024-05-05,23,ALB,albon,Williams,williams,Alexander,Albon,https://media.formula1.com/d_driver_fallback_image.png/content/dam/fom-website/drivers/A/ALEALB01_Alexander_Albon/alealb01.png.transform/1col/image.png,14.0,,,0 days 00:01:28.343000,0 days 00:01:28.413000,,,,,,29.1,47.3,54.9,2.9,False
2024,6,Miami Grand Prix,Miami,Q,2024-05-05,14,ALO,alonso,Aston Martin,aston_martin,Fernando,Alonso,https://media.formula1.com/d_driver_fallback_image.png/content/dam/fom-website/drivers/F/FERALO01_Fernando_Alonso/feralo01.png.transform/1col/image.png,15.0,,,0 days 00:01:28.453000,0 days 00:01:28.427000,,,,,,29.1,47.3,54.9,2.9,False
2024,6,Miami Grand Prix,Miami,Q,2024-05-05,77,BOT,bottas,Kick Sauber,sauber,Valtteri,Bottas,https://media.formula1.com/d_driver_fallback_image.png/content/dam/fom-website/drivers/V/VALBOT01_Valtteri_Bottas/valbot01.png.transform/1col/image.png,16.0,,,0 days 00:01:28.463000,,,,,,,29.1,47.3,54.9,2.9,False
2024,6,Miami Grand Prix,Miami,Q,2024-05-05,2,SAR,sargeant,Williams,williams,Logan,Sargeant,https://media.formula1.com/d_driver_fallback_image.png/content/dam/fom-website/drivers/L/LOGSAR01_Logan_Sargeant/logsar01.png.transform/1col/image.png,17.0,,,0 days 00:01:28.487000,,,,,,,29.1,47.3,54.9,2.9,False
2024,6,Miami Grand Prix,Miami,Q,2024-05-05,3,RIC,ricciardo,RB,rb,Daniel,Ricciardo,https://media.formula1.com/d_driver_fallback_image.png/content/dam/fom-website/drivers/D/DANRIC01_Daniel_Ricciardo/danric01.png.transform/1col/image.png,18.0,,,0 days 00:01:28.617000,,,,,,,29.1,47.3,54.9,2.9,False
2024,6,Miami Grand Prix,Miami,Q,2024-05-05,20,MAG,kevin_magnussen,Haas F1 Team,haas,Kevin,Magnussen,https://media.formula1.com/d_driver_fallback_image.png/content/dam/fom-website/drivers/K/KEVMAG01_Kevin_Magnussen/kevmag01.png.transform/1col/image.png,19.0,,,0 days 00:01:28.619000,,,,,,,29.1,47.3,54.9,2.9,False
2024,6,Miami Grand Prix,Miami,Q,2024-05-05,24,ZHO,zhou,Kick Sauber,sauber,Guanyu,Zhou,https://media.formula1.com/d_driver_fallback_image.png/content/dam/fom-website/drivers/G/GUAZHO01_Guanyu_Zhou/guazho01.png.transform/1col/image.png,20.0,,,0 days 00:01:28.824000,,,,,,,29.1,47.3,54.9,2.9,False
2024,7,Emilia Romagna Grand Prix,Imola,Q,2024-05-19,1,VER,max_verstappen,Red Bull Racing,red_bull,Max,Verstappen,https://media.formula1.com/d_driver_fallback_image.png/content/dam/fom-website/drivers/M/MAXVER01_Max_Verstappen/maxver01.png.transform/1col/image.png,1.0,,,0 days 00:01:15.762000,0 days 00:01:15.176000,0 days 00:01:14.746000,,,,,24.2,41.6,43.3,2.9,False
2024,7,Emilia Romagna Grand Prix,Imola,Q,2024-05-19,81,PIA,piastri,McLaren,mclaren,Oscar,Piastri,https://media.formula1.com/d_driver_fallback_image.png/content/dam/fom-website/drivers/O/OSCPIA01_Oscar_Piastri/oscpia01.png.transform/1col/image.png,2.0,,,0 days 00:01:15.940000,0 days 00:01:15.407000,0 days 00:01:14.820000,,,,,24.2,41.6,43.3,2.9,False
2024,7,Emilia Romagna Grand Prix,Imola,Q,2024-05-19,4,NOR,norris,McLaren,mclaren,Lando,Norris,https://media.formula1.com/d_driver_fallback_image.png/content/dam/fom-website/drivers/L/LANNOR01_Lando_Norris/lannor01.png.transform/1col/image.png,3.0,,,0 days 00:01:15.915000,0 days 00:01:15.371000,0 days 00:01:14.837000,,,,,24.2,41.6,43.3,2.9,False
2024,7,Emilia Romagna Grand Prix,Imola,Q,2024-05-19,16,LEC,leclerc,Ferrari,ferrari,Charles,Leclerc,https://media.formula1.com/d_driver_fallback_image.png/content/dam/fom-website/drivers/C/CHALEC01_Charles_Leclerc/chalec01.png.transform/1col/image.png,4.0,,,0 days 00:01:15.823000,0 days 00:01:15.328000,0 days 00:01:14.970000,,,,,24.2,41.6,43.3,2.9,False
2024,7,Emilia Romagna Grand Prix,Imola,Q,2024-05-19,55,SAI,sainz,Ferrari,ferrari,Carlos,Sainz,https://media.formula1.com/d_driver_fallback_image.png/content/dam/fom-website/drivers/C/CARSAI01_Carlos_Sainz/carsai01.png.transform/1col/image.png,5.0,,,0 days 00:01:16.015000,0 days 00:01:15.512000,0 days 00:01:15.233000,,,,,24.2,41.6,43.3,2.9,False
2024,7,Emilia Romagna Grand Prix,Imola,Q,2024-05-19,63,RUS,russell,Mercedes,mercedes,George,Russell,https://media.formula1.com/d_driver_fallback_image.png/content/dam/fom-website/drivers/G/GEORUS01_George_Russell/georus01.png.transform/1col/image.png,6.0,,,0 days 00:01:16.107000,0 days 00:01:15.671000,0 days 00:01:15.234000,,,,,24.2,41.6,43.3,2.9,False
2024,7,Emilia Romagna Grand Prix,Imola,Q,2024-05-19,22,TSU,tsunoda,RB,rb,Yuki,Tsunoda,https://media.formula1.com/d_driver_fallback_image.png/content/dam/fom-website/drivers/Y/YUKTSU01_Yuki_Tsunoda/yuktsu01.png.transform/1col/image.png,7.0,,,0 days 00:01:15.894000,0 days 00:01:15.358000,0 days 00:01:15.465000,,,,,24.2,41.6,43.3,2.9,False
2024,7,Emilia Romagna Grand Prix,Imola,Q,2024-05-19,44,HAM,hamilton,Mercedes,mercedes,Lewis,Hamilton,https://media.formula1.com/d_driver_fallback_image.png/content/dam/fom-website/drivers/L/LEWHAM01_Lewis_Hamilton/lewham01.png.transform/1col/image.png,8.0,,,0 days 00:01:16.604000,0 days 00:01:15.677000,0 days 00:01:15.504000,,,,,24.2,41.6,43.3,2.9,False
2024,7,Emilia Romagna Grand Prix,Imola,Q,2024-05-19,3,RIC,ricciardo,RB,rb,Daniel,Ricciardo,https://media.formula1.com/d_driver_fallback_image.png/content/dam/fom-website/drivers/D/DANRIC01_Daniel_Ricciardo/danric01.png.transform/1col/image.png,9.0,,,0 days 00:01:16.060000,0 days 00:01:15.691000,0 days 00:01:15.674000,,,,,24.2,41.6,43.3,2.9,False
2024,7,Emilia Romagna Grand Prix,Imola,Q,2024-05-19,27,HUL,hulkenberg,Haas F1 Team,haas,Nico,Hulkenberg,https://media.formula1.com/d_driver_fallback_image.png/content/dam/fom-website/drivers/N/NICHUL01_Nico_Hulkenberg/nichul01.png.transform/1col/image.png,10.0,,,0 days 00:01:15.841000,0 days 00:01:15.569000,0 days 00:01:15.980000,,,,,24.2,41.6,43.3,2.9,False
2024,7,Emilia Romagna Grand Prix,Imola,Q,2024-05-19,11,PER,perez,Red Bull Racing,red_bull,Sergio,Perez,https://media.formula1.com/d_driver_fallback_image.png/content/dam/fom-website/drivers/S/SERPER01_Sergio_Perez/serper01.png.transform/1col/image.png,11.0,,,0 days 00:01:16.404000,0 days 00:01:15.706000,,,,,,24.2,41.6,43.3,2.9,False
2024,7,Emilia Romagna Grand Prix,Imola,Q,2024-05-19,31,OCO,ocon,Alpine,alpine,Esteban,Ocon,https://media.formula1.com/d_driver_fallback_image.png/content/dam/fom-website/drivers/E/ESTOCO01_Esteban_Ocon/estoco01.png.transform/1col/image.png,12.0,,,0 days 00:01:16.361000,0 days 00:01:15.906000,,,,,,24.2,41.6,43.3,2.9,False
2024,7,Emilia Romagna Grand Prix,Imola,Q,2024-05-19,18,STR,stroll,Aston Martin,aston_martin,Lance,Stroll,https://media.formula1.com/d_driver_fallback_image.png/content/dam/fom-website/drivers/L/LANSTR01_Lance_Stroll/lanstr01.png.transform/1col/image.png,13.0,,,0 days 00:01:16.458000,0 days 00:01:15.992000,,,,,,24.2,41.6,43.3,2.9,False
2024,7,Emilia Romagna Grand Prix,Imola,Q,2024-05-19,23,ALB,albon,Williams,williams,Alexander,Albon,https://media.formula1.com/d_driver_fallback_image.png/content/dam/fom-website/drivers/A/ALEALB01_Alexander_Albon/alealb01.png.transform/1col/image.png,14.0,,,0 days 00:01:16.524000,0 days 00:01:16.200000,,,,,,24.2,41.6,43.3,2.9,False
2024,7,Emilia Romagna Grand Prix,Imola,Q,2024-05-19,10,GAS,gasly,Alpine,alpine,Pierre,Gasly,https://media.formula1.com/d_driver_fallback_image.png/content/dam/fom-website/drivers/P/PIEGAS01_Pierre_Gasly/piegas01.png.transform/1col/image.png,15.0,,,0 days 00:01:16.015000,0 days 00:01:16.381000,,,,,,24.2,41.6,43.3,2.9,False
2024,7,Emilia Romagna Grand Prix,Imola,Q,2024-05-19,77,BOT,bottas,Kick Sauber,sauber,Valtteri,Bottas,https://media.formula1.com/d_driver_fallback_image.png/content/dam/fom-website/drivers/V/VALBOT01_Valtteri_Bottas/valbot01.png.transform/1col/image.png,16.0,,,0 days 00:01:16.626000,,,,,,,24.2,41.6,43.3,2.9,False
2024,7,Emilia Romagna Grand Prix,Imola,Q,2024-05-19,24,ZHO,zhou,Kick Sauber,sauber,Guanyu,Zhou,https://media.formula1.com/d_driver_fallback_image.png/content/dam/fom-website/drivers/G/GUAZHO01_Guanyu_Zhou/guazho01.png.transform/1col/image.png,17.0,,,0 days 00:01:16.834000,,,,,,,24.2,41.6,43.3,2.9,False
2024,7,Emilia Romagna Grand Prix,Imola,Q,2024-05-19,20,MAG,kevin_magnussen,Haas F1 Team,haas,Kevin,Magnussen,https://media.formula1.com/d_driver_fallback_image.png/content/dam/fom-website/drivers/K/KEVMAG01_Kevin_Magnussen/kevmag01.png.transform/1col/image.png,18.0,,,0 days 00:01:16.854000,,,,,,,24.2,41.6,43.3,2.9,False
2024,7,Emilia Romagna Grand Prix,Imola,Q,2024-05-19,14,ALO,alonso,Aston Martin,aston_martin,Fernando,Alonso,https://media.formula1.com/d_driver_fallback_image.png/content/dam/fom-website/drivers/F/FERALO01_Fernando_Alonso/feralo01.png.transform/1col/image.png,19.0,,,0 days 00:01:16.917000,,,,,,,24.2,41.6,43.3,2.9,False
2024,7,Emilia Romagna Grand Prix,Imola,Q,2024-05-19,2,SAR,sargeant,Williams,williams,Logan,Sargeant,https://media.formula1.com/d_driver_fallback_image.png/content/dam/fom-website/drivers/L/LOGSAR01_Logan_Sargeant/logsar01.png.transform/1col/image.png,20.0,,,,,,,,,,24.2,41.6,43.3,2.9,False
2024,8,Monaco Grand Prix,Monaco,Q,2024-05-26,16,LEC,leclerc,Ferrari,ferrari,Charles,Leclerc,https://media.formula1.com/d_driver_fallback_image.png/content/dam/fom-website/drivers/C/CHALEC01_Charles_Leclerc/chalec01.png.transform/1col/image.png,1.0,,,0 days 00:01:11.584000,0 days 00:01:10.825000,0 days 00:01:10.270000,,,,,21.2,44.7,60.9,1.1,False
2024,8,Monaco Grand Prix,Monaco,Q,2024-05-26,81,PIA,piastri,McLaren,mclaren,Oscar,Piastri,https://media.formula1.com/d_driver_fallback_image.png/content/dam/fom-website/drivers/O/OSCPIA01_Oscar_Piastri/oscpia01.png.transform/1col/image.png,2.0,,,0 days 00:01:11.500000,0 days 00:01:10.756000,0 days 00:01:10.424000,,,,,21.2,44.7,60.9,1.1,False
2024,8,Monaco Grand Prix,Monaco,Q,2024-05-26,55,SAI,sainz,Ferrari,ferrari,Carlos,Sainz,https://media.formula1.com/d_driver_fallback_image.png/content/dam/fom-website/drivers/C/CARSAI01_Carlos_Sainz/carsai01.png.transform/1col/image.png,3.0,,,0 days 00:01:11.543000,0 days 00:01:11.075000,0 days 00:01:10.518000,,,,,21.2,44.7,60.9,1.1,False
2024,8,Monaco Grand Prix,Monaco,Q,2024-05-26,4,NOR,norris,McLaren,mclaren,Lando,Norris,https://media.formula1.com/d_driver_fallback_image.png/content/dam/fom-website/drivers/L/LANNOR01_Lando_Norris/lannor01.png.transform/1col/image.png,4.0,,,0 days 00:01:11.760000,0 days 00:01:10.732000,0 days 00:01:10.542000,,,,,21.2,44.7,60.9,1.1,False
2024,8,Monaco Grand Prix,Monaco,Q,2024-05-26,63,RUS,russell,Mercedes,mercedes,George,Russell,https://media.formula1.com/d_driver_fallback_image.png/content/dam/fom-website/drivers/G/GEORUS01_George_Russell/georus01.png.transform/1col/image.png,5.0,,,0 days 00:01:11.492000,0 days 00:01:10.929000,0 days 00:01:10.543000,,,,,21.2,44.7,60.9,1.1,False
2024,8,Monaco Grand Prix,Monaco,Q,2024-05-26,1,VER,max_verstappen,Red Bull Racing,red_bull,Max,Verstappen,https://media.formula1.com/d_driver_fallback_image.png/content/dam/fom-website/drivers/M/MAXVER01_Max_Verstappen/maxver01.png.transform/1col/image.png,6.0,,,0 days 00:01:11.711000,0 days 00:01:10.745000,0 days 00:01:10.567000,,,,,21.2,44.7,60.9,1.1,False
2024,8,Monaco Grand Prix,Monaco,Q,2024-05-26,44,HAM,hamilton,Mercedes,mercedes,Lewis,Hamilton,https://media.formula1.com/d_driver_fallback_image.png/content/dam/fom-website/drivers/L/LEWHAM01_Lewis_Hamilton/lewham01.png.transform/1col/image.png,7.0,,,0 days 00:01:11.528000,0 days 00:01:11.056000,0 days 00:01:10.621000,,,,,21.2,44.7,60.9,1.1,False
2024,8,Monaco Grand Prix,Monaco,Q,2024-05-26,22,TSU,tsunoda,RB,rb,Yuki,Tsunoda,https://media.formula1.com/d_driver_fallback_image.png/content/dam/fom-website/drivers/Y/YUKTSU01_Yuki_Tsunoda/yuktsu01.png.transform/1col/image.png,8.0,,,0 days 00:01:11.852000,0 days 00:01:11.106000,0 days 00:01:10.858000,,,,,21.2,44.7,60.9,1.1,False
2024,8,Monaco Grand Prix,Monaco,Q,2024-05-26,23,ALB,albon,Williams,williams,Alexander,Albon,https://media.formula1.com/d_driver_fallback_image.png/content/dam/fom-website/drivers/A/ALEALB01_Alexander_Albon/alealb01.png.transform/1col/image.png,9.0,,,0 days 00:01:11.623000,0 days 00:01:11.216000,0 days 00:01:10.948000,,,,,21.2,44.7,60.9,1.1,False
2024,8,Monaco Grand Prix,Monaco,Q,2024-05-26,10,GAS,gasly,Alpine,alpine,Pierre,Gasly,https://media.formula1.com/d_driver_fallback_image.png/content/dam/fom-website/drivers/P/PIEGAS01_Pierre_Gasly/piegas01.png.transform/1col/image.png,10.0,,,0 days 00:01:11.714000,0 days 00:01:10.896000,0 days 00:01:11.311000,,,,,21.2,44.7,60.9,1.1,False
2024,8,Monaco Grand Prix,Monaco,Q,2024-05-26,31,OCO,ocon,Alpine,alpine,Esteban,Ocon,https://media.formula1.com/d_driver_fallback_image.png/content/dam/fom-website/drivers/E/ESTOCO01_Esteban_Ocon/estoco01.png.transform/1col/image.png,11.0,,,0 days 00:01:11.887000,0 days 00:01:11.285000,,,,,,21.2,44.7,60.9,1.1,False
2024,8,Monaco Grand Prix,Monaco,Q,2024-05-26,3,RIC,ricciardo,RB,rb,Daniel,Ricciardo,https://media.formula1.com/d_driver_fallback_image.png/content/dam/fom-website/drivers/D/DANRIC01_Daniel_Ricciardo/danric01.png.transform/1col/image.png,12.0,,,0 days 00:01:11.785000,0 days 00:01:11.482000,,,,,,21.2,44.7,60.9,1.1,False
2024,8,Monaco Grand Prix,Monaco,Q,2024-05-26,18,STR,stroll,Aston Martin,aston_martin,Lance,Stroll,https://media.formula1.com/d_driver_fallback_image.png/content/dam/fom-website/drivers/L/LANSTR01_Lance_Stroll/lanstr01.png.transform/1col/image.png,13.0,,,0 days 00:01:11.728000,0 days 00:01:11.563000,,,,,,21.2,44.7,60.9,1.1,False
2024,8,Monaco Grand Prix,Monaco,Q,2024-05-26,27,HUL,hulkenberg,Haas F1 Team,haas,Nico,Hulkenberg,https://media.formula1.com/d_driver_fallback_image.png/content/dam/fom-website/drivers/N/NICHUL01_Nico_Hulkenberg/nichul01.png.transform/1col/image.png,14.0,,,0 days 00:01:11.876000,0 days 00:01:11.440000,,,,,,21.2,44.7,60.9,1.1,False
2024,8,Monaco Grand Prix,Monaco,Q,2024-05-26,14,ALO,alonso,Aston Martin,aston_martin,Fernando,Alonso,https://media.formula1.com/d_driver_fallback_image.png/content/dam/fom-website/drivers/F/FERALO01_Fernando_Alonso/feralo01.png.transform/1col/image.png,14.0,,,0 days 00:01:12.019000,,,,,,,21.2,44.7,60.9,1.1,False
2024,8,Monaco Grand Prix,Monaco,Q,2024-05-26,2,SAR,sargeant,Williams,williams,Logan,Sargeant,https://media.formula1.com/d_driver_fallback_image.png/content/dam/fom-website/drivers/L/LOGSAR01_Logan_Sargeant/logsar01.png.transform/1col/image.png,15.0,,,0 days 00:01:12.020000,,,,,,,21.2,44.7,60.9,1.1,False
2024,8,Monaco Grand Prix,Monaco,Q,2024-05-26,20,MAG,kevin_magnussen,Haas F1 Team,haas,Kevin,Magnussen,https://media.formula1.com/d_driver_fallback_image.png/content/dam/fom-website/drivers/K/KEVMAG01_Kevin_Magnussen/kevmag01.png.transform/1col/image.png,15.0,,,0 days 00:01:11.832000,0 days 00:01:11.725000,,,,,,21.2,44.7,60.9,1.1,False
2024,8,Monaco Grand Prix,Monaco,Q,2024-05-26,11,PER,perez,Red Bull Racing,red_bull,Sergio,Perez,https://media.formula1.com/d_driver_fallback_image.png/content/dam/fom-website/drivers/S/SERPER01_Sergio_Perez/serper01.png.transform/1col/image.png,16.0,,,0 days 00:01:12.060000,,,,,,,21.2,44.7,60.9,1.1,False
2024,8,Monaco Grand Prix,Monaco,Q,2024-05-26,77,BOT,bottas,Kick Sauber,sauber,Valtteri,Bottas,https://media.formula1.com/d_driver_fallback_image.png/content/dam/fom-website/drivers/V/VALBOT01_Valtteri_Bottas/valbot01.png.transform/1col/image.png,17.0,,,0 days 00:01:12.512000,,,,,,,21.2,44.7,60.9,1.1,False
2024,8,Monaco Grand Prix,Monaco,Q,2024-05-26,24,ZHO,zhou,Kick Sauber,sauber,Guanyu,Zhou,https://media.formula1.com/d_driver_fallback_image.png/content/dam/fom-website/drivers/G/GUAZHO01_Guanyu_Zhou/guazho01.png.transform/1col/image.png,18.0,,,0 days 00:01:13.028000,,,,,,,21.2,44.7,60.9,1.1,False
2024,9,Canadian Grand Prix,Montréal,Q,2024-06-09,63,RUS,russell,Mercedes,mercedes,George,Russell,https://media.formula1.com/d_driver_fallback_image.png/content/dam/fom-website/drivers/G/GEORUS01_George_Russell/georus01.png.transform/1col/image.png,1.0,,,0 days 00:01:13.013000,0 days 00:01:11.742000,0 days 00:01:12,,,,,20.6,31.1,66.9,1.9,True
2024,9,Canadian Grand Prix,Montréal,Q,2024-06-09,1,VER,max_verstappen,Red Bull Racing,red_bull,Max,Verstappen,https://media.formula1.com/d_driver_fallback_image.png/content/dam/fom-website/drivers/M/MAXVER01_Max_Verstappen/maxver01.png.transform/1col/image.png,2.0,,,0 days 00:01:12.360000,0 days 00:01:12.549000,0 days 00:01:12,,,,,20.6,31.1,66.9,1.9,True
2024,9,Canadian Grand Prix,Montréal,Q,2024-06-09,4,NOR,norris,McLaren,mclaren,Lando,Norris,https://media.formula1.com/d_driver_fallback_image.png/content/dam/fom-website/drivers/L/LANNOR01_Lando_Norris/lannor01.png.transform/1col/image.png,3.0,,,0 days 00:01:12.959000,0 days 00:01:12.201000,0 days 00:01:12.021000,,,,,20.6,31.1,66.9,1.9,True
2024,9,Canadian Grand Prix,Montréal,Q,2024-06-09,81,PIA,piastri,McLaren,mclaren,Oscar,Piastri,https://media.formula1.com/d_driver_fallback_image.png/content/dam/fom-website/drivers/O/OSCPIA01_Oscar_Piastri/oscpia01.png.transform/1col/image.png,4.0,,,0 days 00:01:12.907000,0 days 00:01:12.462000,0 days 00:01:12.103000,,,,,20.6,31.1,66.9,1.9,True
2024,9,Canadian Grand Prix,Montréal,Q,2024-06-09,3,RIC,ricciardo,RB,rb,Daniel,Ricciardo,https://media.formula1.com/d_driver_fallback_image.png/content/dam/fom-website/drivers/D/DANRIC01_Daniel_Ricciardo/danric01.png.transform/1col/image.png,5.0,,,0 days 00:01:13.240000,0 days 00:01:12.572000,0 days 00:01:12.178000,,,,,20.6,31.1,66.9,1.9,True
2024,9,Canadian Grand Prix,Montréal,Q,2024-06-09,14,ALO,alonso,Aston Martin,aston_martin,Fernando,Alonso,https://media.formula1.com/d_driver_fallback_image.png/content/dam/fom-website/drivers/F/FERALO01_Fernando_Alonso/feralo01.png.transform/1col/image.png,6.0,,,0 days 00:01:13.117000,0 days 00:01:12.635000,0 days 00:01:12.228000,,,,,20.6,31.1,66.9,1.9,True
2024,9,Canadian Grand Prix,Montréal,Q,2024-06-09,44,HAM,hamilton,Mercedes,mercedes,Lewis,Hamilton,https://media.formula1.com/d_driver_fallback_image.png/content/dam/fom-website/drivers/L/LEWHAM01_Lewis_Hamilton/lewham01.png.transform/1col/image.png,7.0,,,0 days 00:01:12.851000,0 days 00:01:11.979000,0 days 00:01:12.280000,,,,,20.6,31.1,66.9,1.9,True
2024,9,Canadian Grand Prix,Montréal,Q,2024-06-09,22,TSU,tsunoda,RB,rb,Yuki,Tsunoda,https://media.formula1.com/d_driver_fallback_image.png/content/dam/fom-website/drivers/Y/YUKTSU01_Yuki_Tsunoda/yuktsu01.png.transform/1col/image.png,8.0,,,0 days 00:01:12.748000,0 days 00:01:12.303000,0 days 00:01:12.414000,,,,,20.6,31.1,66.9,1.9,True
2024,9,Canadian Grand Prix,Montréal,Q,2024-06-09,18,STR,stroll,Aston Martin,aston_martin,Lance,Stroll,https://media.formula1.com/d_driver_fallback_image.png/content/dam/fom-website/drivers/L/LANSTR01_Lance_Stroll/lanstr01.png.transform/1col/image.png,9.0,,,0 days 00:01:13.088000,0 days 00:01:12.659000,0 days 00:01:12.701000,,,,,20.6,31.1,66.9,1.9,True
2024,9,Canadian Grand Prix,Montréal,Q,2024-06-09,23,ALB,albon,Williams,williams,Alexander,Albon,https://media.formula1.com/d_driver_fallback_image.png/content/dam/fom-website/drivers/A/ALEALB01_Alexander_Albon/alealb01.png.transform/1col/image.png,10.0,,,0 days 00:01:12.896000,0 days 00:01:12.485000,0 days 00:01:12.796000,,,,,20.6,31.1,66.9,1.9,True
2024,9,Canadian Grand Prix,Montréal,Q,2024-06-09,16,LEC,leclerc,Ferrari,ferrari,Charles,Leclerc,https://media.formula1.com/d_driver_fallback_image.png/content/dam/fom-website/drivers/C/CHALEC01_Charles_Leclerc/chalec01.png.transform/1col/image.png,11.0,,,0 days 00:01:13.107000,0 days 00:01:12.691000,,,,,,20.6,31.1,66.9,1.9,True
2024,9,Canadian Grand Prix,Montréal,Q,2024-06-09,55,SAI,sainz,Ferrari,ferrari,Carlos,Sainz,https://media.formula1.com/d_driver_fallback_image.png/content/dam/fom-website/drivers/C/CARSAI01_Carlos_Sainz/carsai01.png.transform/1col/image.png,12.0,,,0 days 00:01:13.038000,0 days 00:01:12.728000,,,,,,20.6,31.1,66.9,1.9,True
2024,9,Canadian Grand Prix,Montréal,Q,2024-06-09,2,SAR,sargeant,Williams,williams,Logan,Sargeant,https://media.formula1.com/d_driver_fallback_image.png/content/dam/fom-website/drivers/L/LOGSAR01_Logan_Sargeant/logsar01.png.transform/1col/image.png,13.0,,,0 days 00:01:13.063000,0 days 00:01:12.736000,,,,,,20.6,31.1,66.9,1.9,True
2024,9,Canadian Grand Prix,Montréal,Q,2024-06-09,20,MAG,kevin_magnussen,Haas F1 Team,haas,Kevin,Magnussen,https://media.formula1.com/d_driver_fallback_image.png/content/dam/fom-website/drivers/K/KEVMAG01_Kevin_Magnussen/kevmag01.png.transform/1col/image.png,14.0,,,0 days 00:01:13.217000,0 days 00:01:12.916000,,,,,,20.6,31.1,66.9,1.9,True
2024,9,Canadian Grand Prix,Montréal,Q,2024-06-09,10,GAS,gasly,Alpine,alpine,Pierre,Gasly,https://media.formula1.com/d_driver_fallback_image.png/content/dam/fom-website/drivers/P/PIEGAS01_Pierre_Gasly/piegas01.png.transform/1col/image.png,15.0,,,0 days 00:01:13.289000,0 days 00:01:12.940000,,,,,,20.6,31.1,66.9,1.9,True
2024,9,Canadian Grand Prix,Montréal,Q,2024-06-09,11,PER,perez,Red Bull Racing,red_bull,Sergio,Perez,https://media.formula1.com/d_driver_fallback_image.png/content/dam/fom-website/drivers/S/SERPER01_Sergio_Perez/serper01.png.transform/1col/image.png,16.0,,,0 days 00:01:13.326000,,,,,,,20.6,31.1,66.9,1.9,True
2024,9,Canadian Grand Prix,Montréal,Q,2024-06-09,77,BOT,bottas,Kick Sauber,sauber,Valtteri,Bottas,https://media.formula1.com/d_driver_fallback_image.png/content/dam/fom-website/drivers/V/VALBOT01_Valtteri_Bottas/valbot01.png.transform/1col/image.png,17.0,,,0 days 00:01:13.366000,,,,,,,20.6,31.1,66.9,1.9,True
2024,9,Canadian Grand Prix,Montréal,Q,2024-06-09,31,OCO,ocon,Alpine,alpine,Esteban,Ocon,https://media.formula1.com/d_driver_fallback_image.png/content/dam/fom-website/drivers/E/ESTOCO01_Esteban_Ocon/estoco01.png.transform/1col/image.png,18.0,,,0 days 00:01:13.435000,,,,,,,20.6,31.1,66.9,1.9,True
2024,9,Canadian Grand Prix,Montréal,Q,2024-06-09,27,HUL,hulkenberg,Haas F1 Team,haas,Nico,Hulkenberg,https://media.formula1.com/d_driver_fallback_image.png/content/dam/fom-website/drivers/N/NICHUL01_Nico_Hulkenberg/nichul01.png.transform/1col/image.png,19.0,,,0 days 00:01:13.978000,,,,,,,20.6,31.1,66.9,1.9,True
2024,9,Canadian Grand Prix,Montréal,Q,2024-06-09,24,ZHO,zhou,Kick Sauber,sauber,Guanyu,Zhou,https://media.formula1.com/d_driver_fallback_image.png/content/dam/fom-website/drivers/G/GUAZHO01_Guanyu_Zhou/guazho01.png.transform/1col/image.png,20.0,,,0 days 00:01:14.292000,,,,,,,20.6,31.1,66.9,1.9,True
2024,10,Spanish Grand Prix,Barcelona,Q,2024-06-23,4,NOR,norris,McLaren,mclaren,Lando,Norris,https://media.formula1.com/d_driver_fallback_image.png/content/dam/fom-website/drivers/L/LANNOR01_Lando_Norris/lannor01.png.transform/1col/image.png,1.0,,,0 days 00:01:12.386000,0 days 00:01:11.872000,0 days 00:01:11.383000,,,,,24.1,36.5,68.4,1.4,False
2024,10,Spanish Grand Prix,Barcelona,Q,2024-06-23,1,VER,max_verstappen,Red Bull Racing,red_bull,Max,Verstappen,https://media.formula1.com/d_driver_fallback_image.png/content/dam/fom-website/drivers/M/MAXVER01_Max_Verstappen/maxver01.png.transform/1col/image.png,2.0,,,0 days 00:01:12.306000,0 days 00:01:11.653000,0 days 00:01:11.403000,,,,,24.1,36.5,68.4,1.4,False
2024,10,Spanish Grand Prix,Barcelona,Q,2024-06-23,44,HAM,hamilton,Mercedes,mercedes,Lewis,Hamilton,https://media.formula1.com/d_driver_fallback_image.png/content/dam/fom-website/drivers/L/LEWHAM01_Lewis_Hamilton/lewham01.png.transform/1col/image.png,3.0,,,0 days 00:01:12.143000,0 days 00:01:11.792000,0 days 00:01:11.701000,,,,,24.1,36.5,68.4,1.4,False
2024,10,Spanish Grand Prix,Barcelona,Q,2024-06-23,63,RUS,russell,Mercedes,mercedes,George,Russell,https://media.formula1.com/d_driver_fallback_image.png/content/dam/fom-website/drivers/G/GEORUS01_George_Russell/georus01.png.transform/1col/image.png,4.0,,,0 days 00:01:12.456000,0 days 00:01:11.812000,0 days 00:01:11.703000,,,,,24.1,36.5,68.4,1.4,False
2024,10,Spanish Grand Prix,Barcelona,Q,2024-06-23,16,LEC,leclerc,Ferrari,ferrari,Charles,Leclerc,https://media.formula1.com/d_driver_fallback_image.png/content/dam/fom-website/drivers/C/CHALEC01_Charles_Leclerc/chalec01.png.transform/1col/image.png,5.0,,,0 days 00:01:12.257000,0 days 00:01:12.038000,0 days 00:01:11.731000,,,,,24.1,36.5,68.4,1.4,False
2024,10,Spanish Grand Prix,Barcelona,Q,2024-06-23,55,SAI,sainz,Ferrari,ferrari,Carlos,Sainz,https://media.formula1.com/d_driver_fallback_image.png/content/dam/fom-website/drivers/C/CARSAI01_Carlos_Sainz/carsai01.png.transform/1col/image.png,6.0,,,0 days 00:01:12.403000,0 days 00:01:11.874000,0 days 00:01:11.736000,,,,,24.1,36.5,68.4,1.4,False
2024,10,Spanish Grand Prix,Barcelona,Q,2024-06-23,10,GAS,gasly,Alpine,alpine,Pierre,Gasly,https://media.formula1.com/d_driver_fallback_image.png/content/dam/fom-website/drivers/P/PIEGAS01_Pierre_Gasly/piegas01.png.transform/1col/image.png,7.0,,,0 days 00:01:12.651000,0 days 00:01:12.079000,0 days 00:01:11.857000,,,,,24.1,36.5,68.4,1.4,False
2024,10,Spanish Grand Prix,Barcelona,Q,2024-06-23,11,PER,perez,Red Bull Racing,red_bull,Sergio,Perez,https://media.formula1.com/d_driver_fallback_image.png/content/dam/fom-website/drivers/S/SERPER01_Sergio_Perez/serper01.png.transform/1col/image.png,8.0,,,0 days 00:01:12.477000,0 days 00:01:12.054000,0 days 00:01:12.061000,,,,,24.1,36.5,68.4,1.4,False
2024,10,Spanish Grand Prix,Barcelona,Q,2024-06-23,31,OCO,ocon,Alpine,alpine,Esteban,Ocon,https://media.formula1.com/d_driver_fallback_image.png/content/dam/fom-website/drivers/E/ESTOCO01_Esteban_Ocon/estoco01.png.transform/1col/image.png,9.0,,,0 days 00:01:12.691000,0 days 00:01:12.109000,0 days 00:01:12.125000,,,,,24.1,36.5,68.4,1.4,False
2024,10,Spanish Grand Prix,Barcelona,Q,2024-06-23,81,PIA,piastri,McLaren,mclaren,Oscar,Piastri,https://media.formula1.com/d_driver_fallback_image.png/content/dam/fom-website/drivers/O/OSCPIA01_Oscar_Piastri/oscpia01.png.transform/1col/image.png,10.0,,,0 days 00:01:12.460000,0 days 00:01:12.011000,,,,,,24.1,36.5,68.4,1.4,False
2024,10,Spanish Grand Prix,Barcelona,Q,2024-06-23,14,ALO,alonso,Aston Martin,aston_martin,Fernando,Alonso,https://media.formula1.com/d_driver_fallback_image.png/content/dam/fom-website/drivers/F/FERALO01_Fernando_Alonso/feralo01.png.transform/1col/image.png,11.0,,,0 days 00:01:12.505000,0 days 00:01:12.128000,,,,,,24.1,36.5,68.4,1.4,False
2024,10,Spanish Grand Prix,Barcelona,Q,2024-06-23,77,BOT,bottas,Kick Sauber,sauber,Valtteri,Bottas,https://media.formula1.com/d_driver_fallback_image.png/content/dam/fom-website/drivers/V/VALBOT01_Valtteri_Bottas/valbot01.png.transform/1col/image.png,12.0,,,0 days 00:01:12.758000,0 days 00:01:12.227000,,,,,,24.1,36.5,68.4,1.4,False
2024,10,Spanish Grand Prix,Barcelona,Q,2024-06-23,27,HUL,hulkenberg,Haas F1 Team,haas,Nico,Hulkenberg,https://media.formula1.com/d_driver_fallback_image.png/content/dam/fom-website/drivers/N/NICHUL01_Nico_Hulkenberg/nichul01.png.transform/1col/image.png,13.0,,,0 days 00:01:12.708000,0 days 00:01:12.310000,,,,,,24.1,36.5,68.4,1.4,False
2024,10,Spanish Grand Prix,Barcelona,Q,2024-06-23,18,STR,stroll,Aston Martin,aston_martin,Lance,Stroll,https://media.formula1.com/d_driver_fallback_image.png/content/dam/fom-website/drivers/L/LANSTR01_Lance_Stroll/lanstr01.png.transform/1col/image.png,14.0,,,0 days 00:01:12.881000,0 days 00:01:12.372000,,,,,,24.1,36.5,68.4,1.4,False
2024,10,Spanish Grand Prix,Barcelona,Q,2024-06-23,24,ZHO,zhou,Kick Sauber,sauber,Guanyu,Zhou,https://media.formula1.com/d_driver_fallback_image.png/content/dam/fom-website/drivers/G/GUAZHO01_Guanyu_Zhou/guazho01.png.transform/1col/image.png,15.0,,,0 days 00:01:12.880000,0 days 00:01:12.738000,,,,,,24.1,36.5,68.4,1.4,False
2024,10,Spanish Grand Prix,Barcelona,Q,2024-06-23,20,MAG,kevin_magnussen,Haas F1 Team,haas,Kevin,Magnussen,https://media.formula1.com/d_driver_fallback_image.png/content/dam/fom-website/drivers/K/KEVMAG01_Kevin_Magnussen/kevmag01.png.transform/1col/image.png,16.0,,,0 days 00:01:12.937000,,,,,,,24.1,36.5,68.4,1.4,False
2024,10,Spanish Grand Prix,Barcelona,Q,2024-06-23,22,TSU,tsunoda,RB,rb,Yuki,Tsunoda,https://media.formula1.com/d_driver_fallback_image.png/content/dam/fom-website/drivers/Y/YUKTSU01_Yuki_Tsunoda/yuktsu01.png.transform/1col/image.png,17.0,,,0 days 00:01:12.985000,,,,,,,24.1,36.5,68.4,1.4,False
2024,10,Spanish Grand Prix,Barcelona,Q,2024-06-23,3,RIC,ricciardo,RB,rb,Daniel,Ricciardo,https://media.formula1.com/d_driver_fallback_image.png/content/dam/fom-website/drivers/D/DANRIC01_Daniel_Ricciardo/danric01.png.transform/1col/image.png,18.0,,,0 days 00:01:13.075000,,,,,,,24.1,36.5,68.4,1.4,False
2024,10,Spanish Grand Prix,Barcelona,Q,2024-06-23,23,ALB,albon,Williams,williams,Alexander,Albon,https://media.formula1.com/d_driver_fallback_image.png/content/dam/fom-website/drivers/A/ALEALB01_Alexander_Albon/alealb01.png.transform/1col/image.png,19.0,,,0 days 00:01:13.153000,,,,,,,24.1,36.5,68.4,1.4,False
2024,10,Spanish Grand Prix,Barcelona,Q,2024-06-23,2,SAR,sargeant,Williams,williams,Logan,Sargeant,https://media.formula1.com/d_driver_fallback_image.png/content/dam/fom-website/drivers/L/LOGSAR01_Logan_Sargeant/logsar01.png.transform/1col/image.png,20.0,,,0 days 00:01:13.509000,,,,,,,24.1,36.5,68.4,1.4,False
2024,11,Austrian Grand Prix,Spielberg,Q,2024-06-30,1,VER,max_verstappen,Red Bull Racing,red_bull,Max,Verstappen,https://media.formula1.com/d_driver_fallback_image.png/content/dam/fom-website/drivers/M/MAXVER01_Max_Verstappen/maxver01.png.transform/1col/image.png,1.0,,,0 days 00:01:05.336000,0 days 00:01:04.469000,0 days 00:01:04.314000,,,,,31.3,46.1,37.7,1.3,False
2024,11,Austrian Grand Prix,Spielberg,Q,2024-06-30,4,NOR,norris,McLaren,mclaren,Lando,Norris,https://media.formula1.com/d_driver_fallback_image.png/content/dam/fom-website/drivers/L/LANNOR01_Lando_Norris/lannor01.png.transform/1col/image.png,2.0,,,0 days 00:01:05.450000,0 days 00:01:05.103000,0 days 00:01:04.718000,,,,,31.3,46.1,37.7,1.3,False
2024,11,Austrian Grand Prix,Spielberg,Q,2024-06-30,63,RUS,russell,Mercedes,mercedes,George,Russell,https://media.formula1.com/d_driver_fallback_image.png/content/dam/fom-website/drivers/G/GEORUS01_George_Russell/georus01.png.transform/1col/image.png,3.0,,,0 days 00:01:05.585000,0 days 00:01:05.016000,0 days 00:01:04.840000,,,,,31.3,46.1,37.7,1.3,False
2024,11,Austrian Grand Prix,Spielberg,Q,2024-06-30,55,SAI,sainz,Ferrari,ferrari,Carlos,Sainz,https://media.formula1.com/d_driver_fallback_image.png/content/dam/fom-website/drivers/C/CARSAI01_Carlos_Sainz/carsai01.png.transform/1col/image.png,4.0,,,0 days 00:01:05.263000,0 days 00:01:05.016000,0 days 00:01:04.851000,,,,,31.3,46.1,37.7,1.3,False
2024,11,Austrian Grand Prix,Spielberg,Q,2024-06-30,44,HAM,hamilton,Mercedes,mercedes,Lewis,Hamilton,https://media.formula1.com/d_driver_fallback_image.png/content/dam/fom-website/drivers/L/LEWHAM01_Lewis_Hamilton/lewham01.png.transform/1col/image.png,5.0,,,0 days 00:01:05.541000,0 days 00:01:05.053000,0 days 00:01:04.903000,,,,,31.3,46.1,37.7,1.3,False
2024,11,Austrian Grand Prix,Spielberg,Q,2024-06-30,16,LEC,leclerc,Ferrari,ferrari,Charles,Leclerc,https://media.formula1.com/d_driver_fallback_image.png/content/dam/fom-website/drivers/C/CHALEC01_Charles_Leclerc/chalec01.png.transform/1col/image.png,6.0,,,0 days 00:01:05.509000,0 days 00:01:05.104000,0 days 00:01:05.044000,,,,,31.3,46.1,37.7,1.3,False
2024,11,Austrian Grand Prix,Spielberg,Q,2024-06-30,81,PIA,piastri,McLaren,mclaren,Oscar,Piastri,https://media.formula1.com/d_driver_fallback_image.png/content/dam/fom-website/drivers/O/OSCPIA01_Oscar_Piastri/oscpia01.png.transform/1col/image.png,7.0,,,0 days 00:01:05.311000,0 days 00:01:05.070000,0 days 00:01:05.048000,,,,,31.3,46.1,37.7,1.3,False
2024,11,Austrian Grand Prix,Spielberg,Q,2024-06-30,11,PER,perez,Red Bull Racing,red_bull,Sergio,Perez,https://media.formula1.com/d_driver_fallback_image.png/content/dam/fom-website/drivers/S/SERPER01_Sergio_Perez/serper01.png.transform/1col/image.png,8.0,,,0 days 00:01:05.587000,0 days 00:01:05.144000,0 days 00:01:05.202000,,,,,31.3,46.1,37.7,1.3,False
2024,11,Austrian Grand Prix,Spielberg,Q,2024-06-30,27,HUL,hulkenberg,Haas F1 Team,haas,Nico,Hulkenberg,https://media.formula1.com/d_driver_fallback_image.png/content/dam/fom-website/drivers/N/NICHUL01_Nico_Hulkenberg/nichul01.png.transform/1col/image.png,9.0,,,0 days 00:01:05.596000,0 days 00:01:05.262000,0 days 00:01:05.385000,,,,,31.3,46.1,37.7,1.3,False
2024,11,Austrian Grand Prix,Spielberg,Q,2024-06-30,31,OCO,ocon,Alpine,alpine,Esteban,Ocon,https://media.formula1.com/d_driver_fallback_image.png/content/dam/fom-website/drivers/E/ESTOCO01_Esteban_Ocon/estoco01.png.transform/1col/image.png,10.0,,,0 days 00:01:05.574000,0 days 00:01:05.274000,0 days 00:01:05.883000,,,,,31.3,46.1,37.7,1.3,False
2024,11,Austrian Grand Prix,Spielberg,Q,2024-06-30,3,RIC,ricciardo,RB,rb,Daniel,Ricciardo,https://media.formula1.com/d_driver_fallback_image.png/content/dam/fom-website/drivers/D/DANRIC01_Daniel_Ricciardo/danric01.png.transform/1col/image.png,11.0,,,0 days 00:01:05.569000,0 days 00:01:05.289000,,,,,,31.3,46.1,37.7,1.3,False
2024,11,Austrian Grand Prix,Spielberg,Q,2024-06-30,20,MAG,kevin_magnussen,Haas F1 Team,haas,Kevin,Magnussen,https://media.formula1.com/d_driver_fallback_image.png/content/dam/fom-website/drivers/K/KEVMAG01_Kevin_Magnussen/kevmag01.png.transform/1col/image.png,12.0,,,0 days 00:01:05.508000,0 days 00:01:05.347000,,,,,,31.3,46.1,37.7,1.3,False
2024,11,Austrian Grand Prix,Spielberg,Q,2024-06-30,10,GAS,gasly,Alpine,alpine,Pierre,Gasly,https://media.formula1.com/d_driver_fallback_image.png/content/dam/fom-website/drivers/P/PIEGAS01_Pierre_Gasly/piegas01.png.transform/1col/image.png,13.0,,,0 days 00:01:05.598000,0 days 00:01:05.359000,,,,,,31.3,46.1,37.7,1.3,False
2024,11,Austrian Grand Prix,Spielberg,Q,2024-06-30,22,TSU,tsunoda,RB,rb,Yuki,Tsunoda,https://media.formula1.com/d_driver_fallback_image.png/content/dam/fom-website/drivers/Y/YUKTSU01_Yuki_Tsunoda/yuktsu01.png.transform/1col/image.png,14.0,,,0 days 00:01:05.563000,0 days 00:01:05.412000,,,,,,31.3,46.1,37.7,1.3,False
2024,11,Austrian Grand Prix,Spielberg,Q,2024-06-30,14,ALO,alonso,Aston Martin,aston_martin,Fernando,Alonso,https://media.formula1.com/d_driver_fallback_image.png/content/dam/fom-website/drivers/F/FERALO01_Fernando_Alonso/feralo01.png.transform/1col/image.png,15.0,,,0 days 00:01:05.656000,0 days 00:01:05.639000,,,,,,31.3,46.1,37.7,1.3,False
2024,11,Austrian Grand Prix,Spielberg,Q,2024-06-30,23,ALB,albon,Williams,williams,Alexander,Albon,https://media.formula1.com/d_driver_fallback_image.png/content/dam/fom-website/drivers/A/ALEALB01_Alexander_Albon/alealb01.png.transform/1col/image.png,16.0,,,0 days 00:01:05.736000,,,,,,,31.3,46.1,37.7,1.3,False
2024,11,Austrian Grand Prix,Spielberg,Q,2024-06-30,18,STR,stroll,Aston Martin,aston_martin,Lance,Stroll,https://media.formula1.com/d_driver_fallback_image.png/content/dam/fom-website/drivers/L/LANSTR01_Lance_Stroll/lanstr01.png.transform/1col/image.png,17.0,,,0 days 00:01:05.819000,,,,,,,31.3,46.1,37.7,1.3,False
2024,11,Austrian Grand Prix,Spielberg,Q,2024-06-30,77,BOT,bottas,Kick Sauber,sauber,Valtteri,Bottas,https://media.formula1.com/d_driver_fallback_image.png/content/dam/fom-website/drivers/V/VALBOT01_Valtteri_Bottas/valbot01.png.transform/1col/image.png,18.0,,,0 days 00:01:05.847000,,,,,,,31.3,46.1,37.7,1.3,False
2024,11,Austrian Grand Prix,Spielberg,Q,2024-06-30,2,SAR,sargeant,Williams,williams,Logan,Sargeant,https://media.formula1.com/d_driver_fallback_image.png/content/dam/fom-website/drivers/L/LOGSAR01_Logan_Sargeant/logsar01.png.transform/1col/image.png,19.0,,,0 days 00:01:05.856000,,,,,,,31.3,46.1,37.7,1.3,False
2024,11,Austrian Grand Prix,Spielberg,Q,2024-06-30,24,ZHO,zhou,Kick Sauber,sauber,Guanyu,Zhou,https://media.formula1.com/d_driver_fallback_image.png/content/dam/fom-website/drivers/G/GUAZHO01_Guanyu_Zhou/guazho01.png.transform/1col/image.png,20.0,,,0 days 00:01:06.061000,,,,,,,31.3,46.1,37.7,1.3,False
2024,12,British Grand Prix,Silverstone,Q,2024-07-07,63,RUS,russell,Mercedes,mercedes,George,Russell,https://media.formula1.com/d_driver_fallback_image.png/content/dam/fom-website/drivers/G/GEORUS01_George_Russell/georus01.png.transform/1col/image.png,1.0,,,0 days 00:01:30.106000,0 days 00:01:26.723000,0 days 00:01:25.819000,,,,,13.7,21.2,74.4,1.8,True
2024,12,British Grand Prix,Silverstone,Q,2024-07-07,44,HAM,hamilton,Mercedes,mercedes,Lewis,Hamilton,https://media.formula1.com/d_driver_fallback_image.png/content/dam/fom-website/drivers/L/LEWHAM01_Lewis_Hamilton/lewham01.png.transform/1col/image.png,2.0,,,0 days 00:01:29.547000,0 days 00:01:26.770000,0 days 00:01:25.990000,,,,,13.7,21.2,74.4,1.8,True
2024,12,British Grand Prix,Silverstone,Q,2024-07-07,4,NOR,norris,McLaren,mclaren,Lando,Norris,https://media.formula1.com/d_driver_fallback_image.png/content/dam/fom-website/drivers/L/LANNOR01_Lando_Norris/lannor01.png.transform/1col/image.png,3.0,,,0 days 00:01:31.596000,0 days 00:01:26.559000,0 days 00:01:26.030000,,,,,13.7,21.2,74.4,1.8,True
2024,12,British Grand Prix,Silverstone,Q,2024-07-07,1,VER,max_verstappen,Red Bull Racing,red_bull,Max,Verstappen,https://media.formula1.com/d_driver_fallback_image.png/content/dam/fom-website/drivers/M/MAXVER01_Max_Verstappen/maxver01.png.transform/1col/image.png,4.0,,,0 days 00:01:31.342000,0 days 00:01:26.796000,0 days 00:01:26.203000,,,,,13.7,21.2,74.4,1.8,True
2024,12,British Grand Prix,Silverstone,Q,2024-07-07,81,PIA,piastri,McLaren,mclaren,Oscar,Piastri,https://media.formula1.com/d_driver_fallback_image.png/content/dam/fom-website/drivers/O/OSCPIA01_Oscar_Piastri/oscpia01.png.transform/1col/image.png,5.0,,,0 days 00:01:30.895000,0 days 00:01:26.733000,0 days 00:01:26.237000,,,,,13.7,21.2,74.4,1.8,True
2024,12,British Grand Prix,Silverstone,Q,2024-07-07,27,HUL,hulkenberg,Haas F1 Team,haas,Nico,Hulkenberg,https://media.formula1.com/d_driver_fallback_image.png/content/dam/fom-website/drivers/N/NICHUL01_Nico_Hulkenberg/nichul01.png.transform/1col/image.png,6.0,,,0 days 00:01:31.929000,0 days 00:01:26.847000,0 days 00:01:26.338000,,,,,13.7,21.2,74.4,1.8,True
2024,12,British Grand Prix,Silverstone,Q,2024-07-07,55,SAI,sainz,Ferrari,ferrari,Carlos,Sainz,https://media.formula1.com/d_driver_fallback_image.png/content/dam/fom-website/drivers/C/CARSAI01_Carlos_Sainz/carsai01.png.transform/1col/image.png,7.0,,,0 days 00:01:30.557000,0 days 00:01:26.843000,0 days 00:01:26.509000,,,,,13.7,21.2,74.4,1.8,True
2024,12,British Grand Prix,Silverstone,Q,2024-07-07,18,STR,stroll,Aston Martin,aston_martin,Lance,Stroll,https://media.formula1.com/d_driver_fallback_image.png/content/dam/fom-website/drivers/L/LANSTR01_Lance_Stroll/lanstr01.png.transform/1col/image.png,8.0,,,0 days 00:01:31.410000,0 days 00:01:26.938000,0 days 00:01:26.585000,,,,,13.7,21.2,74.4,1.8,True
2024,12,British Grand Prix,Silverstone,Q,2024-07-07,23,ALB,albon,Williams,williams,Alexander,Albon,https://media.formula1.com/d_driver_fallback_image.png/content/dam/fom-website/drivers/A/ALEALB01_Alexander_Albon/alealb01.png.transform/1col/image.png,9.0,,,0 days 00:01:31.135000,0 days 00:01:26.933000,0 days 00:01:26.640000,,,,,13.7,21.2,74.4,1.8,True
2024,12,British Grand Prix,Silverstone,Q,2024-07-07,14,ALO,alonso,Aston Martin,aston_martin,Fernando,Alonso,https://media.formula1.com/d_driver_fallback_image.png/content/dam/fom-website/drivers/F/FERALO01_Fernando_Alonso/feralo01.png.transform/1col/image.png,10.0,,,0 days 00:01:31.264000,0 days 00:01:26.730000,0 days 00:01:26.917000,,,,,13.7,21.2,74.4,1.8,True
2024,12,British Grand Prix,Silverstone,Q,2024-07-07,16,LEC,leclerc,Ferrari,ferrari,Charles,Leclerc,https://media.formula1.com/d_driver_fallback_image.png/content/dam/fom-website/drivers/C/CHALEC01_Charles_Leclerc/chalec01.png.transform/1col/image.png,11.0,,,0 days 00:01:30.496000,0 days 00:01:27.097000,,,,,,13.7,21.2,74.4,1.8,True
2024,12,British Grand Prix,Silverstone,Q,2024-07-07,2,SAR,sargeant,Williams,williams,Logan,Sargeant,https://media.formula1.com/d_driver_fallback_image.png/content/dam/fom-website/drivers/L/LOGSAR01_Logan_Sargeant/logsar01.png.transform/1col/image.png,12.0,,,0 days 00:01:31.608000,0 days 00:01:27.175000,,,,,,13.7,21.2,74.4,1.8,True
2024,12,British Grand Prix,Silverstone,Q,2024-07-07,22,TSU,tsunoda,RB,rb,Yuki,Tsunoda,https://media.formula1.com/d_driver_fallback_image.png/content/dam/fom-website/drivers/Y/YUKTSU01_Yuki_Tsunoda/yuktsu01.png.transform/1col/image.png,13.0,,,0 days 00:01:30.994000,0 days 00:01:27.269000,,,,,,13.7,21.2,74.4,1.8,True
2024,12,British Grand Prix,Silverstone,Q,2024-07-07,24,ZHO,zhou,Kick Sauber,sauber,Guanyu,Zhou,https://media.formula1.com/d_driver_fallback_image.png/content/dam/fom-website/drivers/G/GUAZHO01_Guanyu_Zhou/guazho01.png.transform/1col/image.png,14.0,,,0 days 00:01:31.190000,0 days 00:01:27.867000,,,,,,13.7,21.2,74.4,1.8,True
2024,12,British Grand Prix,Silverstone,Q,2024-07-07,3,RIC,ricciardo,RB,rb,Daniel,Ricciardo,https://media.formula1.com/d_driver_fallback_image.png/content/dam/fom-website/drivers/D/DANRIC01_Daniel_Ricciardo/danric01.png.transform/1col/image.png,15.0,,,0 days 00:01:31.291000,0 days 00:01:27.949000,,,,,,13.7,21.2,74.4,1.8,True
2024,12,British Grand Prix,Silverstone,Q,2024-07-07,77,BOT,bottas,Kick Sauber,sauber,Valtteri,Bottas,https://media.formula1.com/d_driver_fallback_image.png/content/dam/fom-website/drivers/V/VALBOT01_Valtteri_Bottas/valbot01.png.transform/1col/image.png,16.0,,,0 days 00:01:32.431000,,,,,,,13.7,21.2,74.4,1.8,True
2024,12,British Grand Prix,Silverstone,Q,2024-07-07,20,MAG,kevin_magnussen,Haas F1 Team,haas,Kevin,Magnussen,https://media.formula1.com/d_driver_fallback_image.png/content/dam/fom-website/drivers/K/KEVMAG01_Kevin_Magnussen/kevmag01.png.transform/1col/image.png,17.0,,,0 days 00:01:32.905000,,,,,,,13.7,21.2,74.4,1.8,True
2024,12,British Grand Prix,Silverstone,Q,2024-07-07,31,OCO,ocon,Alpine,alpine,Esteban,Ocon,https://media.formula1.com/d_driver_fallback_image.png/content/dam/fom-website/drivers/E/ESTOCO01_Esteban_Ocon/estoco01.png.transform/1col/image.png,18.0,,,0 days 00:01:34.557000,,,,,,,13.7,21.2,74.4,1.8,True
2024,12,British Grand Prix,Silverstone,Q,2024-07-07,11,PER,perez,Red Bull Racing,red_bull,Sergio,Perez,https://media.formula1.com/d_driver_fallback_image.png/content/dam/fom-website/drivers/S/SERPER01_Sergio_Perez/serper01.png.transform/1col/image.png,19.0,,,0 days 00:01:38.348000,,,,,,,13.7,21.2,74.4,1.8,True
2024,12,British Grand Prix,Silverstone,Q,2024-07-07,10,GAS,gasly,Alpine,alpine,Pierre,Gasly,https://media.formula1.com/d_driver_fallback_image.png/content/dam/fom-website/drivers/P/PIEGAS01_Pierre_Gasly/piegas01.png.transform/1col/image.png,20.0,,,0 days 00:01:39.804000,,,,,,,13.7,21.2,74.4,1.8,True
2024,13,Hungarian Grand Prix,Budapest,Q,2024-07-21,4,NOR,norris,McLaren,mclaren,Lando,Norris,https://media.formula1.com/d_driver_fallback_image.png/content/dam/fom-website/drivers/L/LANNOR01_Lando_Norris/lannor01.png.transform/1col/image.png,1.0,,,0 days 00:01:17.755000,0 days 00:01:15.540000,0 days 00:01:15.227000,,,,,24.4,30.3,61.8,0.9,True
2024,13,Hungarian Grand Prix,Budapest,Q,2024-07-21,81,PIA,piastri,McLaren,mclaren,Oscar,Piastri,https://media.formula1.com/d_driver_fallback_image.png/content/dam/fom-website/drivers/O/OSCPIA01_Oscar_Piastri/oscpia01.png.transform/1col/image.png,2.0,,,0 days 00:01:17.504000,0 days 00:01:15.785000,0 days 00:01:15.249000,,,,,24.4,30.3,61.8,0.9,True
2024,13,Hungarian Grand Prix,Budapest,Q,2024-07-21,1,VER,max_verstappen,Red Bull Racing,red_bull,Max,Verstappen,https://media.formula1.com/d_driver_fallback_image.png/content/dam/fom-website/drivers/M/MAXVER01_Max_Verstappen/maxver01.png.transform/1col/image.png,3.0,,,0 days 00:01:17.087000,0 days 00:01:15.770000,0 days 00:01:15.273000,,,,,24.4,30.3,61.8,0.9,True
2024,13,Hungarian Grand Prix,Budapest,Q,2024-07-21,55,SAI,sainz,Ferrari,ferrari,Carlos,Sainz,https://media.formula1.com/d_driver_fallback_image.png/content/dam/fom-website/drivers/C/CARSAI01_Carlos_Sainz/carsai01.png.transform/1col/image.png,4.0,,,0 days 00:01:17.244000,0 days 00:01:15.885000,0 days 00:01:15.696000,,,,,24.4,30.3,61.8,0.9,True
2024,13,Hungarian Grand Prix,Budapest,Q,2024-07-21,44,HAM,hamilton,Mercedes,mercedes,Lewis,Hamilton,https://media.formula1.com/d_driver_fallback_image.png/content/dam/fom-website/drivers/L/LEWHAM01_Lewis_Hamilton/lewham01.png.transform/1col/image.png,5.0,,,0 days 00:01:17.087000,0 days 00:01:16.307000,0 days 00:01:15.854000,,,,,24.4,30.3,61.8,0.9,True
2024,13,Hungarian Grand Prix,Budapest,Q,2024-07-21,16,LEC,leclerc,Ferrari,ferrari,Charles,Leclerc,https://media.formula1.com/d_driver_fallback_image.png/content/dam/fom-website/drivers/C/CHALEC01_Charles_Leclerc/chalec01.png.transform/1col/image.png,6.0,,,0 days 00:01:17.437000,0 days 00:01:15.891000,0 days 00:01:15.905000,,,,,24.4,30.3,61.8,0.9,True
2024,13,Hungarian Grand Prix,Budapest,Q,2024-07-21,14,ALO,alonso,Aston Martin,aston_martin,Fernando,Alonso,https://media.formula1.com/d_driver_fallback_image.png/content/dam/fom-website/drivers/F/FERALO01_Fernando_Alonso/feralo01.png.transform/1col/image.png,7.0,,,0 days 00:01:17.624000,0 days 00:01:16.117000,0 days 00:01:16.043000,,,,,24.4,30.3,61.8,0.9,True
2024,13,Hungarian Grand Prix,Budapest,Q,2024-07-21,18,STR,stroll,Aston Martin,aston_martin,Lance,Stroll,https://media.formula1.com/d_driver_fallback_image.png/content/dam/fom-website/drivers/L/LANSTR01_Lance_Stroll/lanstr01.png.transform/1col/image.png,8.0,,,0 days 00:01:17.405000,0 days 00:01:16.075000,0 days 00:01:16.244000,,,,,24.4,30.3,61.8,0.9,True
2024,13,Hungarian Grand Prix,Budapest,Q,2024-07-21,3,RIC,ricciardo,RB,rb,Daniel,Ricciardo,https://media.formula1.com/d_driver_fallback_image.png/content/dam/fom-website/drivers/D/DANRIC01_Daniel_Ricciardo/danric01.png.transform/1col/image.png,9.0,,,0 days 00:01:17.050000,0 days 00:01:16.202000,0 days 00:01:16.447000,,,,,24.4,30.3,61.8,0.9,True
2024,13,Hungarian Grand Prix,Budapest,Q,2024-07-21,22,TSU,tsunoda,RB,rb,Yuki,Tsunoda,https://media.formula1.com/d_driver_fallback_image.png/content/dam/fom-website/drivers/Y/YUKTSU01_Yuki_Tsunoda/yuktsu01.png.transform/1col/image.png,10.0,,,0 days 00:01:17.436000,0 days 00:01:16.121000,0 days 00:01:16.477000,,,,,24.4,30.3,61.8,0.9,True
2024,13,Hungarian Grand Prix,Budapest,Q,2024-07-21,27,HUL,hulkenberg,Haas F1 Team,haas,Nico,Hulkenberg,https://media.formula1.com/d_driver_fallback_image.png/content/dam/fom-website/drivers/N/NICHUL01_Nico_Hulkenberg/nichul01.png.transform/1col/image.png,11.0,,,0 days 00:01:17.362000,0 days 00:01:16.317000,,,,,,24.4,30.3,61.8,0.9,True
2024,13,Hungarian Grand Prix,Budapest,Q,2024-07-21,77,BOT,bottas,Kick Sauber,sauber,Valtteri,Bottas,https://media.formula1.com/d_driver_fallback_image.png/content/dam/fom-website/drivers/V/VALBOT01_Valtteri_Bottas/valbot01.png.transform/1col/image.png,12.0,,,0 days 00:01:17.487000,0 days 00:01:16.384000,,,,,,24.4,30.3,61.8,0.9,True
2024,13,Hungarian Grand Prix,Budapest,Q,2024-07-21,23,ALB,albon,Williams,williams,Alexander,Albon,https://media.formula1.com/d_driver_fallback_image.png/content/dam/fom-website/drivers/A/ALEALB01_Alexander_Albon/alealb01.png.transform/1col/image.png,13.0,,,0 days 00:01:17.280000,0 days 00:01:16.429000,,,,,,24.4,30.3,61.8,0.9,True
2024,13,Hungarian Grand Prix,Budapest,Q,2024-07-21,2,SAR,sargeant,Williams,williams,Logan,Sargeant,https://media.formula1.com/d_driver_fallback_image.png/content/dam/fom-website/drivers/L/LOGSAR01_Logan_Sargeant/logsar01.png.transform/1col/image.png,14.0,,,0 days 00:01:17.770000,0 days 00:01:16.543000,,,,,,24.4,30.3,61.8,0.9,True
2024,13,Hungarian Grand Prix,Budapest,Q,2024-07-21,20,MAG,kevin_magnussen,Haas F1 Team,haas,Kevin,Magnussen,https://media.formula1.com/d_driver_fallback_image.png/content/dam/fom-website/drivers/K/KEVMAG01_Kevin_Magnussen/kevmag01.png.transform/1col/image.png,15.0,,,0 days 00:01:17.851000,0 days 00:01:16.548000,,,,,,24.4,30.3,61.8,0.9,True
2024,13,Hungarian Grand Prix,Budapest,Q,2024-07-21,11,PER,perez,Red Bull Racing,red_bull,Sergio,Perez,https://media.formula1.com/d_driver_fallback_image.png/content/dam/fom-website/drivers/S/SERPER01_Sergio_Perez/serper01.png.transform/1col/image.png,16.0,,,0 days 00:01:17.886000,,,,,,,24.4,30.3,61.8,0.9,True
2024,13,Hungarian Grand Prix,Budapest,Q,2024-07-21,63,RUS,russell,Mercedes,mercedes,George,Russell,https://media.formula1.com/d_driver_fallback_image.png/content/dam/fom-website/drivers/G/GEORUS01_George_Russell/georus01.png.transform/1col/image.png,17.0,,,0 days 00:01:17.968000,,,,,,,24.4,30.3,61.8,0.9,True
2024,13,Hungarian Grand Prix,Budapest,Q,2024-07-21,24,ZHO,zhou,Kick Sauber,sauber,Guanyu,Zhou,https://media.formula1.com/d_driver_fallback_image.png/content/dam/fom-website/drivers/G/GUAZHO01_Guanyu_Zhou/guazho01.png.transform/1col/image.png,18.0,,,0 days 00:01:18.037000,,,,,,,24.4,30.3,61.8,0.9,True
2024,13,Hungarian Grand Prix,Budapest,Q,2024-07-21,31,OCO,ocon,Alpine,alpine,Esteban,Ocon,https://media.formula1.com/d_driver_fallback_image.png/content/dam/fom-website/drivers/E/ESTOCO01_Esteban_Ocon/estoco01.png.transform/1col/image.png,19.0,,,0 days 00:01:18.049000,,,,,,,24.4,30.3,61.8,0.9,True
2024,13,Hungarian Grand Prix,Budapest,Q,2024-07-21,10,GAS,gasly,Alpine,alpine,Pierre,Gasly,https://media.formula1.com/d_driver_fallback_image.png/content/dam/fom-website/drivers/P/PIEGAS01_Pierre_Gasly/piegas01.png.transform/1col/image.png,20.0,,,0 days 00:01:18.166000,,,,,,,24.4,30.3,61.8,0.9,True
2024,14,Belgian Grand Prix,Spa-Francorchamps,Q,2024-07-28,1,VER,max_verstappen,Red Bull Racing,red_bull,Max,Verstappen,https://media.formula1.com/d_driver_fallback_image.png/content/dam/fom-website/drivers/M/MAXVER01_Max_Verstappen/maxver01.png.transform/1col/image.png,1.0,,,0 days 00:01:54.938000,0 days 00:01:53.837000,0 days 00:01:53.159000,,,,,18.0,22.0,92.7,1.1,True
2024,14,Belgian Grand Prix,Spa-Francorchamps,Q,2024-07-28,16,LEC,leclerc,Ferrari,ferrari,Charles,Leclerc,https://media.formula1.com/d_driver_fallback_image.png/content/dam/fom-website/drivers/C/CHALEC01_Charles_Leclerc/chalec01.png.transform/1col/image.png,2.0,,,0 days 00:01:55.349000,0 days 00:01:54.193000,0 days 00:01:53.754000,,,,,18.0,22.0,92.7,1.1,True
2024,14,Belgian Grand Prix,Spa-Francorchamps,Q,2024-07-28,11,PER,perez,Red Bull Racing,red_bull,Sergio,Perez,https://media.formula1.com/d_driver_fallback_image.png/content/dam/fom-website/drivers/S/SERPER01_Sergio_Perez/serper01.png.transform/1col/image.png,3.0,,,0 days 00:01:55.139000,0 days 00:01:54.470000,0 days 00:01:53.765000,,,,,18.0,22.0,92.7,1.1,True
2024,14,Belgian Grand Prix,Spa-Francorchamps,Q,2024-07-28,44,HAM,hamilton,Mercedes,mercedes,Lewis,Hamilton,https://media.formula1.com/d_driver_fallback_image.png/content/dam/fom-website/drivers/L/LEWHAM01_Lewis_Hamilton/lewham01.png.transform/1col/image.png,4.0,,,0 days 00:01:55.692000,0 days 00:01:54.037000,0 days 00:01:53.835000,,,,,18.0,22.0,92.7,1.1,True
2024,14,Belgian Grand Prix,Spa-Francorchamps,Q,2024-07-28,4,NOR,norris,McLaren,mclaren,Lando,Norris,https://media.formula1.com/d_driver_fallback_image.png/content/dam/fom-website/drivers/L/LANNOR01_Lando_Norris/lannor01.png.transform/1col/image.png,5.0,,,0 days 00:01:55.582000,0 days 00:01:54.358000,0 days 00:01:53.981000,,,,,18.0,22.0,92.7,1.1,True
2024,14,Belgian Grand Prix,Spa-Francorchamps,Q,2024-07-28,81,PIA,piastri,McLaren,mclaren,Oscar,Piastri,https://media.formula1.com/d_driver_fallback_image.png/content/dam/fom-website/drivers/O/OSCPIA01_Oscar_Piastri/oscpia01.png.transform/1col/image.png,6.0,,,0 days 00:01:54.835000,0 days 00:01:54.136000,0 days 00:01:54.027000,,,,,18.0,22.0,92.7,1.1,True
2024,14,Belgian Grand Prix,Spa-Francorchamps,Q,2024-07-28,63,RUS,russell,Mercedes,mercedes,George,Russell,https://media.formula1.com/d_driver_fallback_image.png/content/dam/fom-website/drivers/G/GEORUS01_George_Russell/georus01.png.transform/1col/image.png,7.0,,,0 days 00:01:55.353000,0 days 00:01:54.095000,0 days 00:01:54.184000,,,,,18.0,22.0,92.7,1.1,True
2024,14,Belgian Grand Prix,Spa-Francorchamps,Q,2024-07-28,55,SAI,sainz,Ferrari,ferrari,Carlos,Sainz,https://media.formula1.com/d_driver_fallback_image.png/content/dam/fom-website/drivers/C/CARSAI01_Carlos_Sainz/carsai01.png.transform/1col/image.png,8.0,,,0 days 00:01:55.169000,0 days 00:01:54.112000,0 days 00:01:54.477000,,,,,18.0,22.0,92.7,1.1,True
2024,14,Belgian Grand Prix,Spa-Francorchamps,Q,2024-07-28,14,ALO,alonso,Aston Martin,aston_martin,Fernando,Alonso,https://media.formula1.com/d_driver_fallback_image.png/content/dam/fom-website/drivers/F/FERALO01_Fernando_Alonso/feralo01.png.transform/1col/image.png,9.0,,,0 days 00:01:55.489000,0 days 00:01:54.258000,0 days 00:01:54.765000,,,,,18.0,22.0,92.7,1.1,True
2024,14,Belgian Grand Prix,Spa-Francorchamps,Q,2024-07-28,31,OCO,ocon,Alpine,alpine,Esteban,Ocon,https://media.formula1.com/d_driver_fallback_image.png/content/dam/fom-website/drivers/E/ESTOCO01_Esteban_Ocon/estoco01.png.transform/1col/image.png,10.0,,,0 days 00:01:55.417000,0 days 00:01:54.460000,0 days 00:01:54.810000,,,,,18.0,22.0,92.7,1.1,True
2024,14,Belgian Grand Prix,Spa-Francorchamps,Q,2024-07-28,23,ALB,albon,Williams,williams,Alexander,Albon,https://media.formula1.com/d_driver_fallback_image.png/content/dam/fom-website/drivers/A/ALEALB01_Alexander_Albon/alealb01.png.transform/1col/image.png,11.0,,,0 days 00:01:55.722000,0 days 00:01:54.473000,,,,,,18.0,22.0,92.7,1.1,True
2024,14,Belgian Grand Prix,Spa-Francorchamps,Q,2024-07-28,10,GAS,gasly,Alpine,alpine,Pierre,Gasly,https://media.formula1.com/d_driver_fallback_image.png/content/dam/fom-website/drivers/P/PIEGAS01_Pierre_Gasly/piegas01.png.transform/1col/image.png,12.0,,,0 days 00:01:54.911000,0 days 00:01:54.635000,,,,,,18.0,22.0,92.7,1.1,True
2024,14,Belgian Grand Prix,Spa-Francorchamps,Q,2024-07-28,3,RIC,ricciardo,RB,rb,Daniel,Ricciardo,https://media.formula1.com/d_driver_fallback_image.png/content/dam/fom-website/drivers/D/DANRIC01_Daniel_Ricciardo/danric01.png.transform/1col/image.png,13.0,,,0 days 00:01:55.451000,0 days 00:01:54.682000,,,,,,18.0,22.0,92.7,1.1,True
2024,14,Belgian Grand Prix,Spa-Francorchamps,Q,2024-07-28,77,BOT,bottas,Kick Sauber,sauber,Valtteri,Bottas,https://media.formula1.com/d_driver_fallback_image.png/content/dam/fom-website/drivers/V/VALBOT01_Valtteri_Bottas/valbot01.png.transform/1col/image.png,14.0,,,0 days 00:01:55.531000,0 days 00:01:54.764000,,,,,,18.0,22.0,92.7,1.1,True
2024,14,Belgian Grand Prix,Spa-Francorchamps,Q,2024-07-28,18,STR,stroll,Aston Martin,aston_martin,Lance,Stroll,https://media.formula1.com/d_driver_fallback_image.png/content/dam/fom-website/drivers/L/LANSTR01_Lance_Stroll/lanstr01.png.transform/1col/image.png,15.0,,,0 days 00:01:56.072000,0 days 00:01:55.716000,,,,,,18.0,22.0,92.7,1.1,True
2024,14,Belgian Grand Prix,Spa-Francorchamps,Q,2024-07-28,27,HUL,hulkenberg,Haas F1 Team,haas,Nico,Hulkenberg,https://media.formula1.com/d_driver_fallback_image.png/content/dam/fom-website/drivers/N/NICHUL01_Nico_Hulkenberg/nichul01.png.transform/1col/image.png,16.0,,,0 days 00:01:56.308000,,,,,,,18.0,22.0,92.7,1.1,True
2024,14,Belgian Grand Prix,Spa-Francorchamps,Q,2024-07-28,20,MAG,kevin_magnussen,Haas F1 Team,haas,Kevin,Magnussen,https://media.formula1.com/d_driver_fallback_image.png/content/dam/fom-website/drivers/K/KEVMAG01_Kevin_Magnussen/kevmag01.png.transform/1col/image.png,17.0,,,0 days 00:01:56.500000,,,,,,,18.0,22.0,92.7,1.1,True
2024,14,Belgian Grand Prix,Spa-Francorchamps,Q,2024-07-28,22,TSU,tsunoda,RB,rb,Yuki,Tsunoda,https://media.formula1.com/d_driver_fallback_image.png/content/dam/fom-website/drivers/Y/YUKTSU01_Yuki_Tsunoda/yuktsu01.png.transform/1col/image.png,18.0,,,0 days 00:01:56.593000,,,,,,,18.0,22.0,92.7,1.1,True
2024,14,Belgian Grand Prix,Spa-Francorchamps,Q,2024-07-28,2,SAR,sargeant,Williams,williams,Logan,Sargeant,https://media.formula1.com/d_driver_fallback_image.png/content/dam/fom-website/drivers/L/LOGSAR01_Logan_Sargeant/logsar01.png.transform/1col/image.png,19.0,,,0 days 00:01:57.230000,,,,,,,18.0,22.0,92.7,1.1,True
2024,14,Belgian Grand Prix,Spa-Francorchamps,Q,2024-07-28,24,ZHO,zhou,Kick Sauber,sauber,Guanyu,Zhou,https://media.formula1.com/d_driver_fallback_image.png/content/dam/fom-website/drivers/G/GUAZHO01_Guanyu_Zhou/guazho01.png.transform/1col/image.png,20.0,,,0 days 00:01:57.775000,,,,,,,18.0,22.0,92.7,1.1,True
2024,15,Dutch Grand Prix,Zandvoort,Q,2024-08-25,4,NOR,norris,McLaren,mclaren,Lando,Norris,https://media.formula1.com/d_driver_fallback_image.png/content/dam/fom-website/drivers/L/LANNOR01_Lando_Norris/lannor01.png.transform/1col/image.png,1.0,,,0 days 00:01:11.377000,0 days 00:01:10.496000,0 days 00:01:09.673000,,,,,24.5,30.1,66.3,4.1,False
2024,15,Dutch Grand Prix,Zandvoort,Q,2024-08-25,1,VER,max_verstappen,Red Bull Racing,red_bull,Max,Verstappen,https://media.formula1.com/d_driver_fallback_image.png/content/dam/fom-website/drivers/M/MAXVER01_Max_Verstappen/maxver01.png.transform/1col/image.png,2.0,,,0 days 00:01:11.393000,0 days 00:01:10.811000,0 days 00:01:10.029000,,,,,24.5,30.1,66.3,4.1,False
2024,15,Dutch Grand Prix,Zandvoort,Q,2024-08-25,81,PIA,piastri,McLaren,mclaren,Oscar,Piastri,https://media.formula1.com/d_driver_fallback_image.png/content/dam/fom-website/drivers/O/OSCPIA01_Oscar_Piastri/oscpia01.png.transform/1col/image.png,3.0,,,0 days 00:01:11.541000,0 days 00:01:10.505000,0 days 00:01:10.172000,,,,,24.5,30.1,66.3,4.1,False
2024,15,Dutch Grand Prix,Zandvoort,Q,2024-08-25,63,RUS,russell,Mercedes,mercedes,George,Russell,https://media.formula1.com/d_driver_fallback_image.png/content/dam/fom-website/drivers/G/GEORUS01_George_Russell/georus01.png.transform/1col/image.png,4.0,,,0 days 00:01:11.049000,0 days 00:01:10.552000,0 days 00:01:10.244000,,,,,24.5,30.1,66.3,4.1,False
2024,15,Dutch Grand Prix,Zandvoort,Q,2024-08-25,11,PER,perez,Red Bull Racing,red_bull,Sergio,Perez,https://media.formula1.com/d_driver_fallback_image.png/content/dam/fom-website/drivers/S/SERPER01_Sergio_Perez/serper01.png.transform/1col/image.png,5.0,,,0 days 00:01:11.006000,0 days 00:01:10.678000,0 days 00:01:10.416000,,,,,24.5,30.1,66.3,4.1,False
2024,15,Dutch Grand Prix,Zandvoort,Q,2024-08-25,16,LEC,leclerc,Ferrari,ferrari,Charles,Leclerc,https://media.formula1.com/d_driver_fallback_image.png/content/dam/fom-website/drivers/C/CHALEC01_Charles_Leclerc/chalec01.png.transform/1col/image.png,6.0,,,0 days 00:01:11.370000,0 days 00:01:10.689000,0 days 00:01:10.582000,,,,,24.5,30.1,66.3,4.1,False
2024,15,Dutch Grand Prix,Zandvoort,Q,2024-08-25,14,ALO,alonso,Aston Martin,aston_martin,Fernando,Alonso,https://media.formula1.com/d_driver_fallback_image.png/content/dam/fom-website/drivers/F/FERALO01_Fernando_Alonso/feralo01.png.transform/1col/image.png,7.0,,,0 days 00:01:11.493000,0 days 00:01:10.845000,0 days 00:01:10.633000,,,,,24.5,30.1,66.3,4.1,False
2024,15,Dutch Grand Prix,Zandvoort,Q,2024-08-25,18,STR,stroll,Aston Martin,aston_martin,Lance,Stroll,https://media.formula1.com/d_driver_fallback_image.png/content/dam/fom-website/drivers/L/LANSTR01_Lance_Stroll/lanstr01.png.transform/1col/image.png,8.0,,,0 days 00:01:11.518000,0 days 00:01:10.661000,0 days 00:01:10.857000,,,,,24.5,30.1,66.3,4.1,False
2024,15,Dutch Grand Prix,Zandvoort,Q,2024-08-25,10,GAS,gasly,Alpine,alpine,Pierre,Gasly,https://media.formula1.com/d_driver_fallback_image.png/content/dam/fom-website/drivers/P/PIEGAS01_Pierre_Gasly/piegas01.png.transform/1col/image.png,9.0,,,0 days 00:01:11.718000,0 days 00:01:10.815000,0 days 00:01:10.977000,,,,,24.5,30.1,66.3,4.1,False
2024,15,Dutch Grand Prix,Zandvoort,Q,2024-08-25,55,SAI,sainz,Ferrari,ferrari,Carlos,Sainz,https://media.formula1.com/d_driver_fallback_image.png/content/dam/fom-website/drivers/C/CARSAI01_Carlos_Sainz/carsai01.png.transform/1col/image.png,10.0,,,0 days 00:01:11.327000,0 days 00:01:10.914000,,,,,,24.5,30.1,66.3,4.1,False
2024,15,Dutch Grand Prix,Zandvoort,Q,2024-08-25,23,ALB,albon,Williams,williams,Alexander,Albon,https://media.formula1.com/d_driver_fallback_image.png/content/dam/fom-website/drivers/A/ALEALB01_Alexander_Albon/alealb01.png.transform/1col/image.png,10.0,,,,0 days 00:01:10.768000,0 days 00:01:10.653000,,,,,24.5,30.1,66.3,4.1,False
2024,15,Dutch Grand Prix,Zandvoort,Q,2024-08-25,44,HAM,hamilton,Mercedes,mercedes,Lewis,Hamilton,https://media.formula1.com/d_driver_fallback_image.png/content/dam/fom-website/drivers/L/LEWHAM01_Lewis_Hamilton/lewham01.png.transform/1col/image.png,11.0,,,0 days 00:01:11.375000,0 days 00:01:10.948000,,,,,,24.5,30.1,66.3,4.1,False
2024,15,Dutch Grand Prix,Zandvoort,Q,2024-08-25,22,TSU,tsunoda,RB,rb,Yuki,Tsunoda,https://media.formula1.com/d_driver_fallback_image.png/content/dam/fom-website/drivers/Y/YUKTSU01_Yuki_Tsunoda/yuktsu01.png.transform/1col/image.png,12.0,,,0 days 00:01:11.603000,0 days 00:01:10.955000,,,,,,24.5,30.1,66.3,4.1,False
2024,15,Dutch Grand Prix,Zandvoort,Q,2024-08-25,27,HUL,hulkenberg,Haas F1 Team,haas,Nico,Hulkenberg,https://media.formula1.com/d_driver_fallback_image.png/content/dam/fom-website/drivers/N/NICHUL01_Nico_Hulkenberg/nichul01.png.transform/1col/image.png,13.0,,,0 days 00:01:11.832000,0 days 00:01:11.215000,,,,,,24.5,30.1,66.3,4.1,False
2024,15,Dutch Grand Prix,Zandvoort,Q,2024-08-25,20,MAG,kevin_magnussen,Haas F1 Team,haas,Kevin,Magnussen,https://media.formula1.com/d_driver_fallback_image.png/content/dam/fom-website/drivers/K/KEVMAG01_Kevin_Magnussen/kevmag01.png.transform/1col/image.png,14.0,,,0 days 00:01:11.630000,0 days 00:01:11.295000,,,,,,24.5,30.1,66.3,4.1,False
2024,15,Dutch Grand Prix,Zandvoort,Q,2024-08-25,3,RIC,ricciardo,RB,rb,Daniel,Ricciardo,https://media.formula1.com/d_driver_fallback_image.png/content/dam/fom-website/drivers/D/DANRIC01_Daniel_Ricciardo/danric01.png.transform/1col/image.png,15.0,,,0 days 00:01:11.943000,,,,,,,24.5,30.1,66.3,4.1,False
2024,15,Dutch Grand Prix,Zandvoort,Q,2024-08-25,31,OCO,ocon,Alpine,alpine,Esteban,Ocon,https://media.formula1.com/d_driver_fallback_image.png/content/dam/fom-website/drivers/E/ESTOCO01_Esteban_Ocon/estoco01.png.transform/1col/image.png,16.0,,,0 days 00:01:11.995000,,,,,,,24.5,30.1,66.3,4.1,False
2024,15,Dutch Grand Prix,Zandvoort,Q,2024-08-25,77,BOT,bottas,Kick Sauber,sauber,Valtteri,Bottas,https://media.formula1.com/d_driver_fallback_image.png/content/dam/fom-website/drivers/V/VALBOT01_Valtteri_Bottas/valbot01.png.transform/1col/image.png,17.0,,,0 days 00:01:12.168000,,,,,,,24.5,30.1,66.3,4.1,False
2024,15,Dutch Grand Prix,Zandvoort,Q,2024-08-25,24,ZHO,zhou,Kick Sauber,sauber,Guanyu,Zhou,https://media.formula1.com/d_driver_fallback_image.png/content/dam/fom-website/drivers/G/GUAZHO01_Guanyu_Zhou/guazho01.png.transform/1col/image.png,18.0,,,0 days 00:01:13.261000,,,,,,,24.5,30.1,66.3,4.1,False
2024,15,Dutch Grand Prix,Zandvoort,Q,2024-08-25,2,SAR,sargeant,Williams,williams,Logan,Sargeant,https://media.formula1.com/d_driver_fallback_image.png/content/dam/fom-website/drivers/L/LOGSAR01_Logan_Sargeant/logsar01.png.transform/1col/image.png,20.0,,,,,,,,,,24.5,30.1,66.3,4.1,False
2024,16,Italian Grand Prix,Monza,Q,2024-09-01,4,NOR,norris,McLaren,mclaren,Lando,Norris,https://media.formula1.com/d_driver_fallback_image.png/content/dam/fom-website/drivers/L/LANNOR01_Lando_Norris/lannor01.png.transform/1col/image.png,1.0,,,0 days 00:01:19.911000,0 days 00:01:19.727000,0 days 00:01:19.327000,,,,,33.4,48.7,36.8,1.4,False
2024,16,Italian Grand Prix,Monza,Q,2024-09-01,81,PIA,piastri,McLaren,mclaren,Oscar,Piastri,https://media.formula1.com/d_driver_fallback_image.png/content/dam/fom-website/drivers/O/OSCPIA01_Oscar_Piastri/oscpia01.png.transform/1col/image.png,2.0,,,0 days 00:01:20.076000,0 days 00:01:19.808000,0 days 00:01:19.436000,,,,,33.4,48.7,36.8,1.4,False
2024,16,Italian Grand Prix,Monza,Q,2024-09-01,63,RUS,russell,Mercedes,mercedes,George,Russell,https://media.formula1.com/d_driver_fallback_image.png/content/dam/fom-website/drivers/G/GEORUS01_George_Russell/georus01.png.transform/1col/image.png,3.0,,,0 days 00:01:20.169000,0 days 00:01:19.877000,0 days 00:01:19.440000,,,,,33.4,48.7,36.8,1.4,False
2024,16,Italian Grand Prix,Monza,Q,2024-09-01,16,LEC,leclerc,Ferrari,ferrari,Charles,Leclerc,https://media.formula1.com/d_driver_fallback_image.png/content/dam/fom-website/drivers/C/CHALEC01_Charles_Leclerc/chalec01.png.transform/1col/image.png,4.0,,,0 days 00:01:20.074000,0 days 00:01:20.007000,0 days 00:01:19.461000,,,,,33.4,48.7,36.8,1.4,False
2024,16,Italian Grand Prix,Monza,Q,2024-09-01,55,SAI,sainz,Ferrari,ferrari,Carlos,Sainz,https://media.formula1.com/d_driver_fallback_image.png/content/dam/fom-website/drivers/C/CARSAI01_Carlos_Sainz/carsai01.png.transform/1col/image.png,5.0,,,0 days 00:01:20.149000,0 days 00:01:19.799000,0 days 00:01:19.467000,,,,,33.4,48.7,36.8,1.4,False
2024,16,Italian Grand Prix,Monza,Q,2024-09-01,44,HAM,hamilton,Mercedes,mercedes,Lewis,Hamilton,https://media.formula1.com/d_driver_fallback_image.png/content/dam/fom-website/drivers/L/LEWHAM01_Lewis_Hamilton/lewham01.png.transform/1col/image.png,6.0,,,0 days 00:01:20.477000,0 days 00:01:19.641000,0 days 00:01:19.513000,,,,,33.4,48.7,36.8,1.4,False
2024,16,Italian Grand Prix,Monza,Q,2024-09-01,1,VER,max_verstappen,Red Bull Racing,red_bull,Max,Verstappen,https://media.formula1.com/d_driver_fallback_image.png/content/dam/fom-website/drivers/M/MAXVER01_Max_Verstappen/maxver01.png.transform/1col/image.png,7.0,,,0 days 00:01:20.226000,0 days 00:01:19.662000,0 days 00:01:20.022000,,,,,33.4,48.7,36.8,1.4,False
2024,16,Italian Grand Prix,Monza,Q,2024-09-01,11,PER,perez,Red Bull Racing,red_bull,Sergio,Perez,https://media.formula1.com/d_driver_fallback_image.png/content/dam/fom-website/drivers/S/SERPER01_Sergio_Perez/serper01.png.transform/1col/image.png,8.0,,,0 days 00:01:20.598000,0 days 00:01:20.216000,0 days 00:01:20.062000,,,,,33.4,48.7,36.8,1.4,False
2024,16,Italian Grand Prix,Monza,Q,2024-09-01,23,ALB,albon,Williams,williams,Alexander,Albon,https://media.formula1.com/d_driver_fallback_image.png/content/dam/fom-website/drivers/A/ALEALB01_Alexander_Albon/alealb01.png.transform/1col/image.png,9.0,,,0 days 00:01:20.542000,0 days 00:01:20.314000,0 days 00:01:20.299000,,,,,33.4,48.7,36.8,1.4,False
2024,16,Italian Grand Prix,Monza,Q,2024-09-01,27,HUL,hulkenberg,Haas F1 Team,haas,Nico,Hulkenberg,https://media.formula1.com/d_driver_fallback_image.png/content/dam/fom-website/drivers/N/NICHUL01_Nico_Hulkenberg/nichul01.png.transform/1col/image.png,10.0,,,0 days 00:01:20.781000,0 days 00:01:20.411000,0 days 00:01:20.339000,,,,,33.4,48.7,36.8,1.4,False
2024,16,Italian Grand Prix,Monza,Q,2024-09-01,14,ALO,alonso,Aston Martin,aston_martin,Fernando,Alonso,https://media.formula1.com/d_driver_fallback_image.png/content/dam/fom-website/drivers/F/FERALO01_Fernando_Alonso/feralo01.png.transform/1col/image.png,11.0,,,0 days 00:01:20.617000,0 days 00:01:20.421000,,,,,,33.4,48.7,36.8,1.4,False
2024,16,Italian Grand Prix,Monza,Q,2024-09-01,3,RIC,ricciardo,RB,rb,Daniel,Ricciardo,https://media.formula1.com/d_driver_fallback_image.png/content/dam/fom-website/drivers/D/DANRIC01_Daniel_Ricciardo/danric01.png.transform/1col/image.png,12.0,,,0 days 00:01:20.901000,0 days 00:01:20.479000,,,,,,33.4,48.7,36.8,1.4,False
2024,16,Italian Grand Prix,Monza,Q,2024-09-01,20,MAG,kevin_magnussen,Haas F1 Team,haas,Kevin,Magnussen,https://media.formula1.com/d_driver_fallback_image.png/content/dam/fom-website/drivers/K/KEVMAG01_Kevin_Magnussen/kevmag01.png.transform/1col/image.png,13.0,,,0 days 00:01:20.856000,0 days 00:01:20.698000,,,,,,33.4,48.7,36.8,1.4,False
2024,16,Italian Grand Prix,Monza,Q,2024-09-01,10,GAS,gasly,Alpine,alpine,Pierre,Gasly,https://media.formula1.com/d_driver_fallback_image.png/content/dam/fom-website/drivers/P/PIEGAS01_Pierre_Gasly/piegas01.png.transform/1col/image.png,14.0,,,0 days 00:01:20.748000,0 days 00:01:20.738000,,,,,,33.4,48.7,36.8,1.4,False
2024,16,Italian Grand Prix,Monza,Q,2024-09-01,31,OCO,ocon,Alpine,alpine,Esteban,Ocon,https://media.formula1.com/d_driver_fallback_image.png/content/dam/fom-website/drivers/E/ESTOCO01_Esteban_Ocon/estoco01.png.transform/1col/image.png,15.0,,,0 days 00:01:20.764000,0 days 00:01:20.766000,,,,,,33.4,48.7,36.8,1.4,False
2024,16,Italian Grand Prix,Monza,Q,2024-09-01,22,TSU,tsunoda,RB,rb,Yuki,Tsunoda,https://media.formula1.com/d_driver_fallback_image.png/content/dam/fom-website/drivers/Y/YUKTSU01_Yuki_Tsunoda/yuktsu01.png.transform/1col/image.png,16.0,,,0 days 00:01:20.945000,,,,,,,33.4,48.7,36.8,1.4,False
2024,16,Italian Grand Prix,Monza,Q,2024-09-01,18,STR,stroll,Aston Martin,aston_martin,Lance,Stroll,https://media.formula1.com/d_driver_fallback_image.png/content/dam/fom-website/drivers/L/LANSTR01_Lance_Stroll/lanstr01.png.transform/1col/image.png,17.0,,,0 days 00:01:21.013000,,,,,,,33.4,48.7,36.8,1.4,False
2024,16,Italian Grand Prix,Monza,Q,2024-09-01,43,COL,colapinto,Williams,williams,Franco,Colapinto,None,18.0,,,0 days 00:01:21.061000,,,,,,,33.4,48.7,36.8,1.4,False
2024,16,Italian Grand Prix,Monza,Q,2024-09-01,77,BOT,bottas,Kick Sauber,sauber,Valtteri,Bottas,https://media.formula1.com/d_driver_fallback_image.png/content/dam/fom-website/drivers/V/VALBOT01_Valtteri_Bottas/valbot01.png.transform/1col/image.png,19.0,,,0 days 00:01:21.101000,,,,,,,33.4,48.7,36.8,1.4,False
2024,16,Italian Grand Prix,Monza,Q,2024-09-01,24,ZHO,zhou,Kick Sauber,sauber,Guanyu,Zhou,https://media.formula1.com/d_driver_fallback_image.png/content/dam/fom-website/drivers/G/GUAZHO01_Guanyu_Zhou/guazho01.png.transform/1col/image.png,20.0,,,0 days 00:01:21.445000,,,,,,,33.4,48.7,36.8,1.4,False
2024,17,Azerbaijan Grand Prix,Baku,Q,2024-09-15,16,LEC,leclerc,Ferrari,ferrari,Charles,Leclerc,https://media.formula1.com/d_driver_fallback_image.png/content/dam/fom-website/drivers/C/CHALEC01_Charles_Leclerc/chalec01.png.transform/1col/image.png,1.0,,,0 days 00:01:42.775000,0 days 00:01:42.056000,0 days 00:01:41.365000,,,,,27.0,36.7,36.5,1.4,False
2024,17,Azerbaijan Grand Prix,Baku,Q,2024-09-15,81,PIA,piastri,McLaren,mclaren,Oscar,Piastri,https://media.formula1.com/d_driver_fallback_image.png/content/dam/fom-website/drivers/O/OSCPIA01_Oscar_Piastri/oscpia01.png.transform/1col/image.png,2.0,,,0 days 00:01:43.033000,0 days 00:01:42.598000,0 days 00:01:41.686000,,,,,27.0,36.7,36.5,1.4,False
2024,17,Azerbaijan Grand Prix,Baku,Q,2024-09-15,55,SAI,sainz,Ferrari,ferrari,Carlos,Sainz,https://media.formula1.com/d_driver_fallback_image.png/content/dam/fom-website/drivers/C/CARSAI01_Carlos_Sainz/carsai01.png.transform/1col/image.png,3.0,,,0 days 00:01:43.357000,0 days 00:01:42.503000,0 days 00:01:41.805000,,,,,27.0,36.7,36.5,1.4,False
2024,17,Azerbaijan Grand Prix,Baku,Q,2024-09-15,11,PER,perez,Red Bull Racing,red_bull,Sergio,Perez,https://media.formula1.com/d_driver_fallback_image.png/content/dam/fom-website/drivers/S/SERPER01_Sergio_Perez/serper01.png.transform/1col/image.png,4.0,,,0 days 00:01:43.213000,0 days 00:01:42.263000,0 days 00:01:41.813000,,,,,27.0,36.7,36.5,1.4,False
2024,17,Azerbaijan Grand Prix,Baku,Q,2024-09-15,63,RUS,russell,Mercedes,mercedes,George,Russell,https://media.formula1.com/d_driver_fallback_image.png/content/dam/fom-website/drivers/G/GEORUS01_George_Russell/georus01.png.transform/1col/image.png,5.0,,,0 days 00:01:43.139000,0 days 00:01:42.329000,0 days 00:01:41.874000,,,,,27.0,36.7,36.5,1.4,False
2024,17,Azerbaijan Grand Prix,Baku,Q,2024-09-15,1,VER,max_verstappen,Red Bull Racing,red_bull,Max,Verstappen,https://media.formula1.com/d_driver_fallback_image.png/content/dam/fom-website/drivers/M/MAXVER01_Max_Verstappen/maxver01.png.transform/1col/image.png,6.0,,,0 days 00:01:43.097000,0 days 00:01:42.042000,0 days 00:01:42.023000,,,,,27.0,36.7,36.5,1.4,False
2024,17,Azerbaijan Grand Prix,Baku,Q,2024-09-15,44,HAM,hamilton,Mercedes,mercedes,Lewis,Hamilton,https://media.formula1.com/d_driver_fallback_image.png/content/dam/fom-website/drivers/L/LEWHAM01_Lewis_Hamilton/lewham01.png.transform/1col/image.png,7.0,,,0 days 00:01:43.089000,0 days 00:01:42.765000,0 days 00:01:42.289000,,,,,27.0,36.7,36.5,1.4,False
2024,17,Azerbaijan Grand Prix,Baku,Q,2024-09-15,14,ALO,alonso,Aston Martin,aston_martin,Fernando,Alonso,https://media.formula1.com/d_driver_fallback_image.png/content/dam/fom-website/drivers/F/FERALO01_Fernando_Alonso/feralo01.png.transform/1col/image.png,8.0,,,0 days 00:01:43.472000,0 days 00:01:42.426000,0 days 00:01:42.369000,,,,,27.0,36.7,36.5,1.4,False
2024,17,Azerbaijan Grand Prix,Baku,Q,2024-09-15,43,COL,colapinto,Williams,williams,Franco,Colapinto,None,9.0,,,0 days 00:01:43.138000,0 days 00:01:42.473000,0 days 00:01:42.530000,,,,,27.0,36.7,36.5,1.4,False
2024,17,Azerbaijan Grand Prix,Baku,Q,2024-09-15,23,ALB,albon,Williams,williams,Alexander,Albon,https://media.formula1.com/d_driver_fallback_image.png/content/dam/fom-website/drivers/A/ALEALB01_Alexander_Albon/alealb01.png.transform/1col/image.png,10.0,,,0 days 00:01:42.899000,0 days 00:01:42.840000,0 days 00:01:42.859000,,,,,27.0,36.7,36.5,1.4,False
2024,17,Azerbaijan Grand Prix,Baku,Q,2024-09-15,50,BEA,bearman,Haas F1 Team,haas,Oliver,Bearman,None,11.0,,,0 days 00:01:43.471000,0 days 00:01:42.968000,,,,,,27.0,36.7,36.5,1.4,False
2024,17,Azerbaijan Grand Prix,Baku,Q,2024-09-15,22,TSU,tsunoda,RB,rb,Yuki,Tsunoda,https://media.formula1.com/d_driver_fallback_image.png/content/dam/fom-website/drivers/Y/YUKTSU01_Yuki_Tsunoda/yuktsu01.png.transform/1col/image.png,12.0,,,0 days 00:01:43.337000,0 days 00:01:43.035000,,,,,,27.0,36.7,36.5,1.4,False
2024,17,Azerbaijan Grand Prix,Baku,Q,2024-09-15,27,HUL,hulkenberg,Haas F1 Team,haas,Nico,Hulkenberg,https://media.formula1.com/d_driver_fallback_image.png/content/dam/fom-website/drivers/N/NICHUL01_Nico_Hulkenberg/nichul01.png.transform/1col/image.png,13.0,,,0 days 00:01:43.101000,0 days 00:01:43.191000,,,,,,27.0,36.7,36.5,1.4,False
2024,17,Azerbaijan Grand Prix,Baku,Q,2024-09-15,18,STR,stroll,Aston Martin,aston_martin,Lance,Stroll,https://media.formula1.com/d_driver_fallback_image.png/content/dam/fom-website/drivers/L/LANSTR01_Lance_Stroll/lanstr01.png.transform/1col/image.png,14.0,,,0 days 00:01:43.370000,0 days 00:01:43.404000,,,,,,27.0,36.7,36.5,1.4,False
2024,17,Azerbaijan Grand Prix,Baku,Q,2024-09-15,3,RIC,ricciardo,RB,rb,Daniel,Ricciardo,https://media.formula1.com/d_driver_fallback_image.png/content/dam/fom-website/drivers/D/DANRIC01_Daniel_Ricciardo/danric01.png.transform/1col/image.png,15.0,,,0 days 00:01:43.547000,,,,,,,27.0,36.7,36.5,1.4,False
2024,17,Azerbaijan Grand Prix,Baku,Q,2024-09-15,10,GAS,gasly,Alpine,alpine,Pierre,Gasly,https://media.formula1.com/d_driver_fallback_image.png/content/dam/fom-website/drivers/P/PIEGAS01_Pierre_Gasly/piegas01.png.transform/1col/image.png,15.0,,,,0 days 00:01:43.179000,,,,,,27.0,36.7,36.5,1.4,False
2024,17,Azerbaijan Grand Prix,Baku,Q,2024-09-15,4,NOR,norris,McLaren,mclaren,Lando,Norris,https://media.formula1.com/d_driver_fallback_image.png/content/dam/fom-website/drivers/L/LANNOR01_Lando_Norris/lannor01.png.transform/1col/image.png,16.0,,,0 days 00:01:43.609000,,,,,,,27.0,36.7,36.5,1.4,False
2024,17,Azerbaijan Grand Prix,Baku,Q,2024-09-15,77,BOT,bottas,Kick Sauber,sauber,Valtteri,Bottas,https://media.formula1.com/d_driver_fallback_image.png/content/dam/fom-website/drivers/V/VALBOT01_Valtteri_Bottas/valbot01.png.transform/1col/image.png,17.0,,,0 days 00:01:43.618000,,,,,,,27.0,36.7,36.5,1.4,False
2024,17,Azerbaijan Grand Prix,Baku,Q,2024-09-15,24,ZHO,zhou,Kick Sauber,sauber,Guanyu,Zhou,https://media.formula1.com/d_driver_fallback_image.png/content/dam/fom-website/drivers/G/GUAZHO01_Guanyu_Zhou/guazho01.png.transform/1col/image.png,18.0,,,0 days 00:01:44.246000,,,,,,,27.0,36.7,36.5,1.4,False
2024,17,Azerbaijan Grand Prix,Baku,Q,2024-09-15,31,OCO,ocon,Alpine,alpine,Esteban,Ocon,https://media.formula1.com/d_driver_fallback_image.png/content/dam/fom-website/drivers/E/ESTOCO01_Esteban_Ocon/estoco01.png.transform/1col/image.png,19.0,,,0 days 00:01:44.504000,,,,,,,27.0,36.7,36.5,1.4,False
2024,18,Singapore Grand Prix,Marina Bay,Q,2024-09-22,4,NOR,norris,McLaren,mclaren,Lando,Norris,https://media.formula1.com/d_driver_fallback_image.png/content/dam/fom-website/drivers/L/LANNOR01_Lando_Norris/lannor01.png.transform/1col/image.png,1.0,,,0 days 00:01:30.002000,0 days 00:01:30.007000,0 days 00:01:29.525000,,,,,29.4,32.0,79.0,1.4,False
2024,18,Singapore Grand Prix,Marina Bay,Q,2024-09-22,1,VER,max_verstappen,Red Bull Racing,red_bull,Max,Verstappen,https://media.formula1.com/d_driver_fallback_image.png/content/dam/fom-website/drivers/M/MAXVER01_Max_Verstappen/maxver01.png.transform/1col/image.png,2.0,,,0 days 00:01:30.157000,0 days 00:01:29.680000,0 days 00:01:29.728000,,,,,29.4,32.0,79.0,1.4,False
2024,18,Singapore Grand Prix,Marina Bay,Q,2024-09-22,44,HAM,hamilton,Mercedes,mercedes,Lewis,Hamilton,https://media.formula1.com/d_driver_fallback_image.png/content/dam/fom-website/drivers/L/LEWHAM01_Lewis_Hamilton/lewham01.png.transform/1col/image.png,3.0,,,0 days 00:01:30.393000,0 days 00:01:29.929000,0 days 00:01:29.841000,,,,,29.4,32.0,79.0,1.4,False
2024,18,Singapore Grand Prix,Marina Bay,Q,2024-09-22,63,RUS,russell,Mercedes,mercedes,George,Russell,https://media.formula1.com/d_driver_fallback_image.png/content/dam/fom-website/drivers/G/GEORUS01_George_Russell/georus01.png.transform/1col/image.png,4.0,,,0 days 00:01:30.811000,0 days 00:01:30.153000,0 days 00:01:29.867000,,,,,29.4,32.0,79.0,1.4,False
2024,18,Singapore Grand Prix,Marina Bay,Q,2024-09-22,81,PIA,piastri,McLaren,mclaren,Oscar,Piastri,https://media.formula1.com/d_driver_fallback_image.png/content/dam/fom-website/drivers/O/OSCPIA01_Oscar_Piastri/oscpia01.png.transform/1col/image.png,5.0,,,0 days 00:01:30.258000,0 days 00:01:29.640000,0 days 00:01:29.953000,,,,,29.4,32.0,79.0,1.4,False
2024,18,Singapore Grand Prix,Marina Bay,Q,2024-09-22,27,HUL,hulkenberg,Haas F1 Team,haas,Nico,Hulkenberg,https://media.formula1.com/d_driver_fallback_image.png/content/dam/fom-website/drivers/N/NICHUL01_Nico_Hulkenberg/nichul01.png.transform/1col/image.png,6.0,,,0 days 00:01:30.724000,0 days 00:01:30.150000,0 days 00:01:30.115000,,,,,29.4,32.0,79.0,1.4,False
2024,18,Singapore Grand Prix,Marina Bay,Q,2024-09-22,14,ALO,alonso,Aston Martin,aston_martin,Fernando,Alonso,https://media.formula1.com/d_driver_fallback_image.png/content/dam/fom-website/drivers/F/FERALO01_Fernando_Alonso/feralo01.png.transform/1col/image.png,7.0,,,0 days 00:01:30.684000,0 days 00:01:30.450000,0 days 00:01:30.214000,,,,,29.4,32.0,79.0,1.4,False
2024,18,Singapore Grand Prix,Marina Bay,Q,2024-09-22,22,TSU,tsunoda,RB,rb,Yuki,Tsunoda,https://media.formula1.com/d_driver_fallback_image.png/content/dam/fom-website/drivers/Y/YUKTSU01_Yuki_Tsunoda/yuktsu01.png.transform/1col/image.png,8.0,,,0 days 00:01:30.716000,0 days 00:01:30.289000,0 days 00:01:30.354000,,,,,29.4,32.0,79.0,1.4,False
2024,18,Singapore Grand Prix,Marina Bay,Q,2024-09-22,16,LEC,leclerc,Ferrari,ferrari,Charles,Leclerc,https://media.formula1.com/d_driver_fallback_image.png/content/dam/fom-website/drivers/C/CHALEC01_Charles_Leclerc/chalec01.png.transform/1col/image.png,9.0,,,0 days 00:01:30.786000,0 days 00:01:29.747000,,,,,,29.4,32.0,79.0,1.4,False
2024,18,Singapore Grand Prix,Marina Bay,Q,2024-09-22,55,SAI,sainz,Ferrari,ferrari,Carlos,Sainz,https://media.formula1.com/d_driver_fallback_image.png/content/dam/fom-website/drivers/C/CARSAI01_Carlos_Sainz/carsai01.png.transform/1col/image.png,10.0,,,0 days 00:01:30.670000,0 days 00:01:30.108000,,,,,,29.4,32.0,79.0,1.4,False
2024,18,Singapore Grand Prix,Marina Bay,Q,2024-09-22,23,ALB,albon,Williams,williams,Alexander,Albon,https://media.formula1.com/d_driver_fallback_image.png/content/dam/fom-website/drivers/A/ALEALB01_Alexander_Albon/alealb01.png.transform/1col/image.png,11.0,,,0 days 00:01:30.679000,0 days 00:01:30.474000,,,,,,29.4,32.0,79.0,1.4,False
2024,18,Singapore Grand Prix,Marina Bay,Q,2024-09-22,43,COL,colapinto,Williams,williams,Franco,Colapinto,None,12.0,,,0 days 00:01:30.704000,0 days 00:01:30.481000,,,,,,29.4,32.0,79.0,1.4,False
2024,18,Singapore Grand Prix,Marina Bay,Q,2024-09-22,11,PER,perez,Red Bull Racing,red_bull,Sergio,Perez,https://media.formula1.com/d_driver_fallback_image.png/content/dam/fom-website/drivers/S/SERPER01_Sergio_Perez/serper01.png.transform/1col/image.png,13.0,,,0 days 00:01:30.624000,0 days 00:01:30.579000,,,,,,29.4,32.0,79.0,1.4,False
2024,18,Singapore Grand Prix,Marina Bay,Q,2024-09-22,20,MAG,kevin_magnussen,Haas F1 Team,haas,Kevin,Magnussen,https://media.formula1.com/d_driver_fallback_image.png/content/dam/fom-website/drivers/K/KEVMAG01_Kevin_Magnussen/kevmag01.png.transform/1col/image.png,14.0,,,0 days 00:01:30.829000,0 days 00:01:30.653000,,,,,,29.4,32.0,79.0,1.4,False
2024,18,Singapore Grand Prix,Marina Bay,Q,2024-09-22,31,OCO,ocon,Alpine,alpine,Esteban,Ocon,https://media.formula1.com/d_driver_fallback_image.png/content/dam/fom-website/drivers/E/ESTOCO01_Esteban_Ocon/estoco01.png.transform/1col/image.png,15.0,,,0 days 00:01:30.958000,0 days 00:01:30.769000,,,,,,29.4,32.0,79.0,1.4,False
2024,18,Singapore Grand Prix,Marina Bay,Q,2024-09-22,3,RIC,ricciardo,RB,rb,Daniel,Ricciardo,https://media.formula1.com/d_driver_fallback_image.png/content/dam/fom-website/drivers/D/DANRIC01_Daniel_Ricciardo/danric01.png.transform/1col/image.png,16.0,,,0 days 00:01:31.085000,,,,,,,29.4,32.0,79.0,1.4,False
2024,18,Singapore Grand Prix,Marina Bay,Q,2024-09-22,18,STR,stroll,Aston Martin,aston_martin,Lance,Stroll,https://media.formula1.com/d_driver_fallback_image.png/content/dam/fom-website/drivers/L/LANSTR01_Lance_Stroll/lanstr01.png.transform/1col/image.png,17.0,,,0 days 00:01:31.094000,,,,,,,29.4,32.0,79.0,1.4,False
2024,18,Singapore Grand Prix,Marina Bay,Q,2024-09-22,10,GAS,gasly,Alpine,alpine,Pierre,Gasly,https://media.formula1.com/d_driver_fallback_image.png/content/dam/fom-website/drivers/P/PIEGAS01_Pierre_Gasly/piegas01.png.transform/1col/image.png,18.0,,,0 days 00:01:31.312000,,,,,,,29.4,32.0,79.0,1.4,False
2024,18,Singapore Grand Prix,Marina Bay,Q,2024-09-22,77,BOT,bottas,Kick Sauber,sauber,Valtteri,Bottas,https://media.formula1.com/d_driver_fallback_image.png/content/dam/fom-website/drivers/V/VALBOT01_Valtteri_Bottas/valbot01.png.transform/1col/image.png,19.0,,,0 days 00:01:31.572000,,,,,,,29.4,32.0,79.0,1.4,False
2024,18,Singapore Grand Prix,Marina Bay,Q,2024-09-22,24,ZHO,zhou,Kick Sauber,sauber,Guanyu,Zhou,https://media.formula1.com/d_driver_fallback_image.png/content/dam/fom-website/drivers/G/GUAZHO01_Guanyu_Zhou/guazho01.png.transform/1col/image.png,20.0,,,0 days 00:01:32.054000,,,,,,,29.4,32.0,79.0,1.4,False
2024,19,United States Grand Prix,Austin,Q,2024-10-20,4,NOR,norris,McLaren,mclaren,Lando,Norris,https://media.formula1.com/d_driver_fallback_image.png/content/dam/fom-website/drivers/L/LANNOR01_Lando_Norris/lannor01.png.transform/1col/image.png,1.0,,,0 days 00:01:33.616000,0 days 00:01:32.851000,0 days 00:01:32.330000,,,,,28.6,38.2,38.7,2.2,False
2024,19,United States Grand Prix,Austin,Q,2024-10-20,1,VER,max_verstappen,Red Bull Racing,red_bull,Max,Verstappen,https://media.formula1.com/d_driver_fallback_image.png/content/dam/fom-website/drivers/M/MAXVER01_Max_Verstappen/maxver01.png.transform/1col/image.png,2.0,,,0 days 00:01:33.046000,0 days 00:01:32.584000,0 days 00:01:32.361000,,,,,28.6,38.2,38.7,2.2,False
2024,19,United States Grand Prix,Austin,Q,2024-10-20,55,SAI,sainz,Ferrari,ferrari,Carlos,Sainz,https://media.formula1.com/d_driver_fallback_image.png/content/dam/fom-website/drivers/C/CARSAI01_Carlos_Sainz/carsai01.png.transform/1col/image.png,3.0,,,0 days 00:01:33.556000,0 days 00:01:32.836000,0 days 00:01:32.652000,,,,,28.6,38.2,38.7,2.2,False
2024,19,United States Grand Prix,Austin,Q,2024-10-20,16,LEC,leclerc,Ferrari,ferrari,Charles,Leclerc,https://media.formula1.com/d_driver_fallback_image.png/content/dam/fom-website/drivers/C/CHALEC01_Charles_Leclerc/chalec01.png.transform/1col/image.png,4.0,,,0 days 00:01:33.241000,0 days 00:01:32.962000,0 days 00:01:32.740000,,,,,28.6,38.2,38.7,2.2,False
2024,19,United States Grand Prix,Austin,Q,2024-10-20,81,PIA,piastri,McLaren,mclaren,Oscar,Piastri,https://media.formula1.com/d_driver_fallback_image.png/content/dam/fom-website/drivers/O/OSCPIA01_Oscar_Piastri/oscpia01.png.transform/1col/image.png,5.0,,,0 days 00:01:33.864000,0 days 00:01:33.057000,0 days 00:01:32.950000,,,,,28.6,38.2,38.7,2.2,False
2024,19,United States Grand Prix,Austin,Q,2024-10-20,63,RUS,russell,Mercedes,mercedes,George,Russell,https://media.formula1.com/d_driver_fallback_image.png/content/dam/fom-website/drivers/G/GEORUS01_George_Russell/georus01.png.transform/1col/image.png,6.0,,,0 days 00:01:33.536000,0 days 00:01:33.142000,0 days 00:01:32.974000,,,,,28.6,38.2,38.7,2.2,False
2024,19,United States Grand Prix,Austin,Q,2024-10-20,10,GAS,gasly,Alpine,alpine,Pierre,Gasly,https://media.formula1.com/d_driver_fallback_image.png/content/dam/fom-website/drivers/P/PIEGAS01_Pierre_Gasly/piegas01.png.transform/1col/image.png,7.0,,,0 days 00:01:33.550000,0 days 00:01:33.162000,0 days 00:01:33.018000,,,,,28.6,38.2,38.7,2.2,False
2024,19,United States Grand Prix,Austin,Q,2024-10-20,14,ALO,alonso,Aston Martin,aston_martin,Fernando,Alonso,https://media.formula1.com/d_driver_fallback_image.png/content/dam/fom-website/drivers/F/FERALO01_Fernando_Alonso/feralo01.png.transform/1col/image.png,8.0,,,0 days 00:01:33.973000,0 days 00:01:33.429000,0 days 00:01:33.309000,,,,,28.6,38.2,38.7,2.2,False
2024,19,United States Grand Prix,Austin,Q,2024-10-20,20,MAG,kevin_magnussen,Haas F1 Team,haas,Kevin,Magnussen,https://media.formula1.com/d_driver_fallback_image.png/content/dam/fom-website/drivers/K/KEVMAG01_Kevin_Magnussen/kevmag01.png.transform/1col/image.png,9.0,,,0 days 00:01:33.564000,0 days 00:01:33.474000,0 days 00:01:33.481000,,,,,28.6,38.2,38.7,2.2,False
2024,19,United States Grand Prix,Austin,Q,2024-10-20,11,PER,perez,Red Bull Racing,red_bull,Sergio,Perez,https://media.formula1.com/d_driver_fallback_image.png/content/dam/fom-website/drivers/S/SERPER01_Sergio_Perez/serper01.png.transform/1col/image.png,10.0,,,0 days 00:01:33.611000,0 days 00:01:33.020000,,,,,,28.6,38.2,38.7,2.2,False
2024,19,United States Grand Prix,Austin,Q,2024-10-20,22,TSU,tsunoda,RB,rb,Yuki,Tsunoda,https://media.formula1.com/d_driver_fallback_image.png/content/dam/fom-website/drivers/Y/YUKTSU01_Yuki_Tsunoda/yuktsu01.png.transform/1col/image.png,11.0,,,0 days 00:01:33.795000,0 days 00:01:33.506000,,,,,,28.6,38.2,38.7,2.2,False
2024,19,United States Grand Prix,Austin,Q,2024-10-20,27,HUL,hulkenberg,Haas F1 Team,haas,Nico,Hulkenberg,https://media.formula1.com/d_driver_fallback_image.png/content/dam/fom-website/drivers/N/NICHUL01_Nico_Hulkenberg/nichul01.png.transform/1col/image.png,12.0,,,0 days 00:01:33.601000,0 days 00:01:33.544000,,,,,,28.6,38.2,38.7,2.2,False
2024,19,United States Grand Prix,Austin,Q,2024-10-20,31,OCO,ocon,Alpine,alpine,Esteban,Ocon,https://media.formula1.com/d_driver_fallback_image.png/content/dam/fom-website/drivers/E/ESTOCO01_Esteban_Ocon/estoco01.png.transform/1col/image.png,13.0,,,0 days 00:01:33.986000,0 days 00:01:33.597000,,,,,,28.6,38.2,38.7,2.2,False
2024,19,United States Grand Prix,Austin,Q,2024-10-20,18,STR,stroll,Aston Martin,aston_martin,Lance,Stroll,https://media.formula1.com/d_driver_fallback_image.png/content/dam/fom-website/drivers/L/LANSTR01_Lance_Stroll/lanstr01.png.transform/1col/image.png,14.0,,,0 days 00:01:34.033000,0 days 00:01:33.759000,,,,,,28.6,38.2,38.7,2.2,False
2024,19,United States Grand Prix,Austin,Q,2024-10-20,30,LAW,lawson,RB,rb,Liam,Lawson,None,15.0,,,0 days 00:01:33.339000,,,,,,,28.6,38.2,38.7,2.2,False
2024,19,United States Grand Prix,Austin,Q,2024-10-20,23,ALB,albon,Williams,williams,Alexander,Albon,https://media.formula1.com/d_driver_fallback_image.png/content/dam/fom-website/drivers/A/ALEALB01_Alexander_Albon/alealb01.png.transform/1col/image.png,16.0,,,0 days 00:01:34.051000,,,,,,,28.6,38.2,38.7,2.2,False
2024,19,United States Grand Prix,Austin,Q,2024-10-20,43,COL,colapinto,Williams,williams,Franco,Colapinto,None,17.0,,,0 days 00:01:34.062000,,,,,,,28.6,38.2,38.7,2.2,False
2024,19,United States Grand Prix,Austin,Q,2024-10-20,77,BOT,bottas,Kick Sauber,sauber,Valtteri,Bottas,https://media.formula1.com/d_driver_fallback_image.png/content/dam/fom-website/drivers/V/VALBOT01_Valtteri_Bottas/valbot01.png.transform/1col/image.png,18.0,,,0 days 00:01:34.152000,,,,,,,28.6,38.2,38.7,2.2,False
2024,19,United States Grand Prix,Austin,Q,2024-10-20,44,HAM,hamilton,Mercedes,mercedes,Lewis,Hamilton,https://media.formula1.com/d_driver_fallback_image.png/content/dam/fom-website/drivers/L/LEWHAM01_Lewis_Hamilton/lewham01.png.transform/1col/image.png,19.0,,,0 days 00:01:34.154000,,,,,,,28.6,38.2,38.7,2.2,False
2024,19,United States Grand Prix,Austin,Q,2024-10-20,24,ZHO,zhou,Kick Sauber,sauber,Guanyu,Zhou,https://media.formula1.com/d_driver_fallback_image.png/content/dam/fom-website/drivers/G/GUAZHO01_Guanyu_Zhou/guazho01.png.transform/1col/image.png,20.0,,,0 days 00:01:34.228000,,,,,,,28.6,38.2,38.7,2.2,False
2024,20,Mexico City Grand Prix,Mexico City,Q,2024-10-27,55,SAI,sainz,Ferrari,ferrari,Carlos,Sainz,https://media.formula1.com/d_driver_fallback_image.png/content/dam/fom-website/drivers/C/CARSAI01_Carlos_Sainz/carsai01.png.transform/1col/image.png,1.0,,,0 days 00:01:16.778000,0 days 00:01:16.515000,0 days 00:01:15.946000,,,,,22.0,39.4,40.5,1.4,False
2024,20,Mexico City Grand Prix,Mexico City,Q,2024-10-27,1,VER,max_verstappen,Red Bull Racing,red_bull,Max,Verstappen,https://media.formula1.com/d_driver_fallback_image.png/content/dam/fom-website/drivers/M/MAXVER01_Max_Verstappen/maxver01.png.transform/1col/image.png,2.0,,,0 days 00:01:16.803000,0 days 00:01:16.514000,0 days 00:01:16.171000,,,,,22.0,39.4,40.5,1.4,False
2024,20,Mexico City Grand Prix,Mexico City,Q,2024-10-27,4,NOR,norris,McLaren,mclaren,Lando,Norris,https://media.formula1.com/d_driver_fallback_image.png/content/dam/fom-website/drivers/L/LANNOR01_Lando_Norris/lannor01.png.transform/1col/image.png,3.0,,,0 days 00:01:16.505000,0 days 00:01:16.301000,0 days 00:01:16.260000,,,,,22.0,39.4,40.5,1.4,False
2024,20,Mexico City Grand Prix,Mexico City,Q,2024-10-27,16,LEC,leclerc,Ferrari,ferrari,Charles,Leclerc,https://media.formula1.com/d_driver_fallback_image.png/content/dam/fom-website/drivers/C/CHALEC01_Charles_Leclerc/chalec01.png.transform/1col/image.png,4.0,,,0 days 00:01:16.972000,0 days 00:01:16.641000,0 days 00:01:16.265000,,,,,22.0,39.4,40.5,1.4,False
2024,20,Mexico City Grand Prix,Mexico City,Q,2024-10-27,63,RUS,russell,Mercedes,mercedes,George,Russell,https://media.formula1.com/d_driver_fallback_image.png/content/dam/fom-website/drivers/G/GEORUS01_George_Russell/georus01.png.transform/1col/image.png,5.0,,,0 days 00:01:17.194000,0 days 00:01:16.937000,0 days 00:01:16.356000,,,,,22.0,39.4,40.5,1.4,False
2024,20,Mexico City Grand Prix,Mexico City,Q,2024-10-27,44,HAM,hamilton,Mercedes,mercedes,Lewis,Hamilton,https://media.formula1.com/d_driver_fallback_image.png/content/dam/fom-website/drivers/L/LEWHAM01_Lewis_Hamilton/lewham01.png.transform/1col/image.png,6.0,,,0 days 00:01:17.306000,0 days 00:01:16.973000,0 days 00:01:16.651000,,,,,22.0,39.4,40.5,1.4,False
2024,20,Mexico City Grand Prix,Mexico City,Q,2024-10-27,20,MAG,kevin_magnussen,Haas F1 Team,haas,Kevin,Magnussen,https://media.formula1.com/d_driver_fallback_image.png/content/dam/fom-website/drivers/K/KEVMAG01_Kevin_Magnussen/kevmag01.png.transform/1col/image.png,7.0,,,0 days 00:01:17.125000,0 days 00:01:17.003000,0 days 00:01:16.886000,,,,,22.0,39.4,40.5,1.4,False
2024,20,Mexico City Grand Prix,Mexico City,Q,2024-10-27,10,GAS,gasly,Alpine,alpine,Pierre,Gasly,https://media.formula1.com/d_driver_fallback_image.png/content/dam/fom-website/drivers/P/PIEGAS01_Pierre_Gasly/piegas01.png.transform/1col/image.png,8.0,,,0 days 00:01:17.149000,0 days 00:01:17.048000,0 days 00:01:16.892000,,,,,22.0,39.4,40.5,1.4,False
2024,20,Mexico City Grand Prix,Mexico City,Q,2024-10-27,23,ALB,albon,Williams,williams,Alexander,Albon,https://media.formula1.com/d_driver_fallback_image.png/content/dam/fom-website/drivers/A/ALEALB01_Alexander_Albon/alealb01.png.transform/1col/image.png,9.0,,,0 days 00:01:17.189000,0 days 00:01:16.988000,0 days 00:01:17.065000,,,,,22.0,39.4,40.5,1.4,False
2024,20,Mexico City Grand Prix,Mexico City,Q,2024-10-27,27,HUL,hulkenberg,Haas F1 Team,haas,Nico,Hulkenberg,https://media.formula1.com/d_driver_fallback_image.png/content/dam/fom-website/drivers/N/NICHUL01_Nico_Hulkenberg/nichul01.png.transform/1col/image.png,10.0,,,0 days 00:01:17.186000,0 days 00:01:16.995000,0 days 00:01:17.365000,,,,,22.0,39.4,40.5,1.4,False
2024,20,Mexico City Grand Prix,Mexico City,Q,2024-10-27,22,TSU,tsunoda,RB,rb,Yuki,Tsunoda,https://media.formula1.com/d_driver_fallback_image.png/content/dam/fom-website/drivers/Y/YUKTSU01_Yuki_Tsunoda/yuktsu01.png.transform/1col/image.png,11.0,,,0 days 00:01:17.182000,0 days 00:01:17.129000,,,,,,22.0,39.4,40.5,1.4,False
2024,20,Mexico City Grand Prix,Mexico City,Q,2024-10-27,30,LAW,lawson,RB,rb,Liam,Lawson,None,12.0,,,0 days 00:01:17.380000,0 days 00:01:17.162000,,,,,,22.0,39.4,40.5,1.4,False
2024,20,Mexico City Grand Prix,Mexico City,Q,2024-10-27,14,ALO,alonso,Aston Martin,aston_martin,Fernando,Alonso,https://media.formula1.com/d_driver_fallback_image.png/content/dam/fom-website/drivers/F/FERALO01_Fernando_Alonso/feralo01.png.transform/1col/image.png,13.0,,,0 days 00:01:17.307000,0 days 00:01:17.168000,,,,,,22.0,39.4,40.5,1.4,False
2024,20,Mexico City Grand Prix,Mexico City,Q,2024-10-27,18,STR,stroll,Aston Martin,aston_martin,Lance,Stroll,https://media.formula1.com/d_driver_fallback_image.png/content/dam/fom-website/drivers/L/LANSTR01_Lance_Stroll/lanstr01.png.transform/1col/image.png,14.0,,,0 days 00:01:17.407000,0 days 00:01:17.294000,,,,,,22.0,39.4,40.5,1.4,False
2024,20,Mexico City Grand Prix,Mexico City,Q,2024-10-27,77,BOT,bottas,Kick Sauber,sauber,Valtteri,Bottas,https://media.formula1.com/d_driver_fallback_image.png/content/dam/fom-website/drivers/V/VALBOT01_Valtteri_Bottas/valbot01.png.transform/1col/image.png,15.0,,,0 days 00:01:17.393000,0 days 00:01:17.817000,,,,,,22.0,39.4,40.5,1.4,False
2024,20,Mexico City Grand Prix,Mexico City,Q,2024-10-27,43,COL,colapinto,Williams,williams,Franco,Colapinto,None,16.0,,,0 days 00:01:17.558000,,,,,,,22.0,39.4,40.5,1.4,False
2024,20,Mexico City Grand Prix,Mexico City,Q,2024-10-27,81,PIA,piastri,McLaren,mclaren,Oscar,Piastri,https://media.formula1.com/d_driver_fallback_image.png/content/dam/fom-website/drivers/O/OSCPIA01_Oscar_Piastri/oscpia01.png.transform/1col/image.png,17.0,,,0 days 00:01:17.597000,,,,,,,22.0,39.4,40.5,1.4,False
2024,20,Mexico City Grand Prix,Mexico City,Q,2024-10-27,11,PER,perez,Red Bull Racing,red_bull,Sergio,Perez,https://media.formula1.com/d_driver_fallback_image.png/content/dam/fom-website/drivers/S/SERPER01_Sergio_Perez/serper01.png.transform/1col/image.png,18.0,,,0 days 00:01:17.611000,,,,,,,22.0,39.4,40.5,1.4,False
2024,20,Mexico City Grand Prix,Mexico City,Q,2024-10-27,31,OCO,ocon,Alpine,alpine,Esteban,Ocon,https://media.formula1.com/d_driver_fallback_image.png/content/dam/fom-website/drivers/E/ESTOCO01_Esteban_Ocon/estoco01.png.transform/1col/image.png,19.0,,,0 days 00:01:17.617000,,,,,,,22.0,39.4,40.5,1.4,False
2024,20,Mexico City Grand Prix,Mexico City,Q,2024-10-27,24,ZHO,zhou,Kick Sauber,sauber,Guanyu,Zhou,https://media.formula1.com/d_driver_fallback_image.png/content/dam/fom-website/drivers/G/GUAZHO01_Guanyu_Zhou/guazho01.png.transform/1col/image.png,20.0,,,0 days 00:01:18.072000,,,,,,,22.0,39.4,40.5,1.4,False
2024,21,São Paulo Grand Prix,São Paulo,Q,2024-11-03,4,NOR,norris,McLaren,mclaren,Lando,Norris,https://media.formula1.com/d_driver_fallback_image.png/content/dam/fom-website/drivers/L/LANNOR01_Lando_Norris/lannor01.png.transform/1col/image.png,1.0,,,0 days 00:01:30.944000,0 days 00:01:24.844000,0 days 00:01:23.405000,,,,,20.3,23.4,93.4,0.6,True
2024,21,São Paulo Grand Prix,São Paulo,Q,2024-11-03,63,RUS,russell,Mercedes,mercedes,George,Russell,https://media.formula1.com/d_driver_fallback_image.png/content/dam/fom-website/drivers/G/GEORUS01_George_Russell/georus01.png.transform/1col/image.png,2.0,,,0 days 00:01:29.121000,0 days 00:01:26.307000,0 days 00:01:23.578000,,,,,20.3,23.4,93.4,0.6,True
2024,21,São Paulo Grand Prix,São Paulo,Q,2024-11-03,22,TSU,tsunoda,RB,rb,Yuki,Tsunoda,https://media.formula1.com/d_driver_fallback_image.png/content/dam/fom-website/drivers/Y/YUKTSU01_Yuki_Tsunoda/yuktsu01.png.transform/1col/image.png,3.0,,,0 days 00:01:29.172000,0 days 00:01:26.464000,0 days 00:01:24.111000,,,,,20.3,23.4,93.4,0.6,True
2024,21,São Paulo Grand Prix,São Paulo,Q,2024-11-03,31,OCO,ocon,Alpine,alpine,Esteban,Ocon,https://media.formula1.com/d_driver_fallback_image.png/content/dam/fom-website/drivers/E/ESTOCO01_Esteban_Ocon/estoco01.png.transform/1col/image.png,4.0,,,0 days 00:01:29.171000,0 days 00:01:26.206000,0 days 00:01:24.475000,,,,,20.3,23.4,93.4,0.6,True
2024,21,São Paulo Grand Prix,São Paulo,Q,2024-11-03,30,LAW,lawson,RB,rb,Liam,Lawson,None,5.0,,,0 days 00:01:30.758000,0 days 00:01:25.654000,0 days 00:01:24.484000,,,,,20.3,23.4,93.4,0.6,True
2024,21,São Paulo Grand Prix,São Paulo,Q,2024-11-03,16,LEC,leclerc,Ferrari,ferrari,Charles,Leclerc,https://media.formula1.com/d_driver_fallback_image.png/content/dam/fom-website/drivers/C/CHALEC01_Charles_Leclerc/chalec01.png.transform/1col/image.png,6.0,,,0 days 00:01:29.839000,0 days 00:01:26.097000,0 days 00:01:24.525000,,,,,20.3,23.4,93.4,0.6,True
2024,21,São Paulo Grand Prix,São Paulo,Q,2024-11-03,23,ALB,albon,Williams,williams,Alexander,Albon,https://media.formula1.com/d_driver_fallback_image.png/content/dam/fom-website/drivers/A/ALEALB01_Alexander_Albon/alealb01.png.transform/1col/image.png,7.0,,,0 days 00:01:29.072000,0 days 00:01:24.657000,0 days 00:01:24.657000,,,,,20.3,23.4,93.4,0.6,True
2024,21,São Paulo Grand Prix,São Paulo,Q,2024-11-03,81,PIA,piastri,McLaren,mclaren,Oscar,Piastri,https://media.formula1.com/d_driver_fallback_image.png/content/dam/fom-website/drivers/O/OSCPIA01_Oscar_Piastri/oscpia01.png.transform/1col/image.png,8.0,,,0 days 00:01:30.114000,0 days 00:01:24.686000,0 days 00:01:24.686000,,,,,20.3,23.4,93.4,0.6,True
2024,21,São Paulo Grand Prix,São Paulo,Q,2024-11-03,14,ALO,alonso,Aston Martin,aston_martin,Fernando,Alonso,https://media.formula1.com/d_driver_fallback_image.png/content/dam/fom-website/drivers/F/FERALO01_Fernando_Alonso/feralo01.png.transform/1col/image.png,9.0,,,0 days 00:01:30.207000,0 days 00:01:28.998000,0 days 00:01:28.998000,,,,,20.3,23.4,93.4,0.6,True
2024,21,São Paulo Grand Prix,São Paulo,Q,2024-11-03,18,STR,stroll,Aston Martin,aston_martin,Lance,Stroll,https://media.formula1.com/d_driver_fallback_image.png/content/dam/fom-website/drivers/L/LANSTR01_Lance_Stroll/lanstr01.png.transform/1col/image.png,10.0,,,0 days 00:01:30.580000,0 days 00:01:26.334000,,,,,,20.3,23.4,93.4,0.6,True
2024,21,São Paulo Grand Prix,São Paulo,Q,2024-11-03,77,BOT,bottas,Kick Sauber,sauber,Valtteri,Bottas,https://media.formula1.com/d_driver_fallback_image.png/content/dam/fom-website/drivers/V/VALBOT01_Valtteri_Bottas/valbot01.png.transform/1col/image.png,11.0,,,0 days 00:01:30.633000,0 days 00:01:26.472000,,,,,,20.3,23.4,93.4,0.6,True
2024,21,São Paulo Grand Prix,São Paulo,Q,2024-11-03,1,VER,max_verstappen,Red Bull Racing,red_bull,Max,Verstappen,https://media.formula1.com/d_driver_fallback_image.png/content/dam/fom-website/drivers/M/MAXVER01_Max_Verstappen/maxver01.png.transform/1col/image.png,12.0,,,0 days 00:01:28.522000,0 days 00:01:27.771000,,,,,,20.3,23.4,93.4,0.6,True
2024,21,São Paulo Grand Prix,São Paulo,Q,2024-11-03,11,PER,perez,Red Bull Racing,red_bull,Sergio,Perez,https://media.formula1.com/d_driver_fallback_image.png/content/dam/fom-website/drivers/S/SERPER01_Sergio_Perez/serper01.png.transform/1col/image.png,13.0,,,0 days 00:01:30.035000,0 days 00:01:28.158000,,,,,,20.3,23.4,93.4,0.6,True
2024,21,São Paulo Grand Prix,São Paulo,Q,2024-11-03,55,SAI,sainz,Ferrari,ferrari,Carlos,Sainz,https://media.formula1.com/d_driver_fallback_image.png/content/dam/fom-website/drivers/C/CARSAI01_Carlos_Sainz/carsai01.png.transform/1col/image.png,14.0,,,0 days 00:01:30.303000,0 days 00:01:29.406000,,,,,,20.3,23.4,93.4,0.6,True
2024,21,São Paulo Grand Prix,São Paulo,Q,2024-11-03,10,GAS,gasly,Alpine,alpine,Pierre,Gasly,https://media.formula1.com/d_driver_fallback_image.png/content/dam/fom-website/drivers/P/PIEGAS01_Pierre_Gasly/piegas01.png.transform/1col/image.png,15.0,,,0 days 00:01:29.420000,0 days 00:01:29.614000,,,,,,20.3,23.4,93.4,0.6,True
2024,21,São Paulo Grand Prix,São Paulo,Q,2024-11-03,44,HAM,hamilton,Mercedes,mercedes,Lewis,Hamilton,https://media.formula1.com/d_driver_fallback_image.png/content/dam/fom-website/drivers/L/LEWHAM01_Lewis_Hamilton/lewham01.png.transform/1col/image.png,16.0,,,0 days 00:01:31.150000,,,,,,,20.3,23.4,93.4,0.6,True
2024,21,São Paulo Grand Prix,São Paulo,Q,2024-11-03,50,BEA,bearman,Haas F1 Team,haas,Oliver,Bearman,None,17.0,,,0 days 00:01:31.229000,,,,,,,20.3,23.4,93.4,0.6,True
2024,21,São Paulo Grand Prix,São Paulo,Q,2024-11-03,43,COL,colapinto,Williams,williams,Franco,Colapinto,None,18.0,,,0 days 00:01:31.270000,,,,,,,20.3,23.4,93.4,0.6,True
2024,21,São Paulo Grand Prix,São Paulo,Q,2024-11-03,27,HUL,hulkenberg,Haas F1 Team,haas,Nico,Hulkenberg,https://media.formula1.com/d_driver_fallback_image.png/content/dam/fom-website/drivers/N/NICHUL01_Nico_Hulkenberg/nichul01.png.transform/1col/image.png,19.0,,,0 days 00:01:31.623000,,,,,,,20.3,23.4,93.4,0.6,True
2024,21,São Paulo Grand Prix,São Paulo,Q,2024-11-03,24,ZHO,zhou,Kick Sauber,sauber,Guanyu,Zhou,https://media.formula1.com/d_driver_fallback_image.png/content/dam/fom-website/drivers/G/GUAZHO01_Guanyu_Zhou/guazho01.png.transform/1col/image.png,20.0,,,0 days 00:01:32.263000,,,,,,,20.3,23.4,93.4,0.6,True
2024,22,Las Vegas Grand Prix,Las Vegas,Q,2024-11-23,63,RUS,russell,Mercedes,mercedes,George,Russell,https://media.formula1.com/d_driver_fallback_image.png/content/dam/fom-website/drivers/G/GEORUS01_George_Russell/georus01.png.transform/1col/image.png,1.0,,,0 days 00:01:33.186000,0 days 00:01:32.779000,0 days 00:01:32.312000,,,,,11.8,14.1,26.8,0.7,False
2024,22,Las Vegas Grand Prix,Las Vegas,Q,2024-11-23,55,SAI,sainz,Ferrari,ferrari,Carlos,Sainz,https://media.formula1.com/d_driver_fallback_image.png/content/dam/fom-website/drivers/C/CARSAI01_Carlos_Sainz/carsai01.png.transform/1col/image.png,2.0,,,0 days 00:01:33.484000,0 days 00:01:32.711000,0 days 00:01:32.410000,,,,,11.8,14.1,26.8,0.7,False
2024,22,Las Vegas Grand Prix,Las Vegas,Q,2024-11-23,10,GAS,gasly,Alpine,alpine,Pierre,Gasly,https://media.formula1.com/d_driver_fallback_image.png/content/dam/fom-website/drivers/P/PIEGAS01_Pierre_Gasly/piegas01.png.transform/1col/image.png,3.0,,,0 days 00:01:33.691000,0 days 00:01:32.879000,0 days 00:01:32.664000,,,,,11.8,14.1,26.8,0.7,False
2024,22,Las Vegas Grand Prix,Las Vegas,Q,2024-11-23,16,LEC,leclerc,Ferrari,ferrari,Charles,Leclerc,https://media.formula1.com/d_driver_fallback_image.png/content/dam/fom-website/drivers/C/CHALEC01_Charles_Leclerc/chalec01.png.transform/1col/image.png,4.0,,,0 days 00:01:33.446000,0 days 00:01:33.016000,0 days 00:01:32.783000,,,,,11.8,14.1,26.8,0.7,False
2024,22,Las Vegas Grand Prix,Las Vegas,Q,2024-11-23,1,VER,max_verstappen,Red Bull Racing,red_bull,Max,Verstappen,https://media.formula1.com/d_driver_fallback_image.png/content/dam/fom-website/drivers/M/MAXVER01_Max_Verstappen/maxver01.png.transform/1col/image.png,5.0,,,0 days 00:01:33.299000,0 days 00:01:33.085000,0 days 00:01:32.797000,,,,,11.8,14.1,26.8,0.7,False
2024,22,Las Vegas Grand Prix,Las Vegas,Q,2024-11-23,4,NOR,norris,McLaren,mclaren,Lando,Norris,https://media.formula1.com/d_driver_fallback_image.png/content/dam/fom-website/drivers/L/LANNOR01_Lando_Norris/lannor01.png.transform/1col/image.png,6.0,,,0 days 00:01:33.592000,0 days 00:01:33.099000,0 days 00:01:33.008000,,,,,11.8,14.1,26.8,0.7,False
2024,22,Las Vegas Grand Prix,Las Vegas,Q,2024-11-23,22,TSU,tsunoda,RB,rb,Yuki,Tsunoda,https://media.formula1.com/d_driver_fallback_image.png/content/dam/fom-website/drivers/Y/YUKTSU01_Yuki_Tsunoda/yuktsu01.png.transform/1col/image.png,7.0,,,0 days 00:01:33.789000,0 days 00:01:33.089000,0 days 00:01:33.029000,,,,,11.8,14.1,26.8,0.7,False
2024,22,Las Vegas Grand Prix,Las Vegas,Q,2024-11-23,81,PIA,piastri,McLaren,mclaren,Oscar,Piastri,https://media.formula1.com/d_driver_fallback_image.png/content/dam/fom-website/drivers/O/OSCPIA01_Oscar_Piastri/oscpia01.png.transform/1col/image.png,8.0,,,0 days 00:01:33.450000,0 days 00:01:33.024000,0 days 00:01:33.033000,,,,,11.8,14.1,26.8,0.7,False
2024,22,Las Vegas Grand Prix,Las Vegas,Q,2024-11-23,27,HUL,hulkenberg,Haas F1 Team,haas,Nico,Hulkenberg,https://media.formula1.com/d_driver_fallback_image.png/content/dam/fom-website/drivers/N/NICHUL01_Nico_Hulkenberg/nichul01.png.transform/1col/image.png,9.0,,,0 days 00:01:33.920000,0 days 00:01:33.114000,0 days 00:01:33.062000,,,,,11.8,14.1,26.8,0.7,False
2024,22,Las Vegas Grand Prix,Las Vegas,Q,2024-11-23,44,HAM,hamilton,Mercedes,mercedes,Lewis,Hamilton,https://media.formula1.com/d_driver_fallback_image.png/content/dam/fom-website/drivers/L/LEWHAM01_Lewis_Hamilton/lewham01.png.transform/1col/image.png,10.0,,,0 days 00:01:33.225000,0 days 00:01:32.567000,0 days 00:01:48.106000,,,,,11.8,14.1,26.8,0.7,False
2024,22,Las Vegas Grand Prix,Las Vegas,Q,2024-11-23,31,OCO,ocon,Alpine,alpine,Esteban,Ocon,https://media.formula1.com/d_driver_fallback_image.png/content/dam/fom-website/drivers/E/ESTOCO01_Esteban_Ocon/estoco01.png.transform/1col/image.png,11.0,,,0 days 00:01:33.968000,0 days 00:01:33.221000,,,,,,11.8,14.1,26.8,0.7,False
2024,22,Las Vegas Grand Prix,Las Vegas,Q,2024-11-23,20,MAG,kevin_magnussen,Haas F1 Team,haas,Kevin,Magnussen,https://media.formula1.com/d_driver_fallback_image.png/content/dam/fom-website/drivers/K/KEVMAG01_Kevin_Magnussen/kevmag01.png.transform/1col/image.png,12.0,,,0 days 00:01:33.991000,0 days 00:01:33.297000,,,,,,11.8,14.1,26.8,0.7,False
2024,22,Las Vegas Grand Prix,Las Vegas,Q,2024-11-23,24,ZHO,zhou,Kick Sauber,sauber,Guanyu,Zhou,https://media.formula1.com/d_driver_fallback_image.png/content/dam/fom-website/drivers/G/GUAZHO01_Guanyu_Zhou/guazho01.png.transform/1col/image.png,13.0,,,0 days 00:01:34.079000,0 days 00:01:33.566000,,,,,,11.8,14.1,26.8,0.7,False
2024,22,Las Vegas Grand Prix,Las Vegas,Q,2024-11-23,43,COL,colapinto,Williams,williams,Franco,Colapinto,None,14.0,,,0 days 00:01:33.746000,0 days 00:01:33.749000,,,,,,11.8,14.1,26.8,0.7,False
2024,22,Las Vegas Grand Prix,Las Vegas,Q,2024-11-23,30,LAW,lawson,RB,rb,Liam,Lawson,None,15.0,,,0 days 00:01:34.087000,0 days 00:01:34.257000,,,,,,11.8,14.1,26.8,0.7,False
2024,22,Las Vegas Grand Prix,Las Vegas,Q,2024-11-23,11,PER,perez,Red Bull Racing,red_bull,Sergio,Perez,https://media.formula1.com/d_driver_fallback_image.png/content/dam/fom-website/drivers/S/SERPER01_Sergio_Perez/serper01.png.transform/1col/image.png,16.0,,,0 days 00:01:34.155000,,,,,,,11.8,14.1,26.8,0.7,False
2024,22,Las Vegas Grand Prix,Las Vegas,Q,2024-11-23,14,ALO,alonso,Aston Martin,aston_martin,Fernando,Alonso,https://media.formula1.com/d_driver_fallback_image.png/content/dam/fom-website/drivers/F/FERALO01_Fernando_Alonso/feralo01.png.transform/1col/image.png,17.0,,,0 days 00:01:34.258000,,,,,,,11.8,14.1,26.8,0.7,False
2024,22,Las Vegas Grand Prix,Las Vegas,Q,2024-11-23,23,ALB,albon,Williams,williams,Alexander,Albon,https://media.formula1.com/d_driver_fallback_image.png/content/dam/fom-website/drivers/A/ALEALB01_Alexander_Albon/alealb01.png.transform/1col/image.png,18.0,,,0 days 00:01:34.425000,,,,,,,11.8,14.1,26.8,0.7,False
2024,22,Las Vegas Grand Prix,Las Vegas,Q,2024-11-23,77,BOT,bottas,Kick Sauber,sauber,Valtteri,Bottas,https://media.formula1.com/d_driver_fallback_image.png/content/dam/fom-website/drivers/V/VALBOT01_Valtteri_Bottas/valbot01.png.transform/1col/image.png,19.0,,,0 days 00:01:34.430000,,,,,,,11.8,14.1,26.8,0.7,False
2024,22,Las Vegas Grand Prix,Las Vegas,Q,2024-11-23,18,STR,stroll,Aston Martin,aston_martin,Lance,Stroll,https://media.formula1.com/d_driver_fallback_image.png/content/dam/fom-website/drivers/L/LANSTR01_Lance_Stroll/lanstr01.png.transform/1col/image.png,20.0,,,0 days 00:01:34.484000,,,,,,,11.8,14.1,26.8,0.7,False
2024,23,Qatar Grand Prix,Lusail,Q,2024-12-01,1,VER,max_verstappen,Red Bull Racing,red_bull,Max,Verstappen,https://media.formula1.com/d_driver_fallback_image.png/content/dam/fom-website/drivers/M/MAXVER01_Max_Verstappen/maxver01.png.transform/1col/image.png,1.0,,,0 days 00:01:21.579000,0 days 00:01:20.687000,0 days 00:01:20.520000,,,,,18.8,21.7,59.5,2.1,False
2024,23,Qatar Grand Prix,Lusail,Q,2024-12-01,63,RUS,russell,Mercedes,mercedes,George,Russell,https://media.formula1.com/d_driver_fallback_image.png/content/dam/fom-website/drivers/G/GEORUS01_George_Russell/georus01.png.transform/1col/image.png,2.0,,,0 days 00:01:21.241000,0 days 00:01:21.069000,0 days 00:01:20.575000,,,,,18.8,21.7,59.5,2.1,False
2024,23,Qatar Grand Prix,Lusail,Q,2024-12-01,4,NOR,norris,McLaren,mclaren,Lando,Norris,https://media.formula1.com/d_driver_fallback_image.png/content/dam/fom-website/drivers/L/LANNOR01_Lando_Norris/lannor01.png.transform/1col/image.png,3.0,,,0 days 00:01:21.578000,0 days 00:01:20.983000,0 days 00:01:20.772000,,,,,18.8,21.7,59.5,2.1,False
2024,23,Qatar Grand Prix,Lusail,Q,2024-12-01,81,PIA,piastri,McLaren,mclaren,Oscar,Piastri,https://media.formula1.com/d_driver_fallback_image.png/content/dam/fom-website/drivers/O/OSCPIA01_Oscar_Piastri/oscpia01.png.transform/1col/image.png,4.0,,,0 days 00:01:21.821000,0 days 00:01:21.121000,0 days 00:01:20.829000,,,,,18.8,21.7,59.5,2.1,False
2024,23,Qatar Grand Prix,Lusail,Q,2024-12-01,16,LEC,leclerc,Ferrari,ferrari,Charles,Leclerc,https://media.formula1.com/d_driver_fallback_image.png/content/dam/fom-website/drivers/C/CHALEC01_Charles_Leclerc/chalec01.png.transform/1col/image.png,5.0,,,0 days 00:01:21.278000,0 days 00:01:21,0 days 00:01:20.852000,,,,,18.8,21.7,59.5,2.1,False
2024,23,Qatar Grand Prix,Lusail,Q,2024-12-01,44,HAM,hamilton,Mercedes,mercedes,Lewis,Hamilton,https://media.formula1.com/d_driver_fallback_image.png/content/dam/fom-website/drivers/L/LEWHAM01_Lewis_Hamilton/lewham01.png.transform/1col/image.png,6.0,,,0 days 00:01:21.637000,0 days 00:01:21.095000,0 days 00:01:21.011000,,,,,18.8,21.7,59.5,2.1,False
2024,23,Qatar Grand Prix,Lusail,Q,2024-12-01,55,SAI,sainz,Ferrari,ferrari,Carlos,Sainz,https://media.formula1.com/d_driver_fallback_image.png/content/dam/fom-website/drivers/C/CARSAI01_Carlos_Sainz/carsai01.png.transform/1col/image.png,7.0,,,0 days 00:01:21.447000,0 days 00:01:21.199000,0 days 00:01:21.041000,,,,,18.8,21.7,59.5,2.1,False
2024,23,Qatar Grand Prix,Lusail,Q,2024-12-01,14,ALO,alonso,Aston Martin,aston_martin,Fernando,Alonso,https://media.formula1.com/d_driver_fallback_image.png/content/dam/fom-website/drivers/F/FERALO01_Fernando_Alonso/feralo01.png.transform/1col/image.png,8.0,,,0 days 00:01:21.608000,0 days 00:01:21.208000,0 days 00:01:21.251000,,,,,18.8,21.7,59.5,2.1,False
2024,23,Qatar Grand Prix,Lusail,Q,2024-12-01,11,PER,perez,Red Bull Racing,red_bull,Sergio,Perez,https://media.formula1.com/d_driver_fallback_image.png/content/dam/fom-website/drivers/S/SERPER01_Sergio_Perez/serper01.png.transform/1col/image.png,9.0,,,0 days 00:01:21.675000,0 days 00:01:21.425000,0 days 00:01:21.425000,,,,,18.8,21.7,59.5,2.1,False
2024,23,Qatar Grand Prix,Lusail,Q,2024-12-01,20,MAG,kevin_magnussen,Haas F1 Team,haas,Kevin,Magnussen,https://media.formula1.com/d_driver_fallback_image.png/content/dam/fom-website/drivers/K/KEVMAG01_Kevin_Magnussen/kevmag01.png.transform/1col/image.png,10.0,,,0 days 00:01:21.891000,0 days 00:01:21.387000,0 days 00:01:21.500000,,,,,18.8,21.7,59.5,2.1,False
2024,23,Qatar Grand Prix,Lusail,Q,2024-12-01,10,GAS,gasly,Alpine,alpine,Pierre,Gasly,https://media.formula1.com/d_driver_fallback_image.png/content/dam/fom-website/drivers/P/PIEGAS01_Pierre_Gasly/piegas01.png.transform/1col/image.png,11.0,,,0 days 00:01:21.843000,0 days 00:01:21.437000,,,,,,18.8,21.7,59.5,2.1,False
2024,23,Qatar Grand Prix,Lusail,Q,2024-12-01,24,ZHO,zhou,Kick Sauber,sauber,Guanyu,Zhou,https://media.formula1.com/d_driver_fallback_image.png/content/dam/fom-website/drivers/G/GUAZHO01_Guanyu_Zhou/guazho01.png.transform/1col/image.png,12.0,,,0 days 00:01:22.103000,0 days 00:01:21.501000,,,,,,18.8,21.7,59.5,2.1,False
2024,23,Qatar Grand Prix,Lusail,Q,2024-12-01,77,BOT,bottas,Kick Sauber,sauber,Valtteri,Bottas,https://media.formula1.com/d_driver_fallback_image.png/content/dam/fom-website/drivers/V/VALBOT01_Valtteri_Bottas/valbot01.png.transform/1col/image.png,13.0,,,0 days 00:01:21.927000,0 days 00:01:21.731000,,,,,,18.8,21.7,59.5,2.1,False
2024,23,Qatar Grand Prix,Lusail,Q,2024-12-01,22,TSU,tsunoda,RB,rb,Yuki,Tsunoda,https://media.formula1.com/d_driver_fallback_image.png/content/dam/fom-website/drivers/Y/YUKTSU01_Yuki_Tsunoda/yuktsu01.png.transform/1col/image.png,14.0,,,0 days 00:01:22.364000,0 days 00:01:21.771000,,,,,,18.8,21.7,59.5,2.1,False
2024,23,Qatar Grand Prix,Lusail,Q,2024-12-01,18,STR,stroll,Aston Martin,aston_martin,Lance,Stroll,https://media.formula1.com/d_driver_fallback_image.png/content/dam/fom-website/drivers/L/LANSTR01_Lance_Stroll/lanstr01.png.transform/1col/image.png,15.0,,,0 days 00:01:22.011000,0 days 00:01:21.911000,,,,,,18.8,21.7,59.5,2.1,False
2024,23,Qatar Grand Prix,Lusail,Q,2024-12-01,23,ALB,albon,Williams,williams,Alexander,Albon,https://media.formula1.com/d_driver_fallback_image.png/content/dam/fom-website/drivers/A/ALEALB01_Alexander_Albon/alealb01.png.transform/1col/image.png,16.0,,,0 days 00:01:22.390000,,,,,,,18.8,21.7,59.5,2.1,False
2024,23,Qatar Grand Prix,Lusail,Q,2024-12-01,30,LAW,lawson,RB,rb,Liam,Lawson,None,17.0,,,0 days 00:01:22.411000,,,,,,,18.8,21.7,59.5,2.1,False
2024,23,Qatar Grand Prix,Lusail,Q,2024-12-01,27,HUL,hulkenberg,Haas F1 Team,haas,Nico,Hulkenberg,https://media.formula1.com/d_driver_fallback_image.png/content/dam/fom-website/drivers/N/NICHUL01_Nico_Hulkenberg/nichul01.png.transform/1col/image.png,18.0,,,0 days 00:01:22.442000,,,,,,,18.8,21.7,59.5,2.1,False
2024,23,Qatar Grand Prix,Lusail,Q,2024-12-01,43,COL,colapinto,Williams,williams,Franco,Colapinto,None,19.0,,,0 days 00:01:22.594000,,,,,,,18.8,21.7,59.5,2.1,False
2024,23,Qatar Grand Prix,Lusail,Q,2024-12-01,31,OCO,ocon,Alpine,alpine,Esteban,Ocon,https://media.formula1.com/d_driver_fallback_image.png/content/dam/fom-website/drivers/E/ESTOCO01_Esteban_Ocon/estoco01.png.transform/1col/image.png,20.0,,,0 days 00:01:22.714000,,,,,,,18.8,21.7,59.5,2.1,False
2024,24,Abu Dhabi Grand Prix,Yas Island,Q,2024-12-08,4,NOR,norris,McLaren,mclaren,Lando,Norris,https://media.formula1.com/d_driver_fallback_image.png/content/dam/fom-website/drivers/L/LANNOR01_Lando_Norris/lannor01.png.transform/1col/image.png,1.0,,,0 days 00:01:23.682000,0 days 00:01:23.098000,0 days 00:01:22.595000,,,,,25.8,29.7,65.8,1.5,False
2024,24,Abu Dhabi Grand Prix,Yas Island,Q,2024-12-08,81,PIA,piastri,McLaren,mclaren,Oscar,Piastri,https://media.formula1.com/d_driver_fallback_image.png/content/dam/fom-website/drivers/O/OSCPIA01_Oscar_Piastri/oscpia01.png.transform/1col/image.png,2.0,,,0 days 00:01:23.640000,0 days 00:01:23.199000,0 days 00:01:22.804000,,,,,25.8,29.7,65.8,1.5,False
2024,24,Abu Dhabi Grand Prix,Yas Island,Q,2024-12-08,55,SAI,sainz,Ferrari,ferrari,Carlos,Sainz,https://media.formula1.com/d_driver_fallback_image.png/content/dam/fom-website/drivers/C/CARSAI01_Carlos_Sainz/carsai01.png.transform/1col/image.png,3.0,,,0 days 00:01:23.487000,0 days 00:01:22.985000,0 days 00:01:22.824000,,,,,25.8,29.7,65.8,1.5,False
2024,24,Abu Dhabi Grand Prix,Yas Island,Q,2024-12-08,27,HUL,hulkenberg,Haas F1 Team,haas,Nico,Hulkenberg,https://media.formula1.com/d_driver_fallback_image.png/content/dam/fom-website/drivers/N/NICHUL01_Nico_Hulkenberg/nichul01.png.transform/1col/image.png,4.0,,,0 days 00:01:23.722000,0 days 00:01:23.040000,0 days 00:01:22.886000,,,,,25.8,29.7,65.8,1.5,False
2024,24,Abu Dhabi Grand Prix,Yas Island,Q,2024-12-08,1,VER,max_verstappen,Red Bull Racing,red_bull,Max,Verstappen,https://media.formula1.com/d_driver_fallback_image.png/content/dam/fom-website/drivers/M/MAXVER01_Max_Verstappen/maxver01.png.transform/1col/image.png,5.0,,,0 days 00:01:23.516000,0 days 00:01:22.998000,0 days 00:01:22.945000,,,,,25.8,29.7,65.8,1.5,False
2024,24,Abu Dhabi Grand Prix,Yas Island,Q,2024-12-08,10,GAS,gasly,Alpine,alpine,Pierre,Gasly,https://media.formula1.com/d_driver_fallback_image.png/content/dam/fom-website/drivers/P/PIEGAS01_Pierre_Gasly/piegas01.png.transform/1col/image.png,6.0,,,0 days 00:01:23.548000,0 days 00:01:23.086000,0 days 00:01:22.984000,,,,,25.8,29.7,65.8,1.5,False
2024,24,Abu Dhabi Grand Prix,Yas Island,Q,2024-12-08,63,RUS,russell,Mercedes,mercedes,George,Russell,https://media.formula1.com/d_driver_fallback_image.png/content/dam/fom-website/drivers/G/GEORUS01_George_Russell/georus01.png.transform/1col/image.png,7.0,,,0 days 00:01:23.678000,0 days 00:01:23.283000,0 days 00:01:23.132000,,,,,25.8,29.7,65.8,1.5,False
2024,24,Abu Dhabi Grand Prix,Yas Island,Q,2024-12-08,14,ALO,alonso,Aston Martin,aston_martin,Fernando,Alonso,https://media.formula1.com/d_driver_fallback_image.png/content/dam/fom-website/drivers/F/FERALO01_Fernando_Alonso/feralo01.png.transform/1col/image.png,8.0,,,0 days 00:01:23.794000,0 days 00:01:23.268000,0 days 00:01:23.196000,,,,,25.8,29.7,65.8,1.5,False
2024,24,Abu Dhabi Grand Prix,Yas Island,Q,2024-12-08,77,BOT,bottas,Kick Sauber,sauber,Valtteri,Bottas,https://media.formula1.com/d_driver_fallback_image.png/content/dam/fom-website/drivers/V/VALBOT01_Valtteri_Bottas/valbot01.png.transform/1col/image.png,9.0,,,0 days 00:01:23.481000,0 days 00:01:23.341000,0 days 00:01:23.204000,,,,,25.8,29.7,65.8,1.5,False
2024,24,Abu Dhabi Grand Prix,Yas Island,Q,2024-12-08,11,PER,perez,Red Bull Racing,red_bull,Sergio,Perez,https://media.formula1.com/d_driver_fallback_image.png/content/dam/fom-website/drivers/S/SERPER01_Sergio_Perez/serper01.png.transform/1col/image.png,10.0,,,0 days 00:01:23.559000,0 days 00:01:23.379000,0 days 00:01:23.264000,,,,,25.8,29.7,65.8,1.5,False
2024,24,Abu Dhabi Grand Prix,Yas Island,Q,2024-12-08,22,TSU,tsunoda,RB,rb,Yuki,Tsunoda,https://media.formula1.com/d_driver_fallback_image.png/content/dam/fom-website/drivers/Y/YUKTSU01_Yuki_Tsunoda/yuktsu01.png.transform/1col/image.png,11.0,,,0 days 00:01:23.735000,0 days 00:01:23.419000,,,,,,25.8,29.7,65.8,1.5,False
2024,24,Abu Dhabi Grand Prix,Yas Island,Q,2024-12-08,30,LAW,lawson,RB,rb,Liam,Lawson,None,12.0,,,0 days 00:01:23.733000,0 days 00:01:23.472000,,,,,,25.8,29.7,65.8,1.5,False
2024,24,Abu Dhabi Grand Prix,Yas Island,Q,2024-12-08,18,STR,stroll,Aston Martin,aston_martin,Lance,Stroll,https://media.formula1.com/d_driver_fallback_image.png/content/dam/fom-website/drivers/L/LANSTR01_Lance_Stroll/lanstr01.png.transform/1col/image.png,13.0,,,0 days 00:01:23.729000,0 days 00:01:23.784000,,,,,,25.8,29.7,65.8,1.5,False
2024,24,Abu Dhabi Grand Prix,Yas Island,Q,2024-12-08,16,LEC,leclerc,Ferrari,ferrari,Charles,Leclerc,https://media.formula1.com/d_driver_fallback_image.png/content/dam/fom-website/drivers/C/CHALEC01_Charles_Leclerc/chalec01.png.transform/1col/image.png,14.0,,,0 days 00:01:23.302000,0 days 00:01:23.833000,,,,,,25.8,29.7,65.8,1.5,False
2024,24,Abu Dhabi Grand Prix,Yas Island,Q,2024-12-08,20,MAG,kevin_magnussen,Haas F1 Team,haas,Kevin,Magnussen,https://media.formula1.com/d_driver_fallback_image.png/content/dam/fom-website/drivers/K/KEVMAG01_Kevin_Magnussen/kevmag01.png.transform/1col/image.png,15.0,,,0 days 00:01:23.632000,0 days 00:01:23.877000,,,,,,25.8,29.7,65.8,1.5,False
2024,24,Abu Dhabi Grand Prix,Yas Island,Q,2024-12-08,23,ALB,albon,Williams,williams,Alexander,Albon,https://media.formula1.com/d_driver_fallback_image.png/content/dam/fom-website/drivers/A/ALEALB01_Alexander_Albon/alealb01.png.transform/1col/image.png,16.0,,,0 days 00:01:23.821000,,,,,,,25.8,29.7,65.8,1.5,False
2024,24,Abu Dhabi Grand Prix,Yas Island,Q,2024-12-08,24,ZHO,zhou,Kick Sauber,sauber,Guanyu,Zhou,https://media.formula1.com/d_driver_fallback_image.png/content/dam/fom-website/drivers/G/GUAZHO01_Guanyu_Zhou/guazho01.png.transform/1col/image.png,17.0,,,0 days 00:01:23.880000,,,,,,,25.8,29.7,65.8,1.5,False
2024,24,Abu Dhabi Grand Prix,Yas Island,Q,2024-12-08,44,HAM,hamilton,Mercedes,mercedes,Lewis,Hamilton,https://media.formula1.com/d_driver_fallback_image.png/content/dam/fom-website/drivers/L/LEWHAM01_Lewis_Hamilton/lewham01.png.transform/1col/image.png,18.0,,,0 days 00:01:23.887000,,,,,,,25.8,29.7,65.8,1.5,False
2024,24,Abu Dhabi Grand Prix,Yas Island,Q,2024-12-08,43,COL,colapinto,Williams,williams,Franco,Colapinto,None,19.0,,,0 days 00:01:23.912000,,,,,,,25.8,29.7,65.8,1.5,False
2024,24,Abu Dhabi Grand Prix,Yas Island,Q,2024-12-08,61,DOO,doohan,Alpine,alpine,Jack,Doohan,None,20.0,,,0 days 00:01:24.105000,,,,,,,25.8,29.7,65.8,1.5,False
