Season,Round,EventName,Circuit,SessionType,EventDate,DriverNumber,Abbreviation,DriverId,TeamName,TeamId,FirstName,LastName,HeadshotUrl,Position,ClassifiedPosition,GridPosition,Q1,Q2,Q3,Time,Status,Points,Laps,AirTemp_mean,TrackTemp_mean,Humidity_mean,WindSpeed_mean,Rainfall
2024,1,Bahrain Grand Prix,Sakhir,R,2024-03-02,1,VER,max_verstappen,Red Bull Racing,red_bull,Max,Verstappen,https://media.formula1.com/d_driver_fallback_image.png/content/dam/fom-website/drivers/M/MAXVER01_Max_Verstappen/maxver01.png.transform/1col/image.png,1.0,1,1.0,,,,0 days 01:31:44.742000,Finished,26.0,57.0,18.2,23.7,48.8,0.8,False
2024,1,Bahrain Grand Prix,Sakhir,R,2024-03-02,11,PER,perez,Red Bull Racing,red_bull,Sergio,Perez,https://media.formula1.com/d_driver_fallback_image.png/content/dam/fom-website/drivers/S/SERPER01_Sergio_Perez/serper01.png.transform/1col/image.png,2.0,2,5.0,,,,0 days 00:00:22.457000,Finished,18.0,57.0,18.2,23.7,48.8,0.8,False
2024,1,Bahrain Grand Prix,Sakhir,R,2024-03-02,55,SAI,sainz,Ferrari,ferrari,Carlos,Sainz,https://media.formula1.com/d_driver_fallback_image.png/content/dam/fom-website/drivers/C/CARSAI01_Carlos_Sainz/carsai01.png.transform/1col/image.png,3.0,3,4.0,,,,0 days 00:00:25.110000,Finished,15.0,57.0,18.2,23.7,48.8,0.8,False
2024,1,Bahrain Grand Prix,Sakhir,R,2024-03-02,16,LEC,leclerc,Ferrari,ferrari,Charles,Leclerc,https://media.formula1.com/d_driver_fallback_image.png/content/dam/fom-website/drivers/C/CHALEC01_Charles_Leclerc/chalec01.png.transform/1col/image.png,4.0,4,2.0,,,,0 days 00:00:39.669000,Finished,12.0,57.0,18.2,23.7,48.8,0.8,False
2024,1,Bahrain Grand Prix,Sakhir,R,2024-03-02,63,RUS,russell,Mercedes,mercedes,George,Russell,https://media.formula1.com/d_driver_fallback_image.png/content/dam/fom-website/drivers/G/GEORUS01_George_Russell/georus01.png.transform/1col/image.png,5.0,5,3.0,,,,0 days 00:00:46.788000,Finished,10.0,57.0,18.2,23.7,48.8,0.8,False
2024,1,Bahrain Grand Prix,Sakhir,R,2024-03-02,4,NOR,norris,McLaren,mclaren,Lando,Norris,https://media.formula1.com/d_driver_fallback_image.png/content/dam/fom-website/drivers/L/LANNOR01_Lando_Norris/lannor01.png.transform/1col/image.png,6.0,6,7.0,,,,0 days 00:00:48.458000,Finished,8.0,57.0,18.2,23.7,48.8,0.8,False
2024,1,Bahrain Grand Prix,Sakhir,R,2024-03-02,44,HAM,hamilton,Mercedes,mercedes,Lewis,Hamilton,https://media.formula1.com/d_driver_fallback_image.png/content/dam/fom-website/drivers/L/LEWHAM01_Lewis_Hamilton/lewham01.png.transform/1col/image.png,7.0,7,9.0,,,,0 days 00:00:50.324000,Finished,6.0,57.0,18.2,23.7,48.8,0.8,False
2024,1,Bahrain Grand Prix,Sakhir,R,2024-03-02,81,PIA,piastri,McLaren,mclaren,Oscar,Piastri,https://media.formula1.com/d_driver_fallback_image.png/content/dam/fom-website/drivers/O/OSCPIA01_Oscar_Piastri/oscpia01.png.transform/1col/image.png,8.0,8,8.0,,,,0 days 00:00:56.082000,Finished,4.0,57.0,18.2,23.7,48.8,0.8,False
2024,1,Bahrain Grand Prix,Sakhir,R,2024-03-02,14,ALO,alonso,Aston Martin,aston_martin,Fernando,Alonso,https://media.formula1.com/d_driver_fallback_image.png/content/dam/fom-website/drivers/F/FERALO01_Fernando_Alonso/feralo01.png.transform/1col/image.png,9.0,9,6.0,,,,0 days 00:01:14.887000,Finished,2.0,57.0,18.2,23.7,48.8,0.8,False
2024,1,Bahrain Grand Prix,Sakhir,R,2024-03-02,18,STR,stroll,Aston Martin,aston_martin,Lance,Stroll,https://media.formula1.com/d_driver_fallback_image.png/content/dam/fom-website/drivers/L/LANSTR01_Lance_Stroll/lanstr01.png.transform/1col/image.png,10.0,10,12.0,,,,0 days 00:01:33.216000,Finished,1.0,57.0,18.2,23.7,48.8,0.8,False
2024,1,Bahrain Grand Prix,Sakhir,R,2024-03-02,24,ZHO,zhou,Kick Sauber,sauber,Guanyu,Zhou,https://media.formula1.com/d_driver_fallback_image.png/content/dam/fom-website/drivers/G/GUAZHO01_Guanyu_Zhou/guazho01.png.transform/1col/image.png,11.0,11,17.0,,,,0 days 00:00:06.759000,Lapped,0.0,56.0,18.2,23.7,48.8,0.8,False
2024,1,Bahrain Grand Prix,Sakhir,R,2024-03-02,20,MAG,kevin_magnussen,Haas F1 Team,haas,Kevin,Magnussen,https://media.formula1.com/d_driver_fallback_image.png/content/dam/fom-website/drivers/K/KEVMAG01_Kevin_Magnussen/kevmag01.png.transform/1col/image.png,12.0,12,15.0,,,,0 days 00:00:08.316000,Lapped,0.0,56.0,18.2,23.7,48.8,0.8,False
2024,1,Bahrain Grand Prix,Sakhir,R,2024-03-02,3,RIC,ricciardo,RB,rb,Daniel,Ricciardo,https://media.formula1.com/d_driver_fallback_image.png/content/dam/fom-website/drivers/D/DANRIC01_Daniel_Ricciardo/danric01.png.transform/1col/image.png,13.0,13,14.0,,,,0 days 00:00:08.958000,Lapped,0.0,56.0,18.2,23.7,48.8,0.8,False
2024,1,Bahrain Grand Prix,Sakhir,R,2024-03-02,22,TSU,tsunoda,RB,rb,Yuki,Tsunoda,https://media.formula1.com/d_driver_fallback_image.png/content/dam/fom-website/drivers/Y/YUKTSU01_Yuki_Tsunoda/yuktsu01.png.transform/1col/image.png,14.0,14,11.0,,,,0 days 00:00:09.482000,Lapped,0.0,56.0,18.2,23.7,48.8,0.8,False
2024,1,Bahrain Grand Prix,Sakhir,R,2024-03-02,23,ALB,albon,Williams,williams,Alexander,Albon,https://media.formula1.com/d_driver_fallback_image.png/content/dam/fom-website/drivers/A/ALEALB01_Alexander_Albon/alealb01.png.transform/1col/image.png,15.0,15,13.0,,,,0 days 00:00:11.886000,Lapped,0.0,56.0,18.2,23.7,48.8,0.8,False
2024,1,Bahrain Grand Prix,Sakhir,R,2024-03-02,27,HUL,hulkenberg,Haas F1 Team,haas,Nico,Hulkenberg,https://media.formula1.com/d_driver_fallback_image.png/content/dam/fom-website/drivers/N/NICHUL01_Nico_Hulkenberg/nichul01.png.transform/1col/image.png,16.0,16,10.0,,,,0 days 00:00:17.632000,Lapped,0.0,56.0,18.2,23.7,48.8,0.8,False
2024,1,Bahrain Grand Prix,Sakhir,R,2024-03-02,31,OCO,ocon,Alpine,alpine,Esteban,Ocon,https://media.formula1.com/d_driver_fallback_image.png/content/dam/fom-website/drivers/E/ESTOCO01_Esteban_Ocon/estoco01.png.transform/1col/image.png,17.0,17,19.0,,,,0 days 00:00:31.450000,Lapped,0.0,56.0,18.2,23.7,48.8,0.8,False
2024,1,Bahrain Grand Prix,Sakhir,R,2024-03-02,10,GAS,gasly,Alpine,alpine,Pierre,Gasly,https://media.formula1.com/d_driver_fallback_image.png/content/dam/fom-website/drivers/P/PIEGAS01_Pierre_Gasly/piegas01.png.transform/1col/image.png,18.0,18,20.0,,,,0 days 00:00:32.417000,Lapped,0.0,56.0,18.2,23.7,48.8,0.8,False
2024,1,Bahrain Grand Prix,Sakhir,R,2024-03-02,77,BOT,bottas,Kick Sauber,sauber,Valtteri,Bottas,https://media.formula1.com/d_driver_fallback_image.png/content/dam/fom-website/drivers/V/VALBOT01_Valtteri_Bottas/valbot01.png.transform/1col/image.png,19.0,19,16.0,,,,0 days 00:01:23.230000,Lapped,0.0,56.0,18.2,23.7,48.8,0.8,False
2024,1,Bahrain Grand Prix,Sakhir,R,2024-03-02,2,SAR,sargeant,Williams,williams,Logan,Sargeant,https://media.formula1.com/d_driver_fallback_image.png/content/dam/fom-website/drivers/L/LOGSAR01_Logan_Sargeant/logsar01.png.transform/1col/image.png,20.0,20,18.0,,,,0 days 00:00:20.795000,Lapped,0.0,55.0,18.2,23.7,48.8,0.8,False
2024,2,Saudi Arabian Grand Prix,Jeddah,R,2024-03-09,1,VER,max_verstappen,Red Bull Racing,red_bull,Max,Verstappen,https://media.formula1.com/d_driver_fallback_image.png/content/dam/fom-website/drivers/M/MAXVER01_Max_Verstappen/maxver01.png.transform/1col/image.png,1.0,1,1.0,,,,0 days 01:20:43.273000,Finished,25.0,50.0,25.5,31.6,62.3,1.3,False
2024,2,Saudi Arabian Grand Prix,Jeddah,R,2024-03-09,11,PER,perez,Red Bull Racing,red_bull,Sergio,Perez,https://media.formula1.com/d_driver_fallback_image.png/content/dam/fom-website/drivers/S/SERPER01_Sergio_Perez/serper01.png.transform/1col/image.png,2.0,2,3.0,,,,0 days 00:00:13.643000,Finished,18.0,50.0,25.5,31.6,62.3,1.3,False
2024,2,Saudi Arabian Grand Prix,Jeddah,R,2024-03-09,16,LEC,leclerc,Ferrari,ferrari,Charles,Leclerc,https://media.formula1.com/d_driver_fallback_image.png/content/dam/fom-website/drivers/C/CHALEC01_Charles_Leclerc/chalec01.png.transform/1col/image.png,3.0,3,2.0,,,,0 days 00:00:18.639000,Finished,16.0,50.0,25.5,31.6,62.3,1.3,False
2024,2,Saudi Arabian Grand Prix,Jeddah,R,2024-03-09,81,PIA,piastri,McLaren,mclaren,Oscar,Piastri,https://media.formula1.com/d_driver_fallback_image.png/content/dam/fom-website/drivers/O/OSCPIA01_Oscar_Piastri/oscpia01.png.transform/1col/image.png,4.0,4,5.0,,,,0 days 00:00:32.007000,Finished,12.0,50.0,25.5,31.6,62.3,1.3,False
2024,2,Saudi Arabian Grand Prix,Jeddah,R,2024-03-09,14,ALO,alonso,Aston Martin,aston_martin,Fernando,Alonso,https://media.formula1.com/d_driver_fallback_image.png/content/dam/fom-website/drivers/F/FERALO01_Fernando_Alonso/feralo01.png.transform/1col/image.png,5.0,5,4.0,,,,0 days 00:00:35.759000,Finished,10.0,50.0,25.5,31.6,62.3,1.3,False
2024,2,Saudi Arabian Grand Prix,Jeddah,R,2024-03-09,63,RUS,russell,Mercedes,mercedes,George,Russell,https://media.formula1.com/d_driver_fallback_image.png/content/dam/fom-website/drivers/G/GEORUS01_George_Russell/georus01.png.transform/1col/image.png,6.0,6,7.0,,,,0 days 00:00:39.936000,Finished,8.0,50.0,25.5,31.6,62.3,1.3,False
2024,2,Saudi Arabian Grand Prix,Jeddah,R,2024-03-09,38,BEA,bearman,Ferrari,ferrari,Oliver,Bearman,None,7.0,7,11.0,,,,0 days 00:00:42.679000,Finished,6.0,50.0,25.5,31.6,62.3,1.3,False
2024,2,Saudi Arabian Grand Prix,Jeddah,R,2024-03-09,4,NOR,norris,McLaren,mclaren,Lando,Norris,https://media.formula1.com/d_driver_fallback_image.png/content/dam/fom-website/drivers/L/LANNOR01_Lando_Norris/lannor01.png.transform/1col/image.png,8.0,8,6.0,,,,0 days 00:00:45.708000,Finished,4.0,50.0,25.5,31.6,62.3,1.3,False
2024,2,Saudi Arabian Grand Prix,Jeddah,R,2024-03-09,44,HAM,hamilton,Mercedes,mercedes,Lewis,Hamilton,https://media.formula1.com/d_driver_fallback_image.png/content/dam/fom-website/drivers/L/LEWHAM01_Lewis_Hamilton/lewham01.png.transform/1col/image.png,9.0,9,8.0,,,,0 days 00:00:47.391000,Finished,2.0,50.0,25.5,31.6,62.3,1.3,False
2024,2,Saudi Arabian Grand Prix,Jeddah,R,2024-03-09,27,HUL,hulkenberg,Haas F1 Team,haas,Nico,Hulkenberg,https://media.formula1.com/d_driver_fallback_image.png/content/dam/fom-website/drivers/N/NICHUL01_Nico_Hulkenberg/nichul01.png.transform/1col/image.png,10.0,10,15.0,,,,0 days 00:01:16.996000,Finished,1.0,50.0,25.5,31.6,62.3,1.3,False
2024,2,Saudi Arabian Grand Prix,Jeddah,R,2024-03-09,23,ALB,albon,Williams,williams,Alexander,Albon,https://media.formula1.com/d_driver_fallback_image.png/content/dam/fom-website/drivers/A/ALEALB01_Alexander_Albon/alealb01.png.transform/1col/image.png,11.0,11,12.0,,,,0 days 00:01:28.354000,Finished,0.0,50.0,25.5,31.6,62.3,1.3,False
2024,2,Saudi Arabian Grand Prix,Jeddah,R,2024-03-09,20,MAG,kevin_magnussen,Haas F1 Team,haas,Kevin,Magnussen,https://media.formula1.com/d_driver_fallback_image.png/content/dam/fom-website/drivers/K/KEVMAG01_Kevin_Magnussen/kevmag01.png.transform/1col/image.png,12.0,12,13.0,,,,0 days 00:01:45.737000,Finished,0.0,50.0,25.5,31.6,62.3,1.3,False
2024,2,Saudi Arabian Grand Prix,Jeddah,R,2024-03-09,31,OCO,ocon,Alpine,alpine,Esteban,Ocon,https://media.formula1.com/d_driver_fallback_image.png/content/dam/fom-website/drivers/E/ESTOCO01_Esteban_Ocon/estoco01.png.transform/1col/image.png,13.0,13,17.0,,,,0 days 00:00:04.001000,Lapped,0.0,49.0,25.5,31.6,62.3,1.3,False
2024,2,Saudi Arabian Grand Prix,Jeddah,R,2024-03-09,2,SAR,sargeant,Williams,williams,Logan,Sargeant,https://media.formula1.com/d_driver_fallback_image.png/content/dam/fom-website/drivers/L/LOGSAR01_Logan_Sargeant/logsar01.png.transform/1col/image.png,14.0,14,19.0,,,,0 days 00:00:06.785000,Lapped,0.0,49.0,25.5,31.6,62.3,1.3,False
2024,2,Saudi Arabian Grand Prix,Jeddah,R,2024-03-09,22,TSU,tsunoda,RB,rb,Yuki,Tsunoda,https://media.formula1.com/d_driver_fallback_image.png/content/dam/fom-website/drivers/Y/YUKTSU01_Yuki_Tsunoda/yuktsu01.png.transform/1col/image.png,15.0,15,9.0,,,,0 days 00:00:10.533000,Lapped,0.0,49.0,25.5,31.6,62.3,1.3,False
2024,2,Saudi Arabian Grand Prix,Jeddah,R,2024-03-09,3,RIC,ricciardo,RB,rb,Daniel,Ricciardo,https://media.formula1.com/d_driver_fallback_image.png/content/dam/fom-website/drivers/D/DANRIC01_Daniel_Ricciardo/danric01.png.transform/1col/image.png,16.0,16,14.0,,,,0 days 00:00:20.715000,Lapped,0.0,49.0,25.5,31.6,62.3,1.3,False
2024,2,Saudi Arabian Grand Prix,Jeddah,R,2024-03-09,77,BOT,bottas,Kick Sauber,sauber,Valtteri,Bottas,https://media.formula1.com/d_driver_fallback_image.png/content/dam/fom-website/drivers/V/VALBOT01_Valtteri_Bottas/valbot01.png.transform/1col/image.png,17.0,17,16.0,,,,0 days 00:00:23.115000,Lapped,0.0,49.0,25.5,31.6,62.3,1.3,False
2024,2,Saudi Arabian Grand Prix,Jeddah,R,2024-03-09,24,ZHO,zhou,Kick Sauber,sauber,Guanyu,Zhou,https://media.formula1.com/d_driver_fallback_image.png/content/dam/fom-website/drivers/G/GUAZHO01_Guanyu_Zhou/guazho01.png.transform/1col/image.png,18.0,18,20.0,,,,0 days 00:00:29.553000,Lapped,0.0,49.0,25.5,31.6,62.3,1.3,False
2024,2,Saudi Arabian Grand Prix,Jeddah,R,2024-03-09,18,STR,stroll,Aston Martin,aston_martin,Lance,Stroll,https://media.formula1.com/d_driver_fallback_image.png/content/dam/fom-website/drivers/L/LANSTR01_Lance_Stroll/lanstr01.png.transform/1col/image.png,19.0,R,10.0,,,,,Retired,0.0,5.0,25.5,31.6,62.3,1.3,False
2024,2,Saudi Arabian Grand Prix,Jeddah,R,2024-03-09,10,GAS,gasly,Alpine,alpine,Pierre,Gasly,https://media.formula1.com/d_driver_fallback_image.png/content/dam/fom-website/drivers/P/PIEGAS01_Pierre_Gasly/piegas01.png.transform/1col/image.png,20.0,R,18.0,,,,,Retired,0.0,1.0,25.5,31.6,62.3,1.3,False
2024,3,Australian Grand Prix,Melbourne,R,2024-03-24,55,SAI,sainz,Ferrari,ferrari,Carlos,Sainz,https://media.formula1.com/d_driver_fallback_image.png/content/dam/fom-website/drivers/C/CARSAI01_Carlos_Sainz/carsai01.png.transform/1col/image.png,1.0,1,2.0,,,,0 days 01:20:26.843000,Finished,25.0,58.0,20.6,38.4,44.5,1.0,False
2024,3,Australian Grand Prix,Melbourne,R,2024-03-24,16,LEC,leclerc,Ferrari,ferrari,Charles,Leclerc,https://media.formula1.com/d_driver_fallback_image.png/content/dam/fom-website/drivers/C/CHALEC01_Charles_Leclerc/chalec01.png.transform/1col/image.png,2.0,2,4.0,,,,0 days 00:00:02.366000,Finished,19.0,58.0,20.6,38.4,44.5,1.0,False
2024,3,Australian Grand Prix,Melbourne,R,2024-03-24,4,NOR,norris,McLaren,mclaren,Lando,Norris,https://media.formula1.com/d_driver_fallback_image.png/content/dam/fom-website/drivers/L/LANNOR01_Lando_Norris/lannor01.png.transform/1col/image.png,3.0,3,3.0,,,,0 days 00:00:05.904000,Finished,15.0,58.0,20.6,38.4,44.5,1.0,False
2024,3,Australian Grand Prix,Melbourne,R,2024-03-24,81,PIA,piastri,McLaren,mclaren,Oscar,Piastri,https://media.formula1.com/d_driver_fallback_image.png/content/dam/fom-website/drivers/O/OSCPIA01_Oscar_Piastri/oscpia01.png.transform/1col/image.png,4.0,4,5.0,,,,0 days 00:00:35.770000,Finished,12.0,58.0,20.6,38.4,44.5,1.0,False
2024,3,Australian Grand Prix,Melbourne,R,2024-03-24,11,PER,perez,Red Bull Racing,red_bull,Sergio,Perez,https://media.formula1.com/d_driver_fallback_image.png/content/dam/fom-website/drivers/S/SERPER01_Sergio_Perez/serper01.png.transform/1col/image.png,5.0,5,6.0,,,,0 days 00:00:56.309000,Finished,10.0,58.0,20.6,38.4,44.5,1.0,False
2024,3,Australian Grand Prix,Melbourne,R,2024-03-24,18,STR,stroll,Aston Martin,aston_martin,Lance,Stroll,https://media.formula1.com/d_driver_fallback_image.png/content/dam/fom-website/drivers/L/LANSTR01_Lance_Stroll/lanstr01.png.transform/1col/image.png,6.0,6,9.0,,,,0 days 00:01:33.222000,Finished,8.0,58.0,20.6,38.4,44.5,1.0,False
2024,3,Australian Grand Prix,Melbourne,R,2024-03-24,22,TSU,tsunoda,RB,rb,Yuki,Tsunoda,https://media.formula1.com/d_driver_fallback_image.png/content/dam/fom-website/drivers/Y/YUKTSU01_Yuki_Tsunoda/yuktsu01.png.transform/1col/image.png,7.0,7,8.0,,,,0 days 00:01:35.601000,Finished,6.0,58.0,20.6,38.4,44.5,1.0,False
2024,3,Australian Grand Prix,Melbourne,R,2024-03-24,14,ALO,alonso,Aston Martin,aston_martin,Fernando,Alonso,https://media.formula1.com/d_driver_fallback_image.png/content/dam/fom-website/drivers/F/FERALO01_Fernando_Alonso/feralo01.png.transform/1col/image.png,8.0,8,10.0,,,,0 days 00:01:40.992000,Finished,4.0,58.0,20.6,38.4,44.5,1.0,False
2024,3,Australian Grand Prix,Melbourne,R,2024-03-24,27,HUL,hulkenberg,Haas F1 Team,haas,Nico,Hulkenberg,https://media.formula1.com/d_driver_fallback_image.png/content/dam/fom-website/drivers/N/NICHUL01_Nico_Hulkenberg/nichul01.png.transform/1col/image.png,9.0,9,16.0,,,,0 days 00:01:44.553000,Finished,2.0,58.0,20.6,38.4,44.5,1.0,False
2024,3,Australian Grand Prix,Melbourne,R,2024-03-24,20,MAG,kevin_magnussen,Haas F1 Team,haas,Kevin,Magnussen,https://media.formula1.com/d_driver_fallback_image.png/content/dam/fom-website/drivers/K/KEVMAG01_Kevin_Magnussen/kevmag01.png.transform/1col/image.png,10.0,10,14.0,,,,0 days 00:00:04.081000,Lapped,1.0,57.0,20.6,38.4,44.5,1.0,False
2024,3,Australian Grand Prix,Melbourne,R,2024-03-24,23,ALB,albon,Williams,williams,Alexander,Albon,https://media.formula1.com/d_driver_fallback_image.png/content/dam/fom-website/drivers/A/ALEALB01_Alexander_Albon/alealb01.png.transform/1col/image.png,11.0,11,12.0,,,,0 days 00:00:05.009000,Lapped,0.0,57.0,20.6,38.4,44.5,1.0,False
2024,3,Australian Grand Prix,Melbourne,R,2024-03-24,3,RIC,ricciardo,RB,rb,Daniel,Ricciardo,https://media.formula1.com/d_driver_fallback_image.png/content/dam/fom-website/drivers/D/DANRIC01_Daniel_Ricciardo/danric01.png.transform/1col/image.png,12.0,12,18.0,,,,0 days 00:00:11.508000,Lapped,0.0,57.0,20.6,38.4,44.5,1.0,False
2024,3,Australian Grand Prix,Melbourne,R,2024-03-24,10,GAS,gasly,Alpine,alpine,Pierre,Gasly,https://media.formula1.com/d_driver_fallback_image.png/content/dam/fom-website/drivers/P/PIEGAS01_Pierre_Gasly/piegas01.png.transform/1col/image.png,13.0,13,17.0,,,,0 days 00:00:40.953000,Lapped,0.0,57.0,20.6,38.4,44.5,1.0,False
2024,3,Australian Grand Prix,Melbourne,R,2024-03-24,77,BOT,bottas,Kick Sauber,sauber,Valtteri,Bottas,https://media.formula1.com/d_driver_fallback_image.png/content/dam/fom-website/drivers/V/VALBOT01_Valtteri_Bottas/valbot01.png.transform/1col/image.png,14.0,14,13.0,,,,0 days 00:00:42.326000,Lapped,0.0,57.0,20.6,38.4,44.5,1.0,False
2024,3,Australian Grand Prix,Melbourne,R,2024-03-24,24,ZHO,zhou,Kick Sauber,sauber,Guanyu,Zhou,https://media.formula1.com/d_driver_fallback_image.png/content/dam/fom-website/drivers/G/GUAZHO01_Guanyu_Zhou/guazho01.png.transform/1col/image.png,15.0,15,19.0,,,,0 days 00:00:44.293000,Lapped,0.0,57.0,20.6,38.4,44.5,1.0,False
2024,3,Australian Grand Prix,Melbourne,R,2024-03-24,31,OCO,ocon,Alpine,alpine,Esteban,Ocon,https://media.formula1.com/d_driver_fallback_image.png/content/dam/fom-website/drivers/E/ESTOCO01_Esteban_Ocon/estoco01.png.transform/1col/image.png,16.0,16,15.0,,,,0 days 00:00:53.979000,Lapped,0.0,57.0,20.6,38.4,44.5,1.0,False
2024,3,Australian Grand Prix,Melbourne,R,2024-03-24,63,RUS,russell,Mercedes,mercedes,George,Russell,https://media.formula1.com/d_driver_fallback_image.png/content/dam/fom-website/drivers/G/GEORUS01_George_Russell/georus01.png.transform/1col/image.png,17.0,17,7.0,,,,,Retired,0.0,56.0,20.6,38.4,44.5,1.0,False
2024,3,Australian Grand Prix,Melbourne,R,2024-03-24,44,HAM,hamilton,Mercedes,mercedes,Lewis,Hamilton,https://media.formula1.com/d_driver_fallback_image.png/content/dam/fom-website/drivers/L/LEWHAM01_Lewis_Hamilton/lewham01.png.transform/1col/image.png,18.0,R,11.0,,,,,Retired,0.0,15.0,20.6,38.4,44.5,1.0,False
2024,3,Australian Grand Prix,Melbourne,R,2024-03-24,1,VER,max_verstappen,Red Bull Racing,red_bull,Max,Verstappen,https://media.formula1.com/d_driver_fallback_image.png/content/dam/fom-website/drivers/M/MAXVER01_Max_Verstappen/maxver01.png.transform/1col/image.png,19.0,R,1.0,,,,,Retired,0.0,3.0,20.6,38.4,44.5,1.0,False
2024,4,Japanese Grand Prix,Suzuka,R,2024-04-07,1,VER,max_verstappen,Red Bull Racing,red_bull,Max,Verstappen,https://media.formula1.com/d_driver_fallback_image.png/content/dam/fom-website/drivers/M/MAXVER01_Max_Verstappen/maxver01.png.transform/1col/image.png,1.0,1,1.0,,,,0 days 01:54:23.566000,Finished,26.0,53.0,21.7,37.5,43.4,2.2,False
2024,4,Japanese Grand Prix,Suzuka,R,2024-04-07,11,PER,perez,Red Bull Racing,red_bull,Sergio,Perez,https://media.formula1.com/d_driver_fallback_image.png/content/dam/fom-website/drivers/S/SERPER01_Sergio_Perez/serper01.png.transform/1col/image.png,2.0,2,2.0,,,,0 days 00:00:12.535000,Finished,18.0,53.0,21.7,37.5,43.4,2.2,False
2024,4,Japanese Grand Prix,Suzuka,R,2024-04-07,55,SAI,sainz,Ferrari,ferrari,Carlos,Sainz,https://media.formula1.com/d_driver_fallback_image.png/content/dam/fom-website/drivers/C/CARSAI01_Carlos_Sainz/carsai01.png.transform/1col/image.png,3.0,3,4.0,,,,0 days 00:00:20.866000,Finished,15.0,53.0,21.7,37.5,43.4,2.2,False
2024,4,Japanese Grand Prix,Suzuka,R,2024-04-07,16,LEC,leclerc,Ferrari,ferrari,Charles,Leclerc,https://media.formula1.com/d_driver_fallback_image.png/content/dam/fom-website/drivers/C/CHALEC01_Charles_Leclerc/chalec01.png.transform/1col/image.png,4.0,4,8.0,,,,0 days 00:00:26.522000,Finished,12.0,53.0,21.7,37.5,43.4,2.2,False
2024,4,Japanese Grand Prix,Suzuka,R,2024-04-07,4,NOR,norris,McLaren,mclaren,Lando,Norris,https://media.formula1.com/d_driver_fallback_image.png/content/dam/fom-website/drivers/L/LANNOR01_Lando_Norris/lannor01.png.transform/1col/image.png,5.0,5,3.0,,,,0 days 00:00:29.700000,Finished,10.0,53.0,21.7,37.5,43.4,2.2,False
2024,4,Japanese Grand Prix,Suzuka,R,2024-04-07,14,ALO,alonso,Aston Martin,aston_martin,Fernando,Alonso,https://media.formula1.com/d_driver_fallback_image.png/content/dam/fom-website/drivers/F/FERALO01_Fernando_Alonso/feralo01.png.transform/1col/image.png,6.0,6,5.0,,,,0 days 00:00:44.272000,Finished,8.0,53.0,21.7,37.5,43.4,2.2,False
2024,4,Japanese Grand Prix,Suzuka,R,2024-04-07,63,RUS,russell,Mercedes,mercedes,George,Russell,https://media.formula1.com/d_driver_fallback_image.png/content/dam/fom-website/drivers/G/GEORUS01_George_Russell/georus01.png.transform/1col/image.png,7.0,7,9.0,,,,0 days 00:00:45.951000,Finished,6.0,53.0,21.7,37.5,43.4,2.2,False
2024,4,Japanese Grand Prix,Suzuka,R,2024-04-07,81,PIA,piastri,McLaren,mclaren,Oscar,Piastri,https://media.formula1.com/d_driver_fallback_image.png/content/dam/fom-website/drivers/O/OSCPIA01_Oscar_Piastri/oscpia01.png.transform/1col/image.png,8.0,8,6.0,,,,0 days 00:00:47.525000,Finished,4.0,53.0,21.7,37.5,43.4,2.2,False
2024,4,Japanese Grand Prix,Suzuka,R,2024-04-07,44,HAM,hamilton,Mercedes,mercedes,Lewis,Hamilton,https://media.formula1.com/d_driver_fallback_image.png/content/dam/fom-website/drivers/L/LEWHAM01_Lewis_Hamilton/lewham01.png.transform/1col/image.png,9.0,9,7.0,,,,0 days 00:00:48.626000,Finished,2.0,53.0,21.7,37.5,43.4,2.2,False
2024,4,Japanese Grand Prix,Suzuka,R,2024-04-07,22,TSU,tsunoda,RB,rb,Yuki,Tsunoda,https://media.formula1.com/d_driver_fallback_image.png/content/dam/fom-website/drivers/Y/YUKTSU01_Yuki_Tsunoda/yuktsu01.png.transform/1col/image.png,10.0,10,10.0,,,,0 days 00:00:01.602000,Lapped,1.0,52.0,21.7,37.5,43.4,2.2,False
2024,4,Japanese Grand Prix,Suzuka,R,2024-04-07,27,HUL,hulkenberg,Haas F1 Team,haas,Nico,Hulkenberg,https://media.formula1.com/d_driver_fallback_image.png/content/dam/fom-website/drivers/N/NICHUL01_Nico_Hulkenberg/nichul01.png.transform/1col/image.png,11.0,11,12.0,,,,0 days 00:00:07.168000,Lapped,0.0,52.0,21.7,37.5,43.4,2.2,False
2024,4,Japanese Grand Prix,Suzuka,R,2024-04-07,18,STR,stroll,Aston Martin,aston_martin,Lance,Stroll,https://media.formula1.com/d_driver_fallback_image.png/content/dam/fom-website/drivers/L/LANSTR01_Lance_Stroll/lanstr01.png.transform/1col/image.png,12.0,12,16.0,,,,0 days 00:00:11.233000,Lapped,0.0,52.0,21.7,37.5,43.4,2.2,False
2024,4,Japanese Grand Prix,Suzuka,R,2024-04-07,20,MAG,kevin_magnussen,Haas F1 Team,haas,Kevin,Magnussen,https://media.formula1.com/d_driver_fallback_image.png/content/dam/fom-website/drivers/K/KEVMAG01_Kevin_Magnussen/kevmag01.png.transform/1col/image.png,13.0,13,18.0,,,,0 days 00:00:17.919000,Lapped,0.0,52.0,21.7,37.5,43.4,2.2,False
2024,4,Japanese Grand Prix,Suzuka,R,2024-04-07,77,BOT,bottas,Kick Sauber,sauber,Valtteri,Bottas,https://media.formula1.com/d_driver_fallback_image.png/content/dam/fom-website/drivers/V/VALBOT01_Valtteri_Bottas/valbot01.png.transform/1col/image.png,14.0,14,13.0,,,,0 days 00:00:18.893000,Lapped,0.0,52.0,21.7,37.5,43.4,2.2,False
2024,4,Japanese Grand Prix,Suzuka,R,2024-04-07,31,OCO,ocon,Alpine,alpine,Esteban,Ocon,https://media.formula1.com/d_driver_fallback_image.png/content/dam/fom-website/drivers/E/ESTOCO01_Esteban_Ocon/estoco01.png.transform/1col/image.png,15.0,15,15.0,,,,0 days 00:00:41.152000,Lapped,0.0,52.0,21.7,37.5,43.4,2.2,False
2024,4,Japanese Grand Prix,Suzuka,R,2024-04-07,10,GAS,gasly,Alpine,alpine,Pierre,Gasly,https://media.formula1.com/d_driver_fallback_image.png/content/dam/fom-website/drivers/P/PIEGAS01_Pierre_Gasly/piegas01.png.transform/1col/image.png,16.0,16,17.0,,,,0 days 00:00:55.066000,Lapped,0.0,52.0,21.7,37.5,43.4,2.2,False
2024,4,Japanese Grand Prix,Suzuka,R,2024-04-07,2,SAR,sargeant,Williams,williams,Logan,Sargeant,https://media.formula1.com/d_driver_fallback_image.png/content/dam/fom-website/drivers/L/LOGSAR01_Logan_Sargeant/logsar01.png.transform/1col/image.png,17.0,17,19.0,,,,0 days 00:01:12.765000,Lapped,0.0,52.0,21.7,37.5,43.4,2.2,False
2024,4,Japanese Grand Prix,Suzuka,R,2024-04-07,24,ZHO,zhou,Kick Sauber,sauber,Guanyu,Zhou,https://media.formula1.com/d_driver_fallback_image.png/content/dam/fom-website/drivers/G/GUAZHO01_Guanyu_Zhou/guazho01.png.transform/1col/image.png,18.0,R,20.0,,,,,Retired,0.0,12.0,21.7,37.5,43.4,2.2,False
2024,4,Japanese Grand Prix,Suzuka,R,2024-04-07,3,RIC,ricciardo,RB,rb,Daniel,Ricciardo,https://media.formula1.com/d_driver_fallback_image.png/content/dam/fom-website/drivers/D/DANRIC01_Daniel_Ricciardo/danric01.png.transform/1col/image.png,19.0,R,11.0,,,,,Retired,0.0,0.0,21.7,37.5,43.4,2.2,False
2024,4,Japanese Grand Prix,Suzuka,R,2024-04-07,23,ALB,albon,Williams,williams,Alexander,Albon,https://media.formula1.com/d_driver_fallback_image.png/content/dam/fom-website/drivers/A/ALEALB01_Alexander_Albon/alealb01.png.transform/1col/image.png,20.0,R,14.0,,,,,Retired,0.0,0.0,21.7,37.5,43.4,2.2,False
2024,5,Chinese Grand Prix,Shanghai,R,2024-04-21,1,VER,max_verstappen,Red Bull Racing,red_bull,Max,Verstappen,https://media.formula1.com/d_driver_fallback_image.png/content/dam/fom-website/drivers/M/MAXVER01_Max_Verstappen/maxver01.png.transform/1col/image.png,1.0,1,1.0,,,,0 days 01:40:52.554000,Finished,25.0,56.0,18.6,29.8,66.1,1.7,False
2024,5,Chinese Grand Prix,Shanghai,R,2024-04-21,4,NOR,norris,McLaren,mclaren,Lando,Norris,https://media.formula1.com/d_driver_fallback_image.png/content/dam/fom-website/drivers/L/LANNOR01_Lando_Norris/lannor01.png.transform/1col/image.png,2.0,2,4.0,,,,0 days 00:00:13.773000,Finished,18.0,56.0,18.6,29.8,66.1,1.7,False
2024,5,Chinese Grand Prix,Shanghai,R,2024-04-21,11,PER,perez,Red Bull Racing,red_bull,Sergio,Perez,https://media.formula1.com/d_driver_fallback_image.png/content/dam/fom-website/drivers/S/SERPER01_Sergio_Perez/serper01.png.transform/1col/image.png,3.0,3,2.0,,,,0 days 00:00:19.160000,Finished,15.0,56.0,18.6,29.8,66.1,1.7,False
2024,5,Chinese Grand Prix,Shanghai,R,2024-04-21,16,LEC,leclerc,Ferrari,ferrari,Charles,Leclerc,https://media.formula1.com/d_driver_fallback_image.png/content/dam/fom-website/drivers/C/CHALEC01_Charles_Leclerc/chalec01.png.transform/1col/image.png,4.0,4,6.0,,,,0 days 00:00:23.623000,Finished,12.0,56.0,18.6,29.8,66.1,1.7,False
2024,5,Chinese Grand Prix,Shanghai,R,2024-04-21,55,SAI,sainz,Ferrari,ferrari,Carlos,Sainz,https://media.formula1.com/d_driver_fallback_image.png/content/dam/fom-website/drivers/C/CARSAI01_Carlos_Sainz/carsai01.png.transform/1col/image.png,5.0,5,7.0,,,,0 days 00:00:33.983000,Finished,10.0,56.0,18.6,29.8,66.1,1.7,False
2024,5,Chinese Grand Prix,Shanghai,R,2024-04-21,63,RUS,russell,Mercedes,mercedes,George,Russell,https://media.formula1.com/d_driver_fallback_image.png/content/dam/fom-website/drivers/G/GEORUS01_George_Russell/georus01.png.transform/1col/image.png,6.0,6,8.0,,,,0 days 00:00:38.724000,Finished,8.0,56.0,18.6,29.8,66.1,1.7,False
2024,5,Chinese Grand Prix,Shanghai,R,2024-04-21,14,ALO,alonso,Aston Martin,aston_martin,Fernando,Alonso,https://media.formula1.com/d_driver_fallback_image.png/content/dam/fom-website/drivers/F/FERALO01_Fernando_Alonso/feralo01.png.transform/1col/image.png,7.0,7,3.0,,,,0 days 00:00:43.414000,Finished,7.0,56.0,18.6,29.8,66.1,1.7,False
2024,5,Chinese Grand Prix,Shanghai,R,2024-04-21,81,PIA,piastri,McLaren,mclaren,Oscar,Piastri,https://media.formula1.com/d_driver_fallback_image.png/content/dam/fom-website/drivers/O/OSCPIA01_Oscar_Piastri/oscpia01.png.transform/1col/image.png,8.0,8,5.0,,,,0 days 00:00:56.198000,Finished,4.0,56.0,18.6,29.8,66.1,1.7,False
2024,5,Chinese Grand Prix,Shanghai,R,2024-04-21,44,HAM,hamilton,Mercedes,mercedes,Lewis,Hamilton,https://media.formula1.com/d_driver_fallback_image.png/content/dam/fom-website/drivers/L/LEWHAM01_Lewis_Hamilton/lewham01.png.transform/1col/image.png,9.0,9,18.0,,,,0 days 00:00:57.986000,Finished,2.0,56.0,18.6,29.8,66.1,1.7,False
2024,5,Chinese Grand Prix,Shanghai,R,2024-04-21,27,HUL,hulkenberg,Haas F1 Team,haas,Nico,Hulkenberg,https://media.formula1.com/d_driver_fallback_image.png/content/dam/fom-website/drivers/N/NICHUL01_Nico_Hulkenberg/nichul01.png.transform/1col/image.png,10.0,10,9.0,,,,0 days 00:01:00.476000,Finished,1.0,56.0,18.6,29.8,66.1,1.7,False
2024,5,Chinese Grand Prix,Shanghai,R,2024-04-21,31,OCO,ocon,Alpine,alpine,Esteban,Ocon,https://media.formula1.com/d_driver_fallback_image.png/content/dam/fom-website/drivers/E/ESTOCO01_Esteban_Ocon/estoco01.png.transform/1col/image.png,11.0,11,13.0,,,,0 days 00:01:02.812000,Finished,0.0,56.0,18.6,29.8,66.1,1.7,False
2024,5,Chinese Grand Prix,Shanghai,R,2024-04-21,23,ALB,albon,Williams,williams,Alexander,Albon,https://media.formula1.com/d_driver_fallback_image.png/content/dam/fom-website/drivers/A/ALEALB01_Alexander_Albon/alealb01.png.transform/1col/image.png,12.0,12,14.0,,,,0 days 00:01:05.506000,Finished,0.0,56.0,18.6,29.8,66.1,1.7,False
2024,5,Chinese Grand Prix,Shanghai,R,2024-04-21,10,GAS,gasly,Alpine,alpine,Pierre,Gasly,https://media.formula1.com/d_driver_fallback_image.png/content/dam/fom-website/drivers/P/PIEGAS01_Pierre_Gasly/piegas01.png.transform/1col/image.png,13.0,13,15.0,,,,0 days 00:01:09.223000,Finished,0.0,56.0,18.6,29.8,66.1,1.7,False
2024,5,Chinese Grand Prix,Shanghai,R,2024-04-21,24,ZHO,zhou,Kick Sauber,sauber,Guanyu,Zhou,https://media.formula1.com/d_driver_fallback_image.png/content/dam/fom-website/drivers/G/GUAZHO01_Guanyu_Zhou/guazho01.png.transform/1col/image.png,14.0,14,16.0,,,,0 days 00:01:11.689000,Finished,0.0,56.0,18.6,29.8,66.1,1.7,False
2024,5,Chinese Grand Prix,Shanghai,R,2024-04-21,18,STR,stroll,Aston Martin,aston_martin,Lance,Stroll,https://media.formula1.com/d_driver_fallback_image.png/content/dam/fom-website/drivers/L/LANSTR01_Lance_Stroll/lanstr01.png.transform/1col/image.png,15.0,15,11.0,,,,0 days 00:01:22.786000,Finished,0.0,56.0,18.6,29.8,66.1,1.7,False
2024,5,Chinese Grand Prix,Shanghai,R,2024-04-21,20,MAG,kevin_magnussen,Haas F1 Team,haas,Kevin,Magnussen,https://media.formula1.com/d_driver_fallback_image.png/content/dam/fom-website/drivers/K/KEVMAG01_Kevin_Magnussen/kevmag01.png.transform/1col/image.png,16.0,16,17.0,,,,0 days 00:01:27.533000,Finished,0.0,56.0,18.6,29.8,66.1,1.7,False
2024,5,Chinese Grand Prix,Shanghai,R,2024-04-21,2,SAR,sargeant,Williams,williams,Logan,Sargeant,https://media.formula1.com/d_driver_fallback_image.png/content/dam/fom-website/drivers/L/LOGSAR01_Logan_Sargeant/logsar01.png.transform/1col/image.png,17.0,17,20.0,,,,0 days 00:01:35.110000,Finished,0.0,56.0,18.6,29.8,66.1,1.7,False
2024,5,Chinese Grand Prix,Shanghai,R,2024-04-21,3,RIC,ricciardo,RB,rb,Daniel,Ricciardo,https://media.formula1.com/d_driver_fallback_image.png/content/dam/fom-website/drivers/D/DANRIC01_Daniel_Ricciardo/danric01.png.transform/1col/image.png,18.0,R,12.0,,,,,Retired,0.0,33.0,18.6,29.8,66.1,1.7,False
2024,5,Chinese Grand Prix,Shanghai,R,2024-04-21,22,TSU,tsunoda,RB,rb,Yuki,Tsunoda,https://media.formula1.com/d_driver_fallback_image.png/content/dam/fom-website/drivers/Y/YUKTSU01_Yuki_Tsunoda/yuktsu01.png.transform/1col/image.png,19.0,R,19.0,,,,,Retired,0.0,26.0,18.6,29.8,66.1,1.7,False
2024,5,Chinese Grand Prix,Shanghai,R,2024-04-21,77,BOT,bottas,Kick Sauber,sauber,Valtteri,Bottas,https://media.formula1.com/d_driver_fallback_image.png/content/dam/fom-website/drivers/V/VALBOT01_Valtteri_Bottas/valbot01.png.transform/1col/image.png,20.0,R,10.0,,,,,Retired,0.0,19.0,18.6,29.8,66.1,1.7,False
2024,6,Miami Grand Prix,Miami,R,2024-05-05,4,NOR,norris,McLaren,mclaren,Lando,Norris,https://media.formula1.com/d_driver_fallback_image.png/content/dam/fom-website/drivers/L/LANNOR01_Lando_Norris/lannor01.png.transform/1col/image.png,1.0,1,5.0,,,,0 days 01:30:49.876000,Finished,25.0,57.0,28.5,44.7,59.0,3.1,False
2024,6,Miami Grand Prix,Miami,R,2024-05-05,1,VER,max_verstappen,Red Bull Racing,red_bull,Max,Verstappen,https://media.formula1.com/d_driver_fallback_image.png/content/dam/fom-website/drivers/M/MAXVER01_Max_Verstappen/maxver01.png.transform/1col/image.png,2.0,2,1.0,,,,0 days 00:00:07.612000,Finished,18.0,57.0,28.5,44.7,59.0,3.1,False
2024,6,Miami Grand Prix,Miami,R,2024-05-05,16,LEC,leclerc,Ferrari,ferrari,Charles,Leclerc,https://media.formula1.com/d_driver_fallback_image.png/content/dam/fom-website/drivers/C/CHALEC01_Charles_Leclerc/chalec01.png.transform/1col/image.png,3.0,3,2.0,,,,0 days 00:00:09.920000,Finished,15.0,57.0,28.5,44.7,59.0,3.1,False
2024,6,Miami Grand Prix,Miami,R,2024-05-05,11,PER,perez,Red Bull Racing,red_bull,Sergio,Perez,https://media.formula1.com/d_driver_fallback_image.png/content/dam/fom-website/drivers/S/SERPER01_Sergio_Perez/serper01.png.transform/1col/image.png,4.0,4,4.0,,,,0 days 00:00:14.650000,Finished,12.0,57.0,28.5,44.7,59.0,3.1,False
2024,6,Miami Grand Prix,Miami,R,2024-05-05,55,SAI,sainz,Ferrari,ferrari,Carlos,Sainz,https://media.formula1.com/d_driver_fallback_image.png/content/dam/fom-website/drivers/C/CARSAI01_Carlos_Sainz/carsai01.png.transform/1col/image.png,5.0,5,3.0,,,,0 days 00:00:16.407000,Finished,10.0,57.0,28.5,44.7,59.0,3.1,False
2024,6,Miami Grand Prix,Miami,R,2024-05-05,44,HAM,hamilton,Mercedes,mercedes,Lewis,Hamilton,https://media.formula1.com/d_driver_fallback_image.png/content/dam/fom-website/drivers/L/LEWHAM01_Lewis_Hamilton/lewham01.png.transform/1col/image.png,6.0,6,8.0,,,,0 days 00:00:16.585000,Finished,8.0,57.0,28.5,44.7,59.0,3.1,False
2024,6,Miami Grand Prix,Miami,R,2024-05-05,22,TSU,tsunoda,RB,rb,Yuki,Tsunoda,https://media.formula1.com/d_driver_fallback_image.png/content/dam/fom-website/drivers/Y/YUKTSU01_Yuki_Tsunoda/yuktsu01.png.transform/1col/image.png,7.0,7,10.0,,,,0 days 00:00:26.185000,Finished,6.0,57.0,28.5,44.7,59.0,3.1,False
2024,6,Miami Grand Prix,Miami,R,2024-05-05,63,RUS,russell,Mercedes,mercedes,George,Russell,https://media.formula1.com/d_driver_fallback_image.png/content/dam/fom-website/drivers/G/GEORUS01_George_Russell/georus01.png.transform/1col/image.png,8.0,8,7.0,,,,0 days 00:00:34.789000,Finished,4.0,57.0,28.5,44.7,59.0,3.1,False
2024,6,Miami Grand Prix,Miami,R,2024-05-05,14,ALO,alonso,Aston Martin,aston_martin,Fernando,Alonso,https://media.formula1.com/d_driver_fallback_image.png/content/dam/fom-website/drivers/F/FERALO01_Fernando_Alonso/feralo01.png.transform/1col/image.png,9.0,9,15.0,,,,0 days 00:00:37.107000,Finished,2.0,57.0,28.5,44.7,59.0,3.1,False
2024,6,Miami Grand Prix,Miami,R,2024-05-05,31,OCO,ocon,Alpine,alpine,Esteban,Ocon,https://media.formula1.com/d_driver_fallback_image.png/content/dam/fom-website/drivers/E/ESTOCO01_Esteban_Ocon/estoco01.png.transform/1col/image.png,10.0,10,13.0,,,,0 days 00:00:39.746000,Finished,1.0,57.0,28.5,44.7,59.0,3.1,False
2024,6,Miami Grand Prix,Miami,R,2024-05-05,27,HUL,hulkenberg,Haas F1 Team,haas,Nico,Hulkenberg,https://media.formula1.com/d_driver_fallback_image.png/content/dam/fom-website/drivers/N/NICHUL01_Nico_Hulkenberg/nichul01.png.transform/1col/image.png,11.0,11,9.0,,,,0 days 00:00:40.789000,Finished,0.0,57.0,28.5,44.7,59.0,3.1,False
2024,6,Miami Grand Prix,Miami,R,2024-05-05,10,GAS,gasly,Alpine,alpine,Pierre,Gasly,https://media.formula1.com/d_driver_fallback_image.png/content/dam/fom-website/drivers/P/PIEGAS01_Pierre_Gasly/piegas01.png.transform/1col/image.png,12.0,12,12.0,,,,0 days 00:00:44.958000,Finished,0.0,57.0,28.5,44.7,59.0,3.1,False
2024,6,Miami Grand Prix,Miami,R,2024-05-05,81,PIA,piastri,McLaren,mclaren,Oscar,Piastri,https://media.formula1.com/d_driver_fallback_image.png/content/dam/fom-website/drivers/O/OSCPIA01_Oscar_Piastri/oscpia01.png.transform/1col/image.png,13.0,13,6.0,,,,0 days 00:00:49.756000,Finished,0.0,57.0,28.5,44.7,59.0,3.1,False
2024,6,Miami Grand Prix,Miami,R,2024-05-05,24,ZHO,zhou,Kick Sauber,sauber,Guanyu,Zhou,https://media.formula1.com/d_driver_fallback_image.png/content/dam/fom-website/drivers/G/GUAZHO01_Guanyu_Zhou/guazho01.png.transform/1col/image.png,14.0,14,19.0,,,,0 days 00:00:49.979000,Finished,0.0,57.0,28.5,44.7,59.0,3.1,False
2024,6,Miami Grand Prix,Miami,R,2024-05-05,3,RIC,ricciardo,RB,rb,Daniel,Ricciardo,https://media.formula1.com/d_driver_fallback_image.png/content/dam/fom-website/drivers/D/DANRIC01_Daniel_Ricciardo/danric01.png.transform/1col/image.png,15.0,15,20.0,,,,0 days 00:00:50.956000,Finished,0.0,57.0,28.5,44.7,59.0,3.1,False
2024,6,Miami Grand Prix,Miami,R,2024-05-05,77,BOT,bottas,Kick Sauber,sauber,Valtteri,Bottas,https://media.formula1.com/d_driver_fallback_image.png/content/dam/fom-website/drivers/V/VALBOT01_Valtteri_Bottas/valbot01.png.transform/1col/image.png,16.0,16,16.0,,,,0 days 00:00:52.356000,Finished,0.0,57.0,28.5,44.7,59.0,3.1,False
2024,6,Miami Grand Prix,Miami,R,2024-05-05,18,STR,stroll,Aston Martin,aston_martin,Lance,Stroll,https://media.formula1.com/d_driver_fallback_image.png/content/dam/fom-website/drivers/L/LANSTR01_Lance_Stroll/lanstr01.png.transform/1col/image.png,17.0,17,11.0,,,,0 days 00:00:55.173000,Finished,0.0,57.0,28.5,44.7,59.0,3.1,False
2024,6,Miami Grand Prix,Miami,R,2024-05-05,23,ALB,albon,Williams,williams,Alexander,Albon,https://media.formula1.com/d_driver_fallback_image.png/content/dam/fom-website/drivers/A/ALEALB01_Alexander_Albon/alealb01.png.transform/1col/image.png,18.0,18,14.0,,,,0 days 00:01:16.091000,Finished,0.0,57.0,28.5,44.7,59.0,3.1,False
2024,6,Miami Grand Prix,Miami,R,2024-05-05,20,MAG,kevin_magnussen,Haas F1 Team,haas,Kevin,Magnussen,https://media.formula1.com/d_driver_fallback_image.png/content/dam/fom-website/drivers/K/KEVMAG01_Kevin_Magnussen/kevmag01.png.transform/1col/image.png,19.0,19,18.0,,,,0 days 00:01:24.683000,Finished,0.0,57.0,28.5,44.7,59.0,3.1,False
2024,6,Miami Grand Prix,Miami,R,2024-05-05,2,SAR,sargeant,Williams,williams,Logan,Sargeant,https://media.formula1.com/d_driver_fallback_image.png/content/dam/fom-website/drivers/L/LOGSAR01_Logan_Sargeant/logsar01.png.transform/1col/image.png,20.0,R,17.0,,,,,Retired,0.0,27.0,28.5,44.7,59.0,3.1,False
2024,7,Emilia Romagna Grand Prix,Imola,R,2024-05-19,1,VER,max_verstappen,Red Bull Racing,red_bull,Max,Verstappen,https://media.formula1.com/d_driver_fallback_image.png/content/dam/fom-website/drivers/M/MAXVER01_Max_Verstappen/maxver01.png.transform/1col/image.png,1.0,1,1.0,,,,0 days 01:25:25.252000,Finished,25.0,63.0,25.1,42.0,48.4,2.1,False
2024,7,Emilia Romagna Grand Prix,Imola,R,2024-05-19,4,NOR,norris,McLaren,mclaren,Lando,Norris,https://media.formula1.com/d_driver_fallback_image.png/content/dam/fom-website/drivers/L/LANNOR01_Lando_Norris/lannor01.png.transform/1col/image.png,2.0,2,2.0,,,,0 days 00:00:00.725000,Finished,18.0,63.0,25.1,42.0,48.4,2.1,False
2024,7,Emilia Romagna Grand Prix,Imola,R,2024-05-19,16,LEC,leclerc,Ferrari,ferrari,Charles,Leclerc,https://media.formula1.com/d_driver_fallback_image.png/content/dam/fom-website/drivers/C/CHALEC01_Charles_Leclerc/chalec01.png.transform/1col/image.png,3.0,3,3.0,,,,0 days 00:00:07.916000,Finished,15.0,63.0,25.1,42.0,48.4,2.1,False
2024,7,Emilia Romagna Grand Prix,Imola,R,2024-05-19,81,PIA,piastri,McLaren,mclaren,Oscar,Piastri,https://media.formula1.com/d_driver_fallback_image.png/content/dam/fom-website/drivers/O/OSCPIA01_Oscar_Piastri/oscpia01.png.transform/1col/image.png,4.0,4,5.0,,,,0 days 00:00:14.132000,Finished,12.0,63.0,25.1,42.0,48.4,2.1,False
2024,7,Emilia Romagna Grand Prix,Imola,R,2024-05-19,55,SAI,sainz,Ferrari,ferrari,Carlos,Sainz,https://media.formula1.com/d_driver_fallback_image.png/content/dam/fom-website/drivers/C/CARSAI01_Carlos_Sainz/carsai01.png.transform/1col/image.png,5.0,5,4.0,,,,0 days 00:00:22.325000,Finished,10.0,63.0,25.1,42.0,48.4,2.1,False
2024,7,Emilia Romagna Grand Prix,Imola,R,2024-05-19,44,HAM,hamilton,Mercedes,mercedes,Lewis,Hamilton,https://media.formula1.com/d_driver_fallback_image.png/content/dam/fom-website/drivers/L/LEWHAM01_Lewis_Hamilton/lewham01.png.transform/1col/image.png,6.0,6,8.0,,,,0 days 00:00:35.104000,Finished,8.0,63.0,25.1,42.0,48.4,2.1,False
2024,7,Emilia Romagna Grand Prix,Imola,R,2024-05-19,63,RUS,russell,Mercedes,mercedes,George,Russell,https://media.formula1.com/d_driver_fallback_image.png/content/dam/fom-website/drivers/G/GEORUS01_George_Russell/georus01.png.transform/1col/image.png,7.0,7,6.0,,,,0 days 00:00:47.154000,Finished,7.0,63.0,25.1,42.0,48.4,2.1,False
2024,7,Emilia Romagna Grand Prix,Imola,R,2024-05-19,11,PER,perez,Red Bull Racing,red_bull,Sergio,Perez,https://media.formula1.com/d_driver_fallback_image.png/content/dam/fom-website/drivers/S/SERPER01_Sergio_Perez/serper01.png.transform/1col/image.png,8.0,8,11.0,,,,0 days 00:00:54.776000,Finished,4.0,63.0,25.1,42.0,48.4,2.1,False
2024,7,Emilia Romagna Grand Prix,Imola,R,2024-05-19,18,STR,stroll,Aston Martin,aston_martin,Lance,Stroll,https://media.formula1.com/d_driver_fallback_image.png/content/dam/fom-website/drivers/L/LANSTR01_Lance_Stroll/lanstr01.png.transform/1col/image.png,9.0,9,13.0,,,,0 days 00:01:19.556000,Finished,2.0,63.0,25.1,42.0,48.4,2.1,False
2024,7,Emilia Romagna Grand Prix,Imola,R,2024-05-19,22,TSU,tsunoda,RB,rb,Yuki,Tsunoda,https://media.formula1.com/d_driver_fallback_image.png/content/dam/fom-website/drivers/Y/YUKTSU01_Yuki_Tsunoda/yuktsu01.png.transform/1col/image.png,10.0,10,7.0,,,,0 days 00:00:17.856000,Lapped,1.0,62.0,25.1,42.0,48.4,2.1,False
2024,7,Emilia Romagna Grand Prix,Imola,R,2024-05-19,27,HUL,hulkenberg,Haas F1 Team,haas,Nico,Hulkenberg,https://media.formula1.com/d_driver_fallback_image.png/content/dam/fom-website/drivers/N/NICHUL01_Nico_Hulkenberg/nichul01.png.transform/1col/image.png,11.0,11,10.0,,,,0 days 00:00:25.277000,Lapped,0.0,62.0,25.1,42.0,48.4,2.1,False
2024,7,Emilia Romagna Grand Prix,Imola,R,2024-05-19,20,MAG,kevin_magnussen,Haas F1 Team,haas,Kevin,Magnussen,https://media.formula1.com/d_driver_fallback_image.png/content/dam/fom-website/drivers/K/KEVMAG01_Kevin_Magnussen/kevmag01.png.transform/1col/image.png,12.0,12,18.0,,,,0 days 00:00:26.434000,Lapped,0.0,62.0,25.1,42.0,48.4,2.1,False
2024,7,Emilia Romagna Grand Prix,Imola,R,2024-05-19,3,RIC,ricciardo,RB,rb,Daniel,Ricciardo,https://media.formula1.com/d_driver_fallback_image.png/content/dam/fom-website/drivers/D/DANRIC01_Daniel_Ricciardo/danric01.png.transform/1col/image.png,13.0,13,9.0,,,,0 days 00:00:27.661000,Lapped,0.0,62.0,25.1,42.0,48.4,2.1,False
2024,7,Emilia Romagna Grand Prix,Imola,R,2024-05-19,31,OCO,ocon,Alpine,alpine,Esteban,Ocon,https://media.formula1.com/d_driver_fallback_image.png/content/dam/fom-website/drivers/E/ESTOCO01_Esteban_Ocon/estoco01.png.transform/1col/image.png,14.0,14,12.0,,,,0 days 00:00:43.907000,Lapped,0.0,62.0,25.1,42.0,48.4,2.1,False
2024,7,Emilia Romagna Grand Prix,Imola,R,2024-05-19,24,ZHO,zhou,Kick Sauber,sauber,Guanyu,Zhou,https://media.formula1.com/d_driver_fallback_image.png/content/dam/fom-website/drivers/G/GUAZHO01_Guanyu_Zhou/guazho01.png.transform/1col/image.png,15.0,15,17.0,,,,0 days 00:00:44.933000,Lapped,0.0,62.0,25.1,42.0,48.4,2.1,False
2024,7,Emilia Romagna Grand Prix,Imola,R,2024-05-19,10,GAS,gasly,Alpine,alpine,Pierre,Gasly,https://media.formula1.com/d_driver_fallback_image.png/content/dam/fom-website/drivers/P/PIEGAS01_Pierre_Gasly/piegas01.png.transform/1col/image.png,16.0,16,15.0,,,,0 days 00:00:49.715000,Lapped,0.0,62.0,25.1,42.0,48.4,2.1,False
2024,7,Emilia Romagna Grand Prix,Imola,R,2024-05-19,2,SAR,sargeant,Williams,williams,Logan,Sargeant,https://media.formula1.com/d_driver_fallback_image.png/content/dam/fom-website/drivers/L/LOGSAR01_Logan_Sargeant/logsar01.png.transform/1col/image.png,17.0,17,19.0,,,,0 days 00:00:51.051000,Lapped,0.0,62.0,25.1,42.0,48.4,2.1,False
2024,7,Emilia Romagna Grand Prix,Imola,R,2024-05-19,77,BOT,bottas,Kick Sauber,sauber,Valtteri,Bottas,https://media.formula1.com/d_driver_fallback_image.png/content/dam/fom-website/drivers/V/VALBOT01_Valtteri_Bottas/valbot01.png.transform/1col/image.png,18.0,18,16.0,,,,0 days 00:00:56.343000,Lapped,0.0,62.0,25.1,42.0,48.4,2.1,False
2024,7,Emilia Romagna Grand Prix,Imola,R,2024-05-19,14,ALO,alonso,Aston Martin,aston_martin,Fernando,Alonso,https://media.formula1.com/d_driver_fallback_image.png/content/dam/fom-website/drivers/F/FERALO01_Fernando_Alonso/feralo01.png.transform/1col/image.png,19.0,19,20.0,,,,0 days 00:01:15.124000,Lapped,0.0,62.0,25.1,42.0,48.4,2.1,False
2024,7,Emilia Romagna Grand Prix,Imola,R,2024-05-19,23,ALB,albon,Williams,williams,Alexander,Albon,https://media.formula1.com/d_driver_fallback_image.png/content/dam/fom-website/drivers/A/ALEALB01_Alexander_Albon/alealb01.png.transform/1col/image.png,20.0,R,14.0,,,,,Retired,0.0,51.0,25.1,42.0,48.4,2.1,False
2024,8,Monaco Grand Prix,Monaco,R,2024-05-26,16,LEC,leclerc,Ferrari,ferrari,Charles,Leclerc,https://media.formula1.com/d_driver_fallback_image.png/content/dam/fom-website/drivers/C/CHALEC01_Charles_Leclerc/chalec01.png.transform/1col/image.png,1.0,1,1.0,,,,0 days 02:23:15.554000,Finished,25.0,78.0,21.6,46.3,64.0,1.0,False
2024,8,Monaco Grand Prix,Monaco,R,2024-05-26,81,PIA,piastri,McLaren,mclaren,Oscar,Piastri,https://media.formula1.com/d_driver_fallback_image.png/content/dam/fom-website/drivers/O/OSCPIA01_Oscar_Piastri/oscpia01.png.transform/1col/image.png,2.0,2,2.0,,,,0 days 00:00:07.152000,Finished,18.0,78.0,21.6,46.3,64.0,1.0,False
2024,8,Monaco Grand Prix,Monaco,R,2024-05-26,55,SAI,sainz,Ferrari,ferrari,Carlos,Sainz,https://media.formula1.com/d_driver_fallback_image.png/content/dam/fom-website/drivers/C/CARSAI01_Carlos_Sainz/carsai01.png.transform/1col/image.png,3.0,3,3.0,,,,0 days 00:00:07.585000,Finished,15.0,78.0,21.6,46.3,64.0,1.0,False
2024,8,Monaco Grand Prix,Monaco,R,2024-05-26,4,NOR,norris,McLaren,mclaren,Lando,Norris,https://media.formula1.com/d_driver_fallback_image.png/content/dam/fom-website/drivers/L/LANNOR01_Lando_Norris/lannor01.png.transform/1col/image.png,4.0,4,4.0,,,,0 days 00:00:08.650000,Finished,12.0,78.0,21.6,46.3,64.0,1.0,False
2024,8,Monaco Grand Prix,Monaco,R,2024-05-26,63,RUS,russell,Mercedes,mercedes,George,Russell,https://media.formula1.com/d_driver_fallback_image.png/content/dam/fom-website/drivers/G/GEORUS01_George_Russell/georus01.png.transform/1col/image.png,5.0,5,5.0,,,,0 days 00:00:13.309000,Finished,10.0,78.0,21.6,46.3,64.0,1.0,False
2024,8,Monaco Grand Prix,Monaco,R,2024-05-26,1,VER,max_verstappen,Red Bull Racing,red_bull,Max,Verstappen,https://media.formula1.com/d_driver_fallback_image.png/content/dam/fom-website/drivers/M/MAXVER01_Max_Verstappen/maxver01.png.transform/1col/image.png,6.0,6,6.0,,,,0 days 00:00:13.853000,Finished,8.0,78.0,21.6,46.3,64.0,1.0,False
2024,8,Monaco Grand Prix,Monaco,R,2024-05-26,44,HAM,hamilton,Mercedes,mercedes,Lewis,Hamilton,https://media.formula1.com/d_driver_fallback_image.png/content/dam/fom-website/drivers/L/LEWHAM01_Lewis_Hamilton/lewham01.png.transform/1col/image.png,7.0,7,7.0,,,,0 days 00:00:14.908000,Finished,7.0,78.0,21.6,46.3,64.0,1.0,False
2024,8,Monaco Grand Prix,Monaco,R,2024-05-26,22,TSU,tsunoda,RB,rb,Yuki,Tsunoda,https://media.formula1.com/d_driver_fallback_image.png/content/dam/fom-website/drivers/Y/YUKTSU01_Yuki_Tsunoda/yuktsu01.png.transform/1col/image.png,8.0,8,8.0,,,,0 days 00:00:39.487000,Lapped,4.0,77.0,21.6,46.3,64.0,1.0,False
2024,8,Monaco Grand Prix,Monaco,R,2024-05-26,23,ALB,albon,Williams,williams,Alexander,Albon,https://media.formula1.com/d_driver_fallback_image.png/content/dam/fom-website/drivers/A/ALEALB01_Alexander_Albon/alealb01.png.transform/1col/image.png,9.0,9,9.0,,,,0 days 00:00:54.052000,Lapped,2.0,77.0,21.6,46.3,64.0,1.0,False
2024,8,Monaco Grand Prix,Monaco,R,2024-05-26,10,GAS,gasly,Alpine,alpine,Pierre,Gasly,https://media.formula1.com/d_driver_fallback_image.png/content/dam/fom-website/drivers/P/PIEGAS01_Pierre_Gasly/piegas01.png.transform/1col/image.png,10.0,10,10.0,,,,0 days 00:01:00.241000,Lapped,1.0,77.0,21.6,46.3,64.0,1.0,False
2024,8,Monaco Grand Prix,Monaco,R,2024-05-26,14,ALO,alonso,Aston Martin,aston_martin,Fernando,Alonso,https://media.formula1.com/d_driver_fallback_image.png/content/dam/fom-website/drivers/F/FERALO01_Fernando_Alonso/feralo01.png.transform/1col/image.png,11.0,11,14.0,,,,0 days 00:00:03.854000,Lapped,0.0,76.0,21.6,46.3,64.0,1.0,False
2024,8,Monaco Grand Prix,Monaco,R,2024-05-26,3,RIC,ricciardo,RB,rb,Daniel,Ricciardo,https://media.formula1.com/d_driver_fallback_image.png/content/dam/fom-website/drivers/D/DANRIC01_Daniel_Ricciardo/danric01.png.transform/1col/image.png,12.0,12,12.0,,,,0 days 00:00:04.264000,Lapped,0.0,76.0,21.6,46.3,64.0,1.0,False
2024,8,Monaco Grand Prix,Monaco,R,2024-05-26,77,BOT,bottas,Kick Sauber,sauber,Valtteri,Bottas,https://media.formula1.com/d_driver_fallback_image.png/content/dam/fom-website/drivers/V/VALBOT01_Valtteri_Bottas/valbot01.png.transform/1col/image.png,13.0,13,17.0,,,,0 days 00:00:04.488000,Lapped,0.0,76.0,21.6,46.3,64.0,1.0,False
2024,8,Monaco Grand Prix,Monaco,R,2024-05-26,18,STR,stroll,Aston Martin,aston_martin,Lance,Stroll,https://media.formula1.com/d_driver_fallback_image.png/content/dam/fom-website/drivers/L/LANSTR01_Lance_Stroll/lanstr01.png.transform/1col/image.png,14.0,14,13.0,,,,0 days 00:00:05.967000,Lapped,0.0,76.0,21.6,46.3,64.0,1.0,False
2024,8,Monaco Grand Prix,Monaco,R,2024-05-26,2,SAR,sargeant,Williams,williams,Logan,Sargeant,https://media.formula1.com/d_driver_fallback_image.png/content/dam/fom-website/drivers/L/LOGSAR01_Logan_Sargeant/logsar01.png.transform/1col/image.png,15.0,15,15.0,,,,0 days 00:00:09.026000,Lapped,0.0,76.0,21.6,46.3,64.0,1.0,False
2024,8,Monaco Grand Prix,Monaco,R,2024-05-26,24,ZHO,zhou,Kick Sauber,sauber,Guanyu,Zhou,https://media.formula1.com/d_driver_fallback_image.png/content/dam/fom-website/drivers/G/GUAZHO01_Guanyu_Zhou/guazho01.png.transform/1col/image.png,16.0,16,18.0,,,,0 days 00:00:55.260000,Lapped,0.0,76.0,21.6,46.3,64.0,1.0,False
2024,8,Monaco Grand Prix,Monaco,R,2024-05-26,31,OCO,ocon,Alpine,alpine,Esteban,Ocon,https://media.formula1.com/d_driver_fallback_image.png/content/dam/fom-website/drivers/E/ESTOCO01_Esteban_Ocon/estoco01.png.transform/1col/image.png,17.0,R,11.0,,,,,Retired,0.0,0.0,21.6,46.3,64.0,1.0,False
2024,8,Monaco Grand Prix,Monaco,R,2024-05-26,11,PER,perez,Red Bull Racing,red_bull,Sergio,Perez,https://media.formula1.com/d_driver_fallback_image.png/content/dam/fom-website/drivers/S/SERPER01_Sergio_Perez/serper01.png.transform/1col/image.png,18.0,R,16.0,,,,,Retired,0.0,0.0,21.6,46.3,64.0,1.0,False
2024,8,Monaco Grand Prix,Monaco,R,2024-05-26,27,HUL,hulkenberg,Haas F1 Team,haas,Nico,Hulkenberg,https://media.formula1.com/d_driver_fallback_image.png/content/dam/fom-website/drivers/N/NICHUL01_Nico_Hulkenberg/nichul01.png.transform/1col/image.png,19.0,R,19.0,,,,,Retired,0.0,0.0,21.6,46.3,64.0,1.0,False
2024,8,Monaco Grand Prix,Monaco,R,2024-05-26,20,MAG,kevin_magnussen,Haas F1 Team,haas,Kevin,Magnussen,https://media.formula1.com/d_driver_fallback_image.png/content/dam/fom-website/drivers/K/KEVMAG01_Kevin_Magnussen/kevmag01.png.transform/1col/image.png,20.0,R,20.0,,,,,Retired,0.0,0.0,21.6,46.3,64.0,1.0,False
2024,9,Canadian Grand Prix,Montréal,R,2024-06-09,1,VER,max_verstappen,Red Bull Racing,red_bull,Max,Verstappen,https://media.formula1.com/d_driver_fallback_image.png/content/dam/fom-website/drivers/M/MAXVER01_Max_Verstappen/maxver01.png.transform/1col/image.png,1.0,1,2.0,,,,0 days 01:45:47.927000,Finished,25.0,70.0,17.8,24.6,73.4,1.2,True
2024,9,Canadian Grand Prix,Montréal,R,2024-06-09,4,NOR,norris,McLaren,mclaren,Lando,Norris,https://media.formula1.com/d_driver_fallback_image.png/content/dam/fom-website/drivers/L/LANNOR01_Lando_Norris/lannor01.png.transform/1col/image.png,2.0,2,3.0,,,,0 days 00:00:03.879000,Finished,18.0,70.0,17.8,24.6,73.4,1.2,True
2024,9,Canadian Grand Prix,Montréal,R,2024-06-09,63,RUS,russell,Mercedes,mercedes,George,Russell,https://media.formula1.com/d_driver_fallback_image.png/content/dam/fom-website/drivers/G/GEORUS01_George_Russell/georus01.png.transform/1col/image.png,3.0,3,1.0,,,,0 days 00:00:04.317000,Finished,15.0,70.0,17.8,24.6,73.4,1.2,True
2024,9,Canadian Grand Prix,Montréal,R,2024-06-09,44,HAM,hamilton,Mercedes,mercedes,Lewis,Hamilton,https://media.formula1.com/d_driver_fallback_image.png/content/dam/fom-website/drivers/L/LEWHAM01_Lewis_Hamilton/lewham01.png.transform/1col/image.png,4.0,4,7.0,,,,0 days 00:00:04.915000,Finished,13.0,70.0,17.8,24.6,73.4,1.2,True
2024,9,Canadian Grand Prix,Montréal,R,2024-06-09,81,PIA,piastri,McLaren,mclaren,Oscar,Piastri,https://media.formula1.com/d_driver_fallback_image.png/content/dam/fom-website/drivers/O/OSCPIA01_Oscar_Piastri/oscpia01.png.transform/1col/image.png,5.0,5,4.0,,,,0 days 00:00:10.199000,Finished,10.0,70.0,17.8,24.6,73.4,1.2,True
2024,9,Canadian Grand Prix,Montréal,R,2024-06-09,14,ALO,alonso,Aston Martin,aston_martin,Fernando,Alonso,https://media.formula1.com/d_driver_fallback_image.png/content/dam/fom-website/drivers/F/FERALO01_Fernando_Alonso/feralo01.png.transform/1col/image.png,6.0,6,6.0,,,,0 days 00:00:17.510000,Finished,8.0,70.0,17.8,24.6,73.4,1.2,True
2024,9,Canadian Grand Prix,Montréal,R,2024-06-09,18,STR,stroll,Aston Martin,aston_martin,Lance,Stroll,https://media.formula1.com/d_driver_fallback_image.png/content/dam/fom-website/drivers/L/LANSTR01_Lance_Stroll/lanstr01.png.transform/1col/image.png,7.0,7,9.0,,,,0 days 00:00:23.625000,Finished,6.0,70.0,17.8,24.6,73.4,1.2,True
2024,9,Canadian Grand Prix,Montréal,R,2024-06-09,3,RIC,ricciardo,RB,rb,Daniel,Ricciardo,https://media.formula1.com/d_driver_fallback_image.png/content/dam/fom-website/drivers/D/DANRIC01_Daniel_Ricciardo/danric01.png.transform/1col/image.png,8.0,8,5.0,,,,0 days 00:00:28.672000,Finished,4.0,70.0,17.8,24.6,73.4,1.2,True
2024,9,Canadian Grand Prix,Montréal,R,2024-06-09,10,GAS,gasly,Alpine,alpine,Pierre,Gasly,https://media.formula1.com/d_driver_fallback_image.png/content/dam/fom-website/drivers/P/PIEGAS01_Pierre_Gasly/piegas01.png.transform/1col/image.png,9.0,9,15.0,,,,0 days 00:00:30.021000,Finished,2.0,70.0,17.8,24.6,73.4,1.2,True
2024,9,Canadian Grand Prix,Montréal,R,2024-06-09,31,OCO,ocon,Alpine,alpine,Esteban,Ocon,https://media.formula1.com/d_driver_fallback_image.png/content/dam/fom-website/drivers/E/ESTOCO01_Esteban_Ocon/estoco01.png.transform/1col/image.png,10.0,10,18.0,,,,0 days 00:00:30.313000,Finished,1.0,70.0,17.8,24.6,73.4,1.2,True
2024,9,Canadian Grand Prix,Montréal,R,2024-06-09,27,HUL,hulkenberg,Haas F1 Team,haas,Nico,Hulkenberg,https://media.formula1.com/d_driver_fallback_image.png/content/dam/fom-website/drivers/N/NICHUL01_Nico_Hulkenberg/nichul01.png.transform/1col/image.png,11.0,11,17.0,,,,0 days 00:00:30.824000,Finished,0.0,70.0,17.8,24.6,73.4,1.2,True
2024,9,Canadian Grand Prix,Montréal,R,2024-06-09,20,MAG,kevin_magnussen,Haas F1 Team,haas,Kevin,Magnussen,https://media.formula1.com/d_driver_fallback_image.png/content/dam/fom-website/drivers/K/KEVMAG01_Kevin_Magnussen/kevmag01.png.transform/1col/image.png,12.0,12,14.0,,,,0 days 00:00:31.253000,Finished,0.0,70.0,17.8,24.6,73.4,1.2,True
2024,9,Canadian Grand Prix,Montréal,R,2024-06-09,77,BOT,bottas,Kick Sauber,sauber,Valtteri,Bottas,https://media.formula1.com/d_driver_fallback_image.png/content/dam/fom-website/drivers/V/VALBOT01_Valtteri_Bottas/valbot01.png.transform/1col/image.png,13.0,13,19.0,,,,0 days 00:00:40.487000,Finished,0.0,70.0,17.8,24.6,73.4,1.2,True
2024,9,Canadian Grand Prix,Montréal,R,2024-06-09,22,TSU,tsunoda,RB,rb,Yuki,Tsunoda,https://media.formula1.com/d_driver_fallback_image.png/content/dam/fom-website/drivers/Y/YUKTSU01_Yuki_Tsunoda/yuktsu01.png.transform/1col/image.png,14.0,14,8.0,,,,0 days 00:00:52.694000,Finished,0.0,70.0,17.8,24.6,73.4,1.2,True
2024,9,Canadian Grand Prix,Montréal,R,2024-06-09,24,ZHO,zhou,Kick Sauber,sauber,Guanyu,Zhou,https://media.formula1.com/d_driver_fallback_image.png/content/dam/fom-website/drivers/G/GUAZHO01_Guanyu_Zhou/guazho01.png.transform/1col/image.png,15.0,15,20.0,,,,0 days 00:00:53.528000,Lapped,0.0,69.0,17.8,24.6,73.4,1.2,True
2024,9,Canadian Grand Prix,Montréal,R,2024-06-09,55,SAI,sainz,Ferrari,ferrari,Carlos,Sainz,https://media.formula1.com/d_driver_fallback_image.png/content/dam/fom-website/drivers/C/CARSAI01_Carlos_Sainz/carsai01.png.transform/1col/image.png,16.0,R,12.0,,,,,Retired,0.0,52.0,17.8,24.6,73.4,1.2,True
2024,9,Canadian Grand Prix,Montréal,R,2024-06-09,23,ALB,albon,Williams,williams,Alexander,Albon,https://media.formula1.com/d_driver_fallback_image.png/content/dam/fom-website/drivers/A/ALEALB01_Alexander_Albon/alealb01.png.transform/1col/image.png,17.0,R,10.0,,,,,Retired,0.0,52.0,17.8,24.6,73.4,1.2,True
2024,9,Canadian Grand Prix,Montréal,R,2024-06-09,11,PER,perez,Red Bull Racing,red_bull,Sergio,Perez,https://media.formula1.com/d_driver_fallback_image.png/content/dam/fom-website/drivers/S/SERPER01_Sergio_Perez/serper01.png.transform/1col/image.png,18.0,R,16.0,,,,,Retired,0.0,51.0,17.8,24.6,73.4,1.2,True
2024,9,Canadian Grand Prix,Montréal,R,2024-06-09,16,LEC,leclerc,Ferrari,ferrari,Charles,Leclerc,https://media.formula1.com/d_driver_fallback_image.png/content/dam/fom-website/drivers/C/CHALEC01_Charles_Leclerc/chalec01.png.transform/1col/image.png,19.0,R,11.0,,,,,Retired,0.0,40.0,17.8,24.6,73.4,1.2,True
2024,9,Canadian Grand Prix,Montréal,R,2024-06-09,2,SAR,sargeant,Williams,williams,Logan,Sargeant,https://media.formula1.com/d_driver_fallback_image.png/content/dam/fom-website/drivers/L/LOGSAR01_Logan_Sargeant/logsar01.png.transform/1col/image.png,20.0,R,13.0,,,,,Retired,0.0,23.0,17.8,24.6,73.4,1.2,True
2024,10,Spanish Grand Prix,Barcelona,R,2024-06-23,1,VER,max_verstappen,Red Bull Racing,red_bull,Max,Verstappen,https://media.formula1.com/d_driver_fallback_image.png/content/dam/fom-website/drivers/M/MAXVER01_Max_Verstappen/maxver01.png.transform/1col/image.png,1.0,1,2.0,,,,0 days 01:28:20.227000,Finished,25.0,66.0,24.1,41.1,63.4,2.1,True
2024,10,Spanish Grand Prix,Barcelona,R,2024-06-23,4,NOR,norris,McLaren,mclaren,Lando,Norris,https://media.formula1.com/d_driver_fallback_image.png/content/dam/fom-website/drivers/L/LANNOR01_Lando_Norris/lannor01.png.transform/1col/image.png,2.0,2,1.0,,,,0 days 00:00:02.219000,Finished,19.0,66.0,24.1,41.1,63.4,2.1,True
2024,10,Spanish Grand Prix,Barcelona,R,2024-06-23,44,HAM,hamilton,Mercedes,mercedes,Lewis,Hamilton,https://media.formula1.com/d_driver_fallback_image.png/content/dam/fom-website/drivers/L/LEWHAM01_Lewis_Hamilton/lewham01.png.transform/1col/image.png,3.0,3,3.0,,,,0 days 00:00:17.790000,Finished,15.0,66.0,24.1,41.1,63.4,2.1,True
2024,10,Spanish Grand Prix,Barcelona,R,2024-06-23,63,RUS,russell,Mercedes,mercedes,George,Russell,https://media.formula1.com/d_driver_fallback_image.png/content/dam/fom-website/drivers/G/GEORUS01_George_Russell/georus01.png.transform/1col/image.png,4.0,4,4.0,,,,0 days 00:00:22.320000,Finished,12.0,66.0,24.1,41.1,63.4,2.1,True
2024,10,Spanish Grand Prix,Barcelona,R,2024-06-23,16,LEC,leclerc,Ferrari,ferrari,Charles,Leclerc,https://media.formula1.com/d_driver_fallback_image.png/content/dam/fom-website/drivers/C/CHALEC01_Charles_Leclerc/chalec01.png.transform/1col/image.png,5.0,5,5.0,,,,0 days 00:00:22.709000,Finished,10.0,66.0,24.1,41.1,63.4,2.1,True
2024,10,Spanish Grand Prix,Barcelona,R,2024-06-23,55,SAI,sainz,Ferrari,ferrari,Carlos,Sainz,https://media.formula1.com/d_driver_fallback_image.png/content/dam/fom-website/drivers/C/CARSAI01_Carlos_Sainz/carsai01.png.transform/1col/image.png,6.0,6,6.0,,,,0 days 00:00:31.028000,Finished,8.0,66.0,24.1,41.1,63.4,2.1,True
2024,10,Spanish Grand Prix,Barcelona,R,2024-06-23,81,PIA,piastri,McLaren,mclaren,Oscar,Piastri,https://media.formula1.com/d_driver_fallback_image.png/content/dam/fom-website/drivers/O/OSCPIA01_Oscar_Piastri/oscpia01.png.transform/1col/image.png,7.0,7,9.0,,,,0 days 00:00:33.760000,Finished,6.0,66.0,24.1,41.1,63.4,2.1,True
2024,10,Spanish Grand Prix,Barcelona,R,2024-06-23,11,PER,perez,Red Bull Racing,red_bull,Sergio,Perez,https://media.formula1.com/d_driver_fallback_image.png/content/dam/fom-website/drivers/S/SERPER01_Sergio_Perez/serper01.png.transform/1col/image.png,8.0,8,11.0,,,,0 days 00:00:59.524000,Finished,4.0,66.0,24.1,41.1,63.4,2.1,True
2024,10,Spanish Grand Prix,Barcelona,R,2024-06-23,10,GAS,gasly,Alpine,alpine,Pierre,Gasly,https://media.formula1.com/d_driver_fallback_image.png/content/dam/fom-website/drivers/P/PIEGAS01_Pierre_Gasly/piegas01.png.transform/1col/image.png,9.0,9,7.0,,,,0 days 00:01:02.025000,Finished,2.0,66.0,24.1,41.1,63.4,2.1,True
2024,10,Spanish Grand Prix,Barcelona,R,2024-06-23,31,OCO,ocon,Alpine,alpine,Esteban,Ocon,https://media.formula1.com/d_driver_fallback_image.png/content/dam/fom-website/drivers/E/ESTOCO01_Esteban_Ocon/estoco01.png.transform/1col/image.png,10.0,10,8.0,,,,0 days 00:01:11.889000,Finished,1.0,66.0,24.1,41.1,63.4,2.1,True
2024,10,Spanish Grand Prix,Barcelona,R,2024-06-23,27,HUL,hulkenberg,Haas F1 Team,haas,Nico,Hulkenberg,https://media.formula1.com/d_driver_fallback_image.png/content/dam/fom-website/drivers/N/NICHUL01_Nico_Hulkenberg/nichul01.png.transform/1col/image.png,11.0,11,13.0,,,,0 days 00:01:19.215000,Finished,0.0,66.0,24.1,41.1,63.4,2.1,True
2024,10,Spanish Grand Prix,Barcelona,R,2024-06-23,14,ALO,alonso,Aston Martin,aston_martin,Fernando,Alonso,https://media.formula1.com/d_driver_fallback_image.png/content/dam/fom-website/drivers/F/FERALO01_Fernando_Alonso/feralo01.png.transform/1col/image.png,12.0,12,10.0,,,,0 days 00:00:09.497000,Lapped,0.0,65.0,24.1,41.1,63.4,2.1,True
2024,10,Spanish Grand Prix,Barcelona,R,2024-06-23,24,ZHO,zhou,Kick Sauber,sauber,Guanyu,Zhou,https://media.formula1.com/d_driver_fallback_image.png/content/dam/fom-website/drivers/G/GUAZHO01_Guanyu_Zhou/guazho01.png.transform/1col/image.png,13.0,13,15.0,,,,0 days 00:00:15.476000,Lapped,0.0,65.0,24.1,41.1,63.4,2.1,True
2024,10,Spanish Grand Prix,Barcelona,R,2024-06-23,18,STR,stroll,Aston Martin,aston_martin,Lance,Stroll,https://media.formula1.com/d_driver_fallback_image.png/content/dam/fom-website/drivers/L/LANSTR01_Lance_Stroll/lanstr01.png.transform/1col/image.png,14.0,14,14.0,,,,0 days 00:00:25.252000,Lapped,0.0,65.0,24.1,41.1,63.4,2.1,True
2024,10,Spanish Grand Prix,Barcelona,R,2024-06-23,3,RIC,ricciardo,RB,rb,Daniel,Ricciardo,https://media.formula1.com/d_driver_fallback_image.png/content/dam/fom-website/drivers/D/DANRIC01_Daniel_Ricciardo/danric01.png.transform/1col/image.png,15.0,15,18.0,,,,0 days 00:00:44.050000,Lapped,0.0,65.0,24.1,41.1,63.4,2.1,True
2024,10,Spanish Grand Prix,Barcelona,R,2024-06-23,77,BOT,bottas,Kick Sauber,sauber,Valtteri,Bottas,https://media.formula1.com/d_driver_fallback_image.png/content/dam/fom-website/drivers/V/VALBOT01_Valtteri_Bottas/valbot01.png.transform/1col/image.png,16.0,16,12.0,,,,0 days 00:00:53.313000,Lapped,0.0,65.0,24.1,41.1,63.4,2.1,True
2024,10,Spanish Grand Prix,Barcelona,R,2024-06-23,20,MAG,kevin_magnussen,Haas F1 Team,haas,Kevin,Magnussen,https://media.formula1.com/d_driver_fallback_image.png/content/dam/fom-website/drivers/K/KEVMAG01_Kevin_Magnussen/kevmag01.png.transform/1col/image.png,17.0,17,16.0,,,,0 days 00:00:54.788000,Lapped,0.0,65.0,24.1,41.1,63.4,2.1,True
2024,10,Spanish Grand Prix,Barcelona,R,2024-06-23,23,ALB,albon,Williams,williams,Alexander,Albon,https://media.formula1.com/d_driver_fallback_image.png/content/dam/fom-website/drivers/A/ALEALB01_Alexander_Albon/alealb01.png.transform/1col/image.png,18.0,18,20.0,,,,0 days 00:00:58.149000,Lapped,0.0,65.0,24.1,41.1,63.4,2.1,True
2024,10,Spanish Grand Prix,Barcelona,R,2024-06-23,22,TSU,tsunoda,RB,rb,Yuki,Tsunoda,https://media.formula1.com/d_driver_fallback_image.png/content/dam/fom-website/drivers/Y/YUKTSU01_Yuki_Tsunoda/yuktsu01.png.transform/1col/image.png,19.0,19,17.0,,,,0 days 00:01:08.904000,Lapped,0.0,65.0,24.1,41.1,63.4,2.1,True
2024,10,Spanish Grand Prix,Barcelona,R,2024-06-23,2,SAR,sargeant,Williams,williams,Logan,Sargeant,https://media.formula1.com/d_driver_fallback_image.png/content/dam/fom-website/drivers/L/LOGSAR01_Logan_Sargeant/logsar01.png.transform/1col/image.png,20.0,20,19.0,,,,0 days 00:00:04.866000,Lapped,0.0,64.0,24.1,41.1,63.4,2.1,True
2024,11,Austrian Grand Prix,Spielberg,R,2024-06-30,63,RUS,russell,Mercedes,mercedes,George,Russell,https://media.formula1.com/d_driver_fallback_image.png/content/dam/fom-website/drivers/G/GEORUS01_George_Russell/georus01.png.transform/1col/image.png,1.0,1,3.0,,,,0 days 01:24:22.798000,Finished,25.0,71.0,29.4,46.4,35.0,1.7,True
2024,11,Austrian Grand Prix,Spielberg,R,2024-06-30,81,PIA,piastri,McLaren,mclaren,Oscar,Piastri,https://media.formula1.com/d_driver_fallback_image.png/content/dam/fom-website/drivers/O/OSCPIA01_Oscar_Piastri/oscpia01.png.transform/1col/image.png,2.0,2,7.0,,,,0 days 00:00:01.906000,Finished,18.0,71.0,29.4,46.4,35.0,1.7,True
2024,11,Austrian Grand Prix,Spielberg,R,2024-06-30,55,SAI,sainz,Ferrari,ferrari,Carlos,Sainz,https://media.formula1.com/d_driver_fallback_image.png/content/dam/fom-website/drivers/C/CARSAI01_Carlos_Sainz/carsai01.png.transform/1col/image.png,3.0,3,4.0,,,,0 days 00:00:04.533000,Finished,15.0,71.0,29.4,46.4,35.0,1.7,True
2024,11,Austrian Grand Prix,Spielberg,R,2024-06-30,44,HAM,hamilton,Mercedes,mercedes,Lewis,Hamilton,https://media.formula1.com/d_driver_fallback_image.png/content/dam/fom-website/drivers/L/LEWHAM01_Lewis_Hamilton/lewham01.png.transform/1col/image.png,4.0,4,5.0,,,,0 days 00:00:23.142000,Finished,12.0,71.0,29.4,46.4,35.0,1.7,True
2024,11,Austrian Grand Prix,Spielberg,R,2024-06-30,1,VER,max_verstappen,Red Bull Racing,red_bull,Max,Verstappen,https://media.formula1.com/d_driver_fallback_image.png/content/dam/fom-website/drivers/M/MAXVER01_Max_Verstappen/maxver01.png.transform/1col/image.png,5.0,5,1.0,,,,0 days 00:00:37.253000,Finished,10.0,71.0,29.4,46.4,35.0,1.7,True
2024,11,Austrian Grand Prix,Spielberg,R,2024-06-30,27,HUL,hulkenberg,Haas F1 Team,haas,Nico,Hulkenberg,https://media.formula1.com/d_driver_fallback_image.png/content/dam/fom-website/drivers/N/NICHUL01_Nico_Hulkenberg/nichul01.png.transform/1col/image.png,6.0,6,9.0,,,,0 days 00:00:54.088000,Finished,8.0,71.0,29.4,46.4,35.0,1.7,True
2024,11,Austrian Grand Prix,Spielberg,R,2024-06-30,11,PER,perez,Red Bull Racing,red_bull,Sergio,Perez,https://media.formula1.com/d_driver_fallback_image.png/content/dam/fom-website/drivers/S/SERPER01_Sergio_Perez/serper01.png.transform/1col/image.png,7.0,7,8.0,,,,0 days 00:00:54.672000,Finished,6.0,71.0,29.4,46.4,35.0,1.7,True
2024,11,Austrian Grand Prix,Spielberg,R,2024-06-30,20,MAG,kevin_magnussen,Haas F1 Team,haas,Kevin,Magnussen,https://media.formula1.com/d_driver_fallback_image.png/content/dam/fom-website/drivers/K/KEVMAG01_Kevin_Magnussen/kevmag01.png.transform/1col/image.png,8.0,8,12.0,,,,0 days 00:01:00.355000,Finished,4.0,71.0,29.4,46.4,35.0,1.7,True
2024,11,Austrian Grand Prix,Spielberg,R,2024-06-30,3,RIC,ricciardo,RB,rb,Daniel,Ricciardo,https://media.formula1.com/d_driver_fallback_image.png/content/dam/fom-website/drivers/D/DANRIC01_Daniel_Ricciardo/danric01.png.transform/1col/image.png,9.0,9,11.0,,,,0 days 00:01:01.169000,Finished,2.0,71.0,29.4,46.4,35.0,1.7,True
2024,11,Austrian Grand Prix,Spielberg,R,2024-06-30,10,GAS,gasly,Alpine,alpine,Pierre,Gasly,https://media.formula1.com/d_driver_fallback_image.png/content/dam/fom-website/drivers/P/PIEGAS01_Pierre_Gasly/piegas01.png.transform/1col/image.png,10.0,10,13.0,,,,0 days 00:01:01.766000,Finished,1.0,71.0,29.4,46.4,35.0,1.7,True
2024,11,Austrian Grand Prix,Spielberg,R,2024-06-30,16,LEC,leclerc,Ferrari,ferrari,Charles,Leclerc,https://media.formula1.com/d_driver_fallback_image.png/content/dam/fom-website/drivers/C/CHALEC01_Charles_Leclerc/chalec01.png.transform/1col/image.png,11.0,11,6.0,,,,0 days 00:01:07.056000,Finished,0.0,71.0,29.4,46.4,35.0,1.7,True
2024,11,Austrian Grand Prix,Spielberg,R,2024-06-30,31,OCO,ocon,Alpine,alpine,Esteban,Ocon,https://media.formula1.com/d_driver_fallback_image.png/content/dam/fom-website/drivers/E/ESTOCO01_Esteban_Ocon/estoco01.png.transform/1col/image.png,12.0,12,10.0,,,,0 days 00:01:08.325000,Finished,0.0,71.0,29.4,46.4,35.0,1.7,True
2024,11,Austrian Grand Prix,Spielberg,R,2024-06-30,18,STR,stroll,Aston Martin,aston_martin,Lance,Stroll,https://media.formula1.com/d_driver_fallback_image.png/content/dam/fom-website/drivers/L/LANSTR01_Lance_Stroll/lanstr01.png.transform/1col/image.png,13.0,13,17.0,,,,0 days 00:00:10.234000,Lapped,0.0,70.0,29.4,46.4,35.0,1.7,True
2024,11,Austrian Grand Prix,Spielberg,R,2024-06-30,22,TSU,tsunoda,RB,rb,Yuki,Tsunoda,https://media.formula1.com/d_driver_fallback_image.png/content/dam/fom-website/drivers/Y/YUKTSU01_Yuki_Tsunoda/yuktsu01.png.transform/1col/image.png,14.0,14,14.0,,,,0 days 00:00:13.145000,Lapped,0.0,70.0,29.4,46.4,35.0,1.7,True
2024,11,Austrian Grand Prix,Spielberg,R,2024-06-30,23,ALB,albon,Williams,williams,Alexander,Albon,https://media.formula1.com/d_driver_fallback_image.png/content/dam/fom-website/drivers/A/ALEALB01_Alexander_Albon/alealb01.png.transform/1col/image.png,15.0,15,16.0,,,,0 days 00:00:15.866000,Lapped,0.0,70.0,29.4,46.4,35.0,1.7,True
2024,11,Austrian Grand Prix,Spielberg,R,2024-06-30,77,BOT,bottas,Kick Sauber,sauber,Valtteri,Bottas,https://media.formula1.com/d_driver_fallback_image.png/content/dam/fom-website/drivers/V/VALBOT01_Valtteri_Bottas/valbot01.png.transform/1col/image.png,16.0,16,18.0,,,,0 days 00:00:19.375000,Lapped,0.0,70.0,29.4,46.4,35.0,1.7,True
2024,11,Austrian Grand Prix,Spielberg,R,2024-06-30,24,ZHO,zhou,Kick Sauber,sauber,Guanyu,Zhou,https://media.formula1.com/d_driver_fallback_image.png/content/dam/fom-website/drivers/G/GUAZHO01_Guanyu_Zhou/guazho01.png.transform/1col/image.png,17.0,17,20.0,,,,0 days 00:00:44.882000,Lapped,0.0,70.0,29.4,46.4,35.0,1.7,True
2024,11,Austrian Grand Prix,Spielberg,R,2024-06-30,14,ALO,alonso,Aston Martin,aston_martin,Fernando,Alonso,https://media.formula1.com/d_driver_fallback_image.png/content/dam/fom-website/drivers/F/FERALO01_Fernando_Alonso/feralo01.png.transform/1col/image.png,18.0,18,15.0,,,,0 days 00:00:47.660000,Lapped,0.0,70.0,29.4,46.4,35.0,1.7,True
2024,11,Austrian Grand Prix,Spielberg,R,2024-06-30,2,SAR,sargeant,Williams,williams,Logan,Sargeant,https://media.formula1.com/d_driver_fallback_image.png/content/dam/fom-website/drivers/L/LOGSAR01_Logan_Sargeant/logsar01.png.transform/1col/image.png,19.0,19,19.0,,,,0 days 00:00:06.309000,Lapped,0.0,69.0,29.4,46.4,35.0,1.7,True
2024,11,Austrian Grand Prix,Spielberg,R,2024-06-30,4,NOR,norris,McLaren,mclaren,Lando,Norris,https://media.formula1.com/d_driver_fallback_image.png/content/dam/fom-website/drivers/L/LANNOR01_Lando_Norris/lannor01.png.transform/1col/image.png,20.0,20,2.0,,,,,Lapped,0.0,64.0,29.4,46.4,35.0,1.7,True
2024,12,British Grand Prix,Silverstone,R,2024-07-07,44,HAM,hamilton,Mercedes,mercedes,Lewis,Hamilton,https://media.formula1.com/d_driver_fallback_image.png/content/dam/fom-website/drivers/L/LEWHAM01_Lewis_Hamilton/lewham01.png.transform/1col/image.png,1.0,1,2.0,,,,0 days 01:22:27.059000,Finished,25.0,52.0,15.8,27.7,67.3,1.3,True
2024,12,British Grand Prix,Silverstone,R,2024-07-07,1,VER,max_verstappen,Red Bull Racing,red_bull,Max,Verstappen,https://media.formula1.com/d_driver_fallback_image.png/content/dam/fom-website/drivers/M/MAXVER01_Max_Verstappen/maxver01.png.transform/1col/image.png,2.0,2,4.0,,,,0 days 00:00:01.465000,Finished,18.0,52.0,15.8,27.7,67.3,1.3,True
2024,12,British Grand Prix,Silverstone,R,2024-07-07,4,NOR,norris,McLaren,mclaren,Lando,Norris,https://media.formula1.com/d_driver_fallback_image.png/content/dam/fom-website/drivers/L/LANNOR01_Lando_Norris/lannor01.png.transform/1col/image.png,3.0,3,3.0,,,,0 days 00:00:07.547000,Finished,15.0,52.0,15.8,27.7,67.3,1.3,True
2024,12,British Grand Prix,Silverstone,R,2024-07-07,81,PIA,piastri,McLaren,mclaren,Oscar,Piastri,https://media.formula1.com/d_driver_fallback_image.png/content/dam/fom-website/drivers/O/OSCPIA01_Oscar_Piastri/oscpia01.png.transform/1col/image.png,4.0,4,5.0,,,,0 days 00:00:12.429000,Finished,12.0,52.0,15.8,27.7,67.3,1.3,True
2024,12,British Grand Prix,Silverstone,R,2024-07-07,55,SAI,sainz,Ferrari,ferrari,Carlos,Sainz,https://media.formula1.com/d_driver_fallback_image.png/content/dam/fom-website/drivers/C/CARSAI01_Carlos_Sainz/carsai01.png.transform/1col/image.png,5.0,5,7.0,,,,0 days 00:00:47.318000,Finished,11.0,52.0,15.8,27.7,67.3,1.3,True
2024,12,British Grand Prix,Silverstone,R,2024-07-07,27,HUL,hulkenberg,Haas F1 Team,haas,Nico,Hulkenberg,https://media.formula1.com/d_driver_fallback_image.png/content/dam/fom-website/drivers/N/NICHUL01_Nico_Hulkenberg/nichul01.png.transform/1col/image.png,6.0,6,6.0,,,,0 days 00:00:55.722000,Finished,8.0,52.0,15.8,27.7,67.3,1.3,True
2024,12,British Grand Prix,Silverstone,R,2024-07-07,18,STR,stroll,Aston Martin,aston_martin,Lance,Stroll,https://media.formula1.com/d_driver_fallback_image.png/content/dam/fom-website/drivers/L/LANSTR01_Lance_Stroll/lanstr01.png.transform/1col/image.png,7.0,7,8.0,,,,0 days 00:00:56.569000,Finished,6.0,52.0,15.8,27.7,67.3,1.3,True
2024,12,British Grand Prix,Silverstone,R,2024-07-07,14,ALO,alonso,Aston Martin,aston_martin,Fernando,Alonso,https://media.formula1.com/d_driver_fallback_image.png/content/dam/fom-website/drivers/F/FERALO01_Fernando_Alonso/feralo01.png.transform/1col/image.png,8.0,8,10.0,,,,0 days 00:01:03.577000,Finished,4.0,52.0,15.8,27.7,67.3,1.3,True
2024,12,British Grand Prix,Silverstone,R,2024-07-07,23,ALB,albon,Williams,williams,Alexander,Albon,https://media.formula1.com/d_driver_fallback_image.png/content/dam/fom-website/drivers/A/ALEALB01_Alexander_Albon/alealb01.png.transform/1col/image.png,9.0,9,9.0,,,,0 days 00:01:08.387000,Finished,2.0,52.0,15.8,27.7,67.3,1.3,True
2024,12,British Grand Prix,Silverstone,R,2024-07-07,22,TSU,tsunoda,RB,rb,Yuki,Tsunoda,https://media.formula1.com/d_driver_fallback_image.png/content/dam/fom-website/drivers/Y/YUKTSU01_Yuki_Tsunoda/yuktsu01.png.transform/1col/image.png,10.0,10,13.0,,,,0 days 00:01:19.303000,Finished,1.0,52.0,15.8,27.7,67.3,1.3,True
2024,12,British Grand Prix,Silverstone,R,2024-07-07,2,SAR,sargeant,Williams,williams,Logan,Sargeant,https://media.formula1.com/d_driver_fallback_image.png/content/dam/fom-website/drivers/L/LOGSAR01_Logan_Sargeant/logsar01.png.transform/1col/image.png,11.0,11,12.0,,,,0 days 00:01:28.960000,Finished,0.0,52.0,15.8,27.7,67.3,1.3,True
2024,12,British Grand Prix,Silverstone,R,2024-07-07,20,MAG,kevin_magnussen,Haas F1 Team,haas,Kevin,Magnussen,https://media.formula1.com/d_driver_fallback_image.png/content/dam/fom-website/drivers/K/KEVMAG01_Kevin_Magnussen/kevmag01.png.transform/1col/image.png,12.0,12,17.0,,,,0 days 00:01:30.153000,Finished,0.0,52.0,15.8,27.7,67.3,1.3,True
2024,12,British Grand Prix,Silverstone,R,2024-07-07,3,RIC,ricciardo,RB,rb,Daniel,Ricciardo,https://media.formula1.com/d_driver_fallback_image.png/content/dam/fom-website/drivers/D/DANRIC01_Daniel_Ricciardo/danric01.png.transform/1col/image.png,13.0,13,15.0,,,,0 days 00:00:09.937000,Lapped,0.0,51.0,15.8,27.7,67.3,1.3,True
2024,12,British Grand Prix,Silverstone,R,2024-07-07,16,LEC,leclerc,Ferrari,ferrari,Charles,Leclerc,https://media.formula1.com/d_driver_fallback_image.png/content/dam/fom-website/drivers/C/CHALEC01_Charles_Leclerc/chalec01.png.transform/1col/image.png,14.0,14,11.0,,,,0 days 00:00:40.473000,Lapped,0.0,51.0,15.8,27.7,67.3,1.3,True
2024,12,British Grand Prix,Silverstone,R,2024-07-07,77,BOT,bottas,Kick Sauber,sauber,Valtteri,Bottas,https://media.formula1.com/d_driver_fallback_image.png/content/dam/fom-website/drivers/V/VALBOT01_Valtteri_Bottas/valbot01.png.transform/1col/image.png,15.0,15,16.0,,,,0 days 00:00:41.821000,Lapped,0.0,51.0,15.8,27.7,67.3,1.3,True
2024,12,British Grand Prix,Silverstone,R,2024-07-07,31,OCO,ocon,Alpine,alpine,Esteban,Ocon,https://media.formula1.com/d_driver_fallback_image.png/content/dam/fom-website/drivers/E/ESTOCO01_Esteban_Ocon/estoco01.png.transform/1col/image.png,16.0,16,18.0,,,,0 days 00:00:10.682000,Lapped,0.0,50.0,15.8,27.7,67.3,1.3,True
2024,12,British Grand Prix,Silverstone,R,2024-07-07,11,PER,perez,Red Bull Racing,red_bull,Sergio,Perez,https://media.formula1.com/d_driver_fallback_image.png/content/dam/fom-website/drivers/S/SERPER01_Sergio_Perez/serper01.png.transform/1col/image.png,17.0,17,20.0,,,,0 days 00:00:18.005000,Lapped,0.0,50.0,15.8,27.7,67.3,1.3,True
2024,12,British Grand Prix,Silverstone,R,2024-07-07,24,ZHO,zhou,Kick Sauber,sauber,Guanyu,Zhou,https://media.formula1.com/d_driver_fallback_image.png/content/dam/fom-website/drivers/G/GUAZHO01_Guanyu_Zhou/guazho01.png.transform/1col/image.png,18.0,18,14.0,,,,0 days 00:00:54.476000,Lapped,0.0,50.0,15.8,27.7,67.3,1.3,True
2024,12,British Grand Prix,Silverstone,R,2024-07-07,63,RUS,russell,Mercedes,mercedes,George,Russell,https://media.formula1.com/d_driver_fallback_image.png/content/dam/fom-website/drivers/G/GEORUS01_George_Russell/georus01.png.transform/1col/image.png,19.0,R,1.0,,,,,Retired,0.0,33.0,15.8,27.7,67.3,1.3,True
2024,12,British Grand Prix,Silverstone,R,2024-07-07,10,GAS,gasly,Alpine,alpine,Pierre,Gasly,https://media.formula1.com/d_driver_fallback_image.png/content/dam/fom-website/drivers/P/PIEGAS01_Pierre_Gasly/piegas01.png.transform/1col/image.png,20.0,W,19.0,,,,,Did not start,0.0,0.0,15.8,27.7,67.3,1.3,True
2024,13,Hungarian Grand Prix,Budapest,R,2024-07-21,81,PIA,piastri,McLaren,mclaren,Oscar,Piastri,https://media.formula1.com/d_driver_fallback_image.png/content/dam/fom-website/drivers/O/OSCPIA01_Oscar_Piastri/oscpia01.png.transform/1col/image.png,1.0,1,2.0,,,,0 days 01:38:01.989000,Finished,25.0,70.0,28.8,44.9,46.9,1.2,False
2024,13,Hungarian Grand Prix,Budapest,R,2024-07-21,4,NOR,norris,McLaren,mclaren,Lando,Norris,https://media.formula1.com/d_driver_fallback_image.png/content/dam/fom-website/drivers/L/LANNOR01_Lando_Norris/lannor01.png.transform/1col/image.png,2.0,2,1.0,,,,0 days 00:00:02.141000,Finished,18.0,70.0,28.8,44.9,46.9,1.2,False
2024,13,Hungarian Grand Prix,Budapest,R,2024-07-21,44,HAM,hamilton,Mercedes,mercedes,Lewis,Hamilton,https://media.formula1.com/d_driver_fallback_image.png/content/dam/fom-website/drivers/L/LEWHAM01_Lewis_Hamilton/lewham01.png.transform/1col/image.png,3.0,3,5.0,,,,0 days 00:00:14.880000,Finished,15.0,70.0,28.8,44.9,46.9,1.2,False
2024,13,Hungarian Grand Prix,Budapest,R,2024-07-21,16,LEC,leclerc,Ferrari,ferrari,Charles,Leclerc,https://media.formula1.com/d_driver_fallback_image.png/content/dam/fom-website/drivers/C/CHALEC01_Charles_Leclerc/chalec01.png.transform/1col/image.png,4.0,4,6.0,,,,0 days 00:00:19.686000,Finished,12.0,70.0,28.8,44.9,46.9,1.2,False
2024,13,Hungarian Grand Prix,Budapest,R,2024-07-21,1,VER,max_verstappen,Red Bull Racing,red_bull,Max,Verstappen,https://media.formula1.com/d_driver_fallback_image.png/content/dam/fom-website/drivers/M/MAXVER01_Max_Verstappen/maxver01.png.transform/1col/image.png,5.0,5,3.0,,,,0 days 00:00:21.349000,Finished,10.0,70.0,28.8,44.9,46.9,1.2,False
2024,13,Hungarian Grand Prix,Budapest,R,2024-07-21,55,SAI,sainz,Ferrari,ferrari,Carlos,Sainz,https://media.formula1.com/d_driver_fallback_image.png/content/dam/fom-website/drivers/C/CARSAI01_Carlos_Sainz/carsai01.png.transform/1col/image.png,6.0,6,4.0,,,,0 days 00:00:23.073000,Finished,8.0,70.0,28.8,44.9,46.9,1.2,False
2024,13,Hungarian Grand Prix,Budapest,R,2024-07-21,11,PER,perez,Red Bull Racing,red_bull,Sergio,Perez,https://media.formula1.com/d_driver_fallback_image.png/content/dam/fom-website/drivers/S/SERPER01_Sergio_Perez/serper01.png.transform/1col/image.png,7.0,7,16.0,,,,0 days 00:00:39.792000,Finished,6.0,70.0,28.8,44.9,46.9,1.2,False
2024,13,Hungarian Grand Prix,Budapest,R,2024-07-21,63,RUS,russell,Mercedes,mercedes,George,Russell,https://media.formula1.com/d_driver_fallback_image.png/content/dam/fom-website/drivers/G/GEORUS01_George_Russell/georus01.png.transform/1col/image.png,8.0,8,17.0,,,,0 days 00:00:42.368000,Finished,5.0,70.0,28.8,44.9,46.9,1.2,False
2024,13,Hungarian Grand Prix,Budapest,R,2024-07-21,22,TSU,tsunoda,RB,rb,Yuki,Tsunoda,https://media.formula1.com/d_driver_fallback_image.png/content/dam/fom-website/drivers/Y/YUKTSU01_Yuki_Tsunoda/yuktsu01.png.transform/1col/image.png,9.0,9,10.0,,,,0 days 00:01:17.259000,Finished,2.0,70.0,28.8,44.9,46.9,1.2,False
2024,13,Hungarian Grand Prix,Budapest,R,2024-07-21,18,STR,stroll,Aston Martin,aston_martin,Lance,Stroll,https://media.formula1.com/d_driver_fallback_image.png/content/dam/fom-website/drivers/L/LANSTR01_Lance_Stroll/lanstr01.png.transform/1col/image.png,10.0,10,8.0,,,,0 days 00:01:17.976000,Finished,1.0,70.0,28.8,44.9,46.9,1.2,False
2024,13,Hungarian Grand Prix,Budapest,R,2024-07-21,14,ALO,alonso,Aston Martin,aston_martin,Fernando,Alonso,https://media.formula1.com/d_driver_fallback_image.png/content/dam/fom-website/drivers/F/FERALO01_Fernando_Alonso/feralo01.png.transform/1col/image.png,11.0,11,7.0,,,,0 days 00:01:22.460000,Finished,0.0,70.0,28.8,44.9,46.9,1.2,False
2024,13,Hungarian Grand Prix,Budapest,R,2024-07-21,3,RIC,ricciardo,RB,rb,Daniel,Ricciardo,https://media.formula1.com/d_driver_fallback_image.png/content/dam/fom-website/drivers/D/DANRIC01_Daniel_Ricciardo/danric01.png.transform/1col/image.png,12.0,12,9.0,,,,0 days 00:00:17.924000,Lapped,0.0,69.0,28.8,44.9,46.9,1.2,False
2024,13,Hungarian Grand Prix,Budapest,R,2024-07-21,27,HUL,hulkenberg,Haas F1 Team,haas,Nico,Hulkenberg,https://media.formula1.com/d_driver_fallback_image.png/content/dam/fom-website/drivers/N/NICHUL01_Nico_Hulkenberg/nichul01.png.transform/1col/image.png,13.0,13,11.0,,,,0 days 00:00:33.184000,Lapped,0.0,69.0,28.8,44.9,46.9,1.2,False
2024,13,Hungarian Grand Prix,Budapest,R,2024-07-21,23,ALB,albon,Williams,williams,Alexander,Albon,https://media.formula1.com/d_driver_fallback_image.png/content/dam/fom-website/drivers/A/ALEALB01_Alexander_Albon/alealb01.png.transform/1col/image.png,14.0,14,13.0,,,,0 days 00:00:36.769000,Lapped,0.0,69.0,28.8,44.9,46.9,1.2,False
2024,13,Hungarian Grand Prix,Budapest,R,2024-07-21,20,MAG,kevin_magnussen,Haas F1 Team,haas,Kevin,Magnussen,https://media.formula1.com/d_driver_fallback_image.png/content/dam/fom-website/drivers/K/KEVMAG01_Kevin_Magnussen/kevmag01.png.transform/1col/image.png,15.0,15,15.0,,,,0 days 00:00:45.302000,Lapped,0.0,69.0,28.8,44.9,46.9,1.2,False
2024,13,Hungarian Grand Prix,Budapest,R,2024-07-21,77,BOT,bottas,Kick Sauber,sauber,Valtteri,Bottas,https://media.formula1.com/d_driver_fallback_image.png/content/dam/fom-website/drivers/V/VALBOT01_Valtteri_Bottas/valbot01.png.transform/1col/image.png,16.0,16,12.0,,,,0 days 00:00:45.409000,Lapped,0.0,69.0,28.8,44.9,46.9,1.2,False
2024,13,Hungarian Grand Prix,Budapest,R,2024-07-21,2,SAR,sargeant,Williams,williams,Logan,Sargeant,https://media.formula1.com/d_driver_fallback_image.png/content/dam/fom-website/drivers/L/LOGSAR01_Logan_Sargeant/logsar01.png.transform/1col/image.png,17.0,17,14.0,,,,0 days 00:00:52.591000,Lapped,0.0,69.0,28.8,44.9,46.9,1.2,False
2024,13,Hungarian Grand Prix,Budapest,R,2024-07-21,31,OCO,ocon,Alpine,alpine,Esteban,Ocon,https://media.formula1.com/d_driver_fallback_image.png/content/dam/fom-website/drivers/E/ESTOCO01_Esteban_Ocon/estoco01.png.transform/1col/image.png,18.0,18,19.0,,,,0 days 00:01:00.929000,Lapped,0.0,69.0,28.8,44.9,46.9,1.2,False
2024,13,Hungarian Grand Prix,Budapest,R,2024-07-21,24,ZHO,zhou,Kick Sauber,sauber,Guanyu,Zhou,https://media.formula1.com/d_driver_fallback_image.png/content/dam/fom-website/drivers/G/GUAZHO01_Guanyu_Zhou/guazho01.png.transform/1col/image.png,19.0,19,18.0,,,,0 days 00:01:03.598000,Lapped,0.0,69.0,28.8,44.9,46.9,1.2,False
2024,13,Hungarian Grand Prix,Budapest,R,2024-07-21,10,GAS,gasly,Alpine,alpine,Pierre,Gasly,https://media.formula1.com/d_driver_fallback_image.png/content/dam/fom-website/drivers/P/PIEGAS01_Pierre_Gasly/piegas01.png.transform/1col/image.png,20.0,R,20.0,,,,,Retired,0.0,33.0,28.8,44.9,46.9,1.2,False
2024,14,Belgian Grand Prix,Spa-Francorchamps,R,2024-07-28,44,HAM,hamilton,Mercedes,mercedes,Lewis,Hamilton,https://media.formula1.com/d_driver_fallback_image.png/content/dam/fom-website/drivers/L/LEWHAM01_Lewis_Hamilton/lewham01.png.transform/1col/image.png,1.0,1,3.0,,,,0 days 01:19:57.566000,Finished,25.0,44.0,21.3,42.3,49.6,1.7,False
2024,14,Belgian Grand Prix,Spa-Francorchamps,R,2024-07-28,81,PIA,piastri,McLaren,mclaren,Oscar,Piastri,https://media.formula1.com/d_driver_fallback_image.png/content/dam/fom-website/drivers/O/OSCPIA01_Oscar_Piastri/oscpia01.png.transform/1col/image.png,2.0,2,5.0,,,,0 days 00:00:00.647000,Finished,18.0,44.0,21.3,42.3,49.6,1.7,False
2024,14,Belgian Grand Prix,Spa-Francorchamps,R,2024-07-28,16,LEC,leclerc,Ferrari,ferrari,Charles,Leclerc,https://media.formula1.com/d_driver_fallback_image.png/content/dam/fom-website/drivers/C/CHALEC01_Charles_Leclerc/chalec01.png.transform/1col/image.png,3.0,3,1.0,,,,0 days 00:00:08.023000,Finished,15.0,44.0,21.3,42.3,49.6,1.7,False
2024,14,Belgian Grand Prix,Spa-Francorchamps,R,2024-07-28,1,VER,max_verstappen,Red Bull Racing,red_bull,Max,Verstappen,https://media.formula1.com/d_driver_fallback_image.png/content/dam/fom-website/drivers/M/MAXVER01_Max_Verstappen/maxver01.png.transform/1col/image.png,4.0,4,11.0,,,,0 days 00:00:08.700000,Finished,12.0,44.0,21.3,42.3,49.6,1.7,False
2024,14,Belgian Grand Prix,Spa-Francorchamps,R,2024-07-28,4,NOR,norris,McLaren,mclaren,Lando,Norris,https://media.formula1.com/d_driver_fallback_image.png/content/dam/fom-website/drivers/L/LANNOR01_Lando_Norris/lannor01.png.transform/1col/image.png,5.0,5,4.0,,,,0 days 00:00:09.324000,Finished,10.0,44.0,21.3,42.3,49.6,1.7,False
2024,14,Belgian Grand Prix,Spa-Francorchamps,R,2024-07-28,55,SAI,sainz,Ferrari,ferrari,Carlos,Sainz,https://media.formula1.com/d_driver_fallback_image.png/content/dam/fom-website/drivers/C/CARSAI01_Carlos_Sainz/carsai01.png.transform/1col/image.png,6.0,6,7.0,,,,0 days 00:00:19.269000,Finished,8.0,44.0,21.3,42.3,49.6,1.7,False
2024,14,Belgian Grand Prix,Spa-Francorchamps,R,2024-07-28,11,PER,perez,Red Bull Racing,red_bull,Sergio,Perez,https://media.formula1.com/d_driver_fallback_image.png/content/dam/fom-website/drivers/S/SERPER01_Sergio_Perez/serper01.png.transform/1col/image.png,7.0,7,2.0,,,,0 days 00:00:42.669000,Finished,7.0,44.0,21.3,42.3,49.6,1.7,False
2024,14,Belgian Grand Prix,Spa-Francorchamps,R,2024-07-28,14,ALO,alonso,Aston Martin,aston_martin,Fernando,Alonso,https://media.formula1.com/d_driver_fallback_image.png/content/dam/fom-website/drivers/F/FERALO01_Fernando_Alonso/feralo01.png.transform/1col/image.png,8.0,8,8.0,,,,0 days 00:00:49.437000,Finished,4.0,44.0,21.3,42.3,49.6,1.7,False
2024,14,Belgian Grand Prix,Spa-Francorchamps,R,2024-07-28,31,OCO,ocon,Alpine,alpine,Esteban,Ocon,https://media.formula1.com/d_driver_fallback_image.png/content/dam/fom-website/drivers/E/ESTOCO01_Esteban_Ocon/estoco01.png.transform/1col/image.png,9.0,9,9.0,,,,0 days 00:00:52.026000,Finished,2.0,44.0,21.3,42.3,49.6,1.7,False
2024,14,Belgian Grand Prix,Spa-Francorchamps,R,2024-07-28,3,RIC,ricciardo,RB,rb,Daniel,Ricciardo,https://media.formula1.com/d_driver_fallback_image.png/content/dam/fom-website/drivers/D/DANRIC01_Daniel_Ricciardo/danric01.png.transform/1col/image.png,10.0,10,13.0,,,,0 days 00:00:54.400000,Finished,1.0,44.0,21.3,42.3,49.6,1.7,False
2024,14,Belgian Grand Prix,Spa-Francorchamps,R,2024-07-28,18,STR,stroll,Aston Martin,aston_martin,Lance,Stroll,https://media.formula1.com/d_driver_fallback_image.png/content/dam/fom-website/drivers/L/LANSTR01_Lance_Stroll/lanstr01.png.transform/1col/image.png,11.0,11,15.0,,,,0 days 00:01:02.485000,Finished,0.0,44.0,21.3,42.3,49.6,1.7,False
2024,14,Belgian Grand Prix,Spa-Francorchamps,R,2024-07-28,23,ALB,albon,Williams,williams,Alexander,Albon,https://media.formula1.com/d_driver_fallback_image.png/content/dam/fom-website/drivers/A/ALEALB01_Alexander_Albon/alealb01.png.transform/1col/image.png,12.0,12,10.0,,,,0 days 00:01:03.125000,Finished,0.0,44.0,21.3,42.3,49.6,1.7,False
2024,14,Belgian Grand Prix,Spa-Francorchamps,R,2024-07-28,10,GAS,gasly,Alpine,alpine,Pierre,Gasly,https://media.formula1.com/d_driver_fallback_image.png/content/dam/fom-website/drivers/P/PIEGAS01_Pierre_Gasly/piegas01.png.transform/1col/image.png,13.0,13,12.0,,,,0 days 00:01:03.839000,Finished,0.0,44.0,21.3,42.3,49.6,1.7,False
2024,14,Belgian Grand Prix,Spa-Francorchamps,R,2024-07-28,20,MAG,kevin_magnussen,Haas F1 Team,haas,Kevin,Magnussen,https://media.formula1.com/d_driver_fallback_image.png/content/dam/fom-website/drivers/K/KEVMAG01_Kevin_Magnussen/kevmag01.png.transform/1col/image.png,14.0,14,17.0,,,,0 days 00:01:06.105000,Finished,0.0,44.0,21.3,42.3,49.6,1.7,False
2024,14,Belgian Grand Prix,Spa-Francorchamps,R,2024-07-28,77,BOT,bottas,Kick Sauber,sauber,Valtteri,Bottas,https://media.formula1.com/d_driver_fallback_image.png/content/dam/fom-website/drivers/V/VALBOT01_Valtteri_Bottas/valbot01.png.transform/1col/image.png,15.0,15,14.0,,,,0 days 00:01:10.112000,Finished,0.0,44.0,21.3,42.3,49.6,1.7,False
2024,14,Belgian Grand Prix,Spa-Francorchamps,R,2024-07-28,22,TSU,tsunoda,RB,rb,Yuki,Tsunoda,https://media.formula1.com/d_driver_fallback_image.png/content/dam/fom-website/drivers/Y/YUKTSU01_Yuki_Tsunoda/yuktsu01.png.transform/1col/image.png,16.0,16,20.0,,,,0 days 00:01:16.211000,Finished,0.0,44.0,21.3,42.3,49.6,1.7,False
2024,14,Belgian Grand Prix,Spa-Francorchamps,R,2024-07-28,2,SAR,sargeant,Williams,williams,Logan,Sargeant,https://media.formula1.com/d_driver_fallback_image.png/content/dam/fom-website/drivers/L/LOGSAR01_Logan_Sargeant/logsar01.png.transform/1col/image.png,17.0,17,18.0,,,,0 days 00:01:25.531000,Finished,0.0,44.0,21.3,42.3,49.6,1.7,False
2024,14,Belgian Grand Prix,Spa-Francorchamps,R,2024-07-28,27,HUL,hulkenberg,Haas F1 Team,haas,Nico,Hulkenberg,https://media.formula1.com/d_driver_fallback_image.png/content/dam/fom-website/drivers/N/NICHUL01_Nico_Hulkenberg/nichul01.png.transform/1col/image.png,18.0,18,16.0,,,,0 days 00:01:28.307000,Finished,0.0,44.0,21.3,42.3,49.6,1.7,False
2024,14,Belgian Grand Prix,Spa-Francorchamps,R,2024-07-28,24,ZHO,zhou,Kick Sauber,sauber,Guanyu,Zhou,https://media.formula1.com/d_driver_fallback_image.png/content/dam/fom-website/drivers/G/GUAZHO01_Guanyu_Zhou/guazho01.png.transform/1col/image.png,19.0,R,19.0,,,,,Retired,0.0,5.0,21.3,42.3,49.6,1.7,False
2024,14,Belgian Grand Prix,Spa-Francorchamps,R,2024-07-28,63,RUS,russell,Mercedes,mercedes,George,Russell,https://media.formula1.com/d_driver_fallback_image.png/content/dam/fom-website/drivers/G/GEORUS01_George_Russell/georus01.png.transform/1col/image.png,20.0,20,6.0,,,,,Disqualified,0.0,44.0,21.3,42.3,49.6,1.7,False
2024,15,Dutch Grand Prix,Zandvoort,R,2024-08-25,4,NOR,norris,McLaren,mclaren,Lando,Norris,https://media.formula1.com/d_driver_fallback_image.png/content/dam/fom-website/drivers/L/LANNOR01_Lando_Norris/lannor01.png.transform/1col/image.png,1.0,1,1.0,,,,0 days 01:30:45.519000,Finished,26.0,72.0,19.0,30.8,61.0,4.6,False
2024,15,Dutch Grand Prix,Zandvoort,R,2024-08-25,1,VER,max_verstappen,Red Bull Racing,red_bull,Max,Verstappen,https://media.formula1.com/d_driver_fallback_image.png/content/dam/fom-website/drivers/M/MAXVER01_Max_Verstappen/maxver01.png.transform/1col/image.png,2.0,2,2.0,,,,0 days 00:00:22.896000,Finished,18.0,72.0,19.0,30.8,61.0,4.6,False
2024,15,Dutch Grand Prix,Zandvoort,R,2024-08-25,16,LEC,leclerc,Ferrari,ferrari,Charles,Leclerc,https://media.formula1.com/d_driver_fallback_image.png/content/dam/fom-website/drivers/C/CHALEC01_Charles_Leclerc/chalec01.png.transform/1col/image.png,3.0,3,6.0,,,,0 days 00:00:25.439000,Finished,15.0,72.0,19.0,30.8,61.0,4.6,False
2024,15,Dutch Grand Prix,Zandvoort,R,2024-08-25,81,PIA,piastri,McLaren,mclaren,Oscar,Piastri,https://media.formula1.com/d_driver_fallback_image.png/content/dam/fom-website/drivers/O/OSCPIA01_Oscar_Piastri/oscpia01.png.transform/1col/image.png,4.0,4,3.0,,,,0 days 00:00:27.337000,Finished,12.0,72.0,19.0,30.8,61.0,4.6,False
2024,15,Dutch Grand Prix,Zandvoort,R,2024-08-25,55,SAI,sainz,Ferrari,ferrari,Carlos,Sainz,https://media.formula1.com/d_driver_fallback_image.png/content/dam/fom-website/drivers/C/CARSAI01_Carlos_Sainz/carsai01.png.transform/1col/image.png,5.0,5,10.0,,,,0 days 00:00:32.137000,Finished,10.0,72.0,19.0,30.8,61.0,4.6,False
2024,15,Dutch Grand Prix,Zandvoort,R,2024-08-25,11,PER,perez,Red Bull Racing,red_bull,Sergio,Perez,https://media.formula1.com/d_driver_fallback_image.png/content/dam/fom-website/drivers/S/SERPER01_Sergio_Perez/serper01.png.transform/1col/image.png,6.0,6,5.0,,,,0 days 00:00:39.542000,Finished,8.0,72.0,19.0,30.8,61.0,4.6,False
2024,15,Dutch Grand Prix,Zandvoort,R,2024-08-25,63,RUS,russell,Mercedes,mercedes,George,Russell,https://media.formula1.com/d_driver_fallback_image.png/content/dam/fom-website/drivers/G/GEORUS01_George_Russell/georus01.png.transform/1col/image.png,7.0,7,4.0,,,,0 days 00:00:44.617000,Finished,6.0,72.0,19.0,30.8,61.0,4.6,False
2024,15,Dutch Grand Prix,Zandvoort,R,2024-08-25,44,HAM,hamilton,Mercedes,mercedes,Lewis,Hamilton,https://media.formula1.com/d_driver_fallback_image.png/content/dam/fom-website/drivers/L/LEWHAM01_Lewis_Hamilton/lewham01.png.transform/1col/image.png,8.0,8,14.0,,,,0 days 00:00:49.599000,Finished,4.0,72.0,19.0,30.8,61.0,4.6,False
2024,15,Dutch Grand Prix,Zandvoort,R,2024-08-25,10,GAS,gasly,Alpine,alpine,Pierre,Gasly,https://media.formula1.com/d_driver_fallback_image.png/content/dam/fom-website/drivers/P/PIEGAS01_Pierre_Gasly/piegas01.png.transform/1col/image.png,9.0,9,9.0,,,,0 days 00:00:08.604000,Lapped,2.0,71.0,19.0,30.8,61.0,4.6,False
2024,15,Dutch Grand Prix,Zandvoort,R,2024-08-25,14,ALO,alonso,Aston Martin,aston_martin,Fernando,Alonso,https://media.formula1.com/d_driver_fallback_image.png/content/dam/fom-website/drivers/F/FERALO01_Fernando_Alonso/feralo01.png.transform/1col/image.png,10.0,10,7.0,,,,0 days 00:00:13.533000,Lapped,1.0,71.0,19.0,30.8,61.0,4.6,False
2024,15,Dutch Grand Prix,Zandvoort,R,2024-08-25,27,HUL,hulkenberg,Haas F1 Team,haas,Nico,Hulkenberg,https://media.formula1.com/d_driver_fallback_image.png/content/dam/fom-website/drivers/N/NICHUL01_Nico_Hulkenberg/nichul01.png.transform/1col/image.png,11.0,11,12.0,,,,0 days 00:00:19.214000,Lapped,0.0,71.0,19.0,30.8,61.0,4.6,False
2024,15,Dutch Grand Prix,Zandvoort,R,2024-08-25,3,RIC,ricciardo,RB,rb,Daniel,Ricciardo,https://media.formula1.com/d_driver_fallback_image.png/content/dam/fom-website/drivers/D/DANRIC01_Daniel_Ricciardo/danric01.png.transform/1col/image.png,12.0,12,13.0,,,,0 days 00:00:21.067000,Lapped,0.0,71.0,19.0,30.8,61.0,4.6,False
2024,15,Dutch Grand Prix,Zandvoort,R,2024-08-25,18,STR,stroll,Aston Martin,aston_martin,Lance,Stroll,https://media.formula1.com/d_driver_fallback_image.png/content/dam/fom-website/drivers/L/LANSTR01_Lance_Stroll/lanstr01.png.transform/1col/image.png,13.0,13,8.0,,,,0 days 00:00:25.712000,Lapped,0.0,71.0,19.0,30.8,61.0,4.6,False
2024,15,Dutch Grand Prix,Zandvoort,R,2024-08-25,23,ALB,albon,Williams,williams,Alexander,Albon,https://media.formula1.com/d_driver_fallback_image.png/content/dam/fom-website/drivers/A/ALEALB01_Alexander_Albon/alealb01.png.transform/1col/image.png,14.0,14,19.0,,,,0 days 00:00:40.711000,Lapped,0.0,71.0,19.0,30.8,61.0,4.6,False
2024,15,Dutch Grand Prix,Zandvoort,R,2024-08-25,31,OCO,ocon,Alpine,alpine,Esteban,Ocon,https://media.formula1.com/d_driver_fallback_image.png/content/dam/fom-website/drivers/E/ESTOCO01_Esteban_Ocon/estoco01.png.transform/1col/image.png,15.0,15,15.0,,,,0 days 00:00:46.878000,Lapped,0.0,71.0,19.0,30.8,61.0,4.6,False
2024,15,Dutch Grand Prix,Zandvoort,R,2024-08-25,2,SAR,sargeant,Williams,williams,Logan,Sargeant,https://media.formula1.com/d_driver_fallback_image.png/content/dam/fom-website/drivers/L/LOGSAR01_Logan_Sargeant/logsar01.png.transform/1col/image.png,16.0,16,18.0,,,,0 days 00:01:04.539000,Lapped,0.0,71.0,19.0,30.8,61.0,4.6,False
2024,15,Dutch Grand Prix,Zandvoort,R,2024-08-25,22,TSU,tsunoda,RB,rb,Yuki,Tsunoda,https://media.formula1.com/d_driver_fallback_image.png/content/dam/fom-website/drivers/Y/YUKTSU01_Yuki_Tsunoda/yuktsu01.png.transform/1col/image.png,17.0,17,11.0,,,,0 days 00:01:05.146000,Lapped,0.0,71.0,19.0,30.8,61.0,4.6,False
2024,15,Dutch Grand Prix,Zandvoort,R,2024-08-25,20,MAG,kevin_magnussen,Haas F1 Team,haas,Kevin,Magnussen,https://media.formula1.com/d_driver_fallback_image.png/content/dam/fom-website/drivers/K/KEVMAG01_Kevin_Magnussen/kevmag01.png.transform/1col/image.png,18.0,18,20.0,,,,0 days 00:01:05.707000,Lapped,0.0,71.0,19.0,30.8,61.0,4.6,False
2024,15,Dutch Grand Prix,Zandvoort,R,2024-08-25,77,BOT,bottas,Kick Sauber,sauber,Valtteri,Bottas,https://media.formula1.com/d_driver_fallback_image.png/content/dam/fom-website/drivers/V/VALBOT01_Valtteri_Bottas/valbot01.png.transform/1col/image.png,19.0,19,16.0,,,,0 days 00:00:03.248000,Lapped,0.0,70.0,19.0,30.8,61.0,4.6,False
2024,15,Dutch Grand Prix,Zandvoort,R,2024-08-25,24,ZHO,zhou,Kick Sauber,sauber,Guanyu,Zhou,https://media.formula1.com/d_driver_fallback_image.png/content/dam/fom-website/drivers/G/GUAZHO01_Guanyu_Zhou/guazho01.png.transform/1col/image.png,20.0,20,17.0,,,,0 days 00:00:36.019000,Lapped,0.0,70.0,19.0,30.8,61.0,4.6,False
2024,16,Italian Grand Prix,Monza,R,2024-09-01,16,LEC,leclerc,Ferrari,ferrari,Charles,Leclerc,https://media.formula1.com/d_driver_fallback_image.png/content/dam/fom-website/drivers/C/CHALEC01_Charles_Leclerc/chalec01.png.transform/1col/image.png,1.0,1,4.0,,,,0 days 01:14:40.727000,Finished,25.0,53.0,33.1,49.3,32.3,1.5,False
2024,16,Italian Grand Prix,Monza,R,2024-09-01,81,PIA,piastri,McLaren,mclaren,Oscar,Piastri,https://media.formula1.com/d_driver_fallback_image.png/content/dam/fom-website/drivers/O/OSCPIA01_Oscar_Piastri/oscpia01.png.transform/1col/image.png,2.0,2,2.0,,,,0 days 00:00:02.664000,Finished,18.0,53.0,33.1,49.3,32.3,1.5,False
2024,16,Italian Grand Prix,Monza,R,2024-09-01,4,NOR,norris,McLaren,mclaren,Lando,Norris,https://media.formula1.com/d_driver_fallback_image.png/content/dam/fom-website/drivers/L/LANNOR01_Lando_Norris/lannor01.png.transform/1col/image.png,3.0,3,1.0,,,,0 days 00:00:06.153000,Finished,16.0,53.0,33.1,49.3,32.3,1.5,False
2024,16,Italian Grand Prix,Monza,R,2024-09-01,55,SAI,sainz,Ferrari,ferrari,Carlos,Sainz,https://media.formula1.com/d_driver_fallback_image.png/content/dam/fom-website/drivers/C/CARSAI01_Carlos_Sainz/carsai01.png.transform/1col/image.png,4.0,4,5.0,,,,0 days 00:00:15.621000,Finished,12.0,53.0,33.1,49.3,32.3,1.5,False
2024,16,Italian Grand Prix,Monza,R,2024-09-01,44,HAM,hamilton,Mercedes,mercedes,Lewis,Hamilton,https://media.formula1.com/d_driver_fallback_image.png/content/dam/fom-website/drivers/L/LEWHAM01_Lewis_Hamilton/lewham01.png.transform/1col/image.png,5.0,5,6.0,,,,0 days 00:00:22.820000,Finished,10.0,53.0,33.1,49.3,32.3,1.5,False
2024,16,Italian Grand Prix,Monza,R,2024-09-01,1,VER,max_verstappen,Red Bull Racing,red_bull,Max,Verstappen,https://media.formula1.com/d_driver_fallback_image.png/content/dam/fom-website/drivers/M/MAXVER01_Max_Verstappen/maxver01.png.transform/1col/image.png,6.0,6,7.0,,,,0 days 00:00:37.932000,Finished,8.0,53.0,33.1,49.3,32.3,1.5,False
2024,16,Italian Grand Prix,Monza,R,2024-09-01,63,RUS,russell,Mercedes,mercedes,George,Russell,https://media.formula1.com/d_driver_fallback_image.png/content/dam/fom-website/drivers/G/GEORUS01_George_Russell/georus01.png.transform/1col/image.png,7.0,7,3.0,,,,0 days 00:00:39.715000,Finished,6.0,53.0,33.1,49.3,32.3,1.5,False
2024,16,Italian Grand Prix,Monza,R,2024-09-01,11,PER,perez,Red Bull Racing,red_bull,Sergio,Perez,https://media.formula1.com/d_driver_fallback_image.png/content/dam/fom-website/drivers/S/SERPER01_Sergio_Perez/serper01.png.transform/1col/image.png,8.0,8,8.0,,,,0 days 00:00:54.148000,Finished,4.0,53.0,33.1,49.3,32.3,1.5,False
2024,16,Italian Grand Prix,Monza,R,2024-09-01,23,ALB,albon,Williams,williams,Alexander,Albon,https://media.formula1.com/d_driver_fallback_image.png/content/dam/fom-website/drivers/A/ALEALB01_Alexander_Albon/alealb01.png.transform/1col/image.png,9.0,9,9.0,,,,0 days 00:01:07.456000,Finished,2.0,53.0,33.1,49.3,32.3,1.5,False
2024,16,Italian Grand Prix,Monza,R,2024-09-01,20,MAG,kevin_magnussen,Haas F1 Team,haas,Kevin,Magnussen,https://media.formula1.com/d_driver_fallback_image.png/content/dam/fom-website/drivers/K/KEVMAG01_Kevin_Magnussen/kevmag01.png.transform/1col/image.png,10.0,10,13.0,,,,0 days 00:01:08.302000,Finished,1.0,53.0,33.1,49.3,32.3,1.5,False
2024,16,Italian Grand Prix,Monza,R,2024-09-01,14,ALO,alonso,Aston Martin,aston_martin,Fernando,Alonso,https://media.formula1.com/d_driver_fallback_image.png/content/dam/fom-website/drivers/F/FERALO01_Fernando_Alonso/feralo01.png.transform/1col/image.png,11.0,11,11.0,,,,0 days 00:01:08.495000,Finished,0.0,53.0,33.1,49.3,32.3,1.5,False
2024,16,Italian Grand Prix,Monza,R,2024-09-01,43,COL,colapinto,Williams,williams,Franco,Colapinto,None,12.0,12,18.0,,,,0 days 00:01:21.308000,Finished,0.0,53.0,33.1,49.3,32.3,1.5,False
2024,16,Italian Grand Prix,Monza,R,2024-09-01,3,RIC,ricciardo,RB,rb,Daniel,Ricciardo,https://media.formula1.com/d_driver_fallback_image.png/content/dam/fom-website/drivers/D/DANRIC01_Daniel_Ricciardo/danric01.png.transform/1col/image.png,13.0,13,12.0,,,,0 days 00:01:33.452000,Finished,0.0,53.0,33.1,49.3,32.3,1.5,False
2024,16,Italian Grand Prix,Monza,R,2024-09-01,31,OCO,ocon,Alpine,alpine,Esteban,Ocon,https://media.formula1.com/d_driver_fallback_image.png/content/dam/fom-website/drivers/E/ESTOCO01_Esteban_Ocon/estoco01.png.transform/1col/image.png,14.0,14,15.0,,,,0 days 00:00:12.659000,Lapped,0.0,52.0,33.1,49.3,32.3,1.5,False
2024,16,Italian Grand Prix,Monza,R,2024-09-01,10,GAS,gasly,Alpine,alpine,Pierre,Gasly,https://media.formula1.com/d_driver_fallback_image.png/content/dam/fom-website/drivers/P/PIEGAS01_Pierre_Gasly/piegas01.png.transform/1col/image.png,15.0,15,14.0,,,,0 days 00:00:18.344000,Lapped,0.0,52.0,33.1,49.3,32.3,1.5,False
2024,16,Italian Grand Prix,Monza,R,2024-09-01,77,BOT,bottas,Kick Sauber,sauber,Valtteri,Bottas,https://media.formula1.com/d_driver_fallback_image.png/content/dam/fom-website/drivers/V/VALBOT01_Valtteri_Bottas/valbot01.png.transform/1col/image.png,16.0,16,19.0,,,,0 days 00:00:27.211000,Lapped,0.0,52.0,33.1,49.3,32.3,1.5,False
2024,16,Italian Grand Prix,Monza,R,2024-09-01,27,HUL,hulkenberg,Haas F1 Team,haas,Nico,Hulkenberg,https://media.formula1.com/d_driver_fallback_image.png/content/dam/fom-website/drivers/N/NICHUL01_Nico_Hulkenberg/nichul01.png.transform/1col/image.png,17.0,17,10.0,,,,0 days 00:00:30.870000,Lapped,0.0,52.0,33.1,49.3,32.3,1.5,False
2024,16,Italian Grand Prix,Monza,R,2024-09-01,24,ZHO,zhou,Kick Sauber,sauber,Guanyu,Zhou,https://media.formula1.com/d_driver_fallback_image.png/content/dam/fom-website/drivers/G/GUAZHO01_Guanyu_Zhou/guazho01.png.transform/1col/image.png,18.0,18,20.0,,,,0 days 00:00:40.055000,Lapped,0.0,52.0,33.1,49.3,32.3,1.5,False
2024,16,Italian Grand Prix,Monza,R,2024-09-01,18,STR,stroll,Aston Martin,aston_martin,Lance,Stroll,https://media.formula1.com/d_driver_fallback_image.png/content/dam/fom-website/drivers/L/LANSTR01_Lance_Stroll/lanstr01.png.transform/1col/image.png,19.0,19,17.0,,,,0 days 00:00:43.508000,Lapped,0.0,52.0,33.1,49.3,32.3,1.5,False
2024,16,Italian Grand Prix,Monza,R,2024-09-01,22,TSU,tsunoda,RB,rb,Yuki,Tsunoda,https://media.formula1.com/d_driver_fallback_image.png/content/dam/fom-website/drivers/Y/YUKTSU01_Yuki_Tsunoda/yuktsu01.png.transform/1col/image.png,20.0,R,16.0,,,,,Retired,0.0,7.0,33.1,49.3,32.3,1.5,False
2024,17,Azerbaijan Grand Prix,Baku,R,2024-09-15,81,PIA,piastri,McLaren,mclaren,Oscar,Piastri,https://media.formula1.com/d_driver_fallback_image.png/content/dam/fom-website/drivers/O/OSCPIA01_Oscar_Piastri/oscpia01.png.transform/1col/image.png,1.0,1,2.0,,,,0 days 01:32:58.007000,Finished,25.0,51.0,26.7,44.3,38.0,1.6,False
2024,17,Azerbaijan Grand Prix,Baku,R,2024-09-15,16,LEC,leclerc,Ferrari,ferrari,Charles,Leclerc,https://media.formula1.com/d_driver_fallback_image.png/content/dam/fom-website/drivers/C/CHALEC01_Charles_Leclerc/chalec01.png.transform/1col/image.png,2.0,2,1.0,,,,0 days 00:00:10.910000,Finished,18.0,51.0,26.7,44.3,38.0,1.6,False
2024,17,Azerbaijan Grand Prix,Baku,R,2024-09-15,63,RUS,russell,Mercedes,mercedes,George,Russell,https://media.formula1.com/d_driver_fallback_image.png/content/dam/fom-website/drivers/G/GEORUS01_George_Russell/georus01.png.transform/1col/image.png,3.0,3,5.0,,,,0 days 00:00:31.328000,Finished,15.0,51.0,26.7,44.3,38.0,1.6,False
2024,17,Azerbaijan Grand Prix,Baku,R,2024-09-15,4,NOR,norris,McLaren,mclaren,Lando,Norris,https://media.formula1.com/d_driver_fallback_image.png/content/dam/fom-website/drivers/L/LANNOR01_Lando_Norris/lannor01.png.transform/1col/image.png,4.0,4,15.0,,,,0 days 00:00:36.143000,Finished,13.0,51.0,26.7,44.3,38.0,1.6,False
2024,17,Azerbaijan Grand Prix,Baku,R,2024-09-15,1,VER,max_verstappen,Red Bull Racing,red_bull,Max,Verstappen,https://media.formula1.com/d_driver_fallback_image.png/content/dam/fom-website/drivers/M/MAXVER01_Max_Verstappen/maxver01.png.transform/1col/image.png,5.0,5,6.0,,,,0 days 00:01:17.098000,Finished,10.0,51.0,26.7,44.3,38.0,1.6,False
2024,17,Azerbaijan Grand Prix,Baku,R,2024-09-15,14,ALO,alonso,Aston Martin,aston_martin,Fernando,Alonso,https://media.formula1.com/d_driver_fallback_image.png/content/dam/fom-website/drivers/F/FERALO01_Fernando_Alonso/feralo01.png.transform/1col/image.png,6.0,6,7.0,,,,0 days 00:01:25.468000,Finished,8.0,51.0,26.7,44.3,38.0,1.6,False
2024,17,Azerbaijan Grand Prix,Baku,R,2024-09-15,23,ALB,albon,Williams,williams,Alexander,Albon,https://media.formula1.com/d_driver_fallback_image.png/content/dam/fom-website/drivers/A/ALEALB01_Alexander_Albon/alealb01.png.transform/1col/image.png,7.0,7,9.0,,,,0 days 00:01:27.396000,Finished,6.0,51.0,26.7,44.3,38.0,1.6,False
2024,17,Azerbaijan Grand Prix,Baku,R,2024-09-15,43,COL,colapinto,Williams,williams,Franco,Colapinto,None,8.0,8,8.0,,,,0 days 00:01:29.541000,Finished,4.0,51.0,26.7,44.3,38.0,1.6,False
2024,17,Azerbaijan Grand Prix,Baku,R,2024-09-15,44,HAM,hamilton,Mercedes,mercedes,Lewis,Hamilton,https://media.formula1.com/d_driver_fallback_image.png/content/dam/fom-website/drivers/L/LEWHAM01_Lewis_Hamilton/lewham01.png.transform/1col/image.png,9.0,9,19.0,,,,0 days 00:01:32.401000,Finished,2.0,51.0,26.7,44.3,38.0,1.6,False
2024,17,Azerbaijan Grand Prix,Baku,R,2024-09-15,50,BEA,bearman,Haas F1 Team,haas,Oliver,Bearman,None,10.0,10,10.0,,,,0 days 00:01:33.127000,Finished,1.0,51.0,26.7,44.3,38.0,1.6,False
2024,17,Azerbaijan Grand Prix,Baku,R,2024-09-15,27,HUL,hulkenberg,Haas F1 Team,haas,Nico,Hulkenberg,https://media.formula1.com/d_driver_fallback_image.png/content/dam/fom-website/drivers/N/NICHUL01_Nico_Hulkenberg/nichul01.png.transform/1col/image.png,11.0,11,12.0,,,,0 days 00:01:33.465000,Finished,0.0,51.0,26.7,44.3,38.0,1.6,False
2024,17,Azerbaijan Grand Prix,Baku,R,2024-09-15,10,GAS,gasly,Alpine,alpine,Pierre,Gasly,https://media.formula1.com/d_driver_fallback_image.png/content/dam/fom-website/drivers/P/PIEGAS01_Pierre_Gasly/piegas01.png.transform/1col/image.png,12.0,12,18.0,,,,0 days 00:01:57.189000,Finished,0.0,51.0,26.7,44.3,38.0,1.6,False
2024,17,Azerbaijan Grand Prix,Baku,R,2024-09-15,3,RIC,ricciardo,RB,rb,Daniel,Ricciardo,https://media.formula1.com/d_driver_fallback_image.png/content/dam/fom-website/drivers/D/DANRIC01_Daniel_Ricciardo/danric01.png.transform/1col/image.png,13.0,13,14.0,,,,0 days 00:02:26.907000,Finished,0.0,51.0,26.7,44.3,38.0,1.6,False
2024,17,Azerbaijan Grand Prix,Baku,R,2024-09-15,24,ZHO,zhou,Kick Sauber,sauber,Guanyu,Zhou,https://media.formula1.com/d_driver_fallback_image.png/content/dam/fom-website/drivers/G/GUAZHO01_Guanyu_Zhou/guazho01.png.transform/1col/image.png,14.0,14,17.0,,,,0 days 00:02:28.841000,Finished,0.0,51.0,26.7,44.3,38.0,1.6,False
2024,17,Azerbaijan Grand Prix,Baku,R,2024-09-15,31,OCO,ocon,Alpine,alpine,Esteban,Ocon,https://media.formula1.com/d_driver_fallback_image.png/content/dam/fom-website/drivers/E/ESTOCO01_Esteban_Ocon/estoco01.png.transform/1col/image.png,15.0,15,20.0,,,,0 days 00:00:21.344000,Lapped,0.0,50.0,26.7,44.3,38.0,1.6,False
2024,17,Azerbaijan Grand Prix,Baku,R,2024-09-15,77,BOT,bottas,Kick Sauber,sauber,Valtteri,Bottas,https://media.formula1.com/d_driver_fallback_image.png/content/dam/fom-website/drivers/V/VALBOT01_Valtteri_Bottas/valbot01.png.transform/1col/image.png,16.0,16,16.0,,,,0 days 00:00:25.395000,Lapped,0.0,50.0,26.7,44.3,38.0,1.6,False
2024,17,Azerbaijan Grand Prix,Baku,R,2024-09-15,11,PER,perez,Red Bull Racing,red_bull,Sergio,Perez,https://media.formula1.com/d_driver_fallback_image.png/content/dam/fom-website/drivers/S/SERPER01_Sergio_Perez/serper01.png.transform/1col/image.png,17.0,17,4.0,,,,,Retired,0.0,49.0,26.7,44.3,38.0,1.6,False
2024,17,Azerbaijan Grand Prix,Baku,R,2024-09-15,55,SAI,sainz,Ferrari,ferrari,Carlos,Sainz,https://media.formula1.com/d_driver_fallback_image.png/content/dam/fom-website/drivers/C/CARSAI01_Carlos_Sainz/carsai01.png.transform/1col/image.png,18.0,18,3.0,,,,,Retired,0.0,49.0,26.7,44.3,38.0,1.6,False
2024,17,Azerbaijan Grand Prix,Baku,R,2024-09-15,18,STR,stroll,Aston Martin,aston_martin,Lance,Stroll,https://media.formula1.com/d_driver_fallback_image.png/content/dam/fom-website/drivers/L/LANSTR01_Lance_Stroll/lanstr01.png.transform/1col/image.png,19.0,19,13.0,,,,,Retired,0.0,45.0,26.7,44.3,38.0,1.6,False
2024,17,Azerbaijan Grand Prix,Baku,R,2024-09-15,22,TSU,tsunoda,RB,rb,Yuki,Tsunoda,https://media.formula1.com/d_driver_fallback_image.png/content/dam/fom-website/drivers/Y/YUKTSU01_Yuki_Tsunoda/yuktsu01.png.transform/1col/image.png,20.0,R,11.0,,,,,Retired,0.0,14.0,26.7,44.3,38.0,1.6,False
2024,18,Singapore Grand Prix,Marina Bay,R,2024-09-22,4,NOR,norris,McLaren,mclaren,Lando,Norris,https://media.formula1.com/d_driver_fallback_image.png/content/dam/fom-website/drivers/L/LANNOR01_Lando_Norris/lannor01.png.transform/1col/image.png,1.0,1,1.0,,,,0 days 01:40:52.571000,Finished,25.0,62.0,30.8,36.4,74.6,1.0,False
2024,18,Singapore Grand Prix,Marina Bay,R,2024-09-22,1,VER,max_verstappen,Red Bull Racing,red_bull,Max,Verstappen,https://media.formula1.com/d_driver_fallback_image.png/content/dam/fom-website/drivers/M/MAXVER01_Max_Verstappen/maxver01.png.transform/1col/image.png,2.0,2,2.0,,,,0 days 00:00:20.945000,Finished,18.0,62.0,30.8,36.4,74.6,1.0,False
2024,18,Singapore Grand Prix,Marina Bay,R,2024-09-22,81,PIA,piastri,McLaren,mclaren,Oscar,Piastri,https://media.formula1.com/d_driver_fallback_image.png/content/dam/fom-website/drivers/O/OSCPIA01_Oscar_Piastri/oscpia01.png.transform/1col/image.png,3.0,3,5.0,,,,0 days 00:00:41.823000,Finished,15.0,62.0,30.8,36.4,74.6,1.0,False
2024,18,Singapore Grand Prix,Marina Bay,R,2024-09-22,63,RUS,russell,Mercedes,mercedes,George,Russell,https://media.formula1.com/d_driver_fallback_image.png/content/dam/fom-website/drivers/G/GEORUS01_George_Russell/georus01.png.transform/1col/image.png,4.0,4,4.0,,,,0 days 00:01:01.040000,Finished,12.0,62.0,30.8,36.4,74.6,1.0,False
2024,18,Singapore Grand Prix,Marina Bay,R,2024-09-22,16,LEC,leclerc,Ferrari,ferrari,Charles,Leclerc,https://media.formula1.com/d_driver_fallback_image.png/content/dam/fom-website/drivers/C/CHALEC01_Charles_Leclerc/chalec01.png.transform/1col/image.png,5.0,5,9.0,,,,0 days 00:01:02.430000,Finished,10.0,62.0,30.8,36.4,74.6,1.0,False
2024,18,Singapore Grand Prix,Marina Bay,R,2024-09-22,44,HAM,hamilton,Mercedes,mercedes,Lewis,Hamilton,https://media.formula1.com/d_driver_fallback_image.png/content/dam/fom-website/drivers/L/LEWHAM01_Lewis_Hamilton/lewham01.png.transform/1col/image.png,6.0,6,3.0,,,,0 days 00:01:25.248000,Finished,8.0,62.0,30.8,36.4,74.6,1.0,False
2024,18,Singapore Grand Prix,Marina Bay,R,2024-09-22,55,SAI,sainz,Ferrari,ferrari,Carlos,Sainz,https://media.formula1.com/d_driver_fallback_image.png/content/dam/fom-website/drivers/C/CARSAI01_Carlos_Sainz/carsai01.png.transform/1col/image.png,7.0,7,10.0,,,,0 days 00:01:36.039000,Finished,6.0,62.0,30.8,36.4,74.6,1.0,False
2024,18,Singapore Grand Prix,Marina Bay,R,2024-09-22,14,ALO,alonso,Aston Martin,aston_martin,Fernando,Alonso,https://media.formula1.com/d_driver_fallback_image.png/content/dam/fom-website/drivers/F/FERALO01_Fernando_Alonso/feralo01.png.transform/1col/image.png,8.0,8,7.0,,,,0 days 00:00:00.873000,Lapped,4.0,61.0,30.8,36.4,74.6,1.0,False
2024,18,Singapore Grand Prix,Marina Bay,R,2024-09-22,27,HUL,hulkenberg,Haas F1 Team,haas,Nico,Hulkenberg,https://media.formula1.com/d_driver_fallback_image.png/content/dam/fom-website/drivers/N/NICHUL01_Nico_Hulkenberg/nichul01.png.transform/1col/image.png,9.0,9,6.0,,,,0 days 00:00:03.140000,Lapped,2.0,61.0,30.8,36.4,74.6,1.0,False
2024,18,Singapore Grand Prix,Marina Bay,R,2024-09-22,11,PER,perez,Red Bull Racing,red_bull,Sergio,Perez,https://media.formula1.com/d_driver_fallback_image.png/content/dam/fom-website/drivers/S/SERPER01_Sergio_Perez/serper01.png.transform/1col/image.png,10.0,10,13.0,,,,0 days 00:00:04.624000,Lapped,1.0,61.0,30.8,36.4,74.6,1.0,False
2024,18,Singapore Grand Prix,Marina Bay,R,2024-09-22,43,COL,colapinto,Williams,williams,Franco,Colapinto,None,11.0,11,12.0,,,,0 days 00:00:06.284000,Lapped,0.0,61.0,30.8,36.4,74.6,1.0,False
2024,18,Singapore Grand Prix,Marina Bay,R,2024-09-22,22,TSU,tsunoda,RB,rb,Yuki,Tsunoda,https://media.formula1.com/d_driver_fallback_image.png/content/dam/fom-website/drivers/Y/YUKTSU01_Yuki_Tsunoda/yuktsu01.png.transform/1col/image.png,12.0,12,8.0,,,,0 days 00:00:08.792000,Lapped,0.0,61.0,30.8,36.4,74.6,1.0,False
2024,18,Singapore Grand Prix,Marina Bay,R,2024-09-22,31,OCO,ocon,Alpine,alpine,Esteban,Ocon,https://media.formula1.com/d_driver_fallback_image.png/content/dam/fom-website/drivers/E/ESTOCO01_Esteban_Ocon/estoco01.png.transform/1col/image.png,13.0,13,15.0,,,,0 days 00:00:44.005000,Lapped,0.0,61.0,30.8,36.4,74.6,1.0,False
2024,18,Singapore Grand Prix,Marina Bay,R,2024-09-22,18,STR,stroll,Aston Martin,aston_martin,Lance,Stroll,https://media.formula1.com/d_driver_fallback_image.png/content/dam/fom-website/drivers/L/LANSTR01_Lance_Stroll/lanstr01.png.transform/1col/image.png,14.0,14,17.0,,,,0 days 00:00:47.571000,Lapped,0.0,61.0,30.8,36.4,74.6,1.0,False
2024,18,Singapore Grand Prix,Marina Bay,R,2024-09-22,24,ZHO,zhou,Kick Sauber,sauber,Guanyu,Zhou,https://media.formula1.com/d_driver_fallback_image.png/content/dam/fom-website/drivers/G/GUAZHO01_Guanyu_Zhou/guazho01.png.transform/1col/image.png,15.0,15,20.0,,,,0 days 00:00:57.220000,Lapped,0.0,61.0,30.8,36.4,74.6,1.0,False
2024,18,Singapore Grand Prix,Marina Bay,R,2024-09-22,77,BOT,bottas,Kick Sauber,sauber,Valtteri,Bottas,https://media.formula1.com/d_driver_fallback_image.png/content/dam/fom-website/drivers/V/VALBOT01_Valtteri_Bottas/valbot01.png.transform/1col/image.png,16.0,16,19.0,,,,0 days 00:00:57.829000,Lapped,0.0,61.0,30.8,36.4,74.6,1.0,False
2024,18,Singapore Grand Prix,Marina Bay,R,2024-09-22,10,GAS,gasly,Alpine,alpine,Pierre,Gasly,https://media.formula1.com/d_driver_fallback_image.png/content/dam/fom-website/drivers/P/PIEGAS01_Pierre_Gasly/piegas01.png.transform/1col/image.png,17.0,17,18.0,,,,0 days 00:00:59.059000,Lapped,0.0,61.0,30.8,36.4,74.6,1.0,False
2024,18,Singapore Grand Prix,Marina Bay,R,2024-09-22,3,RIC,ricciardo,RB,rb,Daniel,Ricciardo,https://media.formula1.com/d_driver_fallback_image.png/content/dam/fom-website/drivers/D/DANRIC01_Daniel_Ricciardo/danric01.png.transform/1col/image.png,18.0,18,16.0,,,,0 days 00:01:29.796000,Lapped,0.0,61.0,30.8,36.4,74.6,1.0,False
2024,18,Singapore Grand Prix,Marina Bay,R,2024-09-22,20,MAG,kevin_magnussen,Haas F1 Team,haas,Kevin,Magnussen,https://media.formula1.com/d_driver_fallback_image.png/content/dam/fom-website/drivers/K/KEVMAG01_Kevin_Magnussen/kevmag01.png.transform/1col/image.png,19.0,19,14.0,,,,,Retired,0.0,57.0,30.8,36.4,74.6,1.0,False
2024,18,Singapore Grand Prix,Marina Bay,R,2024-09-22,23,ALB,albon,Williams,williams,Alexander,Albon,https://media.formula1.com/d_driver_fallback_image.png/content/dam/fom-website/drivers/A/ALEALB01_Alexander_Albon/alealb01.png.transform/1col/image.png,20.0,R,11.0,,,,,Retired,0.0,15.0,30.8,36.4,74.6,1.0,False
2024,19,United States Grand Prix,Austin,R,2024-10-20,16,LEC,leclerc,Ferrari,ferrari,Charles,Leclerc,https://media.formula1.com/d_driver_fallback_image.png/content/dam/fom-website/drivers/C/CHALEC01_Charles_Leclerc/chalec01.png.transform/1col/image.png,1.0,1,4.0,,,,0 days 01:35:09.639000,Finished,25.0,56.0,28.1,46.6,35.5,1.5,False
2024,19,United States Grand Prix,Austin,R,2024-10-20,55,SAI,sainz,Ferrari,ferrari,Carlos,Sainz,https://media.formula1.com/d_driver_fallback_image.png/content/dam/fom-website/drivers/C/CARSAI01_Carlos_Sainz/carsai01.png.transform/1col/image.png,2.0,2,3.0,,,,0 days 00:00:08.562000,Finished,18.0,56.0,28.1,46.6,35.5,1.5,False
2024,19,United States Grand Prix,Austin,R,2024-10-20,1,VER,max_verstappen,Red Bull Racing,red_bull,Max,Verstappen,https://media.formula1.com/d_driver_fallback_image.png/content/dam/fom-website/drivers/M/MAXVER01_Max_Verstappen/maxver01.png.transform/1col/image.png,3.0,3,2.0,,,,0 days 00:00:19.412000,Finished,15.0,56.0,28.1,46.6,35.5,1.5,False
2024,19,United States Grand Prix,Austin,R,2024-10-20,4,NOR,norris,McLaren,mclaren,Lando,Norris,https://media.formula1.com/d_driver_fallback_image.png/content/dam/fom-website/drivers/L/LANNOR01_Lando_Norris/lannor01.png.transform/1col/image.png,4.0,4,1.0,,,,0 days 00:00:20.354000,Finished,12.0,56.0,28.1,46.6,35.5,1.5,False
2024,19,United States Grand Prix,Austin,R,2024-10-20,81,PIA,piastri,McLaren,mclaren,Oscar,Piastri,https://media.formula1.com/d_driver_fallback_image.png/content/dam/fom-website/drivers/O/OSCPIA01_Oscar_Piastri/oscpia01.png.transform/1col/image.png,5.0,5,5.0,,,,0 days 00:00:21.921000,Finished,10.0,56.0,28.1,46.6,35.5,1.5,False
2024,19,United States Grand Prix,Austin,R,2024-10-20,63,RUS,russell,Mercedes,mercedes,George,Russell,https://media.formula1.com/d_driver_fallback_image.png/content/dam/fom-website/drivers/G/GEORUS01_George_Russell/georus01.png.transform/1col/image.png,6.0,6,20.0,,,,0 days 00:00:56.295000,Finished,8.0,56.0,28.1,46.6,35.5,1.5,False
2024,19,United States Grand Prix,Austin,R,2024-10-20,11,PER,perez,Red Bull Racing,red_bull,Sergio,Perez,https://media.formula1.com/d_driver_fallback_image.png/content/dam/fom-website/drivers/S/SERPER01_Sergio_Perez/serper01.png.transform/1col/image.png,7.0,7,9.0,,,,0 days 00:00:59.072000,Finished,6.0,56.0,28.1,46.6,35.5,1.5,False
2024,19,United States Grand Prix,Austin,R,2024-10-20,27,HUL,hulkenberg,Haas F1 Team,haas,Nico,Hulkenberg,https://media.formula1.com/d_driver_fallback_image.png/content/dam/fom-website/drivers/N/NICHUL01_Nico_Hulkenberg/nichul01.png.transform/1col/image.png,8.0,8,11.0,,,,0 days 00:01:02.957000,Finished,4.0,56.0,28.1,46.6,35.5,1.5,False
2024,19,United States Grand Prix,Austin,R,2024-10-20,30,LAW,lawson,RB,rb,Liam,Lawson,None,9.0,9,19.0,,,,0 days 00:01:10.563000,Finished,2.0,56.0,28.1,46.6,35.5,1.5,False
2024,19,United States Grand Prix,Austin,R,2024-10-20,43,COL,colapinto,Williams,williams,Franco,Colapinto,None,10.0,10,15.0,,,,0 days 00:01:11.979000,Finished,1.0,56.0,28.1,46.6,35.5,1.5,False
2024,19,United States Grand Prix,Austin,R,2024-10-20,20,MAG,kevin_magnussen,Haas F1 Team,haas,Kevin,Magnussen,https://media.formula1.com/d_driver_fallback_image.png/content/dam/fom-website/drivers/K/KEVMAG01_Kevin_Magnussen/kevmag01.png.transform/1col/image.png,11.0,11,8.0,,,,0 days 00:01:19.782000,Finished,0.0,56.0,28.1,46.6,35.5,1.5,False
2024,19,United States Grand Prix,Austin,R,2024-10-20,10,GAS,gasly,Alpine,alpine,Pierre,Gasly,https://media.formula1.com/d_driver_fallback_image.png/content/dam/fom-website/drivers/P/PIEGAS01_Pierre_Gasly/piegas01.png.transform/1col/image.png,12.0,12,6.0,,,,0 days 00:01:30.558000,Finished,0.0,56.0,28.1,46.6,35.5,1.5,False
2024,19,United States Grand Prix,Austin,R,2024-10-20,14,ALO,alonso,Aston Martin,aston_martin,Fernando,Alonso,https://media.formula1.com/d_driver_fallback_image.png/content/dam/fom-website/drivers/F/FERALO01_Fernando_Alonso/feralo01.png.transform/1col/image.png,13.0,13,7.0,,,,0 days 00:00:01.726000,Lapped,0.0,55.0,28.1,46.6,35.5,1.5,False
2024,19,United States Grand Prix,Austin,R,2024-10-20,22,TSU,tsunoda,RB,rb,Yuki,Tsunoda,https://media.formula1.com/d_driver_fallback_image.png/content/dam/fom-website/drivers/Y/YUKTSU01_Yuki_Tsunoda/yuktsu01.png.transform/1col/image.png,14.0,14,10.0,,,,0 days 00:00:08.212000,Lapped,0.0,55.0,28.1,46.6,35.5,1.5,False
2024,19,United States Grand Prix,Austin,R,2024-10-20,18,STR,stroll,Aston Martin,aston_martin,Lance,Stroll,https://media.formula1.com/d_driver_fallback_image.png/content/dam/fom-website/drivers/L/LANSTR01_Lance_Stroll/lanstr01.png.transform/1col/image.png,15.0,15,13.0,,,,0 days 00:00:16.983000,Lapped,0.0,55.0,28.1,46.6,35.5,1.5,False
2024,19,United States Grand Prix,Austin,R,2024-10-20,23,ALB,albon,Williams,williams,Alexander,Albon,https://media.formula1.com/d_driver_fallback_image.png/content/dam/fom-website/drivers/A/ALEALB01_Alexander_Albon/alealb01.png.transform/1col/image.png,16.0,16,14.0,,,,0 days 00:00:18.092000,Lapped,0.0,55.0,28.1,46.6,35.5,1.5,False
2024,19,United States Grand Prix,Austin,R,2024-10-20,77,BOT,bottas,Kick Sauber,sauber,Valtteri,Bottas,https://media.formula1.com/d_driver_fallback_image.png/content/dam/fom-website/drivers/V/VALBOT01_Valtteri_Bottas/valbot01.png.transform/1col/image.png,17.0,17,16.0,,,,0 days 00:00:34.333000,Lapped,0.0,55.0,28.1,46.6,35.5,1.5,False
2024,19,United States Grand Prix,Austin,R,2024-10-20,31,OCO,ocon,Alpine,alpine,Esteban,Ocon,https://media.formula1.com/d_driver_fallback_image.png/content/dam/fom-website/drivers/E/ESTOCO01_Esteban_Ocon/estoco01.png.transform/1col/image.png,18.0,18,12.0,,,,0 days 00:00:42.112000,Lapped,0.0,55.0,28.1,46.6,35.5,1.5,False
2024,19,United States Grand Prix,Austin,R,2024-10-20,24,ZHO,zhou,Kick Sauber,sauber,Guanyu,Zhou,https://media.formula1.com/d_driver_fallback_image.png/content/dam/fom-website/drivers/G/GUAZHO01_Guanyu_Zhou/guazho01.png.transform/1col/image.png,19.0,19,18.0,,,,0 days 00:00:49.240000,Lapped,0.0,55.0,28.1,46.6,35.5,1.5,False
2024,19,United States Grand Prix,Austin,R,2024-10-20,44,HAM,hamilton,Mercedes,mercedes,Lewis,Hamilton,https://media.formula1.com/d_driver_fallback_image.png/content/dam/fom-website/drivers/L/LEWHAM01_Lewis_Hamilton/lewham01.png.transform/1col/image.png,20.0,R,17.0,,,,,Retired,0.0,1.0,28.1,46.6,35.5,1.5,False
2024,20,Mexico City Grand Prix,Mexico City,R,2024-10-27,55,SAI,sainz,Ferrari,ferrari,Carlos,Sainz,https://media.formula1.com/d_driver_fallback_image.png/content/dam/fom-website/drivers/C/CARSAI01_Carlos_Sainz/carsai01.png.transform/1col/image.png,1.0,1,1.0,,,,0 days 01:40:55.800000,Finished,25.0,71.0,19.9,35.6,51.1,2.2,False
2024,20,Mexico City Grand Prix,Mexico City,R,2024-10-27,4,NOR,norris,McLaren,mclaren,Lando,Norris,https://media.formula1.com/d_driver_fallback_image.png/content/dam/fom-website/drivers/L/LANNOR01_Lando_Norris/lannor01.png.transform/1col/image.png,2.0,2,3.0,,,,0 days 00:00:04.705000,Finished,18.0,71.0,19.9,35.6,51.1,2.2,False
2024,20,Mexico City Grand Prix,Mexico City,R,2024-10-27,16,LEC,leclerc,Ferrari,ferrari,Charles,Leclerc,https://media.formula1.com/d_driver_fallback_image.png/content/dam/fom-website/drivers/C/CHALEC01_Charles_Leclerc/chalec01.png.transform/1col/image.png,3.0,3,4.0,,,,0 days 00:00:34.387000,Finished,16.0,71.0,19.9,35.6,51.1,2.2,False
2024,20,Mexico City Grand Prix,Mexico City,R,2024-10-27,44,HAM,hamilton,Mercedes,mercedes,Lewis,Hamilton,https://media.formula1.com/d_driver_fallback_image.png/content/dam/fom-website/drivers/L/LEWHAM01_Lewis_Hamilton/lewham01.png.transform/1col/image.png,4.0,4,6.0,,,,0 days 00:00:44.780000,Finished,12.0,71.0,19.9,35.6,51.1,2.2,False
2024,20,Mexico City Grand Prix,Mexico City,R,2024-10-27,63,RUS,russell,Mercedes,mercedes,George,Russell,https://media.formula1.com/d_driver_fallback_image.png/content/dam/fom-website/drivers/G/GEORUS01_George_Russell/georus01.png.transform/1col/image.png,5.0,5,5.0,,,,0 days 00:00:48.536000,Finished,10.0,71.0,19.9,35.6,51.1,2.2,False
2024,20,Mexico City Grand Prix,Mexico City,R,2024-10-27,1,VER,max_verstappen,Red Bull Racing,red_bull,Max,Verstappen,https://media.formula1.com/d_driver_fallback_image.png/content/dam/fom-website/drivers/M/MAXVER01_Max_Verstappen/maxver01.png.transform/1col/image.png,6.0,6,2.0,,,,0 days 00:00:59.558000,Finished,8.0,71.0,19.9,35.6,51.1,2.2,False
2024,20,Mexico City Grand Prix,Mexico City,R,2024-10-27,20,MAG,kevin_magnussen,Haas F1 Team,haas,Kevin,Magnussen,https://media.formula1.com/d_driver_fallback_image.png/content/dam/fom-website/drivers/K/KEVMAG01_Kevin_Magnussen/kevmag01.png.transform/1col/image.png,7.0,7,7.0,,,,0 days 00:01:03.642000,Finished,6.0,71.0,19.9,35.6,51.1,2.2,False
2024,20,Mexico City Grand Prix,Mexico City,R,2024-10-27,81,PIA,piastri,McLaren,mclaren,Oscar,Piastri,https://media.formula1.com/d_driver_fallback_image.png/content/dam/fom-website/drivers/O/OSCPIA01_Oscar_Piastri/oscpia01.png.transform/1col/image.png,8.0,8,17.0,,,,0 days 00:01:04.928000,Finished,4.0,71.0,19.9,35.6,51.1,2.2,False
2024,20,Mexico City Grand Prix,Mexico City,R,2024-10-27,27,HUL,hulkenberg,Haas F1 Team,haas,Nico,Hulkenberg,https://media.formula1.com/d_driver_fallback_image.png/content/dam/fom-website/drivers/N/NICHUL01_Nico_Hulkenberg/nichul01.png.transform/1col/image.png,9.0,9,10.0,,,,0 days 00:00:02.720000,Lapped,2.0,70.0,19.9,35.6,51.1,2.2,False
2024,20,Mexico City Grand Prix,Mexico City,R,2024-10-27,10,GAS,gasly,Alpine,alpine,Pierre,Gasly,https://media.formula1.com/d_driver_fallback_image.png/content/dam/fom-website/drivers/P/PIEGAS01_Pierre_Gasly/piegas01.png.transform/1col/image.png,10.0,10,8.0,,,,0 days 00:00:18.587000,Lapped,1.0,70.0,19.9,35.6,51.1,2.2,False
2024,20,Mexico City Grand Prix,Mexico City,R,2024-10-27,18,STR,stroll,Aston Martin,aston_martin,Lance,Stroll,https://media.formula1.com/d_driver_fallback_image.png/content/dam/fom-website/drivers/L/LANSTR01_Lance_Stroll/lanstr01.png.transform/1col/image.png,11.0,11,14.0,,,,0 days 00:00:25.072000,Lapped,0.0,70.0,19.9,35.6,51.1,2.2,False
2024,20,Mexico City Grand Prix,Mexico City,R,2024-10-27,43,COL,colapinto,Williams,williams,Franco,Colapinto,None,12.0,12,16.0,,,,0 days 00:00:37.497000,Lapped,0.0,70.0,19.9,35.6,51.1,2.2,False
2024,20,Mexico City Grand Prix,Mexico City,R,2024-10-27,31,OCO,ocon,Alpine,alpine,Esteban,Ocon,https://media.formula1.com/d_driver_fallback_image.png/content/dam/fom-website/drivers/E/ESTOCO01_Esteban_Ocon/estoco01.png.transform/1col/image.png,13.0,13,0.0,,,,0 days 00:00:39.663000,Lapped,0.0,70.0,19.9,35.6,51.1,2.2,False
2024,20,Mexico City Grand Prix,Mexico City,R,2024-10-27,77,BOT,bottas,Kick Sauber,sauber,Valtteri,Bottas,https://media.formula1.com/d_driver_fallback_image.png/content/dam/fom-website/drivers/V/VALBOT01_Valtteri_Bottas/valbot01.png.transform/1col/image.png,14.0,14,15.0,,,,0 days 00:00:42.227000,Lapped,0.0,70.0,19.9,35.6,51.1,2.2,False
2024,20,Mexico City Grand Prix,Mexico City,R,2024-10-27,24,ZHO,zhou,Kick Sauber,sauber,Guanyu,Zhou,https://media.formula1.com/d_driver_fallback_image.png/content/dam/fom-website/drivers/G/GUAZHO01_Guanyu_Zhou/guazho01.png.transform/1col/image.png,15.0,15,19.0,,,,0 days 00:01:01.722000,Lapped,0.0,70.0,19.9,35.6,51.1,2.2,False
2024,20,Mexico City Grand Prix,Mexico City,R,2024-10-27,30,LAW,lawson,RB,rb,Liam,Lawson,None,16.0,16,12.0,,,,0 days 00:01:04.466000,Lapped,0.0,70.0,19.9,35.6,51.1,2.2,False
2024,20,Mexico City Grand Prix,Mexico City,R,2024-10-27,11,PER,perez,Red Bull Racing,red_bull,Sergio,Perez,https://media.formula1.com/d_driver_fallback_image.png/content/dam/fom-website/drivers/S/SERPER01_Sergio_Perez/serper01.png.transform/1col/image.png,17.0,17,18.0,,,,0 days 00:01:13.284000,Lapped,0.0,70.0,19.9,35.6,51.1,2.2,False
2024,20,Mexico City Grand Prix,Mexico City,R,2024-10-27,14,ALO,alonso,Aston Martin,aston_martin,Fernando,Alonso,https://media.formula1.com/d_driver_fallback_image.png/content/dam/fom-website/drivers/F/FERALO01_Fernando_Alonso/feralo01.png.transform/1col/image.png,18.0,R,13.0,,,,,Retired,0.0,15.0,19.9,35.6,51.1,2.2,False
2024,20,Mexico City Grand Prix,Mexico City,R,2024-10-27,23,ALB,albon,Williams,williams,Alexander,Albon,https://media.formula1.com/d_driver_fallback_image.png/content/dam/fom-website/drivers/A/ALEALB01_Alexander_Albon/alealb01.png.transform/1col/image.png,19.0,R,9.0,,,,,Retired,0.0,0.0,19.9,35.6,51.1,2.2,False
2024,20,Mexico City Grand Prix,Mexico City,R,2024-10-27,22,TSU,tsunoda,RB,rb,Yuki,Tsunoda,https://media.formula1.com/d_driver_fallback_image.png/content/dam/fom-website/drivers/Y/YUKTSU01_Yuki_Tsunoda/yuktsu01.png.transform/1col/image.png,20.0,R,11.0,,,,,Retired,0.0,0.0,19.9,35.6,51.1,2.2,False
2024,21,São Paulo Grand Prix,São Paulo,R,2024-11-03,1,VER,max_verstappen,Red Bull Racing,red_bull,Max,Verstappen,https://media.formula1.com/d_driver_fallback_image.png/content/dam/fom-website/drivers/M/MAXVER01_Max_Verstappen/maxver01.png.transform/1col/image.png,1.0,1,17.0,,,,0 days 02:06:54.430000,Finished,26.0,69.0,21.7,25.8,85.3,0.7,True
2024,21,São Paulo Grand Prix,São Paulo,R,2024-11-03,31,OCO,ocon,Alpine,alpine,Esteban,Ocon,https://media.formula1.com/d_driver_fallback_image.png/content/dam/fom-website/drivers/E/ESTOCO01_Esteban_Ocon/estoco01.png.transform/1col/image.png,2.0,2,4.0,,,,0 days 00:00:19.477000,Finished,18.0,69.0,21.7,25.8,85.3,0.7,True
2024,21,São Paulo Grand Prix,São Paulo,R,2024-11-03,10,GAS,gasly,Alpine,alpine,Pierre,Gasly,https://media.formula1.com/d_driver_fallback_image.png/content/dam/fom-website/drivers/P/PIEGAS01_Pierre_Gasly/piegas01.png.transform/1col/image.png,3.0,3,13.0,,,,0 days 00:00:22.532000,Finished,15.0,69.0,21.7,25.8,85.3,0.7,True
2024,21,São Paulo Grand Prix,São Paulo,R,2024-11-03,63,RUS,russell,Mercedes,mercedes,George,Russell,https://media.formula1.com/d_driver_fallback_image.png/content/dam/fom-website/drivers/G/GEORUS01_George_Russell/georus01.png.transform/1col/image.png,4.0,4,2.0,,,,0 days 00:00:23.265000,Finished,12.0,69.0,21.7,25.8,85.3,0.7,True
2024,21,São Paulo Grand Prix,São Paulo,R,2024-11-03,16,LEC,leclerc,Ferrari,ferrari,Charles,Leclerc,https://media.formula1.com/d_driver_fallback_image.png/content/dam/fom-website/drivers/C/CHALEC01_Charles_Leclerc/chalec01.png.transform/1col/image.png,5.0,5,6.0,,,,0 days 00:00:30.177000,Finished,10.0,69.0,21.7,25.8,85.3,0.7,True
2024,21,São Paulo Grand Prix,São Paulo,R,2024-11-03,4,NOR,norris,McLaren,mclaren,Lando,Norris,https://media.formula1.com/d_driver_fallback_image.png/content/dam/fom-website/drivers/L/LANNOR01_Lando_Norris/lannor01.png.transform/1col/image.png,6.0,6,1.0,,,,0 days 00:00:31.372000,Finished,8.0,69.0,21.7,25.8,85.3,0.7,True
2024,21,São Paulo Grand Prix,São Paulo,R,2024-11-03,22,TSU,tsunoda,RB,rb,Yuki,Tsunoda,https://media.formula1.com/d_driver_fallback_image.png/content/dam/fom-website/drivers/Y/YUKTSU01_Yuki_Tsunoda/yuktsu01.png.transform/1col/image.png,7.0,7,3.0,,,,0 days 00:00:42.056000,Finished,6.0,69.0,21.7,25.8,85.3,0.7,True
2024,21,São Paulo Grand Prix,São Paulo,R,2024-11-03,81,PIA,piastri,McLaren,mclaren,Oscar,Piastri,https://media.formula1.com/d_driver_fallback_image.png/content/dam/fom-website/drivers/O/OSCPIA01_Oscar_Piastri/oscpia01.png.transform/1col/image.png,8.0,8,8.0,,,,0 days 00:00:44.943000,Finished,4.0,69.0,21.7,25.8,85.3,0.7,True
2024,21,São Paulo Grand Prix,São Paulo,R,2024-11-03,30,LAW,lawson,RB,rb,Liam,Lawson,None,9.0,9,5.0,,,,0 days 00:00:50.452000,Finished,2.0,69.0,21.7,25.8,85.3,0.7,True
2024,21,São Paulo Grand Prix,São Paulo,R,2024-11-03,44,HAM,hamilton,Mercedes,mercedes,Lewis,Hamilton,https://media.formula1.com/d_driver_fallback_image.png/content/dam/fom-website/drivers/L/LEWHAM01_Lewis_Hamilton/lewham01.png.transform/1col/image.png,10.0,10,14.0,,,,0 days 00:00:50.753000,Finished,1.0,69.0,21.7,25.8,85.3,0.7,True
2024,21,São Paulo Grand Prix,São Paulo,R,2024-11-03,11,PER,perez,Red Bull Racing,red_bull,Sergio,Perez,https://media.formula1.com/d_driver_fallback_image.png/content/dam/fom-website/drivers/S/SERPER01_Sergio_Perez/serper01.png.transform/1col/image.png,11.0,11,12.0,,,,0 days 00:00:51.531000,Finished,0.0,69.0,21.7,25.8,85.3,0.7,True
2024,21,São Paulo Grand Prix,São Paulo,R,2024-11-03,50,BEA,bearman,Haas F1 Team,haas,Oliver,Bearman,None,12.0,12,15.0,,,,0 days 00:00:57.085000,Finished,0.0,69.0,21.7,25.8,85.3,0.7,True
2024,21,São Paulo Grand Prix,São Paulo,R,2024-11-03,77,BOT,bottas,Kick Sauber,sauber,Valtteri,Bottas,https://media.formula1.com/d_driver_fallback_image.png/content/dam/fom-website/drivers/V/VALBOT01_Valtteri_Bottas/valbot01.png.transform/1col/image.png,13.0,13,11.0,,,,0 days 00:01:03.588000,Finished,0.0,69.0,21.7,25.8,85.3,0.7,True
2024,21,São Paulo Grand Prix,São Paulo,R,2024-11-03,14,ALO,alonso,Aston Martin,aston_martin,Fernando,Alonso,https://media.formula1.com/d_driver_fallback_image.png/content/dam/fom-website/drivers/F/FERALO01_Fernando_Alonso/feralo01.png.transform/1col/image.png,14.0,14,9.0,,,,0 days 00:01:18.049000,Finished,0.0,69.0,21.7,25.8,85.3,0.7,True
2024,21,São Paulo Grand Prix,São Paulo,R,2024-11-03,24,ZHO,zhou,Kick Sauber,sauber,Guanyu,Zhou,https://media.formula1.com/d_driver_fallback_image.png/content/dam/fom-website/drivers/G/GUAZHO01_Guanyu_Zhou/guazho01.png.transform/1col/image.png,15.0,15,19.0,,,,0 days 00:01:19.649000,Finished,0.0,69.0,21.7,25.8,85.3,0.7,True
2024,21,São Paulo Grand Prix,São Paulo,R,2024-11-03,55,SAI,sainz,Ferrari,ferrari,Carlos,Sainz,https://media.formula1.com/d_driver_fallback_image.png/content/dam/fom-website/drivers/C/CARSAI01_Carlos_Sainz/carsai01.png.transform/1col/image.png,16.0,R,20.0,,,,,Retired,0.0,38.0,21.7,25.8,85.3,0.7,True
2024,21,São Paulo Grand Prix,São Paulo,R,2024-11-03,43,COL,colapinto,Williams,williams,Franco,Colapinto,None,17.0,R,16.0,,,,,Retired,0.0,30.0,21.7,25.8,85.3,0.7,True
2024,21,São Paulo Grand Prix,São Paulo,R,2024-11-03,23,ALB,albon,Williams,williams,Alexander,Albon,https://media.formula1.com/d_driver_fallback_image.png/content/dam/fom-website/drivers/A/ALEALB01_Alexander_Albon/alealb01.png.transform/1col/image.png,18.0,W,7.0,,,,,Did not start,0.0,0.0,21.7,25.8,85.3,0.7,True
2024,21,São Paulo Grand Prix,São Paulo,R,2024-11-03,18,STR,stroll,Aston Martin,aston_martin,Lance,Stroll,https://media.formula1.com/d_driver_fallback_image.png/content/dam/fom-website/drivers/L/LANSTR01_Lance_Stroll/lanstr01.png.transform/1col/image.png,19.0,W,10.0,,,,,Did not start,0.0,0.0,21.7,25.8,85.3,0.7,True
2024,21,São Paulo Grand Prix,São Paulo,R,2024-11-03,27,HUL,hulkenberg,Haas F1 Team,haas,Nico,Hulkenberg,https://media.formula1.com/d_driver_fallback_image.png/content/dam/fom-website/drivers/N/NICHUL01_Nico_Hulkenberg/nichul01.png.transform/1col/image.png,20.0,D,18.0,,,,,Disqualified,0.0,0.0,21.7,25.8,85.3,0.7,True
2024,22,Las Vegas Grand Prix,Las Vegas,R,2024-11-23,63,RUS,russell,Mercedes,mercedes,George,Russell,https://media.formula1.com/d_driver_fallback_image.png/content/dam/fom-website/drivers/G/GEORUS01_George_Russell/georus01.png.transform/1col/image.png,1.0,1,1.0,,,,0 days 01:22:05.969000,Finished,25.0,50.0,17.8,17.7,47.9,2.9,False
2024,22,Las Vegas Grand Prix,Las Vegas,R,2024-11-23,44,HAM,hamilton,Mercedes,mercedes,Lewis,Hamilton,https://media.formula1.com/d_driver_fallback_image.png/content/dam/fom-website/drivers/L/LEWHAM01_Lewis_Hamilton/lewham01.png.transform/1col/image.png,2.0,2,10.0,,,,0 days 00:00:07.313000,Finished,18.0,50.0,17.8,17.7,47.9,2.9,False
2024,22,Las Vegas Grand Prix,Las Vegas,R,2024-11-23,55,SAI,sainz,Ferrari,ferrari,Carlos,Sainz,https://media.formula1.com/d_driver_fallback_image.png/content/dam/fom-website/drivers/C/CARSAI01_Carlos_Sainz/carsai01.png.transform/1col/image.png,3.0,3,2.0,,,,0 days 00:00:11.906000,Finished,15.0,50.0,17.8,17.7,47.9,2.9,False
2024,22,Las Vegas Grand Prix,Las Vegas,R,2024-11-23,16,LEC,leclerc,Ferrari,ferrari,Charles,Leclerc,https://media.formula1.com/d_driver_fallback_image.png/content/dam/fom-website/drivers/C/CHALEC01_Charles_Leclerc/chalec01.png.transform/1col/image.png,4.0,4,4.0,,,,0 days 00:00:14.283000,Finished,12.0,50.0,17.8,17.7,47.9,2.9,False
2024,22,Las Vegas Grand Prix,Las Vegas,R,2024-11-23,1,VER,max_verstappen,Red Bull Racing,red_bull,Max,Verstappen,https://media.formula1.com/d_driver_fallback_image.png/content/dam/fom-website/drivers/M/MAXVER01_Max_Verstappen/maxver01.png.transform/1col/image.png,5.0,5,5.0,,,,0 days 00:00:16.582000,Finished,10.0,50.0,17.8,17.7,47.9,2.9,False
2024,22,Las Vegas Grand Prix,Las Vegas,R,2024-11-23,4,NOR,norris,McLaren,mclaren,Lando,Norris,https://media.formula1.com/d_driver_fallback_image.png/content/dam/fom-website/drivers/L/LANNOR01_Lando_Norris/lannor01.png.transform/1col/image.png,6.0,6,6.0,,,,0 days 00:00:43.385000,Finished,9.0,50.0,17.8,17.7,47.9,2.9,False
2024,22,Las Vegas Grand Prix,Las Vegas,R,2024-11-23,81,PIA,piastri,McLaren,mclaren,Oscar,Piastri,https://media.formula1.com/d_driver_fallback_image.png/content/dam/fom-website/drivers/O/OSCPIA01_Oscar_Piastri/oscpia01.png.transform/1col/image.png,7.0,7,8.0,,,,0 days 00:00:51.365000,Finished,6.0,50.0,17.8,17.7,47.9,2.9,False
2024,22,Las Vegas Grand Prix,Las Vegas,R,2024-11-23,27,HUL,hulkenberg,Haas F1 Team,haas,Nico,Hulkenberg,https://media.formula1.com/d_driver_fallback_image.png/content/dam/fom-website/drivers/N/NICHUL01_Nico_Hulkenberg/nichul01.png.transform/1col/image.png,8.0,8,9.0,,,,0 days 00:00:59.808000,Finished,4.0,50.0,17.8,17.7,47.9,2.9,False
2024,22,Las Vegas Grand Prix,Las Vegas,R,2024-11-23,22,TSU,tsunoda,RB,rb,Yuki,Tsunoda,https://media.formula1.com/d_driver_fallback_image.png/content/dam/fom-website/drivers/Y/YUKTSU01_Yuki_Tsunoda/yuktsu01.png.transform/1col/image.png,9.0,9,7.0,,,,0 days 00:01:02.808000,Finished,2.0,50.0,17.8,17.7,47.9,2.9,False
2024,22,Las Vegas Grand Prix,Las Vegas,R,2024-11-23,11,PER,perez,Red Bull Racing,red_bull,Sergio,Perez,https://media.formula1.com/d_driver_fallback_image.png/content/dam/fom-website/drivers/S/SERPER01_Sergio_Perez/serper01.png.transform/1col/image.png,10.0,10,15.0,,,,0 days 00:01:03.114000,Finished,1.0,50.0,17.8,17.7,47.9,2.9,False
2024,22,Las Vegas Grand Prix,Las Vegas,R,2024-11-23,14,ALO,alonso,Aston Martin,aston_martin,Fernando,Alonso,https://media.formula1.com/d_driver_fallback_image.png/content/dam/fom-website/drivers/F/FERALO01_Fernando_Alonso/feralo01.png.transform/1col/image.png,11.0,11,16.0,,,,0 days 00:01:09.195000,Finished,0.0,50.0,17.8,17.7,47.9,2.9,False
2024,22,Las Vegas Grand Prix,Las Vegas,R,2024-11-23,20,MAG,kevin_magnussen,Haas F1 Team,haas,Kevin,Magnussen,https://media.formula1.com/d_driver_fallback_image.png/content/dam/fom-website/drivers/K/KEVMAG01_Kevin_Magnussen/kevmag01.png.transform/1col/image.png,12.0,12,12.0,,,,0 days 00:01:09.803000,Finished,0.0,50.0,17.8,17.7,47.9,2.9,False
2024,22,Las Vegas Grand Prix,Las Vegas,R,2024-11-23,24,ZHO,zhou,Kick Sauber,sauber,Guanyu,Zhou,https://media.formula1.com/d_driver_fallback_image.png/content/dam/fom-website/drivers/G/GUAZHO01_Guanyu_Zhou/guazho01.png.transform/1col/image.png,13.0,13,13.0,,,,0 days 00:01:14.085000,Finished,0.0,50.0,17.8,17.7,47.9,2.9,False
2024,22,Las Vegas Grand Prix,Las Vegas,R,2024-11-23,43,COL,colapinto,Williams,williams,Franco,Colapinto,None,14.0,14,20.0,,,,0 days 00:01:15.172000,Finished,0.0,50.0,17.8,17.7,47.9,2.9,False
2024,22,Las Vegas Grand Prix,Las Vegas,R,2024-11-23,18,STR,stroll,Aston Martin,aston_martin,Lance,Stroll,https://media.formula1.com/d_driver_fallback_image.png/content/dam/fom-website/drivers/L/LANSTR01_Lance_Stroll/lanstr01.png.transform/1col/image.png,15.0,15,18.0,,,,0 days 00:01:24.102000,Finished,0.0,50.0,17.8,17.7,47.9,2.9,False
2024,22,Las Vegas Grand Prix,Las Vegas,R,2024-11-23,30,LAW,lawson,RB,rb,Liam,Lawson,None,16.0,16,14.0,,,,0 days 00:01:31.005000,Finished,0.0,50.0,17.8,17.7,47.9,2.9,False
2024,22,Las Vegas Grand Prix,Las Vegas,R,2024-11-23,31,OCO,ocon,Alpine,alpine,Esteban,Ocon,https://media.formula1.com/d_driver_fallback_image.png/content/dam/fom-website/drivers/E/ESTOCO01_Esteban_Ocon/estoco01.png.transform/1col/image.png,17.0,17,11.0,,,,0 days 00:00:02.060000,Lapped,0.0,49.0,17.8,17.7,47.9,2.9,False
2024,22,Las Vegas Grand Prix,Las Vegas,R,2024-11-23,77,BOT,bottas,Kick Sauber,sauber,Valtteri,Bottas,https://media.formula1.com/d_driver_fallback_image.png/content/dam/fom-website/drivers/V/VALBOT01_Valtteri_Bottas/valbot01.png.transform/1col/image.png,18.0,18,19.0,,,,0 days 00:00:11.285000,Lapped,0.0,49.0,17.8,17.7,47.9,2.9,False
2024,22,Las Vegas Grand Prix,Las Vegas,R,2024-11-23,23,ALB,albon,Williams,williams,Alexander,Albon,https://media.formula1.com/d_driver_fallback_image.png/content/dam/fom-website/drivers/A/ALEALB01_Alexander_Albon/alealb01.png.transform/1col/image.png,19.0,R,17.0,,,,,Retired,0.0,25.0,17.8,17.7,47.9,2.9,False
2024,22,Las Vegas Grand Prix,Las Vegas,R,2024-11-23,10,GAS,gasly,Alpine,alpine,Pierre,Gasly,https://media.formula1.com/d_driver_fallback_image.png/content/dam/fom-website/drivers/P/PIEGAS01_Pierre_Gasly/piegas01.png.transform/1col/image.png,20.0,R,3.0,,,,,Retired,0.0,15.0,17.8,17.7,47.9,2.9,False
2024,23,Qatar Grand Prix,Lusail,R,2024-12-01,1,VER,max_verstappen,Red Bull Racing,red_bull,Max,Verstappen,https://media.formula1.com/d_driver_fallback_image.png/content/dam/fom-website/drivers/M/MAXVER01_Max_Verstappen/maxver01.png.transform/1col/image.png,1.0,1,2.0,,,,0 days 01:31:05.323000,Finished,25.0,57.0,18.9,22.8,57.3,1.7,False
2024,23,Qatar Grand Prix,Lusail,R,2024-12-01,16,LEC,leclerc,Ferrari,ferrari,Charles,Leclerc,https://media.formula1.com/d_driver_fallback_image.png/content/dam/fom-website/drivers/C/CHALEC01_Charles_Leclerc/chalec01.png.transform/1col/image.png,2.0,2,5.0,,,,0 days 00:00:06.031000,Finished,18.0,57.0,18.9,22.8,57.3,1.7,False
2024,23,Qatar Grand Prix,Lusail,R,2024-12-01,81,PIA,piastri,McLaren,mclaren,Oscar,Piastri,https://media.formula1.com/d_driver_fallback_image.png/content/dam/fom-website/drivers/O/OSCPIA01_Oscar_Piastri/oscpia01.png.transform/1col/image.png,3.0,3,4.0,,,,0 days 00:00:06.819000,Finished,15.0,57.0,18.9,22.8,57.3,1.7,False
2024,23,Qatar Grand Prix,Lusail,R,2024-12-01,63,RUS,russell,Mercedes,mercedes,George,Russell,https://media.formula1.com/d_driver_fallback_image.png/content/dam/fom-website/drivers/G/GEORUS01_George_Russell/georus01.png.transform/1col/image.png,4.0,4,1.0,,,,0 days 00:00:14.104000,Finished,12.0,57.0,18.9,22.8,57.3,1.7,False
2024,23,Qatar Grand Prix,Lusail,R,2024-12-01,10,GAS,gasly,Alpine,alpine,Pierre,Gasly,https://media.formula1.com/d_driver_fallback_image.png/content/dam/fom-website/drivers/P/PIEGAS01_Pierre_Gasly/piegas01.png.transform/1col/image.png,5.0,5,11.0,,,,0 days 00:00:16.782000,Finished,10.0,57.0,18.9,22.8,57.3,1.7,False
2024,23,Qatar Grand Prix,Lusail,R,2024-12-01,55,SAI,sainz,Ferrari,ferrari,Carlos,Sainz,https://media.formula1.com/d_driver_fallback_image.png/content/dam/fom-website/drivers/C/CARSAI01_Carlos_Sainz/carsai01.png.transform/1col/image.png,6.0,6,7.0,,,,0 days 00:00:17.476000,Finished,8.0,57.0,18.9,22.8,57.3,1.7,False
2024,23,Qatar Grand Prix,Lusail,R,2024-12-01,14,ALO,alonso,Aston Martin,aston_martin,Fernando,Alonso,https://media.formula1.com/d_driver_fallback_image.png/content/dam/fom-website/drivers/F/FERALO01_Fernando_Alonso/feralo01.png.transform/1col/image.png,7.0,7,8.0,,,,0 days 00:00:19.867000,Finished,6.0,57.0,18.9,22.8,57.3,1.7,False
2024,23,Qatar Grand Prix,Lusail,R,2024-12-01,24,ZHO,zhou,Kick Sauber,sauber,Guanyu,Zhou,https://media.formula1.com/d_driver_fallback_image.png/content/dam/fom-website/drivers/G/GUAZHO01_Guanyu_Zhou/guazho01.png.transform/1col/image.png,8.0,8,12.0,,,,0 days 00:00:25.360000,Finished,4.0,57.0,18.9,22.8,57.3,1.7,False
2024,23,Qatar Grand Prix,Lusail,R,2024-12-01,20,MAG,kevin_magnussen,Haas F1 Team,haas,Kevin,Magnussen,https://media.formula1.com/d_driver_fallback_image.png/content/dam/fom-website/drivers/K/KEVMAG01_Kevin_Magnussen/kevmag01.png.transform/1col/image.png,9.0,9,10.0,,,,0 days 00:00:32.177000,Finished,2.0,57.0,18.9,22.8,57.3,1.7,False
2024,23,Qatar Grand Prix,Lusail,R,2024-12-01,4,NOR,norris,McLaren,mclaren,Lando,Norris,https://media.formula1.com/d_driver_fallback_image.png/content/dam/fom-website/drivers/L/LANNOR01_Lando_Norris/lannor01.png.transform/1col/image.png,10.0,10,3.0,,,,0 days 00:00:35.762000,Finished,2.0,57.0,18.9,22.8,57.3,1.7,False
2024,23,Qatar Grand Prix,Lusail,R,2024-12-01,77,BOT,bottas,Kick Sauber,sauber,Valtteri,Bottas,https://media.formula1.com/d_driver_fallback_image.png/content/dam/fom-website/drivers/V/VALBOT01_Valtteri_Bottas/valbot01.png.transform/1col/image.png,11.0,11,13.0,,,,0 days 00:00:50.243000,Finished,0.0,57.0,18.9,22.8,57.3,1.7,False
2024,23,Qatar Grand Prix,Lusail,R,2024-12-01,44,HAM,hamilton,Mercedes,mercedes,Lewis,Hamilton,https://media.formula1.com/d_driver_fallback_image.png/content/dam/fom-website/drivers/L/LEWHAM01_Lewis_Hamilton/lewham01.png.transform/1col/image.png,12.0,12,6.0,,,,0 days 00:00:56.122000,Finished,0.0,57.0,18.9,22.8,57.3,1.7,False
2024,23,Qatar Grand Prix,Lusail,R,2024-12-01,22,TSU,tsunoda,RB,rb,Yuki,Tsunoda,https://media.formula1.com/d_driver_fallback_image.png/content/dam/fom-website/drivers/Y/YUKTSU01_Yuki_Tsunoda/yuktsu01.png.transform/1col/image.png,13.0,13,14.0,,,,0 days 00:01:01.100000,Finished,0.0,57.0,18.9,22.8,57.3,1.7,False
2024,23,Qatar Grand Prix,Lusail,R,2024-12-01,30,LAW,lawson,RB,rb,Liam,Lawson,None,14.0,14,17.0,,,,0 days 00:01:02.656000,Finished,0.0,57.0,18.9,22.8,57.3,1.7,False
2024,23,Qatar Grand Prix,Lusail,R,2024-12-01,23,ALB,albon,Williams,williams,Alexander,Albon,https://media.formula1.com/d_driver_fallback_image.png/content/dam/fom-website/drivers/A/ALEALB01_Alexander_Albon/alealb01.png.transform/1col/image.png,15.0,15,16.0,,,,0 days 00:00:12.969000,Lapped,0.0,56.0,18.9,22.8,57.3,1.7,False
2024,23,Qatar Grand Prix,Lusail,R,2024-12-01,27,HUL,hulkenberg,Haas F1 Team,haas,Nico,Hulkenberg,https://media.formula1.com/d_driver_fallback_image.png/content/dam/fom-website/drivers/N/NICHUL01_Nico_Hulkenberg/nichul01.png.transform/1col/image.png,16.0,R,18.0,,,,,Retired,0.0,39.0,18.9,22.8,57.3,1.7,False
2024,23,Qatar Grand Prix,Lusail,R,2024-12-01,11,PER,perez,Red Bull Racing,red_bull,Sergio,Perez,https://media.formula1.com/d_driver_fallback_image.png/content/dam/fom-website/drivers/S/SERPER01_Sergio_Perez/serper01.png.transform/1col/image.png,17.0,R,9.0,,,,,Retired,0.0,38.0,18.9,22.8,57.3,1.7,False
2024,23,Qatar Grand Prix,Lusail,R,2024-12-01,18,STR,stroll,Aston Martin,aston_martin,Lance,Stroll,https://media.formula1.com/d_driver_fallback_image.png/content/dam/fom-website/drivers/L/LANSTR01_Lance_Stroll/lanstr01.png.transform/1col/image.png,18.0,R,15.0,,,,,Retired,0.0,8.0,18.9,22.8,57.3,1.7,False
2024,23,Qatar Grand Prix,Lusail,R,2024-12-01,43,COL,colapinto,Williams,williams,Franco,Colapinto,None,19.0,R,19.0,,,,,Retired,0.0,0.0,18.9,22.8,57.3,1.7,False
2024,23,Qatar Grand Prix,Lusail,R,2024-12-01,31,OCO,ocon,Alpine,alpine,Esteban,Ocon,https://media.formula1.com/d_driver_fallback_image.png/content/dam/fom-website/drivers/E/ESTOCO01_Esteban_Ocon/estoco01.png.transform/1col/image.png,20.0,R,20.0,,,,,Retired,0.0,0.0,18.9,22.8,57.3,1.7,False
2024,24,Abu Dhabi Grand Prix,Yas Island,R,2024-12-08,4,NOR,norris,McLaren,mclaren,Lando,Norris,https://media.formula1.com/d_driver_fallback_image.png/content/dam/fom-website/drivers/L/LANNOR01_Lando_Norris/lannor01.png.transform/1col/image.png,1.0,1,1.0,,,,0 days 01:26:33.291000,Finished,25.0,58.0,26.8,31.8,51.4,1.9,False
2024,24,Abu Dhabi Grand Prix,Yas Island,R,2024-12-08,55,SAI,sainz,Ferrari,ferrari,Carlos,Sainz,https://media.formula1.com/d_driver_fallback_image.png/content/dam/fom-website/drivers/C/CARSAI01_Carlos_Sainz/carsai01.png.transform/1col/image.png,2.0,2,3.0,,,,0 days 00:00:05.832000,Finished,18.0,58.0,26.8,31.8,51.4,1.9,False
2024,24,Abu Dhabi Grand Prix,Yas Island,R,2024-12-08,16,LEC,leclerc,Ferrari,ferrari,Charles,Leclerc,https://media.formula1.com/d_driver_fallback_image.png/content/dam/fom-website/drivers/C/CHALEC01_Charles_Leclerc/chalec01.png.transform/1col/image.png,3.0,3,19.0,,,,0 days 00:00:31.928000,Finished,15.0,58.0,26.8,31.8,51.4,1.9,False
2024,24,Abu Dhabi Grand Prix,Yas Island,R,2024-12-08,44,HAM,hamilton,Mercedes,mercedes,Lewis,Hamilton,https://media.formula1.com/d_driver_fallback_image.png/content/dam/fom-website/drivers/L/LEWHAM01_Lewis_Hamilton/lewham01.png.transform/1col/image.png,4.0,4,16.0,,,,0 days 00:00:36.483000,Finished,12.0,58.0,26.8,31.8,51.4,1.9,False
2024,24,Abu Dhabi Grand Prix,Yas Island,R,2024-12-08,63,RUS,russell,Mercedes,mercedes,George,Russell,https://media.formula1.com/d_driver_fallback_image.png/content/dam/fom-website/drivers/G/GEORUS01_George_Russell/georus01.png.transform/1col/image.png,5.0,5,6.0,,,,0 days 00:00:37.538000,Finished,10.0,58.0,26.8,31.8,51.4,1.9,False
2024,24,Abu Dhabi Grand Prix,Yas Island,R,2024-12-08,1,VER,max_verstappen,Red Bull Racing,red_bull,Max,Verstappen,https://media.formula1.com/d_driver_fallback_image.png/content/dam/fom-website/drivers/M/MAXVER01_Max_Verstappen/maxver01.png.transform/1col/image.png,6.0,6,4.0,,,,0 days 00:00:49.847000,Finished,8.0,58.0,26.8,31.8,51.4,1.9,False
2024,24,Abu Dhabi Grand Prix,Yas Island,R,2024-12-08,10,GAS,gasly,Alpine,alpine,Pierre,Gasly,https://media.formula1.com/d_driver_fallback_image.png/content/dam/fom-website/drivers/P/PIEGAS01_Pierre_Gasly/piegas01.png.transform/1col/image.png,7.0,7,5.0,,,,0 days 00:01:12.560000,Finished,6.0,58.0,26.8,31.8,51.4,1.9,False
2024,24,Abu Dhabi Grand Prix,Yas Island,R,2024-12-08,27,HUL,hulkenberg,Haas F1 Team,haas,Nico,Hulkenberg,https://media.formula1.com/d_driver_fallback_image.png/content/dam/fom-website/drivers/N/NICHUL01_Nico_Hulkenberg/nichul01.png.transform/1col/image.png,8.0,8,7.0,,,,0 days 00:01:15.554000,Finished,4.0,58.0,26.8,31.8,51.4,1.9,False
2024,24,Abu Dhabi Grand Prix,Yas Island,R,2024-12-08,14,ALO,alonso,Aston Martin,aston_martin,Fernando,Alonso,https://media.formula1.com/d_driver_fallback_image.png/content/dam/fom-website/drivers/F/FERALO01_Fernando_Alonso/feralo01.png.transform/1col/image.png,9.0,9,8.0,,,,0 days 00:01:22.373000,Finished,2.0,58.0,26.8,31.8,51.4,1.9,False
2024,24,Abu Dhabi Grand Prix,Yas Island,R,2024-12-08,81,PIA,piastri,McLaren,mclaren,Oscar,Piastri,https://media.formula1.com/d_driver_fallback_image.png/content/dam/fom-website/drivers/O/OSCPIA01_Oscar_Piastri/oscpia01.png.transform/1col/image.png,10.0,10,2.0,,,,0 days 00:01:23.821000,Finished,1.0,58.0,26.8,31.8,51.4,1.9,False
2024,24,Abu Dhabi Grand Prix,Yas Island,R,2024-12-08,23,ALB,albon,Williams,williams,Alexander,Albon,https://media.formula1.com/d_driver_fallback_image.png/content/dam/fom-website/drivers/A/ALEALB01_Alexander_Albon/alealb01.png.transform/1col/image.png,11.0,11,18.0,,,,0 days 00:00:11.251000,Lapped,0.0,57.0,26.8,31.8,51.4,1.9,False
2024,24,Abu Dhabi Grand Prix,Yas Island,R,2024-12-08,22,TSU,tsunoda,RB,rb,Yuki,Tsunoda,https://media.formula1.com/d_driver_fallback_image.png/content/dam/fom-website/drivers/Y/YUKTSU01_Yuki_Tsunoda/yuktsu01.png.transform/1col/image.png,12.0,12,11.0,,,,0 days 00:00:14.738000,Lapped,0.0,57.0,26.8,31.8,51.4,1.9,False
2024,24,Abu Dhabi Grand Prix,Yas Island,R,2024-12-08,24,ZHO,zhou,Kick Sauber,sauber,Guanyu,Zhou,https://media.formula1.com/d_driver_fallback_image.png/content/dam/fom-website/drivers/G/GUAZHO01_Guanyu_Zhou/guazho01.png.transform/1col/image.png,13.0,13,15.0,,,,0 days 00:00:17.304000,Lapped,0.0,57.0,26.8,31.8,51.4,1.9,False
2024,24,Abu Dhabi Grand Prix,Yas Island,R,2024-12-08,18,STR,stroll,Aston Martin,aston_martin,Lance,Stroll,https://media.formula1.com/d_driver_fallback_image.png/content/dam/fom-website/drivers/L/LANSTR01_Lance_Stroll/lanstr01.png.transform/1col/image.png,14.0,14,13.0,,,,0 days 00:00:18.473000,Lapped,0.0,57.0,26.8,31.8,51.4,1.9,False
2024,24,Abu Dhabi Grand Prix,Yas Island,R,2024-12-08,61,DOO,doohan,Alpine,alpine,Jack,Doohan,None,15.0,15,17.0,,,,0 days 00:00:26.555000,Lapped,0.0,57.0,26.8,31.8,51.4,1.9,False
2024,24,Abu Dhabi Grand Prix,Yas Island,R,2024-12-08,20,MAG,kevin_magnussen,Haas F1 Team,haas,Kevin,Magnussen,https://media.formula1.com/d_driver_fallback_image.png/content/dam/fom-website/drivers/K/KEVMAG01_Kevin_Magnussen/kevmag01.png.transform/1col/image.png,16.0,16,14.0,,,,0 days 00:01:17.597000,Lapped,0.0,57.0,26.8,31.8,51.4,1.9,False
2024,24,Abu Dhabi Grand Prix,Yas Island,R,2024-12-08,30,LAW,lawson,RB,rb,Liam,Lawson,None,17.0,17,12.0,,,,,Retired,0.0,55.0,26.8,31.8,51.4,1.9,False
2024,24,Abu Dhabi Grand Prix,Yas Island,R,2024-12-08,77,BOT,bottas,Kick Sauber,sauber,Valtteri,Bottas,https://media.formula1.com/d_driver_fallback_image.png/content/dam/fom-website/drivers/V/VALBOT01_Valtteri_Bottas/valbot01.png.transform/1col/image.png,18.0,R,9.0,,,,,Retired,0.0,30.0,26.8,31.8,51.4,1.9,False
2024,24,Abu Dhabi Grand Prix,Yas Island,R,2024-12-08,43,COL,colapinto,Williams,williams,Franco,Colapinto,None,19.0,R,20.0,,,,,Retired,0.0,26.0,26.8,31.8,51.4,1.9,False
2024,24,Abu Dhabi Grand Prix,Yas Island,R,2024-12-08,11,PER,perez,Red Bull Racing,red_bull,Sergio,Perez,https://media.formula1.com/d_driver_fallback_image.png/content/dam/fom-website/drivers/S/SERPER01_Sergio_Perez/serper01.png.transform/1col/image.png,20.0,R,10.0,,,,,Retired,0.0,0.0,26.8,31.8,51.4,1.9,False
