Season,Round,EventName,Circuit,SessionType,EventDate,DriverNumber,Abbreviation,DriverId,TeamName,TeamId,FirstName,LastName,HeadshotUrl,Position,ClassifiedPosition,GridPosition,Q1,Q2,Q3,Time,Status,Points,Laps,AirTemp_mean,TrackTemp_mean,Humidity_mean,WindSpeed_mean,Rainfall
2021,1,Bahrain Grand Prix,Sakhir,R,2021-03-28,44,HAM,hamilton,Mercedes,mercedes,Lewis,Hamilton,https://www.formula1.com/content/dam/fom-website/drivers/L/LEWHAM01_Lewis_Hamilton/lewham01.png.transform/1col/image.png,1.0,1,2.0,,,,0 days 01:32:03.897000,Finished,25.0,56.0,20.5,27.6,54.5,0.9,False
2021,1,Bahrain Grand Prix,Sakhir,R,2021-03-28,33,VER,max_verstappen,Red Bull Racing,red_bull,Max,Verstappen,https://www.formula1.com/content/dam/fom-website/drivers/M/MAXVER01_Max_Verstappen/maxver01.png.transform/1col/image.png,2.0,2,1.0,,,,0 days 00:00:00.745000,Finished,18.0,56.0,20.5,27.6,54.5,0.9,False
2021,1,Bahrain Grand Prix,Sakhir,R,2021-03-28,77,BOT,bottas,Mercedes,mercedes,Valtteri,Bottas,https://www.formula1.com/content/dam/fom-website/drivers/V/VALBOT01_Valtteri_Bottas/valbot01.png.transform/1col/image.png,3.0,3,3.0,,,,0 days 00:00:37.383000,Finished,16.0,56.0,20.5,27.6,54.5,0.9,False
2021,1,Bahrain Grand Prix,Sakhir,R,2021-03-28,4,NOR,norris,McLaren,mclaren,Lando,Norris,https://www.formula1.com/content/dam/fom-website/drivers/L/LANNOR01_Lando_Norris/lannor01.png.transform/1col/image.png,4.0,4,7.0,,,,0 days 00:00:46.466000,Finished,12.0,56.0,20.5,27.6,54.5,0.9,False
2021,1,Bahrain Grand Prix,Sakhir,R,2021-03-28,11,PER,perez,Red Bull Racing,red_bull,Sergio,Perez,https://www.formula1.com/content/dam/fom-website/drivers/S/SERPER01_Sergio_Perez/serper01.png.transform/1col/image.png,5.0,5,0.0,,,,0 days 00:00:52.047000,Finished,10.0,56.0,20.5,27.6,54.5,0.9,False
2021,1,Bahrain Grand Prix,Sakhir,R,2021-03-28,16,LEC,leclerc,Ferrari,ferrari,Charles,Leclerc,https://www.formula1.com/content/dam/fom-website/drivers/C/CHALEC01_Charles_Leclerc/chalec01.png.transform/1col/image.png,6.0,6,4.0,,,,0 days 00:00:59.090000,Finished,8.0,56.0,20.5,27.6,54.5,0.9,False
2021,1,Bahrain Grand Prix,Sakhir,R,2021-03-28,3,RIC,ricciardo,McLaren,mclaren,Daniel,Ricciardo,https://www.formula1.com/content/dam/fom-website/drivers/D/DANRIC01_Daniel_Ricciardo/danric01.png.transform/1col/image.png,7.0,7,6.0,,,,0 days 00:01:06.004000,Finished,6.0,56.0,20.5,27.6,54.5,0.9,False
2021,1,Bahrain Grand Prix,Sakhir,R,2021-03-28,55,SAI,sainz,Ferrari,ferrari,Carlos,Sainz,https://www.formula1.com/content/dam/fom-website/drivers/C/CARSAI01_Carlos_Sainz/carsai01.png.transform/1col/image.png,8.0,8,8.0,,,,0 days 00:01:07.100000,Finished,4.0,56.0,20.5,27.6,54.5,0.9,False
2021,1,Bahrain Grand Prix,Sakhir,R,2021-03-28,22,TSU,tsunoda,AlphaTauri,alphatauri,Yuki,Tsunoda,https://www.formula1.com/content/dam/fom-website/drivers/Y/YUKTSU01_Yuki_Tsunoda/yuktsu01.png.transform/1col/image.png,9.0,9,13.0,,,,0 days 00:01:25.692000,Finished,2.0,56.0,20.5,27.6,54.5,0.9,False
2021,1,Bahrain Grand Prix,Sakhir,R,2021-03-28,18,STR,stroll,Aston Martin,aston_martin,Lance,Stroll,https://www.formula1.com/content/dam/fom-website/drivers/L/LANSTR01_Lance_Stroll/lanstr01.png.transform/1col/image.png,10.0,10,10.0,,,,0 days 00:01:26.713000,Finished,1.0,56.0,20.5,27.6,54.5,0.9,False
2021,1,Bahrain Grand Prix,Sakhir,R,2021-03-28,7,RAI,raikkonen,Alfa Romeo Racing,alfa,Kimi,Räikkönen,https://www.formula1.com/content/dam/fom-website/drivers/K/KIMRAI01_Kimi_R%C3%A4ikk%C3%B6nen/kimrai01.png.transform/1col/image.png,11.0,11,14.0,,,,0 days 00:01:28.864000,Finished,0.0,56.0,20.5,27.6,54.5,0.9,False
2021,1,Bahrain Grand Prix,Sakhir,R,2021-03-28,99,GIO,giovinazzi,Alfa Romeo Racing,alfa,Antonio,Giovinazzi,https://www.formula1.com/content/dam/fom-website/drivers/A/ANTGIO01_Antonio_Giovinazzi/antgio01.png.transform/1col/image.png,12.0,12,12.0,,,,,+1 Lap,0.0,55.0,20.5,27.6,54.5,0.9,False
2021,1,Bahrain Grand Prix,Sakhir,R,2021-03-28,31,OCO,ocon,Alpine,alpine,Esteban,Ocon,https://www.formula1.com/content/dam/fom-website/drivers/E/ESTOCO01_Esteban_Ocon/estoco01.png.transform/1col/image.png,13.0,13,16.0,,,,,+1 Lap,0.0,55.0,20.5,27.6,54.5,0.9,False
2021,1,Bahrain Grand Prix,Sakhir,R,2021-03-28,63,RUS,russell,Williams,williams,George,Russell,https://www.formula1.com/content/dam/fom-website/drivers/G/GEORUS01_George_Russell/georus01.png.transform/1col/image.png,14.0,14,15.0,,,,,+1 Lap,0.0,55.0,20.5,27.6,54.5,0.9,False
2021,1,Bahrain Grand Prix,Sakhir,R,2021-03-28,5,VET,vettel,Aston Martin,aston_martin,Sebastian,Vettel,https://www.formula1.com/content/dam/fom-website/drivers/S/SEBVET01_Sebastian_Vettel/sebvet01.png.transform/1col/image.png,15.0,15,20.0,,,,,+1 Lap,0.0,55.0,20.5,27.6,54.5,0.9,False
2021,1,Bahrain Grand Prix,Sakhir,R,2021-03-28,47,MSC,mick_schumacher,Haas F1 Team,haas,Mick,Schumacher,https://www.formula1.com/content/dam/fom-website/drivers/M/MICSCH02_Mick_Schumacher/micsch02.png.transform/1col/image.png,16.0,16,18.0,,,,,+1 Lap,0.0,55.0,20.5,27.6,54.5,0.9,False
2021,1,Bahrain Grand Prix,Sakhir,R,2021-03-28,10,GAS,gasly,AlphaTauri,alphatauri,Pierre,Gasly,https://www.formula1.com/content/dam/fom-website/drivers/P/PIEGAS01_Pierre_Gasly/piegas01.png.transform/1col/image.png,17.0,17,5.0,,,,,Retired,0.0,52.0,20.5,27.6,54.5,0.9,False
2021,1,Bahrain Grand Prix,Sakhir,R,2021-03-28,6,LAT,latifi,Williams,williams,Nicholas,Latifi,https://www.formula1.com/content/dam/fom-website/drivers/N/NICLAF01_Nicholas_Latifi/niclaf01.png.transform/1col/image.png,18.0,18,17.0,,,,,Retired,0.0,51.0,20.5,27.6,54.5,0.9,False
2021,1,Bahrain Grand Prix,Sakhir,R,2021-03-28,14,ALO,alonso,Alpine,alpine,Fernando,Alonso,https://www.formula1.com/content/dam/fom-website/drivers/F/FERALO01_Fernando_Alonso/feralo01.png.transform/1col/image.png,19.0,R,9.0,,,,,Brakes,0.0,32.0,20.5,27.6,54.5,0.9,False
2021,1,Bahrain Grand Prix,Sakhir,R,2021-03-28,9,MAZ,mazepin,Haas F1 Team,haas,Nikita,Mazepin,https://www.formula1.com/content/dam/fom-website/drivers/N/NIKMAZ01_Nikita_Mazepin/nikmaz01.png.transform/1col/image.png,20.0,R,19.0,,,,,Accident,0.0,0.0,20.5,27.6,54.5,0.9,False
2021,2,Emilia Romagna Grand Prix,Imola,R,2021-04-18,33,VER,max_verstappen,Red Bull Racing,red_bull,Max,Verstappen,https://www.formula1.com/content/dam/fom-website/drivers/M/MAXVER01_Max_Verstappen/maxver01.png.transform/1col/image.png,1.0,1,3.0,,,,0 days 02:02:34.598000,Finished,25.0,63.0,10.6,16.8,69.5,0.5,True
2021,2,Emilia Romagna Grand Prix,Imola,R,2021-04-18,44,HAM,hamilton,Mercedes,mercedes,Lewis,Hamilton,https://www.formula1.com/content/dam/fom-website/drivers/L/LEWHAM01_Lewis_Hamilton/lewham01.png.transform/1col/image.png,2.0,2,1.0,,,,0 days 00:00:22,Finished,19.0,63.0,10.6,16.8,69.5,0.5,True
2021,2,Emilia Romagna Grand Prix,Imola,R,2021-04-18,4,NOR,norris,McLaren,mclaren,Lando,Norris,https://www.formula1.com/content/dam/fom-website/drivers/L/LANNOR01_Lando_Norris/lannor01.png.transform/1col/image.png,3.0,3,7.0,,,,0 days 00:00:23.702000,Finished,15.0,63.0,10.6,16.8,69.5,0.5,True
2021,2,Emilia Romagna Grand Prix,Imola,R,2021-04-18,16,LEC,leclerc,Ferrari,ferrari,Charles,Leclerc,https://www.formula1.com/content/dam/fom-website/drivers/C/CHALEC01_Charles_Leclerc/chalec01.png.transform/1col/image.png,4.0,4,4.0,,,,0 days 00:00:25.579000,Finished,12.0,63.0,10.6,16.8,69.5,0.5,True
2021,2,Emilia Romagna Grand Prix,Imola,R,2021-04-18,55,SAI,sainz,Ferrari,ferrari,Carlos,Sainz,https://www.formula1.com/content/dam/fom-website/drivers/C/CARSAI01_Carlos_Sainz/carsai01.png.transform/1col/image.png,5.0,5,11.0,,,,0 days 00:00:27.036000,Finished,10.0,63.0,10.6,16.8,69.5,0.5,True
2021,2,Emilia Romagna Grand Prix,Imola,R,2021-04-18,3,RIC,ricciardo,McLaren,mclaren,Daniel,Ricciardo,https://www.formula1.com/content/dam/fom-website/drivers/D/DANRIC01_Daniel_Ricciardo/danric01.png.transform/1col/image.png,6.0,6,6.0,,,,0 days 00:00:51.220000,Finished,8.0,63.0,10.6,16.8,69.5,0.5,True
2021,2,Emilia Romagna Grand Prix,Imola,R,2021-04-18,10,GAS,gasly,AlphaTauri,alphatauri,Pierre,Gasly,https://www.formula1.com/content/dam/fom-website/drivers/P/PIEGAS01_Pierre_Gasly/piegas01.png.transform/1col/image.png,7.0,7,5.0,,,,0 days 00:00:52.818000,Finished,6.0,63.0,10.6,16.8,69.5,0.5,True
2021,2,Emilia Romagna Grand Prix,Imola,R,2021-04-18,18,STR,stroll,Aston Martin,aston_martin,Lance,Stroll,https://www.formula1.com/content/dam/fom-website/drivers/L/LANSTR01_Lance_Stroll/lanstr01.png.transform/1col/image.png,8.0,8,10.0,,,,0 days 00:00:56.909000,Finished,4.0,63.0,10.6,16.8,69.5,0.5,True
2021,2,Emilia Romagna Grand Prix,Imola,R,2021-04-18,31,OCO,ocon,Alpine,alpine,Esteban,Ocon,https://www.formula1.com/content/dam/fom-website/drivers/E/ESTOCO01_Esteban_Ocon/estoco01.png.transform/1col/image.png,9.0,9,9.0,,,,0 days 00:01:05.704000,Finished,2.0,63.0,10.6,16.8,69.5,0.5,True
2021,2,Emilia Romagna Grand Prix,Imola,R,2021-04-18,14,ALO,alonso,Alpine,alpine,Fernando,Alonso,https://www.formula1.com/content/dam/fom-website/drivers/F/FERALO01_Fernando_Alonso/feralo01.png.transform/1col/image.png,10.0,10,15.0,,,,0 days 00:01:06.561000,Finished,1.0,63.0,10.6,16.8,69.5,0.5,True
2021,2,Emilia Romagna Grand Prix,Imola,R,2021-04-18,11,PER,perez,Red Bull Racing,red_bull,Sergio,Perez,https://www.formula1.com/content/dam/fom-website/drivers/S/SERPER01_Sergio_Perez/serper01.png.transform/1col/image.png,11.0,11,2.0,,,,0 days 00:01:07.151000,Finished,0.0,63.0,10.6,16.8,69.5,0.5,True
2021,2,Emilia Romagna Grand Prix,Imola,R,2021-04-18,22,TSU,tsunoda,AlphaTauri,alphatauri,Yuki,Tsunoda,https://www.formula1.com/content/dam/fom-website/drivers/Y/YUKTSU01_Yuki_Tsunoda/yuktsu01.png.transform/1col/image.png,12.0,12,20.0,,,,0 days 00:01:13.184000,Finished,0.0,63.0,10.6,16.8,69.5,0.5,True
2021,2,Emilia Romagna Grand Prix,Imola,R,2021-04-18,7,RAI,raikkonen,Alfa Romeo Racing,alfa,Kimi,Räikkönen,https://www.formula1.com/content/dam/fom-website/drivers/K/KIMRAI01_Kimi_R%C3%A4ikk%C3%B6nen/kimrai01.png.transform/1col/image.png,13.0,13,16.0,,,,0 days 00:01:34.773000,Finished,0.0,63.0,10.6,16.8,69.5,0.5,True
2021,2,Emilia Romagna Grand Prix,Imola,R,2021-04-18,99,GIO,giovinazzi,Alfa Romeo Racing,alfa,Antonio,Giovinazzi,https://www.formula1.com/content/dam/fom-website/drivers/A/ANTGIO01_Antonio_Giovinazzi/antgio01.png.transform/1col/image.png,14.0,14,17.0,,,,,+1 Lap,0.0,62.0,10.6,16.8,69.5,0.5,True
2021,2,Emilia Romagna Grand Prix,Imola,R,2021-04-18,5,VET,vettel,Aston Martin,aston_martin,Sebastian,Vettel,https://www.formula1.com/content/dam/fom-website/drivers/S/SEBVET01_Sebastian_Vettel/sebvet01.png.transform/1col/image.png,15.0,15,0.0,,,,,Gearbox,0.0,61.0,10.6,16.8,69.5,0.5,True
2021,2,Emilia Romagna Grand Prix,Imola,R,2021-04-18,47,MSC,mick_schumacher,Haas F1 Team,haas,Mick,Schumacher,https://www.formula1.com/content/dam/fom-website/drivers/M/MICSCH02_Mick_Schumacher/micsch02.png.transform/1col/image.png,16.0,16,18.0,,,,,+2 Laps,0.0,61.0,10.6,16.8,69.5,0.5,True
2021,2,Emilia Romagna Grand Prix,Imola,R,2021-04-18,9,MAZ,mazepin,Haas F1 Team,haas,Nikita,Mazepin,https://www.formula1.com/content/dam/fom-website/drivers/N/NIKMAZ01_Nikita_Mazepin/nikmaz01.png.transform/1col/image.png,17.0,17,19.0,,,,,+2 Laps,0.0,61.0,10.6,16.8,69.5,0.5,True
2021,2,Emilia Romagna Grand Prix,Imola,R,2021-04-18,77,BOT,bottas,Mercedes,mercedes,Valtteri,Bottas,https://www.formula1.com/content/dam/fom-website/drivers/V/VALBOT01_Valtteri_Bottas/valbot01.png.transform/1col/image.png,18.0,R,8.0,,,,,Collision,0.0,30.0,10.6,16.8,69.5,0.5,True
2021,2,Emilia Romagna Grand Prix,Imola,R,2021-04-18,63,RUS,russell,Williams,williams,George,Russell,https://www.formula1.com/content/dam/fom-website/drivers/G/GEORUS01_George_Russell/georus01.png.transform/1col/image.png,19.0,R,12.0,,,,,Collision,0.0,30.0,10.6,16.8,69.5,0.5,True
2021,2,Emilia Romagna Grand Prix,Imola,R,2021-04-18,6,LAT,latifi,Williams,williams,Nicholas,Latifi,https://www.formula1.com/content/dam/fom-website/drivers/N/NICLAF01_Nicholas_Latifi/niclaf01.png.transform/1col/image.png,20.0,R,14.0,,,,,Collision,0.0,0.0,10.6,16.8,69.5,0.5,True
2021,3,Portuguese Grand Prix,Portimão,R,2021-05-02,44,HAM,hamilton,Mercedes,mercedes,Lewis,Hamilton,https://www.formula1.com/content/dam/fom-website/drivers/L/LEWHAM01_Lewis_Hamilton/lewham01.png.transform/1col/image.png,1.0,1,2.0,,,,0 days 01:34:31.421000,Finished,25.0,66.0,19.4,39.0,39.4,0.8,False
2021,3,Portuguese Grand Prix,Portimão,R,2021-05-02,33,VER,max_verstappen,Red Bull Racing,red_bull,Max,Verstappen,https://www.formula1.com/content/dam/fom-website/drivers/M/MAXVER01_Max_Verstappen/maxver01.png.transform/1col/image.png,2.0,2,3.0,,,,0 days 00:00:29.148000,Finished,18.0,66.0,19.4,39.0,39.4,0.8,False
2021,3,Portuguese Grand Prix,Portimão,R,2021-05-02,77,BOT,bottas,Mercedes,mercedes,Valtteri,Bottas,https://www.formula1.com/content/dam/fom-website/drivers/V/VALBOT01_Valtteri_Bottas/valbot01.png.transform/1col/image.png,3.0,3,1.0,,,,0 days 00:00:33.530000,Finished,16.0,66.0,19.4,39.0,39.4,0.8,False
2021,3,Portuguese Grand Prix,Portimão,R,2021-05-02,11,PER,perez,Red Bull Racing,red_bull,Sergio,Perez,https://www.formula1.com/content/dam/fom-website/drivers/S/SERPER01_Sergio_Perez/serper01.png.transform/1col/image.png,4.0,4,4.0,,,,0 days 00:00:39.735000,Finished,12.0,66.0,19.4,39.0,39.4,0.8,False
2021,3,Portuguese Grand Prix,Portimão,R,2021-05-02,4,NOR,norris,McLaren,mclaren,Lando,Norris,https://www.formula1.com/content/dam/fom-website/drivers/L/LANNOR01_Lando_Norris/lannor01.png.transform/1col/image.png,5.0,5,7.0,,,,0 days 00:00:51.369000,Finished,10.0,66.0,19.4,39.0,39.4,0.8,False
2021,3,Portuguese Grand Prix,Portimão,R,2021-05-02,16,LEC,leclerc,Ferrari,ferrari,Charles,Leclerc,https://www.formula1.com/content/dam/fom-website/drivers/C/CHALEC01_Charles_Leclerc/chalec01.png.transform/1col/image.png,6.0,6,8.0,,,,0 days 00:00:55.781000,Finished,8.0,66.0,19.4,39.0,39.4,0.8,False
2021,3,Portuguese Grand Prix,Portimão,R,2021-05-02,31,OCO,ocon,Alpine,alpine,Esteban,Ocon,https://www.formula1.com/content/dam/fom-website/drivers/E/ESTOCO01_Esteban_Ocon/estoco01.png.transform/1col/image.png,7.0,7,6.0,,,,0 days 00:01:03.749000,Finished,6.0,66.0,19.4,39.0,39.4,0.8,False
2021,3,Portuguese Grand Prix,Portimão,R,2021-05-02,14,ALO,alonso,Alpine,alpine,Fernando,Alonso,https://www.formula1.com/content/dam/fom-website/drivers/F/FERALO01_Fernando_Alonso/feralo01.png.transform/1col/image.png,8.0,8,13.0,,,,0 days 00:00:01.808000,Finished,4.0,66.0,19.4,39.0,39.4,0.8,False
2021,3,Portuguese Grand Prix,Portimão,R,2021-05-02,3,RIC,ricciardo,McLaren,mclaren,Daniel,Ricciardo,https://www.formula1.com/content/dam/fom-website/drivers/D/DANRIC01_Daniel_Ricciardo/danric01.png.transform/1col/image.png,9.0,9,16.0,,,,0 days 00:01:15.369000,Finished,2.0,66.0,19.4,39.0,39.4,0.8,False
2021,3,Portuguese Grand Prix,Portimão,R,2021-05-02,10,GAS,gasly,AlphaTauri,alphatauri,Pierre,Gasly,https://www.formula1.com/content/dam/fom-website/drivers/P/PIEGAS01_Pierre_Gasly/piegas01.png.transform/1col/image.png,10.0,10,9.0,,,,0 days 00:01:16.463000,Finished,1.0,66.0,19.4,39.0,39.4,0.8,False
2021,3,Portuguese Grand Prix,Portimão,R,2021-05-02,55,SAI,sainz,Ferrari,ferrari,Carlos,Sainz,https://www.formula1.com/content/dam/fom-website/drivers/C/CARSAI01_Carlos_Sainz/carsai01.png.transform/1col/image.png,11.0,11,5.0,,,,0 days 00:01:18.955000,Finished,0.0,66.0,19.4,39.0,39.4,0.8,False
2021,3,Portuguese Grand Prix,Portimão,R,2021-05-02,99,GIO,giovinazzi,Alfa Romeo Racing,alfa,Antonio,Giovinazzi,https://www.formula1.com/content/dam/fom-website/drivers/A/ANTGIO01_Antonio_Giovinazzi/antgio01.png.transform/1col/image.png,12.0,12,12.0,,,,,+1 Lap,0.0,65.0,19.4,39.0,39.4,0.8,False
2021,3,Portuguese Grand Prix,Portimão,R,2021-05-02,5,VET,vettel,Aston Martin,aston_martin,Sebastian,Vettel,https://www.formula1.com/content/dam/fom-website/drivers/S/SEBVET01_Sebastian_Vettel/sebvet01.png.transform/1col/image.png,13.0,13,10.0,,,,,+1 Lap,0.0,65.0,19.4,39.0,39.4,0.8,False
2021,3,Portuguese Grand Prix,Portimão,R,2021-05-02,18,STR,stroll,Aston Martin,aston_martin,Lance,Stroll,https://www.formula1.com/content/dam/fom-website/drivers/L/LANSTR01_Lance_Stroll/lanstr01.png.transform/1col/image.png,14.0,14,17.0,,,,,+1 Lap,0.0,65.0,19.4,39.0,39.4,0.8,False
2021,3,Portuguese Grand Prix,Portimão,R,2021-05-02,22,TSU,tsunoda,AlphaTauri,alphatauri,Yuki,Tsunoda,https://www.formula1.com/content/dam/fom-website/drivers/Y/YUKTSU01_Yuki_Tsunoda/yuktsu01.png.transform/1col/image.png,15.0,15,14.0,,,,,+1 Lap,0.0,65.0,19.4,39.0,39.4,0.8,False
2021,3,Portuguese Grand Prix,Portimão,R,2021-05-02,63,RUS,russell,Williams,williams,George,Russell,https://www.formula1.com/content/dam/fom-website/drivers/G/GEORUS01_George_Russell/georus01.png.transform/1col/image.png,16.0,16,11.0,,,,,+1 Lap,0.0,65.0,19.4,39.0,39.4,0.8,False
2021,3,Portuguese Grand Prix,Portimão,R,2021-05-02,47,MSC,mick_schumacher,Haas F1 Team,haas,Mick,Schumacher,https://www.formula1.com/content/dam/fom-website/drivers/M/MICSCH02_Mick_Schumacher/micsch02.png.transform/1col/image.png,17.0,17,19.0,,,,,+2 Laps,0.0,64.0,19.4,39.0,39.4,0.8,False
2021,3,Portuguese Grand Prix,Portimão,R,2021-05-02,6,LAT,latifi,Williams,williams,Nicholas,Latifi,https://www.formula1.com/content/dam/fom-website/drivers/N/NICLAF01_Nicholas_Latifi/niclaf01.png.transform/1col/image.png,18.0,18,18.0,,,,,+2 Laps,0.0,64.0,19.4,39.0,39.4,0.8,False
2021,3,Portuguese Grand Prix,Portimão,R,2021-05-02,9,MAZ,mazepin,Haas F1 Team,haas,Nikita,Mazepin,https://www.formula1.com/content/dam/fom-website/drivers/N/NIKMAZ01_Nikita_Mazepin/nikmaz01.png.transform/1col/image.png,19.0,19,20.0,,,,,+2 Laps,0.0,64.0,19.4,39.0,39.4,0.8,False
2021,3,Portuguese Grand Prix,Portimão,R,2021-05-02,7,RAI,raikkonen,Alfa Romeo Racing,alfa,Kimi,Räikkönen,https://www.formula1.com/content/dam/fom-website/drivers/K/KIMRAI01_Kimi_R%C3%A4ikk%C3%B6nen/kimrai01.png.transform/1col/image.png,20.0,R,15.0,,,,,Collision damage,0.0,1.0,19.4,39.0,39.4,0.8,False
2021,4,Spanish Grand Prix,Barcelona,R,2021-05-09,44,HAM,hamilton,Mercedes,mercedes,Lewis,Hamilton,https://www.formula1.com/content/dam/fom-website/drivers/L/LEWHAM01_Lewis_Hamilton/lewham01.png.transform/1col/image.png,1.0,1,1.0,,,,0 days 01:33:07.680000,Finished,25.0,66.0,22.2,32.9,57.6,0.5,False
2021,4,Spanish Grand Prix,Barcelona,R,2021-05-09,33,VER,max_verstappen,Red Bull Racing,red_bull,Max,Verstappen,https://www.formula1.com/content/dam/fom-website/drivers/M/MAXVER01_Max_Verstappen/maxver01.png.transform/1col/image.png,2.0,2,2.0,,,,0 days 00:00:15.841000,Finished,19.0,66.0,22.2,32.9,57.6,0.5,False
2021,4,Spanish Grand Prix,Barcelona,R,2021-05-09,77,BOT,bottas,Mercedes,mercedes,Valtteri,Bottas,https://www.formula1.com/content/dam/fom-website/drivers/V/VALBOT01_Valtteri_Bottas/valbot01.png.transform/1col/image.png,3.0,3,3.0,,,,0 days 00:00:26.610000,Finished,15.0,66.0,22.2,32.9,57.6,0.5,False
2021,4,Spanish Grand Prix,Barcelona,R,2021-05-09,16,LEC,leclerc,Ferrari,ferrari,Charles,Leclerc,https://www.formula1.com/content/dam/fom-website/drivers/C/CHALEC01_Charles_Leclerc/chalec01.png.transform/1col/image.png,4.0,4,4.0,,,,0 days 00:00:54.616000,Finished,12.0,66.0,22.2,32.9,57.6,0.5,False
2021,4,Spanish Grand Prix,Barcelona,R,2021-05-09,11,PER,perez,Red Bull Racing,red_bull,Sergio,Perez,https://www.formula1.com/content/dam/fom-website/drivers/S/SERPER01_Sergio_Perez/serper01.png.transform/1col/image.png,5.0,5,8.0,,,,0 days 00:01:03.671000,Finished,10.0,66.0,22.2,32.9,57.6,0.5,False
2021,4,Spanish Grand Prix,Barcelona,R,2021-05-09,3,RIC,ricciardo,McLaren,mclaren,Daniel,Ricciardo,https://www.formula1.com/content/dam/fom-website/drivers/D/DANRIC01_Daniel_Ricciardo/danric01.png.transform/1col/image.png,6.0,6,7.0,,,,0 days 00:01:13.768000,Finished,8.0,66.0,22.2,32.9,57.6,0.5,False
2021,4,Spanish Grand Prix,Barcelona,R,2021-05-09,55,SAI,sainz,Ferrari,ferrari,Carlos,Sainz,https://www.formula1.com/content/dam/fom-website/drivers/C/CARSAI01_Carlos_Sainz/carsai01.png.transform/1col/image.png,7.0,7,6.0,,,,0 days 00:01:14.670000,Finished,6.0,66.0,22.2,32.9,57.6,0.5,False
2021,4,Spanish Grand Prix,Barcelona,R,2021-05-09,4,NOR,norris,McLaren,mclaren,Lando,Norris,https://www.formula1.com/content/dam/fom-website/drivers/L/LANNOR01_Lando_Norris/lannor01.png.transform/1col/image.png,8.0,8,9.0,,,,,+1 Lap,4.0,65.0,22.2,32.9,57.6,0.5,False
2021,4,Spanish Grand Prix,Barcelona,R,2021-05-09,31,OCO,ocon,Alpine,alpine,Esteban,Ocon,https://www.formula1.com/content/dam/fom-website/drivers/E/ESTOCO01_Esteban_Ocon/estoco01.png.transform/1col/image.png,9.0,9,5.0,,,,,+1 Lap,2.0,65.0,22.2,32.9,57.6,0.5,False
2021,4,Spanish Grand Prix,Barcelona,R,2021-05-09,10,GAS,gasly,AlphaTauri,alphatauri,Pierre,Gasly,https://www.formula1.com/content/dam/fom-website/drivers/P/PIEGAS01_Pierre_Gasly/piegas01.png.transform/1col/image.png,10.0,10,12.0,,,,,+1 Lap,1.0,65.0,22.2,32.9,57.6,0.5,False
2021,4,Spanish Grand Prix,Barcelona,R,2021-05-09,18,STR,stroll,Aston Martin,aston_martin,Lance,Stroll,https://www.formula1.com/content/dam/fom-website/drivers/L/LANSTR01_Lance_Stroll/lanstr01.png.transform/1col/image.png,11.0,11,11.0,,,,,+1 Lap,0.0,65.0,22.2,32.9,57.6,0.5,False
2021,4,Spanish Grand Prix,Barcelona,R,2021-05-09,7,RAI,raikkonen,Alfa Romeo Racing,alfa,Kimi,Räikkönen,https://www.formula1.com/content/dam/fom-website/drivers/K/KIMRAI01_Kimi_R%C3%A4ikk%C3%B6nen/kimrai01.png.transform/1col/image.png,12.0,12,17.0,,,,,+1 Lap,0.0,65.0,22.2,32.9,57.6,0.5,False
2021,4,Spanish Grand Prix,Barcelona,R,2021-05-09,5,VET,vettel,Aston Martin,aston_martin,Sebastian,Vettel,https://www.formula1.com/content/dam/fom-website/drivers/S/SEBVET01_Sebastian_Vettel/sebvet01.png.transform/1col/image.png,13.0,13,13.0,,,,,+1 Lap,0.0,65.0,22.2,32.9,57.6,0.5,False
2021,4,Spanish Grand Prix,Barcelona,R,2021-05-09,63,RUS,russell,Williams,williams,George,Russell,https://www.formula1.com/content/dam/fom-website/drivers/G/GEORUS01_George_Russell/georus01.png.transform/1col/image.png,14.0,14,15.0,,,,,+1 Lap,0.0,65.0,22.2,32.9,57.6,0.5,False
2021,4,Spanish Grand Prix,Barcelona,R,2021-05-09,99,GIO,giovinazzi,Alfa Romeo Racing,alfa,Antonio,Giovinazzi,https://www.formula1.com/content/dam/fom-website/drivers/A/ANTGIO01_Antonio_Giovinazzi/antgio01.png.transform/1col/image.png,15.0,15,14.0,,,,,+1 Lap,0.0,65.0,22.2,32.9,57.6,0.5,False
2021,4,Spanish Grand Prix,Barcelona,R,2021-05-09,6,LAT,latifi,Williams,williams,Nicholas,Latifi,https://www.formula1.com/content/dam/fom-website/drivers/N/NICLAF01_Nicholas_Latifi/niclaf01.png.transform/1col/image.png,16.0,16,19.0,,,,,+1 Lap,0.0,65.0,22.2,32.9,57.6,0.5,False
2021,4,Spanish Grand Prix,Barcelona,R,2021-05-09,14,ALO,alonso,Alpine,alpine,Fernando,Alonso,https://www.formula1.com/content/dam/fom-website/drivers/F/FERALO01_Fernando_Alonso/feralo01.png.transform/1col/image.png,17.0,17,10.0,,,,,+1 Lap,0.0,65.0,22.2,32.9,57.6,0.5,False
2021,4,Spanish Grand Prix,Barcelona,R,2021-05-09,47,MSC,mick_schumacher,Haas F1 Team,haas,Mick,Schumacher,https://www.formula1.com/content/dam/fom-website/drivers/M/MICSCH02_Mick_Schumacher/micsch02.png.transform/1col/image.png,18.0,18,18.0,,,,,+2 Laps,0.0,64.0,22.2,32.9,57.6,0.5,False
2021,4,Spanish Grand Prix,Barcelona,R,2021-05-09,9,MAZ,mazepin,Haas F1 Team,haas,Nikita,Mazepin,https://www.formula1.com/content/dam/fom-website/drivers/N/NIKMAZ01_Nikita_Mazepin/nikmaz01.png.transform/1col/image.png,19.0,19,20.0,,,,,+2 Laps,0.0,64.0,22.2,32.9,57.6,0.5,False
2021,4,Spanish Grand Prix,Barcelona,R,2021-05-09,22,TSU,tsunoda,AlphaTauri,alphatauri,Yuki,Tsunoda,https://www.formula1.com/content/dam/fom-website/drivers/Y/YUKTSU01_Yuki_Tsunoda/yuktsu01.png.transform/1col/image.png,20.0,R,16.0,,,,,Electrical,0.0,6.0,22.2,32.9,57.6,0.5,False
2021,5,Monaco Grand Prix,Monte Carlo,R,2021-05-23,33,VER,max_verstappen,Red Bull Racing,red_bull,Max,Verstappen,https://www.formula1.com/content/dam/fom-website/drivers/M/MAXVER01_Max_Verstappen/maxver01.png.transform/1col/image.png,1.0,1,2.0,,,,0 days 01:38:56.820000,Finished,25.0,78.0,20.8,37.6,61.4,0.3,False
2021,5,Monaco Grand Prix,Monte Carlo,R,2021-05-23,55,SAI,sainz,Ferrari,ferrari,Carlos,Sainz,https://www.formula1.com/content/dam/fom-website/drivers/C/CARSAI01_Carlos_Sainz/carsai01.png.transform/1col/image.png,2.0,2,4.0,,,,0 days 00:00:08.968000,Finished,18.0,78.0,20.8,37.6,61.4,0.3,False
2021,5,Monaco Grand Prix,Monte Carlo,R,2021-05-23,4,NOR,norris,McLaren,mclaren,Lando,Norris,https://www.formula1.com/content/dam/fom-website/drivers/L/LANNOR01_Lando_Norris/lannor01.png.transform/1col/image.png,3.0,3,5.0,,,,0 days 00:00:19.427000,Finished,15.0,78.0,20.8,37.6,61.4,0.3,False
2021,5,Monaco Grand Prix,Monte Carlo,R,2021-05-23,11,PER,perez,Red Bull Racing,red_bull,Sergio,Perez,https://www.formula1.com/content/dam/fom-website/drivers/S/SERPER01_Sergio_Perez/serper01.png.transform/1col/image.png,4.0,4,9.0,,,,0 days 00:00:20.490000,Finished,12.0,78.0,20.8,37.6,61.4,0.3,False
2021,5,Monaco Grand Prix,Monte Carlo,R,2021-05-23,5,VET,vettel,Aston Martin,aston_martin,Sebastian,Vettel,https://www.formula1.com/content/dam/fom-website/drivers/S/SEBVET01_Sebastian_Vettel/sebvet01.png.transform/1col/image.png,5.0,5,8.0,,,,0 days 00:00:52.591000,Finished,10.0,78.0,20.8,37.6,61.4,0.3,False
2021,5,Monaco Grand Prix,Monte Carlo,R,2021-05-23,10,GAS,gasly,AlphaTauri,alphatauri,Pierre,Gasly,https://www.formula1.com/content/dam/fom-website/drivers/P/PIEGAS01_Pierre_Gasly/piegas01.png.transform/1col/image.png,6.0,6,6.0,,,,0 days 00:00:53.896000,Finished,8.0,78.0,20.8,37.6,61.4,0.3,False
2021,5,Monaco Grand Prix,Monte Carlo,R,2021-05-23,44,HAM,hamilton,Mercedes,mercedes,Lewis,Hamilton,https://www.formula1.com/content/dam/fom-website/drivers/L/LEWHAM01_Lewis_Hamilton/lewham01.png.transform/1col/image.png,7.0,7,7.0,,,,0 days 00:01:08.231000,Finished,7.0,78.0,20.8,37.6,61.4,0.3,False
2021,5,Monaco Grand Prix,Monte Carlo,R,2021-05-23,18,STR,stroll,Aston Martin,aston_martin,Lance,Stroll,https://www.formula1.com/content/dam/fom-website/drivers/L/LANSTR01_Lance_Stroll/lanstr01.png.transform/1col/image.png,8.0,8,13.0,,,,,+1 Lap,4.0,77.0,20.8,37.6,61.4,0.3,False
2021,5,Monaco Grand Prix,Monte Carlo,R,2021-05-23,31,OCO,ocon,Alpine,alpine,Esteban,Ocon,https://www.formula1.com/content/dam/fom-website/drivers/E/ESTOCO01_Esteban_Ocon/estoco01.png.transform/1col/image.png,9.0,9,11.0,,,,,+1 Lap,2.0,77.0,20.8,37.6,61.4,0.3,False
2021,5,Monaco Grand Prix,Monte Carlo,R,2021-05-23,99,GIO,giovinazzi,Alfa Romeo Racing,alfa,Antonio,Giovinazzi,https://www.formula1.com/content/dam/fom-website/drivers/A/ANTGIO01_Antonio_Giovinazzi/antgio01.png.transform/1col/image.png,10.0,10,10.0,,,,,+1 Lap,1.0,77.0,20.8,37.6,61.4,0.3,False
2021,5,Monaco Grand Prix,Monte Carlo,R,2021-05-23,7,RAI,raikkonen,Alfa Romeo Racing,alfa,Kimi,Räikkönen,https://www.formula1.com/content/dam/fom-website/drivers/K/KIMRAI01_Kimi_R%C3%A4ikk%C3%B6nen/kimrai01.png.transform/1col/image.png,11.0,11,14.0,,,,,+1 Lap,0.0,77.0,20.8,37.6,61.4,0.3,False
2021,5,Monaco Grand Prix,Monte Carlo,R,2021-05-23,3,RIC,ricciardo,McLaren,mclaren,Daniel,Ricciardo,https://www.formula1.com/content/dam/fom-website/drivers/D/DANRIC01_Daniel_Ricciardo/danric01.png.transform/1col/image.png,12.0,12,12.0,,,,,+1 Lap,0.0,77.0,20.8,37.6,61.4,0.3,False
2021,5,Monaco Grand Prix,Monte Carlo,R,2021-05-23,14,ALO,alonso,Alpine,alpine,Fernando,Alonso,https://www.formula1.com/content/dam/fom-website/drivers/F/FERALO01_Fernando_Alonso/feralo01.png.transform/1col/image.png,13.0,13,17.0,,,,,+1 Lap,0.0,77.0,20.8,37.6,61.4,0.3,False
2021,5,Monaco Grand Prix,Monte Carlo,R,2021-05-23,63,RUS,russell,Williams,williams,George,Russell,https://www.formula1.com/content/dam/fom-website/drivers/G/GEORUS01_George_Russell/georus01.png.transform/1col/image.png,14.0,14,15.0,,,,,+1 Lap,0.0,77.0,20.8,37.6,61.4,0.3,False
2021,5,Monaco Grand Prix,Monte Carlo,R,2021-05-23,6,LAT,latifi,Williams,williams,Nicholas,Latifi,https://www.formula1.com/content/dam/fom-website/drivers/N/NICLAF01_Nicholas_Latifi/niclaf01.png.transform/1col/image.png,15.0,15,18.0,,,,,+1 Lap,0.0,77.0,20.8,37.6,61.4,0.3,False
2021,5,Monaco Grand Prix,Monte Carlo,R,2021-05-23,22,TSU,tsunoda,AlphaTauri,alphatauri,Yuki,Tsunoda,https://www.formula1.com/content/dam/fom-website/drivers/Y/YUKTSU01_Yuki_Tsunoda/yuktsu01.png.transform/1col/image.png,16.0,16,16.0,,,,,+1 Lap,0.0,77.0,20.8,37.6,61.4,0.3,False
2021,5,Monaco Grand Prix,Monte Carlo,R,2021-05-23,9,MAZ,mazepin,Haas F1 Team,haas,Nikita,Mazepin,https://www.formula1.com/content/dam/fom-website/drivers/N/NIKMAZ01_Nikita_Mazepin/nikmaz01.png.transform/1col/image.png,17.0,17,19.0,,,,,+3 Laps,0.0,75.0,20.8,37.6,61.4,0.3,False
2021,5,Monaco Grand Prix,Monte Carlo,R,2021-05-23,47,MSC,mick_schumacher,Haas F1 Team,haas,Mick,Schumacher,https://www.formula1.com/content/dam/fom-website/drivers/M/MICSCH02_Mick_Schumacher/micsch02.png.transform/1col/image.png,18.0,18,20.0,,,,,+3 Laps,0.0,75.0,20.8,37.6,61.4,0.3,False
2021,5,Monaco Grand Prix,Monte Carlo,R,2021-05-23,77,BOT,bottas,Mercedes,mercedes,Valtteri,Bottas,https://www.formula1.com/content/dam/fom-website/drivers/V/VALBOT01_Valtteri_Bottas/valbot01.png.transform/1col/image.png,19.0,R,3.0,,,,,Wheel nut,0.0,29.0,20.8,37.6,61.4,0.3,False
2021,5,Monaco Grand Prix,Monte Carlo,R,2021-05-23,16,LEC,leclerc,Ferrari,ferrari,Charles,Leclerc,https://www.formula1.com/content/dam/fom-website/drivers/C/CHALEC01_Charles_Leclerc/chalec01.png.transform/1col/image.png,20.0,W,1.0,,,,,Driveshaft,0.0,0.0,20.8,37.6,61.4,0.3,False
2021,6,Azerbaijan Grand Prix,Baku,R,2021-06-06,11,PER,perez,Red Bull Racing,red_bull,Sergio,Perez,https://www.formula1.com/content/dam/fom-website/drivers/S/SERPER01_Sergio_Perez/serper01.png.transform/1col/image.png,1.0,1,6.0,,,,0 days 02:13:36.410000,Finished,25.0,51.0,24.2,38.3,55.8,0.3,False
2021,6,Azerbaijan Grand Prix,Baku,R,2021-06-06,5,VET,vettel,Aston Martin,aston_martin,Sebastian,Vettel,https://www.formula1.com/content/dam/fom-website/drivers/S/SEBVET01_Sebastian_Vettel/sebvet01.png.transform/1col/image.png,2.0,2,11.0,,,,0 days 00:00:01.385000,Finished,18.0,51.0,24.2,38.3,55.8,0.3,False
2021,6,Azerbaijan Grand Prix,Baku,R,2021-06-06,10,GAS,gasly,AlphaTauri,alphatauri,Pierre,Gasly,https://www.formula1.com/content/dam/fom-website/drivers/P/PIEGAS01_Pierre_Gasly/piegas01.png.transform/1col/image.png,3.0,3,4.0,,,,0 days 00:00:02.762000,Finished,15.0,51.0,24.2,38.3,55.8,0.3,False
2021,6,Azerbaijan Grand Prix,Baku,R,2021-06-06,16,LEC,leclerc,Ferrari,ferrari,Charles,Leclerc,https://www.formula1.com/content/dam/fom-website/drivers/C/CHALEC01_Charles_Leclerc/chalec01.png.transform/1col/image.png,4.0,4,1.0,,,,0 days 00:00:03.828000,Finished,12.0,51.0,24.2,38.3,55.8,0.3,False
2021,6,Azerbaijan Grand Prix,Baku,R,2021-06-06,4,NOR,norris,McLaren,mclaren,Lando,Norris,https://www.formula1.com/content/dam/fom-website/drivers/L/LANNOR01_Lando_Norris/lannor01.png.transform/1col/image.png,5.0,5,9.0,,,,0 days 00:00:04.754000,Finished,10.0,51.0,24.2,38.3,55.8,0.3,False
2021,6,Azerbaijan Grand Prix,Baku,R,2021-06-06,14,ALO,alonso,Alpine,alpine,Fernando,Alonso,https://www.formula1.com/content/dam/fom-website/drivers/F/FERALO01_Fernando_Alonso/feralo01.png.transform/1col/image.png,6.0,6,8.0,,,,0 days 00:00:06.382000,Finished,8.0,51.0,24.2,38.3,55.8,0.3,False
2021,6,Azerbaijan Grand Prix,Baku,R,2021-06-06,22,TSU,tsunoda,AlphaTauri,alphatauri,Yuki,Tsunoda,https://www.formula1.com/content/dam/fom-website/drivers/Y/YUKTSU01_Yuki_Tsunoda/yuktsu01.png.transform/1col/image.png,7.0,7,7.0,,,,0 days 00:00:06.624000,Finished,6.0,51.0,24.2,38.3,55.8,0.3,False
2021,6,Azerbaijan Grand Prix,Baku,R,2021-06-06,55,SAI,sainz,Ferrari,ferrari,Carlos,Sainz,https://www.formula1.com/content/dam/fom-website/drivers/C/CARSAI01_Carlos_Sainz/carsai01.png.transform/1col/image.png,8.0,8,5.0,,,,0 days 00:00:07.709000,Finished,4.0,51.0,24.2,38.3,55.8,0.3,False
2021,6,Azerbaijan Grand Prix,Baku,R,2021-06-06,3,RIC,ricciardo,McLaren,mclaren,Daniel,Ricciardo,https://www.formula1.com/content/dam/fom-website/drivers/D/DANRIC01_Daniel_Ricciardo/danric01.png.transform/1col/image.png,9.0,9,13.0,,,,0 days 00:00:08.874000,Finished,2.0,51.0,24.2,38.3,55.8,0.3,False
2021,6,Azerbaijan Grand Prix,Baku,R,2021-06-06,7,RAI,raikkonen,Alfa Romeo Racing,alfa,Kimi,Räikkönen,https://www.formula1.com/content/dam/fom-website/drivers/K/KIMRAI01_Kimi_R%C3%A4ikk%C3%B6nen/kimrai01.png.transform/1col/image.png,10.0,10,14.0,,,,0 days 00:00:09.576000,Finished,1.0,51.0,24.2,38.3,55.8,0.3,False
2021,6,Azerbaijan Grand Prix,Baku,R,2021-06-06,99,GIO,giovinazzi,Alfa Romeo Racing,alfa,Antonio,Giovinazzi,https://www.formula1.com/content/dam/fom-website/drivers/A/ANTGIO01_Antonio_Giovinazzi/antgio01.png.transform/1col/image.png,11.0,11,20.0,,,,0 days 00:00:10.254000,Finished,0.0,51.0,24.2,38.3,55.8,0.3,False
2021,6,Azerbaijan Grand Prix,Baku,R,2021-06-06,77,BOT,bottas,Mercedes,mercedes,Valtteri,Bottas,https://www.formula1.com/content/dam/fom-website/drivers/V/VALBOT01_Valtteri_Bottas/valbot01.png.transform/1col/image.png,12.0,12,10.0,,,,0 days 00:00:11.264000,Finished,0.0,51.0,24.2,38.3,55.8,0.3,False
2021,6,Azerbaijan Grand Prix,Baku,R,2021-06-06,47,MSC,mick_schumacher,Haas F1 Team,haas,Mick,Schumacher,https://www.formula1.com/content/dam/fom-website/drivers/M/MICSCH02_Mick_Schumacher/micsch02.png.transform/1col/image.png,13.0,13,17.0,,,,0 days 00:00:14.241000,Finished,0.0,51.0,24.2,38.3,55.8,0.3,False
2021,6,Azerbaijan Grand Prix,Baku,R,2021-06-06,9,MAZ,mazepin,Haas F1 Team,haas,Nikita,Mazepin,https://www.formula1.com/content/dam/fom-website/drivers/N/NIKMAZ01_Nikita_Mazepin/nikmaz01.png.transform/1col/image.png,14.0,14,18.0,,,,0 days 00:00:14.315000,Finished,0.0,51.0,24.2,38.3,55.8,0.3,False
2021,6,Azerbaijan Grand Prix,Baku,R,2021-06-06,44,HAM,hamilton,Mercedes,mercedes,Lewis,Hamilton,https://www.formula1.com/content/dam/fom-website/drivers/L/LEWHAM01_Lewis_Hamilton/lewham01.png.transform/1col/image.png,15.0,15,2.0,,,,0 days 00:00:17.668000,Finished,0.0,51.0,24.2,38.3,55.8,0.3,False
2021,6,Azerbaijan Grand Prix,Baku,R,2021-06-06,6,LAT,latifi,Williams,williams,Nicholas,Latifi,https://www.formula1.com/content/dam/fom-website/drivers/N/NICLAF01_Nicholas_Latifi/niclaf01.png.transform/1col/image.png,16.0,16,16.0,,,,0 days 00:00:43.379000,Finished,0.0,51.0,24.2,38.3,55.8,0.3,False
2021,6,Azerbaijan Grand Prix,Baku,R,2021-06-06,63,RUS,russell,Williams,williams,George,Russell,https://www.formula1.com/content/dam/fom-website/drivers/G/GEORUS01_George_Russell/georus01.png.transform/1col/image.png,17.0,R,15.0,,,,,Gearbox,0.0,48.0,24.2,38.3,55.8,0.3,False
2021,6,Azerbaijan Grand Prix,Baku,R,2021-06-06,33,VER,max_verstappen,Red Bull Racing,red_bull,Max,Verstappen,https://www.formula1.com/content/dam/fom-website/drivers/M/MAXVER01_Max_Verstappen/maxver01.png.transform/1col/image.png,18.0,R,3.0,,,,,Accident,0.0,45.0,24.2,38.3,55.8,0.3,False
2021,6,Azerbaijan Grand Prix,Baku,R,2021-06-06,18,STR,stroll,Aston Martin,aston_martin,Lance,Stroll,https://www.formula1.com/content/dam/fom-website/drivers/L/LANSTR01_Lance_Stroll/lanstr01.png.transform/1col/image.png,19.0,R,19.0,,,,,Accident,0.0,29.0,24.2,38.3,55.8,0.3,False
2021,6,Azerbaijan Grand Prix,Baku,R,2021-06-06,31,OCO,ocon,Alpine,alpine,Esteban,Ocon,https://www.formula1.com/content/dam/fom-website/drivers/E/ESTOCO01_Esteban_Ocon/estoco01.png.transform/1col/image.png,20.0,R,12.0,,,,,Turbo,0.0,3.0,24.2,38.3,55.8,0.3,False
2021,7,French Grand Prix,Le Castellet,R,2021-06-20,33,VER,max_verstappen,Red Bull Racing,red_bull,Max,Verstappen,https://www.formula1.com/content/dam/fom-website/drivers/M/MAXVER01_Max_Verstappen/maxver01.png.transform/1col/image.png,1.0,1,1.0,,,,0 days 01:27:25.770000,Finished,26.0,53.0,25.3,35.2,58.6,1.2,False
2021,7,French Grand Prix,Le Castellet,R,2021-06-20,44,HAM,hamilton,Mercedes,mercedes,Lewis,Hamilton,https://www.formula1.com/content/dam/fom-website/drivers/L/LEWHAM01_Lewis_Hamilton/lewham01.png.transform/1col/image.png,2.0,2,2.0,,,,0 days 00:00:02.904000,Finished,18.0,53.0,25.3,35.2,58.6,1.2,False
2021,7,French Grand Prix,Le Castellet,R,2021-06-20,11,PER,perez,Red Bull Racing,red_bull,Sergio,Perez,https://www.formula1.com/content/dam/fom-website/drivers/S/SERPER01_Sergio_Perez/serper01.png.transform/1col/image.png,3.0,3,4.0,,,,0 days 00:00:08.811000,Finished,15.0,53.0,25.3,35.2,58.6,1.2,False
2021,7,French Grand Prix,Le Castellet,R,2021-06-20,77,BOT,bottas,Mercedes,mercedes,Valtteri,Bottas,https://www.formula1.com/content/dam/fom-website/drivers/V/VALBOT01_Valtteri_Bottas/valbot01.png.transform/1col/image.png,4.0,4,3.0,,,,0 days 00:00:14.618000,Finished,12.0,53.0,25.3,35.2,58.6,1.2,False
2021,7,French Grand Prix,Le Castellet,R,2021-06-20,4,NOR,norris,McLaren,mclaren,Lando,Norris,https://www.formula1.com/content/dam/fom-website/drivers/L/LANNOR01_Lando_Norris/lannor01.png.transform/1col/image.png,5.0,5,8.0,,,,0 days 00:01:04.032000,Finished,10.0,53.0,25.3,35.2,58.6,1.2,False
2021,7,French Grand Prix,Le Castellet,R,2021-06-20,3,RIC,ricciardo,McLaren,mclaren,Daniel,Ricciardo,https://www.formula1.com/content/dam/fom-website/drivers/D/DANRIC01_Daniel_Ricciardo/danric01.png.transform/1col/image.png,6.0,6,10.0,,,,0 days 00:01:15.857000,Finished,8.0,53.0,25.3,35.2,58.6,1.2,False
2021,7,French Grand Prix,Le Castellet,R,2021-06-20,10,GAS,gasly,AlphaTauri,alphatauri,Pierre,Gasly,https://www.formula1.com/content/dam/fom-website/drivers/P/PIEGAS01_Pierre_Gasly/piegas01.png.transform/1col/image.png,7.0,7,6.0,,,,0 days 00:01:16.596000,Finished,6.0,53.0,25.3,35.2,58.6,1.2,False
2021,7,French Grand Prix,Le Castellet,R,2021-06-20,14,ALO,alonso,Alpine,alpine,Fernando,Alonso,https://www.formula1.com/content/dam/fom-website/drivers/F/FERALO01_Fernando_Alonso/feralo01.png.transform/1col/image.png,8.0,8,9.0,,,,0 days 00:01:17.695000,Finished,4.0,53.0,25.3,35.2,58.6,1.2,False
2021,7,French Grand Prix,Le Castellet,R,2021-06-20,5,VET,vettel,Aston Martin,aston_martin,Sebastian,Vettel,https://www.formula1.com/content/dam/fom-website/drivers/S/SEBVET01_Sebastian_Vettel/sebvet01.png.transform/1col/image.png,9.0,9,12.0,,,,0 days 00:01:19.666000,Finished,2.0,53.0,25.3,35.2,58.6,1.2,False
2021,7,French Grand Prix,Le Castellet,R,2021-06-20,18,STR,stroll,Aston Martin,aston_martin,Lance,Stroll,https://www.formula1.com/content/dam/fom-website/drivers/L/LANSTR01_Lance_Stroll/lanstr01.png.transform/1col/image.png,10.0,10,19.0,,,,0 days 00:01:31.946000,Finished,1.0,53.0,25.3,35.2,58.6,1.2,False
2021,7,French Grand Prix,Le Castellet,R,2021-06-20,55,SAI,sainz,Ferrari,ferrari,Carlos,Sainz,https://www.formula1.com/content/dam/fom-website/drivers/C/CARSAI01_Carlos_Sainz/carsai01.png.transform/1col/image.png,11.0,11,5.0,,,,0 days 00:01:39.337000,Finished,0.0,53.0,25.3,35.2,58.6,1.2,False
2021,7,French Grand Prix,Le Castellet,R,2021-06-20,63,RUS,russell,Williams,williams,George,Russell,https://www.formula1.com/content/dam/fom-website/drivers/G/GEORUS01_George_Russell/georus01.png.transform/1col/image.png,12.0,12,14.0,,,,,+1 Lap,0.0,52.0,25.3,35.2,58.6,1.2,False
2021,7,French Grand Prix,Le Castellet,R,2021-06-20,22,TSU,tsunoda,AlphaTauri,alphatauri,Yuki,Tsunoda,https://www.formula1.com/content/dam/fom-website/drivers/Y/YUKTSU01_Yuki_Tsunoda/yuktsu01.png.transform/1col/image.png,13.0,13,0.0,,,,,+1 Lap,0.0,52.0,25.3,35.2,58.6,1.2,False
2021,7,French Grand Prix,Le Castellet,R,2021-06-20,31,OCO,ocon,Alpine,alpine,Esteban,Ocon,https://www.formula1.com/content/dam/fom-website/drivers/E/ESTOCO01_Esteban_Ocon/estoco01.png.transform/1col/image.png,14.0,14,11.0,,,,,+1 Lap,0.0,52.0,25.3,35.2,58.6,1.2,False
2021,7,French Grand Prix,Le Castellet,R,2021-06-20,99,GIO,giovinazzi,Alfa Romeo Racing,alfa,Antonio,Giovinazzi,https://www.formula1.com/content/dam/fom-website/drivers/A/ANTGIO01_Antonio_Giovinazzi/antgio01.png.transform/1col/image.png,15.0,15,13.0,,,,,+1 Lap,0.0,52.0,25.3,35.2,58.6,1.2,False
2021,7,French Grand Prix,Le Castellet,R,2021-06-20,16,LEC,leclerc,Ferrari,ferrari,Charles,Leclerc,https://www.formula1.com/content/dam/fom-website/drivers/C/CHALEC01_Charles_Leclerc/chalec01.png.transform/1col/image.png,16.0,16,7.0,,,,,+1 Lap,0.0,52.0,25.3,35.2,58.6,1.2,False
2021,7,French Grand Prix,Le Castellet,R,2021-06-20,7,RAI,raikkonen,Alfa Romeo Racing,alfa,Kimi,Räikkönen,https://www.formula1.com/content/dam/fom-website/drivers/K/KIMRAI01_Kimi_R%C3%A4ikk%C3%B6nen/kimrai01.png.transform/1col/image.png,17.0,17,17.0,,,,,+1 Lap,0.0,52.0,25.3,35.2,58.6,1.2,False
2021,7,French Grand Prix,Le Castellet,R,2021-06-20,6,LAT,latifi,Williams,williams,Nicholas,Latifi,https://www.formula1.com/content/dam/fom-website/drivers/N/NICLAF01_Nicholas_Latifi/niclaf01.png.transform/1col/image.png,18.0,18,16.0,,,,,+1 Lap,0.0,52.0,25.3,35.2,58.6,1.2,False
2021,7,French Grand Prix,Le Castellet,R,2021-06-20,47,MSC,mick_schumacher,Haas F1 Team,haas,Mick,Schumacher,https://www.formula1.com/content/dam/fom-website/drivers/M/MICSCH02_Mick_Schumacher/micsch02.png.transform/1col/image.png,19.0,19,15.0,,,,,+1 Lap,0.0,52.0,25.3,35.2,58.6,1.2,False
2021,7,French Grand Prix,Le Castellet,R,2021-06-20,9,MAZ,mazepin,Haas F1 Team,haas,Nikita,Mazepin,https://www.formula1.com/content/dam/fom-website/drivers/N/NIKMAZ01_Nikita_Mazepin/nikmaz01.png.transform/1col/image.png,20.0,20,18.0,,,,,+1 Lap,0.0,52.0,25.3,35.2,58.6,1.2,False
2021,8,Styrian Grand Prix,Spielberg,R,2021-06-27,33,VER,max_verstappen,Red Bull Racing,red_bull,Max,Verstappen,https://www.formula1.com/content/dam/fom-website/drivers/M/MAXVER01_Max_Verstappen/maxver01.png.transform/1col/image.png,1.0,1,1.0,,,,0 days 01:22:18.925000,Finished,25.0,71.0,26.7,52.4,33.2,0.4,False
2021,8,Styrian Grand Prix,Spielberg,R,2021-06-27,44,HAM,hamilton,Mercedes,mercedes,Lewis,Hamilton,https://www.formula1.com/content/dam/fom-website/drivers/L/LEWHAM01_Lewis_Hamilton/lewham01.png.transform/1col/image.png,2.0,2,2.0,,,,0 days 00:00:35.743000,Finished,19.0,71.0,26.7,52.4,33.2,0.4,False
2021,8,Styrian Grand Prix,Spielberg,R,2021-06-27,77,BOT,bottas,Mercedes,mercedes,Valtteri,Bottas,https://www.formula1.com/content/dam/fom-website/drivers/V/VALBOT01_Valtteri_Bottas/valbot01.png.transform/1col/image.png,3.0,3,5.0,,,,0 days 00:00:46.907000,Finished,15.0,71.0,26.7,52.4,33.2,0.4,False
2021,8,Styrian Grand Prix,Spielberg,R,2021-06-27,11,PER,perez,Red Bull Racing,red_bull,Sergio,Perez,https://www.formula1.com/content/dam/fom-website/drivers/S/SERPER01_Sergio_Perez/serper01.png.transform/1col/image.png,4.0,4,4.0,,,,0 days 00:00:47.434000,Finished,12.0,71.0,26.7,52.4,33.2,0.4,False
2021,8,Styrian Grand Prix,Spielberg,R,2021-06-27,4,NOR,norris,McLaren,mclaren,Lando,Norris,https://www.formula1.com/content/dam/fom-website/drivers/L/LANNOR01_Lando_Norris/lannor01.png.transform/1col/image.png,5.0,5,3.0,,,,,+1 Lap,10.0,70.0,26.7,52.4,33.2,0.4,False
2021,8,Styrian Grand Prix,Spielberg,R,2021-06-27,55,SAI,sainz,Ferrari,ferrari,Carlos,Sainz,https://www.formula1.com/content/dam/fom-website/drivers/C/CARSAI01_Carlos_Sainz/carsai01.png.transform/1col/image.png,6.0,6,12.0,,,,,+1 Lap,8.0,70.0,26.7,52.4,33.2,0.4,False
2021,8,Styrian Grand Prix,Spielberg,R,2021-06-27,16,LEC,leclerc,Ferrari,ferrari,Charles,Leclerc,https://www.formula1.com/content/dam/fom-website/drivers/C/CHALEC01_Charles_Leclerc/chalec01.png.transform/1col/image.png,7.0,7,7.0,,,,,+1 Lap,6.0,70.0,26.7,52.4,33.2,0.4,False
2021,8,Styrian Grand Prix,Spielberg,R,2021-06-27,18,STR,stroll,Aston Martin,aston_martin,Lance,Stroll,https://www.formula1.com/content/dam/fom-website/drivers/L/LANSTR01_Lance_Stroll/lanstr01.png.transform/1col/image.png,8.0,8,9.0,,,,,+1 Lap,4.0,70.0,26.7,52.4,33.2,0.4,False
2021,8,Styrian Grand Prix,Spielberg,R,2021-06-27,14,ALO,alonso,Alpine,alpine,Fernando,Alonso,https://www.formula1.com/content/dam/fom-website/drivers/F/FERALO01_Fernando_Alonso/feralo01.png.transform/1col/image.png,9.0,9,8.0,,,,,+1 Lap,2.0,70.0,26.7,52.4,33.2,0.4,False
2021,8,Styrian Grand Prix,Spielberg,R,2021-06-27,22,TSU,tsunoda,AlphaTauri,alphatauri,Yuki,Tsunoda,https://www.formula1.com/content/dam/fom-website/drivers/Y/YUKTSU01_Yuki_Tsunoda/yuktsu01.png.transform/1col/image.png,10.0,10,11.0,,,,,+1 Lap,1.0,70.0,26.7,52.4,33.2,0.4,False
2021,8,Styrian Grand Prix,Spielberg,R,2021-06-27,7,RAI,raikkonen,Alfa Romeo Racing,alfa,Kimi,Räikkönen,https://www.formula1.com/content/dam/fom-website/drivers/K/KIMRAI01_Kimi_R%C3%A4ikk%C3%B6nen/kimrai01.png.transform/1col/image.png,11.0,11,18.0,,,,,+1 Lap,0.0,70.0,26.7,52.4,33.2,0.4,False
2021,8,Styrian Grand Prix,Spielberg,R,2021-06-27,5,VET,vettel,Aston Martin,aston_martin,Sebastian,Vettel,https://www.formula1.com/content/dam/fom-website/drivers/S/SEBVET01_Sebastian_Vettel/sebvet01.png.transform/1col/image.png,12.0,12,14.0,,,,,+1 Lap,0.0,70.0,26.7,52.4,33.2,0.4,False
2021,8,Styrian Grand Prix,Spielberg,R,2021-06-27,3,RIC,ricciardo,McLaren,mclaren,Daniel,Ricciardo,https://www.formula1.com/content/dam/fom-website/drivers/D/DANRIC01_Daniel_Ricciardo/danric01.png.transform/1col/image.png,13.0,13,13.0,,,,,+1 Lap,0.0,70.0,26.7,52.4,33.2,0.4,False
2021,8,Styrian Grand Prix,Spielberg,R,2021-06-27,31,OCO,ocon,Alpine,alpine,Esteban,Ocon,https://www.formula1.com/content/dam/fom-website/drivers/E/ESTOCO01_Esteban_Ocon/estoco01.png.transform/1col/image.png,14.0,14,17.0,,,,,+1 Lap,0.0,70.0,26.7,52.4,33.2,0.4,False
2021,8,Styrian Grand Prix,Spielberg,R,2021-06-27,99,GIO,giovinazzi,Alfa Romeo Racing,alfa,Antonio,Giovinazzi,https://www.formula1.com/content/dam/fom-website/drivers/A/ANTGIO01_Antonio_Giovinazzi/antgio01.png.transform/1col/image.png,15.0,15,15.0,,,,,+1 Lap,0.0,70.0,26.7,52.4,33.2,0.4,False
2021,8,Styrian Grand Prix,Spielberg,R,2021-06-27,47,MSC,mick_schumacher,Haas F1 Team,haas,Mick,Schumacher,https://www.formula1.com/content/dam/fom-website/drivers/M/MICSCH02_Mick_Schumacher/micsch02.png.transform/1col/image.png,16.0,16,19.0,,,,,+2 Laps,0.0,69.0,26.7,52.4,33.2,0.4,False
2021,8,Styrian Grand Prix,Spielberg,R,2021-06-27,6,LAT,latifi,Williams,williams,Nicholas,Latifi,https://www.formula1.com/content/dam/fom-website/drivers/N/NICLAF01_Nicholas_Latifi/niclaf01.png.transform/1col/image.png,17.0,17,16.0,,,,,+3 Laps,0.0,68.0,26.7,52.4,33.2,0.4,False
2021,8,Styrian Grand Prix,Spielberg,R,2021-06-27,9,MAZ,mazepin,Haas F1 Team,haas,Nikita,Mazepin,https://www.formula1.com/content/dam/fom-website/drivers/N/NIKMAZ01_Nikita_Mazepin/nikmaz01.png.transform/1col/image.png,18.0,18,20.0,,,,,+3 Laps,0.0,68.0,26.7,52.4,33.2,0.4,False
2021,8,Styrian Grand Prix,Spielberg,R,2021-06-27,63,RUS,russell,Williams,williams,George,Russell,https://www.formula1.com/content/dam/fom-website/drivers/G/GEORUS01_George_Russell/georus01.png.transform/1col/image.png,19.0,R,10.0,,,,,Engine,0.0,36.0,26.7,52.4,33.2,0.4,False
2021,8,Styrian Grand Prix,Spielberg,R,2021-06-27,10,GAS,gasly,AlphaTauri,alphatauri,Pierre,Gasly,https://www.formula1.com/content/dam/fom-website/drivers/P/PIEGAS01_Pierre_Gasly/piegas01.png.transform/1col/image.png,20.0,R,6.0,,,,,Collision,0.0,1.0,26.7,52.4,33.2,0.4,False
2021,9,Austrian Grand Prix,Spielberg,R,2021-07-04,33,VER,max_verstappen,Red Bull Racing,red_bull,Max,Verstappen,https://www.formula1.com/content/dam/fom-website/drivers/M/MAXVER01_Max_Verstappen/maxver01.png.transform/1col/image.png,1.0,1,1.0,,,,0 days 01:23:54.543000,Finished,26.0,71.0,21.0,33.2,49.7,0.3,True
2021,9,Austrian Grand Prix,Spielberg,R,2021-07-04,77,BOT,bottas,Mercedes,mercedes,Valtteri,Bottas,https://www.formula1.com/content/dam/fom-website/drivers/V/VALBOT01_Valtteri_Bottas/valbot01.png.transform/1col/image.png,2.0,2,5.0,,,,0 days 00:00:17.973000,Finished,18.0,71.0,21.0,33.2,49.7,0.3,True
2021,9,Austrian Grand Prix,Spielberg,R,2021-07-04,4,NOR,norris,McLaren,mclaren,Lando,Norris,https://www.formula1.com/content/dam/fom-website/drivers/L/LANNOR01_Lando_Norris/lannor01.png.transform/1col/image.png,3.0,3,2.0,,,,0 days 00:00:20.019000,Finished,15.0,71.0,21.0,33.2,49.7,0.3,True
2021,9,Austrian Grand Prix,Spielberg,R,2021-07-04,44,HAM,hamilton,Mercedes,mercedes,Lewis,Hamilton,https://www.formula1.com/content/dam/fom-website/drivers/L/LEWHAM01_Lewis_Hamilton/lewham01.png.transform/1col/image.png,4.0,4,4.0,,,,0 days 00:00:46.452000,Finished,12.0,71.0,21.0,33.2,49.7,0.3,True
2021,9,Austrian Grand Prix,Spielberg,R,2021-07-04,55,SAI,sainz,Ferrari,ferrari,Carlos,Sainz,https://www.formula1.com/content/dam/fom-website/drivers/C/CARSAI01_Carlos_Sainz/carsai01.png.transform/1col/image.png,5.0,5,10.0,,,,0 days 00:00:57.144000,Finished,10.0,71.0,21.0,33.2,49.7,0.3,True
2021,9,Austrian Grand Prix,Spielberg,R,2021-07-04,11,PER,perez,Red Bull Racing,red_bull,Sergio,Perez,https://www.formula1.com/content/dam/fom-website/drivers/S/SERPER01_Sergio_Perez/serper01.png.transform/1col/image.png,6.0,6,3.0,,,,0 days 00:00:57.915000,Finished,8.0,71.0,21.0,33.2,49.7,0.3,True
2021,9,Austrian Grand Prix,Spielberg,R,2021-07-04,3,RIC,ricciardo,McLaren,mclaren,Daniel,Ricciardo,https://www.formula1.com/content/dam/fom-website/drivers/D/DANRIC01_Daniel_Ricciardo/danric01.png.transform/1col/image.png,7.0,7,13.0,,,,0 days 00:01:00.395000,Finished,6.0,71.0,21.0,33.2,49.7,0.3,True
2021,9,Austrian Grand Prix,Spielberg,R,2021-07-04,16,LEC,leclerc,Ferrari,ferrari,Charles,Leclerc,https://www.formula1.com/content/dam/fom-website/drivers/C/CHALEC01_Charles_Leclerc/chalec01.png.transform/1col/image.png,8.0,8,12.0,,,,0 days 00:01:01.195000,Finished,4.0,71.0,21.0,33.2,49.7,0.3,True
2021,9,Austrian Grand Prix,Spielberg,R,2021-07-04,10,GAS,gasly,AlphaTauri,alphatauri,Pierre,Gasly,https://www.formula1.com/content/dam/fom-website/drivers/P/PIEGAS01_Pierre_Gasly/piegas01.png.transform/1col/image.png,9.0,9,6.0,,,,0 days 00:01:01.844000,Finished,2.0,71.0,21.0,33.2,49.7,0.3,True
2021,9,Austrian Grand Prix,Spielberg,R,2021-07-04,14,ALO,alonso,Alpine,alpine,Fernando,Alonso,https://www.formula1.com/content/dam/fom-website/drivers/F/FERALO01_Fernando_Alonso/feralo01.png.transform/1col/image.png,10.0,10,14.0,,,,,+1 Lap,1.0,70.0,21.0,33.2,49.7,0.3,True
2021,9,Austrian Grand Prix,Spielberg,R,2021-07-04,63,RUS,russell,Williams,williams,George,Russell,https://www.formula1.com/content/dam/fom-website/drivers/G/GEORUS01_George_Russell/georus01.png.transform/1col/image.png,11.0,11,8.0,,,,,+1 Lap,0.0,70.0,21.0,33.2,49.7,0.3,True
2021,9,Austrian Grand Prix,Spielberg,R,2021-07-04,22,TSU,tsunoda,AlphaTauri,alphatauri,Yuki,Tsunoda,https://www.formula1.com/content/dam/fom-website/drivers/Y/YUKTSU01_Yuki_Tsunoda/yuktsu01.png.transform/1col/image.png,12.0,12,7.0,,,,,+1 Lap,0.0,70.0,21.0,33.2,49.7,0.3,True
2021,9,Austrian Grand Prix,Spielberg,R,2021-07-04,18,STR,stroll,Aston Martin,aston_martin,Lance,Stroll,https://www.formula1.com/content/dam/fom-website/drivers/L/LANSTR01_Lance_Stroll/lanstr01.png.transform/1col/image.png,13.0,13,9.0,,,,,+1 Lap,0.0,70.0,21.0,33.2,49.7,0.3,True
2021,9,Austrian Grand Prix,Spielberg,R,2021-07-04,99,GIO,giovinazzi,Alfa Romeo Racing,alfa,Antonio,Giovinazzi,https://www.formula1.com/content/dam/fom-website/drivers/A/ANTGIO01_Antonio_Giovinazzi/antgio01.png.transform/1col/image.png,14.0,14,15.0,,,,,+1 Lap,0.0,70.0,21.0,33.2,49.7,0.3,True
2021,9,Austrian Grand Prix,Spielberg,R,2021-07-04,7,RAI,raikkonen,Alfa Romeo Racing,alfa,Kimi,Räikkönen,https://www.formula1.com/content/dam/fom-website/drivers/K/KIMRAI01_Kimi_R%C3%A4ikk%C3%B6nen/kimrai01.png.transform/1col/image.png,15.0,15,16.0,,,,,+1 Lap,0.0,70.0,21.0,33.2,49.7,0.3,True
2021,9,Austrian Grand Prix,Spielberg,R,2021-07-04,6,LAT,latifi,Williams,williams,Nicholas,Latifi,https://www.formula1.com/content/dam/fom-website/drivers/N/NICLAF01_Nicholas_Latifi/niclaf01.png.transform/1col/image.png,16.0,16,18.0,,,,,+1 Lap,0.0,70.0,21.0,33.2,49.7,0.3,True
2021,9,Austrian Grand Prix,Spielberg,R,2021-07-04,5,VET,vettel,Aston Martin,aston_martin,Sebastian,Vettel,https://www.formula1.com/content/dam/fom-website/drivers/S/SEBVET01_Sebastian_Vettel/sebvet01.png.transform/1col/image.png,17.0,17,11.0,,,,,Collision,0.0,69.0,21.0,33.2,49.7,0.3,True
2021,9,Austrian Grand Prix,Spielberg,R,2021-07-04,47,MSC,mick_schumacher,Haas F1 Team,haas,Mick,Schumacher,https://www.formula1.com/content/dam/fom-website/drivers/M/MICSCH02_Mick_Schumacher/micsch02.png.transform/1col/image.png,18.0,18,19.0,,,,,+2 Laps,0.0,69.0,21.0,33.2,49.7,0.3,True
2021,9,Austrian Grand Prix,Spielberg,R,2021-07-04,9,MAZ,mazepin,Haas F1 Team,haas,Nikita,Mazepin,https://www.formula1.com/content/dam/fom-website/drivers/N/NIKMAZ01_Nikita_Mazepin/nikmaz01.png.transform/1col/image.png,19.0,19,20.0,,,,,+2 Laps,0.0,69.0,21.0,33.2,49.7,0.3,True
2021,9,Austrian Grand Prix,Spielberg,R,2021-07-04,31,OCO,ocon,Alpine,alpine,Esteban,Ocon,https://www.formula1.com/content/dam/fom-website/drivers/E/ESTOCO01_Esteban_Ocon/estoco01.png.transform/1col/image.png,20.0,R,17.0,,,,,Collision,0.0,0.0,21.0,33.2,49.7,0.3,True
2021,10,British Grand Prix,Silverstone,R,2021-07-18,44,HAM,hamilton,Mercedes,mercedes,Lewis,Hamilton,https://www.formula1.com/content/dam/fom-website/drivers/L/LEWHAM01_Lewis_Hamilton/lewham01.png.transform/1col/image.png,1.0,1,2.0,,,,0 days 01:58:23.284000,Finished,25.0,52.0,29.4,50.9,37.2,0.3,False
2021,10,British Grand Prix,Silverstone,R,2021-07-18,16,LEC,leclerc,Ferrari,ferrari,Charles,Leclerc,https://www.formula1.com/content/dam/fom-website/drivers/C/CHALEC01_Charles_Leclerc/chalec01.png.transform/1col/image.png,2.0,2,4.0,,,,0 days 00:00:03.871000,Finished,18.0,52.0,29.4,50.9,37.2,0.3,False
2021,10,British Grand Prix,Silverstone,R,2021-07-18,77,BOT,bottas,Mercedes,mercedes,Valtteri,Bottas,https://www.formula1.com/content/dam/fom-website/drivers/V/VALBOT01_Valtteri_Bottas/valbot01.png.transform/1col/image.png,3.0,3,3.0,,,,0 days 00:00:11.125000,Finished,15.0,52.0,29.4,50.9,37.2,0.3,False
2021,10,British Grand Prix,Silverstone,R,2021-07-18,4,NOR,norris,McLaren,mclaren,Lando,Norris,https://www.formula1.com/content/dam/fom-website/drivers/L/LANNOR01_Lando_Norris/lannor01.png.transform/1col/image.png,4.0,4,5.0,,,,0 days 00:00:28.573000,Finished,12.0,52.0,29.4,50.9,37.2,0.3,False
2021,10,British Grand Prix,Silverstone,R,2021-07-18,3,RIC,ricciardo,McLaren,mclaren,Daniel,Ricciardo,https://www.formula1.com/content/dam/fom-website/drivers/D/DANRIC01_Daniel_Ricciardo/danric01.png.transform/1col/image.png,5.0,5,6.0,,,,0 days 00:00:42.624000,Finished,10.0,52.0,29.4,50.9,37.2,0.3,False
2021,10,British Grand Prix,Silverstone,R,2021-07-18,55,SAI,sainz,Ferrari,ferrari,Carlos,Sainz,https://www.formula1.com/content/dam/fom-website/drivers/C/CARSAI01_Carlos_Sainz/carsai01.png.transform/1col/image.png,6.0,6,10.0,,,,0 days 00:00:43.454000,Finished,8.0,52.0,29.4,50.9,37.2,0.3,False
2021,10,British Grand Prix,Silverstone,R,2021-07-18,14,ALO,alonso,Alpine,alpine,Fernando,Alonso,https://www.formula1.com/content/dam/fom-website/drivers/F/FERALO01_Fernando_Alonso/feralo01.png.transform/1col/image.png,7.0,7,7.0,,,,0 days 00:01:12.093000,Finished,6.0,52.0,29.4,50.9,37.2,0.3,False
2021,10,British Grand Prix,Silverstone,R,2021-07-18,18,STR,stroll,Aston Martin,aston_martin,Lance,Stroll,https://www.formula1.com/content/dam/fom-website/drivers/L/LANSTR01_Lance_Stroll/lanstr01.png.transform/1col/image.png,8.0,8,14.0,,,,0 days 00:01:14.289000,Finished,4.0,52.0,29.4,50.9,37.2,0.3,False
2021,10,British Grand Prix,Silverstone,R,2021-07-18,31,OCO,ocon,Alpine,alpine,Esteban,Ocon,https://www.formula1.com/content/dam/fom-website/drivers/E/ESTOCO01_Esteban_Ocon/estoco01.png.transform/1col/image.png,9.0,9,9.0,,,,0 days 00:01:16.162000,Finished,2.0,52.0,29.4,50.9,37.2,0.3,False
2021,10,British Grand Prix,Silverstone,R,2021-07-18,22,TSU,tsunoda,AlphaTauri,alphatauri,Yuki,Tsunoda,https://www.formula1.com/content/dam/fom-website/drivers/Y/YUKTSU01_Yuki_Tsunoda/yuktsu01.png.transform/1col/image.png,10.0,10,16.0,,,,0 days 00:01:22.065000,Finished,1.0,52.0,29.4,50.9,37.2,0.3,False
2021,10,British Grand Prix,Silverstone,R,2021-07-18,10,GAS,gasly,AlphaTauri,alphatauri,Pierre,Gasly,https://www.formula1.com/content/dam/fom-website/drivers/P/PIEGAS01_Pierre_Gasly/piegas01.png.transform/1col/image.png,11.0,11,11.0,,,,0 days 00:01:25.327000,Finished,0.0,52.0,29.4,50.9,37.2,0.3,False
2021,10,British Grand Prix,Silverstone,R,2021-07-18,63,RUS,russell,Williams,williams,George,Russell,https://www.formula1.com/content/dam/fom-website/drivers/G/GEORUS01_George_Russell/georus01.png.transform/1col/image.png,12.0,12,12.0,,,,,+1 Lap,0.0,51.0,29.4,50.9,37.2,0.3,False
2021,10,British Grand Prix,Silverstone,R,2021-07-18,99,GIO,giovinazzi,Alfa Romeo Racing,alfa,Antonio,Giovinazzi,https://www.formula1.com/content/dam/fom-website/drivers/A/ANTGIO01_Antonio_Giovinazzi/antgio01.png.transform/1col/image.png,13.0,13,15.0,,,,,+1 Lap,0.0,51.0,29.4,50.9,37.2,0.3,False
2021,10,British Grand Prix,Silverstone,R,2021-07-18,6,LAT,latifi,Williams,williams,Nicholas,Latifi,https://www.formula1.com/content/dam/fom-website/drivers/N/NICLAF01_Nicholas_Latifi/niclaf01.png.transform/1col/image.png,14.0,14,17.0,,,,,+1 Lap,0.0,51.0,29.4,50.9,37.2,0.3,False
2021,10,British Grand Prix,Silverstone,R,2021-07-18,7,RAI,raikkonen,Alfa Romeo Racing,alfa,Kimi,Räikkönen,https://www.formula1.com/content/dam/fom-website/drivers/K/KIMRAI01_Kimi_R%C3%A4ikk%C3%B6nen/kimrai01.png.transform/1col/image.png,15.0,15,13.0,,,,,+1 Lap,0.0,51.0,29.4,50.9,37.2,0.3,False
2021,10,British Grand Prix,Silverstone,R,2021-07-18,11,PER,perez,Red Bull Racing,red_bull,Sergio,Perez,https://www.formula1.com/content/dam/fom-website/drivers/S/SERPER01_Sergio_Perez/serper01.png.transform/1col/image.png,16.0,16,0.0,,,,,+1 Lap,0.0,51.0,29.4,50.9,37.2,0.3,False
2021,10,British Grand Prix,Silverstone,R,2021-07-18,9,MAZ,mazepin,Haas F1 Team,haas,Nikita,Mazepin,https://www.formula1.com/content/dam/fom-website/drivers/N/NIKMAZ01_Nikita_Mazepin/nikmaz01.png.transform/1col/image.png,17.0,17,19.0,,,,,+1 Lap,0.0,51.0,29.4,50.9,37.2,0.3,False
2021,10,British Grand Prix,Silverstone,R,2021-07-18,47,MSC,mick_schumacher,Haas F1 Team,haas,Mick,Schumacher,https://www.formula1.com/content/dam/fom-website/drivers/M/MICSCH02_Mick_Schumacher/micsch02.png.transform/1col/image.png,18.0,18,18.0,,,,,+1 Lap,0.0,51.0,29.4,50.9,37.2,0.3,False
2021,10,British Grand Prix,Silverstone,R,2021-07-18,5,VET,vettel,Aston Martin,aston_martin,Sebastian,Vettel,https://www.formula1.com/content/dam/fom-website/drivers/S/SEBVET01_Sebastian_Vettel/sebvet01.png.transform/1col/image.png,19.0,R,8.0,,,,,Retired,0.0,40.0,29.4,50.9,37.2,0.3,False
2021,10,British Grand Prix,Silverstone,R,2021-07-18,33,VER,max_verstappen,Red Bull Racing,red_bull,Max,Verstappen,https://www.formula1.com/content/dam/fom-website/drivers/M/MAXVER01_Max_Verstappen/maxver01.png.transform/1col/image.png,20.0,R,1.0,,,,,Collision,0.0,0.0,29.4,50.9,37.2,0.3,False
2021,11,Hungarian Grand Prix,Budapest,R,2021-08-01,31,OCO,ocon,Alpine,alpine,Esteban,Ocon,https://www.formula1.com/content/dam/fom-website/drivers/E/ESTOCO01_Esteban_Ocon/estoco01.png.transform/1col/image.png,1.0,1,8.0,,,,0 days 02:04:43.199000,Finished,25.0,70.0,27.2,37.8,68.6,0.6,True
2021,11,Hungarian Grand Prix,Budapest,R,2021-08-01,44,HAM,hamilton,Mercedes,mercedes,Lewis,Hamilton,https://www.formula1.com/content/dam/fom-website/drivers/L/LEWHAM01_Lewis_Hamilton/lewham01.png.transform/1col/image.png,2.0,2,1.0,,,,0 days 00:00:02.736000,Finished,18.0,70.0,27.2,37.8,68.6,0.6,True
2021,11,Hungarian Grand Prix,Budapest,R,2021-08-01,55,SAI,sainz,Ferrari,ferrari,Carlos,Sainz,https://www.formula1.com/content/dam/fom-website/drivers/C/CARSAI01_Carlos_Sainz/carsai01.png.transform/1col/image.png,3.0,3,15.0,,,,0 days 00:00:15.018000,Finished,15.0,70.0,27.2,37.8,68.6,0.6,True
2021,11,Hungarian Grand Prix,Budapest,R,2021-08-01,14,ALO,alonso,Alpine,alpine,Fernando,Alonso,https://www.formula1.com/content/dam/fom-website/drivers/F/FERALO01_Fernando_Alonso/feralo01.png.transform/1col/image.png,4.0,4,9.0,,,,0 days 00:00:15.651000,Finished,12.0,70.0,27.2,37.8,68.6,0.6,True
2021,11,Hungarian Grand Prix,Budapest,R,2021-08-01,10,GAS,gasly,AlphaTauri,alphatauri,Pierre,Gasly,https://www.formula1.com/content/dam/fom-website/drivers/P/PIEGAS01_Pierre_Gasly/piegas01.png.transform/1col/image.png,5.0,5,5.0,,,,0 days 00:01:03.614000,Finished,11.0,70.0,27.2,37.8,68.6,0.6,True
2021,11,Hungarian Grand Prix,Budapest,R,2021-08-01,22,TSU,tsunoda,AlphaTauri,alphatauri,Yuki,Tsunoda,https://www.formula1.com/content/dam/fom-website/drivers/Y/YUKTSU01_Yuki_Tsunoda/yuktsu01.png.transform/1col/image.png,6.0,6,16.0,,,,0 days 00:01:15.803000,Finished,8.0,70.0,27.2,37.8,68.6,0.6,True
2021,11,Hungarian Grand Prix,Budapest,R,2021-08-01,6,LAT,latifi,Williams,williams,Nicholas,Latifi,https://www.formula1.com/content/dam/fom-website/drivers/N/NICLAF01_Nicholas_Latifi/niclaf01.png.transform/1col/image.png,7.0,7,18.0,,,,0 days 00:01:17.910000,Finished,6.0,70.0,27.2,37.8,68.6,0.6,True
2021,11,Hungarian Grand Prix,Budapest,R,2021-08-01,63,RUS,russell,Williams,williams,George,Russell,https://www.formula1.com/content/dam/fom-website/drivers/G/GEORUS01_George_Russell/georus01.png.transform/1col/image.png,8.0,8,17.0,,,,0 days 00:01:19.094000,Finished,4.0,70.0,27.2,37.8,68.6,0.6,True
2021,11,Hungarian Grand Prix,Budapest,R,2021-08-01,33,VER,max_verstappen,Red Bull Racing,red_bull,Max,Verstappen,https://www.formula1.com/content/dam/fom-website/drivers/M/MAXVER01_Max_Verstappen/maxver01.png.transform/1col/image.png,9.0,9,3.0,,,,0 days 00:01:20.244000,Finished,2.0,70.0,27.2,37.8,68.6,0.6,True
2021,11,Hungarian Grand Prix,Budapest,R,2021-08-01,7,RAI,raikkonen,Alfa Romeo Racing,alfa,Kimi,Räikkönen,https://www.formula1.com/content/dam/fom-website/drivers/K/KIMRAI01_Kimi_R%C3%A4ikk%C3%B6nen/kimrai01.png.transform/1col/image.png,10.0,10,13.0,,,,,+1 Lap,1.0,69.0,27.2,37.8,68.6,0.6,True
2021,11,Hungarian Grand Prix,Budapest,R,2021-08-01,3,RIC,ricciardo,McLaren,mclaren,Daniel,Ricciardo,https://www.formula1.com/content/dam/fom-website/drivers/D/DANRIC01_Daniel_Ricciardo/danric01.png.transform/1col/image.png,11.0,11,11.0,,,,,+1 Lap,0.0,69.0,27.2,37.8,68.6,0.6,True
2021,11,Hungarian Grand Prix,Budapest,R,2021-08-01,47,MSC,mick_schumacher,Haas F1 Team,haas,Mick,Schumacher,https://www.formula1.com/content/dam/fom-website/drivers/M/MICSCH02_Mick_Schumacher/micsch02.png.transform/1col/image.png,12.0,12,20.0,,,,,+1 Lap,0.0,69.0,27.2,37.8,68.6,0.6,True
2021,11,Hungarian Grand Prix,Budapest,R,2021-08-01,99,GIO,giovinazzi,Alfa Romeo Racing,alfa,Antonio,Giovinazzi,https://www.formula1.com/content/dam/fom-website/drivers/A/ANTGIO01_Antonio_Giovinazzi/antgio01.png.transform/1col/image.png,13.0,13,0.0,,,,,+1 Lap,0.0,69.0,27.2,37.8,68.6,0.6,True
2021,11,Hungarian Grand Prix,Budapest,R,2021-08-01,9,MAZ,mazepin,Haas F1 Team,haas,Nikita,Mazepin,https://www.formula1.com/content/dam/fom-website/drivers/N/NIKMAZ01_Nikita_Mazepin/nikmaz01.png.transform/1col/image.png,14.0,R,19.0,,,,,Collision,0.0,3.0,27.2,37.8,68.6,0.6,True
2021,11,Hungarian Grand Prix,Budapest,R,2021-08-01,4,NOR,norris,McLaren,mclaren,Lando,Norris,https://www.formula1.com/content/dam/fom-website/drivers/L/LANNOR01_Lando_Norris/lannor01.png.transform/1col/image.png,15.0,R,6.0,,,,,Collision,0.0,2.0,27.2,37.8,68.6,0.6,True
2021,11,Hungarian Grand Prix,Budapest,R,2021-08-01,77,BOT,bottas,Mercedes,mercedes,Valtteri,Bottas,https://www.formula1.com/content/dam/fom-website/drivers/V/VALBOT01_Valtteri_Bottas/valbot01.png.transform/1col/image.png,16.0,R,2.0,,,,,Collision,0.0,0.0,27.2,37.8,68.6,0.6,True
2021,11,Hungarian Grand Prix,Budapest,R,2021-08-01,11,PER,perez,Red Bull Racing,red_bull,Sergio,Perez,https://www.formula1.com/content/dam/fom-website/drivers/S/SERPER01_Sergio_Perez/serper01.png.transform/1col/image.png,17.0,R,4.0,,,,,Collision,0.0,0.0,27.2,37.8,68.6,0.6,True
2021,11,Hungarian Grand Prix,Budapest,R,2021-08-01,16,LEC,leclerc,Ferrari,ferrari,Charles,Leclerc,https://www.formula1.com/content/dam/fom-website/drivers/C/CHALEC01_Charles_Leclerc/chalec01.png.transform/1col/image.png,18.0,R,7.0,,,,,Collision,0.0,0.0,27.2,37.8,68.6,0.6,True
2021,11,Hungarian Grand Prix,Budapest,R,2021-08-01,18,STR,stroll,Aston Martin,aston_martin,Lance,Stroll,https://www.formula1.com/content/dam/fom-website/drivers/L/LANSTR01_Lance_Stroll/lanstr01.png.transform/1col/image.png,19.0,R,12.0,,,,,Collision,0.0,0.0,27.2,37.8,68.6,0.6,True
2021,11,Hungarian Grand Prix,Budapest,R,2021-08-01,5,VET,vettel,Aston Martin,aston_martin,Sebastian,Vettel,https://www.formula1.com/content/dam/fom-website/drivers/S/SEBVET01_Sebastian_Vettel/sebvet01.png.transform/1col/image.png,20.0,D,10.0,,,,,Disqualified,0.0,70.0,27.2,37.8,68.6,0.6,True
2021,12,Belgian Grand Prix,Spa-Francorchamps,R,2021-08-29,33,VER,max_verstappen,Red Bull Racing,red_bull,Max,Verstappen,https://www.formula1.com/content/dam/fom-website/drivers/M/MAXVER01_Max_Verstappen/maxver01.png.transform/1col/image.png,1.0,1,1.0,,,,0 days 00:03:27.071000,Finished,12.5,1.0,13.0,15.3,96.4,0.5,True
2021,12,Belgian Grand Prix,Spa-Francorchamps,R,2021-08-29,63,RUS,russell,Williams,williams,George,Russell,https://www.formula1.com/content/dam/fom-website/drivers/G/GEORUS01_George_Russell/georus01.png.transform/1col/image.png,2.0,2,2.0,,,,0 days 00:00:01.995000,Finished,9.0,1.0,13.0,15.3,96.4,0.5,True
2021,12,Belgian Grand Prix,Spa-Francorchamps,R,2021-08-29,44,HAM,hamilton,Mercedes,mercedes,Lewis,Hamilton,https://www.formula1.com/content/dam/fom-website/drivers/L/LEWHAM01_Lewis_Hamilton/lewham01.png.transform/1col/image.png,3.0,3,3.0,,,,0 days 00:00:02.601000,Finished,7.5,1.0,13.0,15.3,96.4,0.5,True
2021,12,Belgian Grand Prix,Spa-Francorchamps,R,2021-08-29,3,RIC,ricciardo,McLaren,mclaren,Daniel,Ricciardo,https://www.formula1.com/content/dam/fom-website/drivers/D/DANRIC01_Daniel_Ricciardo/danric01.png.transform/1col/image.png,4.0,4,4.0,,,,0 days 00:00:04.496000,Finished,6.0,1.0,13.0,15.3,96.4,0.5,True
2021,12,Belgian Grand Prix,Spa-Francorchamps,R,2021-08-29,5,VET,vettel,Aston Martin,aston_martin,Sebastian,Vettel,https://www.formula1.com/content/dam/fom-website/drivers/S/SEBVET01_Sebastian_Vettel/sebvet01.png.transform/1col/image.png,5.0,5,5.0,,,,0 days 00:00:07.479000,Finished,5.0,1.0,13.0,15.3,96.4,0.5,True
2021,12,Belgian Grand Prix,Spa-Francorchamps,R,2021-08-29,10,GAS,gasly,AlphaTauri,alphatauri,Pierre,Gasly,https://www.formula1.com/content/dam/fom-website/drivers/P/PIEGAS01_Pierre_Gasly/piegas01.png.transform/1col/image.png,6.0,6,6.0,,,,0 days 00:00:10.177000,Finished,4.0,1.0,13.0,15.3,96.4,0.5,True
2021,12,Belgian Grand Prix,Spa-Francorchamps,R,2021-08-29,31,OCO,ocon,Alpine,alpine,Esteban,Ocon,https://www.formula1.com/content/dam/fom-website/drivers/E/ESTOCO01_Esteban_Ocon/estoco01.png.transform/1col/image.png,7.0,7,8.0,,,,0 days 00:00:11.579000,Finished,3.0,1.0,13.0,15.3,96.4,0.5,True
2021,12,Belgian Grand Prix,Spa-Francorchamps,R,2021-08-29,16,LEC,leclerc,Ferrari,ferrari,Charles,Leclerc,https://www.formula1.com/content/dam/fom-website/drivers/C/CHALEC01_Charles_Leclerc/chalec01.png.transform/1col/image.png,8.0,8,9.0,,,,0 days 00:00:12.608000,Finished,2.0,1.0,13.0,15.3,96.4,0.5,True
2021,12,Belgian Grand Prix,Spa-Francorchamps,R,2021-08-29,6,LAT,latifi,Williams,williams,Nicholas,Latifi,https://www.formula1.com/content/dam/fom-website/drivers/N/NICLAF01_Nicholas_Latifi/niclaf01.png.transform/1col/image.png,9.0,9,10.0,,,,0 days 00:00:15.485000,Finished,1.0,1.0,13.0,15.3,96.4,0.5,True
2021,12,Belgian Grand Prix,Spa-Francorchamps,R,2021-08-29,55,SAI,sainz,Ferrari,ferrari,Carlos,Sainz,https://www.formula1.com/content/dam/fom-website/drivers/C/CARSAI01_Carlos_Sainz/carsai01.png.transform/1col/image.png,10.0,10,11.0,,,,0 days 00:00:16.166000,Finished,0.5,1.0,13.0,15.3,96.4,0.5,True
2021,12,Belgian Grand Prix,Spa-Francorchamps,R,2021-08-29,14,ALO,alonso,Alpine,alpine,Fernando,Alonso,https://www.formula1.com/content/dam/fom-website/drivers/F/FERALO01_Fernando_Alonso/feralo01.png.transform/1col/image.png,11.0,11,12.0,,,,0 days 00:00:20.590000,Finished,0.0,1.0,13.0,15.3,96.4,0.5,True
2021,12,Belgian Grand Prix,Spa-Francorchamps,R,2021-08-29,77,BOT,bottas,Mercedes,mercedes,Valtteri,Bottas,https://www.formula1.com/content/dam/fom-website/drivers/V/VALBOT01_Valtteri_Bottas/valbot01.png.transform/1col/image.png,12.0,12,13.0,,,,0 days 00:00:22.414000,Finished,0.0,1.0,13.0,15.3,96.4,0.5,True
2021,12,Belgian Grand Prix,Spa-Francorchamps,R,2021-08-29,99,GIO,giovinazzi,Alfa Romeo Racing,alfa,Antonio,Giovinazzi,https://www.formula1.com/content/dam/fom-website/drivers/A/ANTGIO01_Antonio_Giovinazzi/antgio01.png.transform/1col/image.png,13.0,13,14.0,,,,0 days 00:00:24.163000,Finished,0.0,1.0,13.0,15.3,96.4,0.5,True
2021,12,Belgian Grand Prix,Spa-Francorchamps,R,2021-08-29,4,NOR,norris,McLaren,mclaren,Lando,Norris,https://www.formula1.com/content/dam/fom-website/drivers/L/LANNOR01_Lando_Norris/lannor01.png.transform/1col/image.png,14.0,14,15.0,,,,0 days 00:00:27.110000,Finished,0.0,1.0,13.0,15.3,96.4,0.5,True
2021,12,Belgian Grand Prix,Spa-Francorchamps,R,2021-08-29,22,TSU,tsunoda,AlphaTauri,alphatauri,Yuki,Tsunoda,https://www.formula1.com/content/dam/fom-website/drivers/Y/YUKTSU01_Yuki_Tsunoda/yuktsu01.png.transform/1col/image.png,15.0,15,16.0,,,,0 days 00:00:28.329000,Finished,0.0,1.0,13.0,15.3,96.4,0.5,True
2021,12,Belgian Grand Prix,Spa-Francorchamps,R,2021-08-29,47,MSC,mick_schumacher,Haas F1 Team,haas,Mick,Schumacher,https://www.formula1.com/content/dam/fom-website/drivers/M/MICSCH02_Mick_Schumacher/micsch02.png.transform/1col/image.png,16.0,16,17.0,,,,0 days 00:00:29.507000,Finished,0.0,1.0,13.0,15.3,96.4,0.5,True
2021,12,Belgian Grand Prix,Spa-Francorchamps,R,2021-08-29,9,MAZ,mazepin,Haas F1 Team,haas,Nikita,Mazepin,https://www.formula1.com/content/dam/fom-website/drivers/N/NIKMAZ01_Nikita_Mazepin/nikmaz01.png.transform/1col/image.png,17.0,17,18.0,,,,0 days 00:00:31.993000,Finished,0.0,1.0,13.0,15.3,96.4,0.5,True
2021,12,Belgian Grand Prix,Spa-Francorchamps,R,2021-08-29,7,RAI,raikkonen,Alfa Romeo Racing,alfa,Kimi,Räikkönen,https://www.formula1.com/content/dam/fom-website/drivers/K/KIMRAI01_Kimi_R%C3%A4ikk%C3%B6nen/kimrai01.png.transform/1col/image.png,18.0,18,0.0,,,,0 days 00:00:36.054000,Finished,0.0,1.0,13.0,15.3,96.4,0.5,True
2021,12,Belgian Grand Prix,Spa-Francorchamps,R,2021-08-29,11,PER,perez,Red Bull Racing,red_bull,Sergio,Perez,https://www.formula1.com/content/dam/fom-website/drivers/S/SERPER01_Sergio_Perez/serper01.png.transform/1col/image.png,19.0,19,0.0,,,,0 days 00:00:38.205000,Finished,0.0,1.0,13.0,15.3,96.4,0.5,True
2021,12,Belgian Grand Prix,Spa-Francorchamps,R,2021-08-29,18,STR,stroll,Aston Martin,aston_martin,Lance,Stroll,https://www.formula1.com/content/dam/fom-website/drivers/L/LANSTR01_Lance_Stroll/lanstr01.png.transform/1col/image.png,20.0,20,19.0,,,,0 days 00:00:44.108000,Finished,0.0,1.0,13.0,15.3,96.4,0.5,True
2021,13,Dutch Grand Prix,Zandvoort,R,2021-09-05,33,VER,max_verstappen,Red Bull Racing,red_bull,Max,Verstappen,https://www.formula1.com/content/dam/fom-website/drivers/M/MAXVER01_Max_Verstappen/maxver01.png.transform/1col/image.png,1.0,1,1.0,,,,0 days 01:30:05.395000,Finished,25.0,72.0,21.5,36.1,54.1,0.4,False
2021,13,Dutch Grand Prix,Zandvoort,R,2021-09-05,44,HAM,hamilton,Mercedes,mercedes,Lewis,Hamilton,https://www.formula1.com/content/dam/fom-website/drivers/L/LEWHAM01_Lewis_Hamilton/lewham01.png.transform/1col/image.png,2.0,2,2.0,,,,0 days 00:00:20.932000,Finished,19.0,72.0,21.5,36.1,54.1,0.4,False
2021,13,Dutch Grand Prix,Zandvoort,R,2021-09-05,77,BOT,bottas,Mercedes,mercedes,Valtteri,Bottas,https://www.formula1.com/content/dam/fom-website/drivers/V/VALBOT01_Valtteri_Bottas/valbot01.png.transform/1col/image.png,3.0,3,3.0,,,,0 days 00:00:56.460000,Finished,15.0,72.0,21.5,36.1,54.1,0.4,False
2021,13,Dutch Grand Prix,Zandvoort,R,2021-09-05,10,GAS,gasly,AlphaTauri,alphatauri,Pierre,Gasly,https://www.formula1.com/content/dam/fom-website/drivers/P/PIEGAS01_Pierre_Gasly/piegas01.png.transform/1col/image.png,4.0,4,4.0,,,,,+1 Lap,12.0,71.0,21.5,36.1,54.1,0.4,False
2021,13,Dutch Grand Prix,Zandvoort,R,2021-09-05,16,LEC,leclerc,Ferrari,ferrari,Charles,Leclerc,https://www.formula1.com/content/dam/fom-website/drivers/C/CHALEC01_Charles_Leclerc/chalec01.png.transform/1col/image.png,5.0,5,5.0,,,,,+1 Lap,10.0,71.0,21.5,36.1,54.1,0.4,False
2021,13,Dutch Grand Prix,Zandvoort,R,2021-09-05,14,ALO,alonso,Alpine,alpine,Fernando,Alonso,https://www.formula1.com/content/dam/fom-website/drivers/F/FERALO01_Fernando_Alonso/feralo01.png.transform/1col/image.png,6.0,6,9.0,,,,,+1 Lap,8.0,71.0,21.5,36.1,54.1,0.4,False
2021,13,Dutch Grand Prix,Zandvoort,R,2021-09-05,55,SAI,sainz,Ferrari,ferrari,Carlos,Sainz,https://www.formula1.com/content/dam/fom-website/drivers/C/CARSAI01_Carlos_Sainz/carsai01.png.transform/1col/image.png,7.0,7,6.0,,,,,+1 Lap,6.0,71.0,21.5,36.1,54.1,0.4,False
2021,13,Dutch Grand Prix,Zandvoort,R,2021-09-05,11,PER,perez,Red Bull Racing,red_bull,Sergio,Perez,https://www.formula1.com/content/dam/fom-website/drivers/S/SERPER01_Sergio_Perez/serper01.png.transform/1col/image.png,8.0,8,0.0,,,,,+1 Lap,4.0,71.0,21.5,36.1,54.1,0.4,False
2021,13,Dutch Grand Prix,Zandvoort,R,2021-09-05,31,OCO,ocon,Alpine,alpine,Esteban,Ocon,https://www.formula1.com/content/dam/fom-website/drivers/E/ESTOCO01_Esteban_Ocon/estoco01.png.transform/1col/image.png,9.0,9,8.0,,,,,+1 Lap,2.0,71.0,21.5,36.1,54.1,0.4,False
2021,13,Dutch Grand Prix,Zandvoort,R,2021-09-05,4,NOR,norris,McLaren,mclaren,Lando,Norris,https://www.formula1.com/content/dam/fom-website/drivers/L/LANNOR01_Lando_Norris/lannor01.png.transform/1col/image.png,10.0,10,13.0,,,,,+1 Lap,1.0,71.0,21.5,36.1,54.1,0.4,False
2021,13,Dutch Grand Prix,Zandvoort,R,2021-09-05,3,RIC,ricciardo,McLaren,mclaren,Daniel,Ricciardo,https://www.formula1.com/content/dam/fom-website/drivers/D/DANRIC01_Daniel_Ricciardo/danric01.png.transform/1col/image.png,11.0,11,10.0,,,,,+1 Lap,0.0,71.0,21.5,36.1,54.1,0.4,False
2021,13,Dutch Grand Prix,Zandvoort,R,2021-09-05,18,STR,stroll,Aston Martin,aston_martin,Lance,Stroll,https://www.formula1.com/content/dam/fom-website/drivers/L/LANSTR01_Lance_Stroll/lanstr01.png.transform/1col/image.png,12.0,12,12.0,,,,,+2 Laps,0.0,70.0,21.5,36.1,54.1,0.4,False
2021,13,Dutch Grand Prix,Zandvoort,R,2021-09-05,5,VET,vettel,Aston Martin,aston_martin,Sebastian,Vettel,https://www.formula1.com/content/dam/fom-website/drivers/S/SEBVET01_Sebastian_Vettel/sebvet01.png.transform/1col/image.png,13.0,13,15.0,,,,,+2 Laps,0.0,70.0,21.5,36.1,54.1,0.4,False
2021,13,Dutch Grand Prix,Zandvoort,R,2021-09-05,99,GIO,giovinazzi,Alfa Romeo Racing,alfa,Antonio,Giovinazzi,https://www.formula1.com/content/dam/fom-website/drivers/A/ANTGIO01_Antonio_Giovinazzi/antgio01.png.transform/1col/image.png,14.0,14,7.0,,,,,+2 Laps,0.0,70.0,21.5,36.1,54.1,0.4,False
2021,13,Dutch Grand Prix,Zandvoort,R,2021-09-05,88,KUB,kubica,Alfa Romeo Racing,alfa,Robert,Kubica,None,15.0,15,16.0,,,,,+2 Laps,0.0,70.0,21.5,36.1,54.1,0.4,False
2021,13,Dutch Grand Prix,Zandvoort,R,2021-09-05,6,LAT,latifi,Williams,williams,Nicholas,Latifi,https://www.formula1.com/content/dam/fom-website/drivers/N/NICLAF01_Nicholas_Latifi/niclaf01.png.transform/1col/image.png,16.0,16,0.0,,,,,+2 Laps,0.0,70.0,21.5,36.1,54.1,0.4,False
2021,13,Dutch Grand Prix,Zandvoort,R,2021-09-05,63,RUS,russell,Williams,williams,George,Russell,https://www.formula1.com/content/dam/fom-website/drivers/G/GEORUS01_George_Russell/georus01.png.transform/1col/image.png,17.0,17,11.0,,,,,Gearbox,0.0,69.0,21.5,36.1,54.1,0.4,False
2021,13,Dutch Grand Prix,Zandvoort,R,2021-09-05,47,MSC,mick_schumacher,Haas F1 Team,haas,Mick,Schumacher,https://www.formula1.com/content/dam/fom-website/drivers/M/MICSCH02_Mick_Schumacher/micsch02.png.transform/1col/image.png,18.0,18,17.0,,,,,+3 Laps,0.0,69.0,21.5,36.1,54.1,0.4,False
2021,13,Dutch Grand Prix,Zandvoort,R,2021-09-05,22,TSU,tsunoda,AlphaTauri,alphatauri,Yuki,Tsunoda,https://www.formula1.com/content/dam/fom-website/drivers/Y/YUKTSU01_Yuki_Tsunoda/yuktsu01.png.transform/1col/image.png,19.0,R,14.0,,,,,Power Unit,0.0,48.0,21.5,36.1,54.1,0.4,False
2021,13,Dutch Grand Prix,Zandvoort,R,2021-09-05,9,MAZ,mazepin,Haas F1 Team,haas,Nikita,Mazepin,https://www.formula1.com/content/dam/fom-website/drivers/N/NIKMAZ01_Nikita_Mazepin/nikmaz01.png.transform/1col/image.png,20.0,R,18.0,,,,,Hydraulics,0.0,41.0,21.5,36.1,54.1,0.4,False
2021,14,Italian Grand Prix,Monza,R,2021-09-12,3,RIC,ricciardo,McLaren,mclaren,Daniel,Ricciardo,https://www.formula1.com/content/dam/fom-website/drivers/D/DANRIC01_Daniel_Ricciardo/danric01.png.transform/1col/image.png,1.0,1,2.0,,,,0 days 01:21:54.365000,Finished,26.0,53.0,28.9,43.5,33.3,0.3,False
2021,14,Italian Grand Prix,Monza,R,2021-09-12,4,NOR,norris,McLaren,mclaren,Lando,Norris,https://www.formula1.com/content/dam/fom-website/drivers/L/LANNOR01_Lando_Norris/lannor01.png.transform/1col/image.png,2.0,2,3.0,,,,0 days 00:00:01.747000,Finished,18.0,53.0,28.9,43.5,33.3,0.3,False
2021,14,Italian Grand Prix,Monza,R,2021-09-12,77,BOT,bottas,Mercedes,mercedes,Valtteri,Bottas,https://www.formula1.com/content/dam/fom-website/drivers/V/VALBOT01_Valtteri_Bottas/valbot01.png.transform/1col/image.png,3.0,3,19.0,,,,0 days 00:00:04.921000,Finished,15.0,53.0,28.9,43.5,33.3,0.3,False
2021,14,Italian Grand Prix,Monza,R,2021-09-12,16,LEC,leclerc,Ferrari,ferrari,Charles,Leclerc,https://www.formula1.com/content/dam/fom-website/drivers/C/CHALEC01_Charles_Leclerc/chalec01.png.transform/1col/image.png,4.0,4,5.0,,,,0 days 00:00:07.309000,Finished,12.0,53.0,28.9,43.5,33.3,0.3,False
2021,14,Italian Grand Prix,Monza,R,2021-09-12,11,PER,perez,Red Bull Racing,red_bull,Sergio,Perez,https://www.formula1.com/content/dam/fom-website/drivers/S/SERPER01_Sergio_Perez/serper01.png.transform/1col/image.png,5.0,5,8.0,,,,0 days 00:00:08.723000,Finished,10.0,53.0,28.9,43.5,33.3,0.3,False
2021,14,Italian Grand Prix,Monza,R,2021-09-12,55,SAI,sainz,Ferrari,ferrari,Carlos,Sainz,https://www.formula1.com/content/dam/fom-website/drivers/C/CARSAI01_Carlos_Sainz/carsai01.png.transform/1col/image.png,6.0,6,6.0,,,,0 days 00:00:10.535000,Finished,8.0,53.0,28.9,43.5,33.3,0.3,False
2021,14,Italian Grand Prix,Monza,R,2021-09-12,18,STR,stroll,Aston Martin,aston_martin,Lance,Stroll,https://www.formula1.com/content/dam/fom-website/drivers/L/LANSTR01_Lance_Stroll/lanstr01.png.transform/1col/image.png,7.0,7,9.0,,,,0 days 00:00:15.804000,Finished,6.0,53.0,28.9,43.5,33.3,0.3,False
2021,14,Italian Grand Prix,Monza,R,2021-09-12,14,ALO,alonso,Alpine,alpine,Fernando,Alonso,https://www.formula1.com/content/dam/fom-website/drivers/F/FERALO01_Fernando_Alonso/feralo01.png.transform/1col/image.png,8.0,8,10.0,,,,0 days 00:00:17.201000,Finished,4.0,53.0,28.9,43.5,33.3,0.3,False
2021,14,Italian Grand Prix,Monza,R,2021-09-12,63,RUS,russell,Williams,williams,George,Russell,https://www.formula1.com/content/dam/fom-website/drivers/G/GEORUS01_George_Russell/georus01.png.transform/1col/image.png,9.0,9,14.0,,,,0 days 00:00:19.742000,Finished,2.0,53.0,28.9,43.5,33.3,0.3,False
2021,14,Italian Grand Prix,Monza,R,2021-09-12,31,OCO,ocon,Alpine,alpine,Esteban,Ocon,https://www.formula1.com/content/dam/fom-website/drivers/E/ESTOCO01_Esteban_Ocon/estoco01.png.transform/1col/image.png,10.0,10,12.0,,,,0 days 00:00:20.868000,Finished,1.0,53.0,28.9,43.5,33.3,0.3,False
2021,14,Italian Grand Prix,Monza,R,2021-09-12,6,LAT,latifi,Williams,williams,Nicholas,Latifi,https://www.formula1.com/content/dam/fom-website/drivers/N/NICLAF01_Nicholas_Latifi/niclaf01.png.transform/1col/image.png,11.0,11,13.0,,,,0 days 00:00:23.743000,Finished,0.0,53.0,28.9,43.5,33.3,0.3,False
2021,14,Italian Grand Prix,Monza,R,2021-09-12,5,VET,vettel,Aston Martin,aston_martin,Sebastian,Vettel,https://www.formula1.com/content/dam/fom-website/drivers/S/SEBVET01_Sebastian_Vettel/sebvet01.png.transform/1col/image.png,12.0,12,11.0,,,,0 days 00:00:24.621000,Finished,0.0,53.0,28.9,43.5,33.3,0.3,False
2021,14,Italian Grand Prix,Monza,R,2021-09-12,99,GIO,giovinazzi,Alfa Romeo Racing,alfa,Antonio,Giovinazzi,https://www.formula1.com/content/dam/fom-website/drivers/A/ANTGIO01_Antonio_Giovinazzi/antgio01.png.transform/1col/image.png,13.0,13,7.0,,,,0 days 00:00:27.216000,Finished,0.0,53.0,28.9,43.5,33.3,0.3,False
2021,14,Italian Grand Prix,Monza,R,2021-09-12,88,KUB,kubica,Alfa Romeo Racing,alfa,Robert,Kubica,None,14.0,14,17.0,,,,0 days 00:00:29.769000,Finished,0.0,53.0,28.9,43.5,33.3,0.3,False
2021,14,Italian Grand Prix,Monza,R,2021-09-12,47,MSC,mick_schumacher,Haas F1 Team,haas,Mick,Schumacher,https://www.formula1.com/content/dam/fom-website/drivers/M/MICSCH02_Mick_Schumacher/micsch02.png.transform/1col/image.png,15.0,15,18.0,,,,0 days 00:00:51.088000,Finished,0.0,53.0,28.9,43.5,33.3,0.3,False
2021,14,Italian Grand Prix,Monza,R,2021-09-12,9,MAZ,mazepin,Haas F1 Team,haas,Nikita,Mazepin,https://www.formula1.com/content/dam/fom-website/drivers/N/NIKMAZ01_Nikita_Mazepin/nikmaz01.png.transform/1col/image.png,16.0,R,16.0,,,,,Power Unit,0.0,41.0,28.9,43.5,33.3,0.3,False
2021,14,Italian Grand Prix,Monza,R,2021-09-12,44,HAM,hamilton,Mercedes,mercedes,Lewis,Hamilton,https://www.formula1.com/content/dam/fom-website/drivers/L/LEWHAM01_Lewis_Hamilton/lewham01.png.transform/1col/image.png,17.0,R,4.0,,,,,Collision,0.0,25.0,28.9,43.5,33.3,0.3,False
2021,14,Italian Grand Prix,Monza,R,2021-09-12,33,VER,max_verstappen,Red Bull Racing,red_bull,Max,Verstappen,https://www.formula1.com/content/dam/fom-website/drivers/M/MAXVER01_Max_Verstappen/maxver01.png.transform/1col/image.png,18.0,R,1.0,,,,,Collision,0.0,25.0,28.9,43.5,33.3,0.3,False
2021,14,Italian Grand Prix,Monza,R,2021-09-12,10,GAS,gasly,AlphaTauri,alphatauri,Pierre,Gasly,https://www.formula1.com/content/dam/fom-website/drivers/P/PIEGAS01_Pierre_Gasly/piegas01.png.transform/1col/image.png,19.0,R,0.0,,,,,Suspension,0.0,3.0,28.9,43.5,33.3,0.3,False
2021,14,Italian Grand Prix,Monza,R,2021-09-12,22,TSU,tsunoda,AlphaTauri,alphatauri,Yuki,Tsunoda,https://www.formula1.com/content/dam/fom-website/drivers/Y/YUKTSU01_Yuki_Tsunoda/yuktsu01.png.transform/1col/image.png,20.0,W,0.0,,,,,Brakes,0.0,0.0,28.9,43.5,33.3,0.3,False
2021,15,Russian Grand Prix,Sochi,R,2021-09-26,44,HAM,hamilton,Mercedes,mercedes,Lewis,Hamilton,https://www.formula1.com/content/dam/fom-website/drivers/L/LEWHAM01_Lewis_Hamilton/lewham01.png.transform/1col/image.png,1.0,1,4.0,,,,0 days 01:30:41.001000,Finished,25.0,53.0,19.1,21.8,61.9,0.3,True
2021,15,Russian Grand Prix,Sochi,R,2021-09-26,33,VER,max_verstappen,Red Bull Racing,red_bull,Max,Verstappen,https://www.formula1.com/content/dam/fom-website/drivers/M/MAXVER01_Max_Verstappen/maxver01.png.transform/1col/image.png,2.0,2,20.0,,,,0 days 00:00:53.271000,Finished,18.0,53.0,19.1,21.8,61.9,0.3,True
2021,15,Russian Grand Prix,Sochi,R,2021-09-26,55,SAI,sainz,Ferrari,ferrari,Carlos,Sainz,https://www.formula1.com/content/dam/fom-website/drivers/C/CARSAI01_Carlos_Sainz/carsai01.png.transform/1col/image.png,3.0,3,2.0,,,,0 days 00:01:02.475000,Finished,15.0,53.0,19.1,21.8,61.9,0.3,True
2021,15,Russian Grand Prix,Sochi,R,2021-09-26,3,RIC,ricciardo,McLaren,mclaren,Daniel,Ricciardo,https://www.formula1.com/content/dam/fom-website/drivers/D/DANRIC01_Daniel_Ricciardo/danric01.png.transform/1col/image.png,4.0,4,5.0,,,,0 days 00:01:05.607000,Finished,12.0,53.0,19.1,21.8,61.9,0.3,True
2021,15,Russian Grand Prix,Sochi,R,2021-09-26,77,BOT,bottas,Mercedes,mercedes,Valtteri,Bottas,https://www.formula1.com/content/dam/fom-website/drivers/V/VALBOT01_Valtteri_Bottas/valbot01.png.transform/1col/image.png,5.0,5,16.0,,,,0 days 00:01:07.533000,Finished,10.0,53.0,19.1,21.8,61.9,0.3,True
2021,15,Russian Grand Prix,Sochi,R,2021-09-26,14,ALO,alonso,Alpine,alpine,Fernando,Alonso,https://www.formula1.com/content/dam/fom-website/drivers/F/FERALO01_Fernando_Alonso/feralo01.png.transform/1col/image.png,6.0,6,6.0,,,,0 days 00:01:21.321000,Finished,8.0,53.0,19.1,21.8,61.9,0.3,True
2021,15,Russian Grand Prix,Sochi,R,2021-09-26,4,NOR,norris,McLaren,mclaren,Lando,Norris,https://www.formula1.com/content/dam/fom-website/drivers/L/LANNOR01_Lando_Norris/lannor01.png.transform/1col/image.png,7.0,7,1.0,,,,0 days 00:01:27.224000,Finished,7.0,53.0,19.1,21.8,61.9,0.3,True
2021,15,Russian Grand Prix,Sochi,R,2021-09-26,7,RAI,raikkonen,Alfa Romeo Racing,alfa,Kimi,Räikkönen,https://www.formula1.com/content/dam/fom-website/drivers/K/KIMRAI01_Kimi_R%C3%A4ikk%C3%B6nen/kimrai01.png.transform/1col/image.png,8.0,8,13.0,,,,0 days 00:01:28.955000,Finished,4.0,53.0,19.1,21.8,61.9,0.3,True
2021,15,Russian Grand Prix,Sochi,R,2021-09-26,11,PER,perez,Red Bull Racing,red_bull,Sergio,Perez,https://www.formula1.com/content/dam/fom-website/drivers/S/SERPER01_Sergio_Perez/serper01.png.transform/1col/image.png,9.0,9,8.0,,,,0 days 00:01:30.076000,Finished,2.0,53.0,19.1,21.8,61.9,0.3,True
2021,15,Russian Grand Prix,Sochi,R,2021-09-26,63,RUS,russell,Williams,williams,George,Russell,https://www.formula1.com/content/dam/fom-website/drivers/G/GEORUS01_George_Russell/georus01.png.transform/1col/image.png,10.0,10,3.0,,,,0 days 00:01:40.551000,Finished,1.0,53.0,19.1,21.8,61.9,0.3,True
2021,15,Russian Grand Prix,Sochi,R,2021-09-26,18,STR,stroll,Aston Martin,aston_martin,Lance,Stroll,https://www.formula1.com/content/dam/fom-website/drivers/L/LANSTR01_Lance_Stroll/lanstr01.png.transform/1col/image.png,11.0,11,7.0,,,,0 days 00:01:46.198000,Finished,0.0,53.0,19.1,21.8,61.9,0.3,True
2021,15,Russian Grand Prix,Sochi,R,2021-09-26,5,VET,vettel,Aston Martin,aston_martin,Sebastian,Vettel,https://www.formula1.com/content/dam/fom-website/drivers/S/SEBVET01_Sebastian_Vettel/sebvet01.png.transform/1col/image.png,12.0,12,10.0,,,,,+1 Lap,0.0,52.0,19.1,21.8,61.9,0.3,True
2021,15,Russian Grand Prix,Sochi,R,2021-09-26,10,GAS,gasly,AlphaTauri,alphatauri,Pierre,Gasly,https://www.formula1.com/content/dam/fom-website/drivers/P/PIEGAS01_Pierre_Gasly/piegas01.png.transform/1col/image.png,13.0,13,11.0,,,,,+1 Lap,0.0,52.0,19.1,21.8,61.9,0.3,True
2021,15,Russian Grand Prix,Sochi,R,2021-09-26,31,OCO,ocon,Alpine,alpine,Esteban,Ocon,https://www.formula1.com/content/dam/fom-website/drivers/E/ESTOCO01_Esteban_Ocon/estoco01.png.transform/1col/image.png,14.0,14,9.0,,,,,+1 Lap,0.0,52.0,19.1,21.8,61.9,0.3,True
2021,15,Russian Grand Prix,Sochi,R,2021-09-26,16,LEC,leclerc,Ferrari,ferrari,Charles,Leclerc,https://www.formula1.com/content/dam/fom-website/drivers/C/CHALEC01_Charles_Leclerc/chalec01.png.transform/1col/image.png,15.0,15,19.0,,,,,+1 Lap,0.0,52.0,19.1,21.8,61.9,0.3,True
2021,15,Russian Grand Prix,Sochi,R,2021-09-26,99,GIO,giovinazzi,Alfa Romeo Racing,alfa,Antonio,Giovinazzi,https://www.formula1.com/content/dam/fom-website/drivers/A/ANTGIO01_Antonio_Giovinazzi/antgio01.png.transform/1col/image.png,16.0,16,17.0,,,,,+1 Lap,0.0,52.0,19.1,21.8,61.9,0.3,True
2021,15,Russian Grand Prix,Sochi,R,2021-09-26,22,TSU,tsunoda,AlphaTauri,alphatauri,Yuki,Tsunoda,https://www.formula1.com/content/dam/fom-website/drivers/Y/YUKTSU01_Yuki_Tsunoda/yuktsu01.png.transform/1col/image.png,17.0,17,12.0,,,,,+1 Lap,0.0,52.0,19.1,21.8,61.9,0.3,True
2021,15,Russian Grand Prix,Sochi,R,2021-09-26,9,MAZ,mazepin,Haas F1 Team,haas,Nikita,Mazepin,https://www.formula1.com/content/dam/fom-website/drivers/N/NIKMAZ01_Nikita_Mazepin/nikmaz01.png.transform/1col/image.png,18.0,18,15.0,,,,,+2 Laps,0.0,51.0,19.1,21.8,61.9,0.3,True
2021,15,Russian Grand Prix,Sochi,R,2021-09-26,6,LAT,latifi,Williams,williams,Nicholas,Latifi,https://www.formula1.com/content/dam/fom-website/drivers/N/NICLAF01_Nicholas_Latifi/niclaf01.png.transform/1col/image.png,19.0,19,18.0,,,,,Accident,0.0,47.0,19.1,21.8,61.9,0.3,True
2021,15,Russian Grand Prix,Sochi,R,2021-09-26,47,MSC,mick_schumacher,Haas F1 Team,haas,Mick,Schumacher,https://www.formula1.com/content/dam/fom-website/drivers/M/MICSCH02_Mick_Schumacher/micsch02.png.transform/1col/image.png,20.0,R,14.0,,,,,Oil leak,0.0,32.0,19.1,21.8,61.9,0.3,True
2021,16,Turkish Grand Prix,Istanbul,R,2021-10-10,77,BOT,bottas,Mercedes,mercedes,Valtteri,Bottas,https://www.formula1.com/content/dam/fom-website/drivers/V/VALBOT01_Valtteri_Bottas/valbot01.png.transform/1col/image.png,1.0,1,1.0,,,,0 days 01:31:04.103000,Finished,26.0,58.0,15.8,18.2,93.5,0.5,False
2021,16,Turkish Grand Prix,Istanbul,R,2021-10-10,33,VER,max_verstappen,Red Bull Racing,red_bull,Max,Verstappen,https://www.formula1.com/content/dam/fom-website/drivers/M/MAXVER01_Max_Verstappen/maxver01.png.transform/1col/image.png,2.0,2,2.0,,,,0 days 00:00:14.584000,Finished,18.0,58.0,15.8,18.2,93.5,0.5,False
2021,16,Turkish Grand Prix,Istanbul,R,2021-10-10,11,PER,perez,Red Bull Racing,red_bull,Sergio,Perez,https://www.formula1.com/content/dam/fom-website/drivers/S/SERPER01_Sergio_Perez/serper01.png.transform/1col/image.png,3.0,3,6.0,,,,0 days 00:00:33.471000,Finished,15.0,58.0,15.8,18.2,93.5,0.5,False
2021,16,Turkish Grand Prix,Istanbul,R,2021-10-10,16,LEC,leclerc,Ferrari,ferrari,Charles,Leclerc,https://www.formula1.com/content/dam/fom-website/drivers/C/CHALEC01_Charles_Leclerc/chalec01.png.transform/1col/image.png,4.0,4,3.0,,,,0 days 00:00:37.814000,Finished,12.0,58.0,15.8,18.2,93.5,0.5,False
2021,16,Turkish Grand Prix,Istanbul,R,2021-10-10,44,HAM,hamilton,Mercedes,mercedes,Lewis,Hamilton,https://www.formula1.com/content/dam/fom-website/drivers/L/LEWHAM01_Lewis_Hamilton/lewham01.png.transform/1col/image.png,5.0,5,11.0,,,,0 days 00:00:41.812000,Finished,10.0,58.0,15.8,18.2,93.5,0.5,False
2021,16,Turkish Grand Prix,Istanbul,R,2021-10-10,10,GAS,gasly,AlphaTauri,alphatauri,Pierre,Gasly,https://www.formula1.com/content/dam/fom-website/drivers/P/PIEGAS01_Pierre_Gasly/piegas01.png.transform/1col/image.png,6.0,6,4.0,,,,0 days 00:00:44.292000,Finished,8.0,58.0,15.8,18.2,93.5,0.5,False
2021,16,Turkish Grand Prix,Istanbul,R,2021-10-10,4,NOR,norris,McLaren,mclaren,Lando,Norris,https://www.formula1.com/content/dam/fom-website/drivers/L/LANNOR01_Lando_Norris/lannor01.png.transform/1col/image.png,7.0,7,7.0,,,,0 days 00:00:47.213000,Finished,6.0,58.0,15.8,18.2,93.5,0.5,False
2021,16,Turkish Grand Prix,Istanbul,R,2021-10-10,55,SAI,sainz,Ferrari,ferrari,Carlos,Sainz,https://www.formula1.com/content/dam/fom-website/drivers/C/CARSAI01_Carlos_Sainz/carsai01.png.transform/1col/image.png,8.0,8,19.0,,,,0 days 00:00:51.526000,Finished,4.0,58.0,15.8,18.2,93.5,0.5,False
2021,16,Turkish Grand Prix,Istanbul,R,2021-10-10,18,STR,stroll,Aston Martin,aston_martin,Lance,Stroll,https://www.formula1.com/content/dam/fom-website/drivers/L/LANSTR01_Lance_Stroll/lanstr01.png.transform/1col/image.png,9.0,9,8.0,,,,0 days 00:01:22.018000,Finished,2.0,58.0,15.8,18.2,93.5,0.5,False
2021,16,Turkish Grand Prix,Istanbul,R,2021-10-10,31,OCO,ocon,Alpine,alpine,Esteban,Ocon,https://www.formula1.com/content/dam/fom-website/drivers/E/ESTOCO01_Esteban_Ocon/estoco01.png.transform/1col/image.png,10.0,10,12.0,,,,,+1 Lap,1.0,57.0,15.8,18.2,93.5,0.5,False
2021,16,Turkish Grand Prix,Istanbul,R,2021-10-10,99,GIO,giovinazzi,Alfa Romeo Racing,alfa,Antonio,Giovinazzi,https://www.formula1.com/content/dam/fom-website/drivers/A/ANTGIO01_Antonio_Giovinazzi/antgio01.png.transform/1col/image.png,11.0,11,16.0,,,,,+1 Lap,0.0,57.0,15.8,18.2,93.5,0.5,False
2021,16,Turkish Grand Prix,Istanbul,R,2021-10-10,7,RAI,raikkonen,Alfa Romeo Racing,alfa,Kimi,Räikkönen,https://www.formula1.com/content/dam/fom-website/drivers/K/KIMRAI01_Kimi_R%C3%A4ikk%C3%B6nen/kimrai01.png.transform/1col/image.png,12.0,12,17.0,,,,,+1 Lap,0.0,57.0,15.8,18.2,93.5,0.5,False
2021,16,Turkish Grand Prix,Istanbul,R,2021-10-10,3,RIC,ricciardo,McLaren,mclaren,Daniel,Ricciardo,https://www.formula1.com/content/dam/fom-website/drivers/D/DANRIC01_Daniel_Ricciardo/danric01.png.transform/1col/image.png,13.0,13,20.0,,,,,+1 Lap,0.0,57.0,15.8,18.2,93.5,0.5,False
2021,16,Turkish Grand Prix,Istanbul,R,2021-10-10,22,TSU,tsunoda,AlphaTauri,alphatauri,Yuki,Tsunoda,https://www.formula1.com/content/dam/fom-website/drivers/Y/YUKTSU01_Yuki_Tsunoda/yuktsu01.png.transform/1col/image.png,14.0,14,9.0,,,,,+1 Lap,0.0,57.0,15.8,18.2,93.5,0.5,False
2021,16,Turkish Grand Prix,Istanbul,R,2021-10-10,63,RUS,russell,Williams,williams,George,Russell,https://www.formula1.com/content/dam/fom-website/drivers/G/GEORUS01_George_Russell/georus01.png.transform/1col/image.png,15.0,15,13.0,,,,,+1 Lap,0.0,57.0,15.8,18.2,93.5,0.5,False
2021,16,Turkish Grand Prix,Istanbul,R,2021-10-10,14,ALO,alonso,Alpine,alpine,Fernando,Alonso,https://www.formula1.com/content/dam/fom-website/drivers/F/FERALO01_Fernando_Alonso/feralo01.png.transform/1col/image.png,16.0,16,5.0,,,,,+1 Lap,0.0,57.0,15.8,18.2,93.5,0.5,False
2021,16,Turkish Grand Prix,Istanbul,R,2021-10-10,6,LAT,latifi,Williams,williams,Nicholas,Latifi,https://www.formula1.com/content/dam/fom-website/drivers/N/NICLAF01_Nicholas_Latifi/niclaf01.png.transform/1col/image.png,17.0,17,15.0,,,,,+1 Lap,0.0,57.0,15.8,18.2,93.5,0.5,False
2021,16,Turkish Grand Prix,Istanbul,R,2021-10-10,5,VET,vettel,Aston Martin,aston_martin,Sebastian,Vettel,https://www.formula1.com/content/dam/fom-website/drivers/S/SEBVET01_Sebastian_Vettel/sebvet01.png.transform/1col/image.png,18.0,18,10.0,,,,,+1 Lap,0.0,57.0,15.8,18.2,93.5,0.5,False
2021,16,Turkish Grand Prix,Istanbul,R,2021-10-10,47,MSC,mick_schumacher,Haas F1 Team,haas,Mick,Schumacher,https://www.formula1.com/content/dam/fom-website/drivers/M/MICSCH02_Mick_Schumacher/micsch02.png.transform/1col/image.png,19.0,19,14.0,,,,,+2 Laps,0.0,56.0,15.8,18.2,93.5,0.5,False
2021,16,Turkish Grand Prix,Istanbul,R,2021-10-10,9,MAZ,mazepin,Haas F1 Team,haas,Nikita,Mazepin,https://www.formula1.com/content/dam/fom-website/drivers/N/NIKMAZ01_Nikita_Mazepin/nikmaz01.png.transform/1col/image.png,20.0,20,18.0,,,,,+2 Laps,0.0,56.0,15.8,18.2,93.5,0.5,False
2021,17,United States Grand Prix,Austin,R,2021-10-24,33,VER,max_verstappen,Red Bull Racing,red_bull,Max,Verstappen,https://www.formula1.com/content/dam/fom-website/drivers/M/MAXVER01_Max_Verstappen/maxver01.png.transform/1col/image.png,1.0,1,1.0,,,,0 days 01:34:36.552000,Finished,25.0,56.0,28.1,37.5,61.2,0.9,False
2021,17,United States Grand Prix,Austin,R,2021-10-24,44,HAM,hamilton,Mercedes,mercedes,Lewis,Hamilton,https://www.formula1.com/content/dam/fom-website/drivers/L/LEWHAM01_Lewis_Hamilton/lewham01.png.transform/1col/image.png,2.0,2,2.0,,,,0 days 00:00:01.333000,Finished,19.0,56.0,28.1,37.5,61.2,0.9,False
2021,17,United States Grand Prix,Austin,R,2021-10-24,11,PER,perez,Red Bull Racing,red_bull,Sergio,Perez,https://www.formula1.com/content/dam/fom-website/drivers/S/SERPER01_Sergio_Perez/serper01.png.transform/1col/image.png,3.0,3,3.0,,,,0 days 00:00:42.223000,Finished,15.0,56.0,28.1,37.5,61.2,0.9,False
2021,17,United States Grand Prix,Austin,R,2021-10-24,16,LEC,leclerc,Ferrari,ferrari,Charles,Leclerc,https://www.formula1.com/content/dam/fom-website/drivers/C/CHALEC01_Charles_Leclerc/chalec01.png.transform/1col/image.png,4.0,4,4.0,,,,0 days 00:00:52.246000,Finished,12.0,56.0,28.1,37.5,61.2,0.9,False
2021,17,United States Grand Prix,Austin,R,2021-10-24,3,RIC,ricciardo,McLaren,mclaren,Daniel,Ricciardo,https://www.formula1.com/content/dam/fom-website/drivers/D/DANRIC01_Daniel_Ricciardo/danric01.png.transform/1col/image.png,5.0,5,6.0,,,,0 days 00:01:16.854000,Finished,10.0,56.0,28.1,37.5,61.2,0.9,False
2021,17,United States Grand Prix,Austin,R,2021-10-24,77,BOT,bottas,Mercedes,mercedes,Valtteri,Bottas,https://www.formula1.com/content/dam/fom-website/drivers/V/VALBOT01_Valtteri_Bottas/valbot01.png.transform/1col/image.png,6.0,6,9.0,,,,0 days 00:01:20.128000,Finished,8.0,56.0,28.1,37.5,61.2,0.9,False
2021,17,United States Grand Prix,Austin,R,2021-10-24,55,SAI,sainz,Ferrari,ferrari,Carlos,Sainz,https://www.formula1.com/content/dam/fom-website/drivers/C/CARSAI01_Carlos_Sainz/carsai01.png.transform/1col/image.png,7.0,7,5.0,,,,0 days 00:01:23.545000,Finished,6.0,56.0,28.1,37.5,61.2,0.9,False
2021,17,United States Grand Prix,Austin,R,2021-10-24,4,NOR,norris,McLaren,mclaren,Lando,Norris,https://www.formula1.com/content/dam/fom-website/drivers/L/LANNOR01_Lando_Norris/lannor01.png.transform/1col/image.png,8.0,8,7.0,,,,0 days 00:01:24.395000,Finished,4.0,56.0,28.1,37.5,61.2,0.9,False
2021,17,United States Grand Prix,Austin,R,2021-10-24,22,TSU,tsunoda,AlphaTauri,alphatauri,Yuki,Tsunoda,https://www.formula1.com/content/dam/fom-website/drivers/Y/YUKTSU01_Yuki_Tsunoda/yuktsu01.png.transform/1col/image.png,9.0,9,10.0,,,,,+1 Lap,2.0,55.0,28.1,37.5,61.2,0.9,False
2021,17,United States Grand Prix,Austin,R,2021-10-24,5,VET,vettel,Aston Martin,aston_martin,Sebastian,Vettel,https://www.formula1.com/content/dam/fom-website/drivers/S/SEBVET01_Sebastian_Vettel/sebvet01.png.transform/1col/image.png,10.0,10,18.0,,,,,+1 Lap,1.0,55.0,28.1,37.5,61.2,0.9,False
2021,17,United States Grand Prix,Austin,R,2021-10-24,99,GIO,giovinazzi,Alfa Romeo Racing,alfa,Antonio,Giovinazzi,https://www.formula1.com/content/dam/fom-website/drivers/A/ANTGIO01_Antonio_Giovinazzi/antgio01.png.transform/1col/image.png,11.0,11,12.0,,,,,+1 Lap,0.0,55.0,28.1,37.5,61.2,0.9,False
2021,17,United States Grand Prix,Austin,R,2021-10-24,18,STR,stroll,Aston Martin,aston_martin,Lance,Stroll,https://www.formula1.com/content/dam/fom-website/drivers/L/LANSTR01_Lance_Stroll/lanstr01.png.transform/1col/image.png,12.0,12,13.0,,,,,+1 Lap,0.0,55.0,28.1,37.5,61.2,0.9,False
2021,17,United States Grand Prix,Austin,R,2021-10-24,7,RAI,raikkonen,Alfa Romeo Racing,alfa,Kimi,Räikkönen,https://www.formula1.com/content/dam/fom-website/drivers/K/KIMRAI01_Kimi_R%C3%A4ikk%C3%B6nen/kimrai01.png.transform/1col/image.png,13.0,13,15.0,,,,,+1 Lap,0.0,55.0,28.1,37.5,61.2,0.9,False
2021,17,United States Grand Prix,Austin,R,2021-10-24,63,RUS,russell,Williams,williams,George,Russell,https://www.formula1.com/content/dam/fom-website/drivers/G/GEORUS01_George_Russell/georus01.png.transform/1col/image.png,14.0,14,20.0,,,,,+1 Lap,0.0,55.0,28.1,37.5,61.2,0.9,False
2021,17,United States Grand Prix,Austin,R,2021-10-24,6,LAT,latifi,Williams,williams,Nicholas,Latifi,https://www.formula1.com/content/dam/fom-website/drivers/N/NICLAF01_Nicholas_Latifi/niclaf01.png.transform/1col/image.png,15.0,15,14.0,,,,,+1 Lap,0.0,55.0,28.1,37.5,61.2,0.9,False
2021,17,United States Grand Prix,Austin,R,2021-10-24,47,MSC,mick_schumacher,Haas F1 Team,haas,Mick,Schumacher,https://www.formula1.com/content/dam/fom-website/drivers/M/MICSCH02_Mick_Schumacher/micsch02.png.transform/1col/image.png,16.0,16,16.0,,,,,+2 Laps,0.0,54.0,28.1,37.5,61.2,0.9,False
2021,17,United States Grand Prix,Austin,R,2021-10-24,9,MAZ,mazepin,Haas F1 Team,haas,Nikita,Mazepin,https://www.formula1.com/content/dam/fom-website/drivers/N/NIKMAZ01_Nikita_Mazepin/nikmaz01.png.transform/1col/image.png,17.0,17,17.0,,,,,+2 Laps,0.0,54.0,28.1,37.5,61.2,0.9,False
2021,17,United States Grand Prix,Austin,R,2021-10-24,14,ALO,alonso,Alpine,alpine,Fernando,Alonso,https://www.formula1.com/content/dam/fom-website/drivers/F/FERALO01_Fernando_Alonso/feralo01.png.transform/1col/image.png,18.0,R,19.0,,,,,Rear wing,0.0,49.0,28.1,37.5,61.2,0.9,False
2021,17,United States Grand Prix,Austin,R,2021-10-24,31,OCO,ocon,Alpine,alpine,Esteban,Ocon,https://www.formula1.com/content/dam/fom-website/drivers/E/ESTOCO01_Esteban_Ocon/estoco01.png.transform/1col/image.png,19.0,R,11.0,,,,,Mechanical,0.0,40.0,28.1,37.5,61.2,0.9,False
2021,17,United States Grand Prix,Austin,R,2021-10-24,10,GAS,gasly,AlphaTauri,alphatauri,Pierre,Gasly,https://www.formula1.com/content/dam/fom-website/drivers/P/PIEGAS01_Pierre_Gasly/piegas01.png.transform/1col/image.png,20.0,R,8.0,,,,,Suspension,0.0,14.0,28.1,37.5,61.2,0.9,False
2021,18,Mexico City Grand Prix,Mexico City,R,2021-11-07,33,VER,max_verstappen,Red Bull Racing,red_bull,Max,Verstappen,https://www.formula1.com/content/dam/fom-website/drivers/M/MAXVER01_Max_Verstappen/maxver01.png.transform/1col/image.png,1.0,1,3.0,,,,0 days 01:38:39.086000,Finished,25.0,71.0,21.2,47.6,31.2,0.4,False
2021,18,Mexico City Grand Prix,Mexico City,R,2021-11-07,44,HAM,hamilton,Mercedes,mercedes,Lewis,Hamilton,https://www.formula1.com/content/dam/fom-website/drivers/L/LEWHAM01_Lewis_Hamilton/lewham01.png.transform/1col/image.png,2.0,2,2.0,,,,0 days 00:00:16.555000,Finished,18.0,71.0,21.2,47.6,31.2,0.4,False
2021,18,Mexico City Grand Prix,Mexico City,R,2021-11-07,11,PER,perez,Red Bull Racing,red_bull,Sergio,Perez,https://www.formula1.com/content/dam/fom-website/drivers/S/SERPER01_Sergio_Perez/serper01.png.transform/1col/image.png,3.0,3,4.0,,,,0 days 00:00:17.752000,Finished,15.0,71.0,21.2,47.6,31.2,0.4,False
2021,18,Mexico City Grand Prix,Mexico City,R,2021-11-07,10,GAS,gasly,AlphaTauri,alphatauri,Pierre,Gasly,https://www.formula1.com/content/dam/fom-website/drivers/P/PIEGAS01_Pierre_Gasly/piegas01.png.transform/1col/image.png,4.0,4,5.0,,,,0 days 00:01:03.845000,Finished,12.0,71.0,21.2,47.6,31.2,0.4,False
2021,18,Mexico City Grand Prix,Mexico City,R,2021-11-07,16,LEC,leclerc,Ferrari,ferrari,Charles,Leclerc,https://www.formula1.com/content/dam/fom-website/drivers/C/CHALEC01_Charles_Leclerc/chalec01.png.transform/1col/image.png,5.0,5,8.0,,,,0 days 00:01:21.037000,Finished,10.0,71.0,21.2,47.6,31.2,0.4,False
2021,18,Mexico City Grand Prix,Mexico City,R,2021-11-07,55,SAI,sainz,Ferrari,ferrari,Carlos,Sainz,https://www.formula1.com/content/dam/fom-website/drivers/C/CARSAI01_Carlos_Sainz/carsai01.png.transform/1col/image.png,6.0,6,6.0,,,,,+1 Lap,8.0,70.0,21.2,47.6,31.2,0.4,False
2021,18,Mexico City Grand Prix,Mexico City,R,2021-11-07,5,VET,vettel,Aston Martin,aston_martin,Sebastian,Vettel,https://www.formula1.com/content/dam/fom-website/drivers/S/SEBVET01_Sebastian_Vettel/sebvet01.png.transform/1col/image.png,7.0,7,9.0,,,,,+1 Lap,6.0,70.0,21.2,47.6,31.2,0.4,False
2021,18,Mexico City Grand Prix,Mexico City,R,2021-11-07,7,RAI,raikkonen,Alfa Romeo Racing,alfa,Kimi,Räikkönen,https://www.formula1.com/content/dam/fom-website/drivers/K/KIMRAI01_Kimi_R%C3%A4ikk%C3%B6nen/kimrai01.png.transform/1col/image.png,8.0,8,10.0,,,,,+1 Lap,4.0,70.0,21.2,47.6,31.2,0.4,False
2021,18,Mexico City Grand Prix,Mexico City,R,2021-11-07,14,ALO,alonso,Alpine,alpine,Fernando,Alonso,https://www.formula1.com/content/dam/fom-website/drivers/F/FERALO01_Fernando_Alonso/feralo01.png.transform/1col/image.png,9.0,9,12.0,,,,,+1 Lap,2.0,70.0,21.2,47.6,31.2,0.4,False
2021,18,Mexico City Grand Prix,Mexico City,R,2021-11-07,4,NOR,norris,McLaren,mclaren,Lando,Norris,https://www.formula1.com/content/dam/fom-website/drivers/L/LANNOR01_Lando_Norris/lannor01.png.transform/1col/image.png,10.0,10,18.0,,,,,+1 Lap,1.0,70.0,21.2,47.6,31.2,0.4,False
2021,18,Mexico City Grand Prix,Mexico City,R,2021-11-07,99,GIO,giovinazzi,Alfa Romeo Racing,alfa,Antonio,Giovinazzi,https://www.formula1.com/content/dam/fom-website/drivers/A/ANTGIO01_Antonio_Giovinazzi/antgio01.png.transform/1col/image.png,11.0,11,11.0,,,,,+1 Lap,0.0,70.0,21.2,47.6,31.2,0.4,False
2021,18,Mexico City Grand Prix,Mexico City,R,2021-11-07,3,RIC,ricciardo,McLaren,mclaren,Daniel,Ricciardo,https://www.formula1.com/content/dam/fom-website/drivers/D/DANRIC01_Daniel_Ricciardo/danric01.png.transform/1col/image.png,12.0,12,7.0,,,,,+1 Lap,0.0,70.0,21.2,47.6,31.2,0.4,False
2021,18,Mexico City Grand Prix,Mexico City,R,2021-11-07,31,OCO,ocon,Alpine,alpine,Esteban,Ocon,https://www.formula1.com/content/dam/fom-website/drivers/E/ESTOCO01_Esteban_Ocon/estoco01.png.transform/1col/image.png,13.0,13,19.0,,,,,+1 Lap,0.0,70.0,21.2,47.6,31.2,0.4,False
2021,18,Mexico City Grand Prix,Mexico City,R,2021-11-07,18,STR,stroll,Aston Martin,aston_martin,Lance,Stroll,https://www.formula1.com/content/dam/fom-website/drivers/L/LANSTR01_Lance_Stroll/lanstr01.png.transform/1col/image.png,14.0,14,20.0,,,,,+2 Laps,0.0,69.0,21.2,47.6,31.2,0.4,False
2021,18,Mexico City Grand Prix,Mexico City,R,2021-11-07,77,BOT,bottas,Mercedes,mercedes,Valtteri,Bottas,https://www.formula1.com/content/dam/fom-website/drivers/V/VALBOT01_Valtteri_Bottas/valbot01.png.transform/1col/image.png,15.0,15,1.0,,,,,+2 Laps,0.0,69.0,21.2,47.6,31.2,0.4,False
2021,18,Mexico City Grand Prix,Mexico City,R,2021-11-07,63,RUS,russell,Williams,williams,George,Russell,https://www.formula1.com/content/dam/fom-website/drivers/G/GEORUS01_George_Russell/georus01.png.transform/1col/image.png,16.0,16,16.0,,,,,+2 Laps,0.0,69.0,21.2,47.6,31.2,0.4,False
2021,18,Mexico City Grand Prix,Mexico City,R,2021-11-07,6,LAT,latifi,Williams,williams,Nicholas,Latifi,https://www.formula1.com/content/dam/fom-website/drivers/N/NICLAF01_Nicholas_Latifi/niclaf01.png.transform/1col/image.png,17.0,17,13.0,,,,,+2 Laps,0.0,69.0,21.2,47.6,31.2,0.4,False
2021,18,Mexico City Grand Prix,Mexico City,R,2021-11-07,9,MAZ,mazepin,Haas F1 Team,haas,Nikita,Mazepin,https://www.formula1.com/content/dam/fom-website/drivers/N/NIKMAZ01_Nikita_Mazepin/nikmaz01.png.transform/1col/image.png,18.0,18,15.0,,,,,+3 Laps,0.0,68.0,21.2,47.6,31.2,0.4,False
2021,18,Mexico City Grand Prix,Mexico City,R,2021-11-07,47,MSC,mick_schumacher,Haas F1 Team,haas,Mick,Schumacher,https://www.formula1.com/content/dam/fom-website/drivers/M/MICSCH02_Mick_Schumacher/micsch02.png.transform/1col/image.png,19.0,R,14.0,,,,,Collision,0.0,0.0,21.2,47.6,31.2,0.4,False
2021,18,Mexico City Grand Prix,Mexico City,R,2021-11-07,22,TSU,tsunoda,AlphaTauri,alphatauri,Yuki,Tsunoda,https://www.formula1.com/content/dam/fom-website/drivers/Y/YUKTSU01_Yuki_Tsunoda/yuktsu01.png.transform/1col/image.png,20.0,R,17.0,,,,,Collision,0.0,0.0,21.2,47.6,31.2,0.4,False
2021,19,São Paulo Grand Prix,São Paulo,R,2021-11-14,44,HAM,hamilton,Mercedes,mercedes,Lewis,Hamilton,https://www.formula1.com/content/dam/fom-website/drivers/L/LEWHAM01_Lewis_Hamilton/lewham01.png.transform/1col/image.png,1.0,1,10.0,,,,0 days 01:32:22.851000,Finished,25.0,71.0,23.1,51.6,60.1,0.4,False
2021,19,São Paulo Grand Prix,São Paulo,R,2021-11-14,33,VER,max_verstappen,Red Bull Racing,red_bull,Max,Verstappen,https://www.formula1.com/content/dam/fom-website/drivers/M/MAXVER01_Max_Verstappen/maxver01.png.transform/1col/image.png,2.0,2,2.0,,,,0 days 00:00:10.496000,Finished,18.0,71.0,23.1,51.6,60.1,0.4,False
2021,19,São Paulo Grand Prix,São Paulo,R,2021-11-14,77,BOT,bottas,Mercedes,mercedes,Valtteri,Bottas,https://www.formula1.com/content/dam/fom-website/drivers/V/VALBOT01_Valtteri_Bottas/valbot01.png.transform/1col/image.png,3.0,3,1.0,,,,0 days 00:00:13.576000,Finished,15.0,71.0,23.1,51.6,60.1,0.4,False
2021,19,São Paulo Grand Prix,São Paulo,R,2021-11-14,11,PER,perez,Red Bull Racing,red_bull,Sergio,Perez,https://www.formula1.com/content/dam/fom-website/drivers/S/SERPER01_Sergio_Perez/serper01.png.transform/1col/image.png,4.0,4,4.0,,,,0 days 00:00:39.940000,Finished,13.0,71.0,23.1,51.6,60.1,0.4,False
2021,19,São Paulo Grand Prix,São Paulo,R,2021-11-14,16,LEC,leclerc,Ferrari,ferrari,Charles,Leclerc,https://www.formula1.com/content/dam/fom-website/drivers/C/CHALEC01_Charles_Leclerc/chalec01.png.transform/1col/image.png,5.0,5,6.0,,,,0 days 00:00:49.517000,Finished,10.0,71.0,23.1,51.6,60.1,0.4,False
2021,19,São Paulo Grand Prix,São Paulo,R,2021-11-14,55,SAI,sainz,Ferrari,ferrari,Carlos,Sainz,https://www.formula1.com/content/dam/fom-website/drivers/C/CARSAI01_Carlos_Sainz/carsai01.png.transform/1col/image.png,6.0,6,3.0,,,,0 days 00:00:51.820000,Finished,8.0,71.0,23.1,51.6,60.1,0.4,False
2021,19,São Paulo Grand Prix,São Paulo,R,2021-11-14,10,GAS,gasly,AlphaTauri,alphatauri,Pierre,Gasly,https://www.formula1.com/content/dam/fom-website/drivers/P/PIEGAS01_Pierre_Gasly/piegas01.png.transform/1col/image.png,7.0,7,7.0,,,,,+1 Lap,6.0,70.0,23.1,51.6,60.1,0.4,False
2021,19,São Paulo Grand Prix,São Paulo,R,2021-11-14,31,OCO,ocon,Alpine,alpine,Esteban,Ocon,https://www.formula1.com/content/dam/fom-website/drivers/E/ESTOCO01_Esteban_Ocon/estoco01.png.transform/1col/image.png,8.0,8,8.0,,,,,+1 Lap,4.0,70.0,23.1,51.6,60.1,0.4,False
2021,19,São Paulo Grand Prix,São Paulo,R,2021-11-14,14,ALO,alonso,Alpine,alpine,Fernando,Alonso,https://www.formula1.com/content/dam/fom-website/drivers/F/FERALO01_Fernando_Alonso/feralo01.png.transform/1col/image.png,9.0,9,12.0,,,,,+1 Lap,2.0,70.0,23.1,51.6,60.1,0.4,False
2021,19,São Paulo Grand Prix,São Paulo,R,2021-11-14,4,NOR,norris,McLaren,mclaren,Lando,Norris,https://www.formula1.com/content/dam/fom-website/drivers/L/LANNOR01_Lando_Norris/lannor01.png.transform/1col/image.png,10.0,10,5.0,,,,,+1 Lap,1.0,70.0,23.1,51.6,60.1,0.4,False
2021,19,São Paulo Grand Prix,São Paulo,R,2021-11-14,5,VET,vettel,Aston Martin,aston_martin,Sebastian,Vettel,https://www.formula1.com/content/dam/fom-website/drivers/S/SEBVET01_Sebastian_Vettel/sebvet01.png.transform/1col/image.png,11.0,11,9.0,,,,,+1 Lap,0.0,70.0,23.1,51.6,60.1,0.4,False
2021,19,São Paulo Grand Prix,São Paulo,R,2021-11-14,7,RAI,raikkonen,Alfa Romeo Racing,alfa,Kimi,Räikkönen,https://www.formula1.com/content/dam/fom-website/drivers/K/KIMRAI01_Kimi_R%C3%A4ikk%C3%B6nen/kimrai01.png.transform/1col/image.png,12.0,12,0.0,,,,,+1 Lap,0.0,70.0,23.1,51.6,60.1,0.4,False
2021,19,São Paulo Grand Prix,São Paulo,R,2021-11-14,63,RUS,russell,Williams,williams,George,Russell,https://www.formula1.com/content/dam/fom-website/drivers/G/GEORUS01_George_Russell/georus01.png.transform/1col/image.png,13.0,13,17.0,,,,,+1 Lap,0.0,70.0,23.1,51.6,60.1,0.4,False
2021,19,São Paulo Grand Prix,São Paulo,R,2021-11-14,99,GIO,giovinazzi,Alfa Romeo Racing,alfa,Antonio,Giovinazzi,https://www.formula1.com/content/dam/fom-website/drivers/A/ANTGIO01_Antonio_Giovinazzi/antgio01.png.transform/1col/image.png,14.0,14,13.0,,,,,+1 Lap,0.0,70.0,23.1,51.6,60.1,0.4,False
2021,19,São Paulo Grand Prix,São Paulo,R,2021-11-14,22,TSU,tsunoda,AlphaTauri,alphatauri,Yuki,Tsunoda,https://www.formula1.com/content/dam/fom-website/drivers/Y/YUKTSU01_Yuki_Tsunoda/yuktsu01.png.transform/1col/image.png,15.0,15,15.0,,,,,+1 Lap,0.0,70.0,23.1,51.6,60.1,0.4,False
2021,19,São Paulo Grand Prix,São Paulo,R,2021-11-14,6,LAT,latifi,Williams,williams,Nicholas,Latifi,https://www.formula1.com/content/dam/fom-website/drivers/N/NICLAF01_Nicholas_Latifi/niclaf01.png.transform/1col/image.png,16.0,16,16.0,,,,,+1 Lap,0.0,70.0,23.1,51.6,60.1,0.4,False
2021,19,São Paulo Grand Prix,São Paulo,R,2021-11-14,9,MAZ,mazepin,Haas F1 Team,haas,Nikita,Mazepin,https://www.formula1.com/content/dam/fom-website/drivers/N/NIKMAZ01_Nikita_Mazepin/nikmaz01.png.transform/1col/image.png,17.0,17,19.0,,,,,+2 Laps,0.0,69.0,23.1,51.6,60.1,0.4,False
2021,19,São Paulo Grand Prix,São Paulo,R,2021-11-14,47,MSC,mick_schumacher,Haas F1 Team,haas,Mick,Schumacher,https://www.formula1.com/content/dam/fom-website/drivers/M/MICSCH02_Mick_Schumacher/micsch02.png.transform/1col/image.png,18.0,18,18.0,,,,,+2 Laps,0.0,69.0,23.1,51.6,60.1,0.4,False
2021,19,São Paulo Grand Prix,São Paulo,R,2021-11-14,3,RIC,ricciardo,McLaren,mclaren,Daniel,Ricciardo,https://www.formula1.com/content/dam/fom-website/drivers/D/DANRIC01_Daniel_Ricciardo/danric01.png.transform/1col/image.png,19.0,R,11.0,,,,,Power loss,0.0,49.0,23.1,51.6,60.1,0.4,False
2021,19,São Paulo Grand Prix,São Paulo,R,2021-11-14,18,STR,stroll,Aston Martin,aston_martin,Lance,Stroll,https://www.formula1.com/content/dam/fom-website/drivers/L/LANSTR01_Lance_Stroll/lanstr01.png.transform/1col/image.png,20.0,R,14.0,,,,,Collision damage,0.0,47.0,23.1,51.6,60.1,0.4,False
2021,20,Qatar Grand Prix,Lusail,R,2021-11-21,44,HAM,hamilton,Mercedes,mercedes,Lewis,Hamilton,https://www.formula1.com/content/dam/fom-website/drivers/L/LEWHAM01_Lewis_Hamilton/lewham01.png.transform/1col/image.png,1.0,1,1.0,,,,0 days 01:24:28.471000,Finished,25.0,57.0,26.4,30.6,75.5,0.4,True
2021,20,Qatar Grand Prix,Lusail,R,2021-11-21,33,VER,max_verstappen,Red Bull Racing,red_bull,Max,Verstappen,https://www.formula1.com/content/dam/fom-website/drivers/M/MAXVER01_Max_Verstappen/maxver01.png.transform/1col/image.png,2.0,2,7.0,,,,0 days 00:00:25.743000,Finished,19.0,57.0,26.4,30.6,75.5,0.4,True
2021,20,Qatar Grand Prix,Lusail,R,2021-11-21,14,ALO,alonso,Alpine,alpine,Fernando,Alonso,https://www.formula1.com/content/dam/fom-website/drivers/F/FERALO01_Fernando_Alonso/feralo01.png.transform/1col/image.png,3.0,3,3.0,,,,0 days 00:00:59.457000,Finished,15.0,57.0,26.4,30.6,75.5,0.4,True
2021,20,Qatar Grand Prix,Lusail,R,2021-11-21,11,PER,perez,Red Bull Racing,red_bull,Sergio,Perez,https://www.formula1.com/content/dam/fom-website/drivers/S/SERPER01_Sergio_Perez/serper01.png.transform/1col/image.png,4.0,4,11.0,,,,0 days 00:01:02.306000,Finished,12.0,57.0,26.4,30.6,75.5,0.4,True
2021,20,Qatar Grand Prix,Lusail,R,2021-11-21,31,OCO,ocon,Alpine,alpine,Esteban,Ocon,https://www.formula1.com/content/dam/fom-website/drivers/E/ESTOCO01_Esteban_Ocon/estoco01.png.transform/1col/image.png,5.0,5,9.0,,,,0 days 00:01:20.570000,Finished,10.0,57.0,26.4,30.6,75.5,0.4,True
2021,20,Qatar Grand Prix,Lusail,R,2021-11-21,18,STR,stroll,Aston Martin,aston_martin,Lance,Stroll,https://www.formula1.com/content/dam/fom-website/drivers/L/LANSTR01_Lance_Stroll/lanstr01.png.transform/1col/image.png,6.0,6,12.0,,,,0 days 00:01:21.274000,Finished,8.0,57.0,26.4,30.6,75.5,0.4,True
2021,20,Qatar Grand Prix,Lusail,R,2021-11-21,55,SAI,sainz,Ferrari,ferrari,Carlos,Sainz,https://www.formula1.com/content/dam/fom-website/drivers/C/CARSAI01_Carlos_Sainz/carsai01.png.transform/1col/image.png,7.0,7,5.0,,,,0 days 00:01:21.911000,Finished,6.0,57.0,26.4,30.6,75.5,0.4,True
2021,20,Qatar Grand Prix,Lusail,R,2021-11-21,16,LEC,leclerc,Ferrari,ferrari,Charles,Leclerc,https://www.formula1.com/content/dam/fom-website/drivers/C/CHALEC01_Charles_Leclerc/chalec01.png.transform/1col/image.png,8.0,8,13.0,,,,0 days 00:01:23.126000,Finished,4.0,57.0,26.4,30.6,75.5,0.4,True
2021,20,Qatar Grand Prix,Lusail,R,2021-11-21,4,NOR,norris,McLaren,mclaren,Lando,Norris,https://www.formula1.com/content/dam/fom-website/drivers/L/LANNOR01_Lando_Norris/lannor01.png.transform/1col/image.png,9.0,9,4.0,,,,,+1 Lap,2.0,56.0,26.4,30.6,75.5,0.4,True
2021,20,Qatar Grand Prix,Lusail,R,2021-11-21,5,VET,vettel,Aston Martin,aston_martin,Sebastian,Vettel,https://www.formula1.com/content/dam/fom-website/drivers/S/SEBVET01_Sebastian_Vettel/sebvet01.png.transform/1col/image.png,10.0,10,10.0,,,,,+1 Lap,1.0,56.0,26.4,30.6,75.5,0.4,True
2021,20,Qatar Grand Prix,Lusail,R,2021-11-21,10,GAS,gasly,AlphaTauri,alphatauri,Pierre,Gasly,https://www.formula1.com/content/dam/fom-website/drivers/P/PIEGAS01_Pierre_Gasly/piegas01.png.transform/1col/image.png,11.0,11,2.0,,,,,+1 Lap,0.0,56.0,26.4,30.6,75.5,0.4,True
2021,20,Qatar Grand Prix,Lusail,R,2021-11-21,3,RIC,ricciardo,McLaren,mclaren,Daniel,Ricciardo,https://www.formula1.com/content/dam/fom-website/drivers/D/DANRIC01_Daniel_Ricciardo/danric01.png.transform/1col/image.png,12.0,12,14.0,,,,,+1 Lap,0.0,56.0,26.4,30.6,75.5,0.4,True
2021,20,Qatar Grand Prix,Lusail,R,2021-11-21,22,TSU,tsunoda,AlphaTauri,alphatauri,Yuki,Tsunoda,https://www.formula1.com/content/dam/fom-website/drivers/Y/YUKTSU01_Yuki_Tsunoda/yuktsu01.png.transform/1col/image.png,13.0,13,8.0,,,,,+1 Lap,0.0,56.0,26.4,30.6,75.5,0.4,True
2021,20,Qatar Grand Prix,Lusail,R,2021-11-21,7,RAI,raikkonen,Alfa Romeo Racing,alfa,Kimi,Räikkönen,https://www.formula1.com/content/dam/fom-website/drivers/K/KIMRAI01_Kimi_R%C3%A4ikk%C3%B6nen/kimrai01.png.transform/1col/image.png,14.0,14,16.0,,,,,+1 Lap,0.0,56.0,26.4,30.6,75.5,0.4,True
2021,20,Qatar Grand Prix,Lusail,R,2021-11-21,99,GIO,giovinazzi,Alfa Romeo Racing,alfa,Antonio,Giovinazzi,https://www.formula1.com/content/dam/fom-website/drivers/A/ANTGIO01_Antonio_Giovinazzi/antgio01.png.transform/1col/image.png,15.0,15,18.0,,,,,+1 Lap,0.0,56.0,26.4,30.6,75.5,0.4,True
2021,20,Qatar Grand Prix,Lusail,R,2021-11-21,47,MSC,mick_schumacher,Haas F1 Team,haas,Mick,Schumacher,https://www.formula1.com/content/dam/fom-website/drivers/M/MICSCH02_Mick_Schumacher/micsch02.png.transform/1col/image.png,16.0,16,19.0,,,,,+1 Lap,0.0,56.0,26.4,30.6,75.5,0.4,True
2021,20,Qatar Grand Prix,Lusail,R,2021-11-21,63,RUS,russell,Williams,williams,George,Russell,https://www.formula1.com/content/dam/fom-website/drivers/G/GEORUS01_George_Russell/georus01.png.transform/1col/image.png,17.0,17,15.0,,,,,+2 Laps,0.0,55.0,26.4,30.6,75.5,0.4,True
2021,20,Qatar Grand Prix,Lusail,R,2021-11-21,9,MAZ,mazepin,Haas F1 Team,haas,Nikita,Mazepin,https://www.formula1.com/content/dam/fom-website/drivers/N/NIKMAZ01_Nikita_Mazepin/nikmaz01.png.transform/1col/image.png,18.0,18,20.0,,,,,+2 Laps,0.0,55.0,26.4,30.6,75.5,0.4,True
2021,20,Qatar Grand Prix,Lusail,R,2021-11-21,6,LAT,latifi,Williams,williams,Nicholas,Latifi,https://www.formula1.com/content/dam/fom-website/drivers/N/NICLAF01_Nicholas_Latifi/niclaf01.png.transform/1col/image.png,19.0,R,17.0,,,,,Puncture,0.0,50.0,26.4,30.6,75.5,0.4,True
2021,20,Qatar Grand Prix,Lusail,R,2021-11-21,77,BOT,bottas,Mercedes,mercedes,Valtteri,Bottas,https://www.formula1.com/content/dam/fom-website/drivers/V/VALBOT01_Valtteri_Bottas/valbot01.png.transform/1col/image.png,20.0,R,6.0,,,,,Damage,0.0,48.0,26.4,30.6,75.5,0.4,True
2021,21,Saudi Arabian Grand Prix,Jeddah,R,2021-12-05,44,HAM,hamilton,Mercedes,mercedes,Lewis,Hamilton,https://www.formula1.com/content/dam/fom-website/drivers/L/LEWHAM01_Lewis_Hamilton/lewham01.png.transform/1col/image.png,1.0,1,1.0,,,,0 days 02:06:15.118000,Finished,26.0,50.0,28.8,31.7,76.2,0.3,False
2021,21,Saudi Arabian Grand Prix,Jeddah,R,2021-12-05,33,VER,max_verstappen,Red Bull Racing,red_bull,Max,Verstappen,https://www.formula1.com/content/dam/fom-website/drivers/M/MAXVER01_Max_Verstappen/maxver01.png.transform/1col/image.png,2.0,2,3.0,,,,0 days 00:00:11.825000,Finished,18.0,50.0,28.8,31.7,76.2,0.3,False
2021,21,Saudi Arabian Grand Prix,Jeddah,R,2021-12-05,77,BOT,bottas,Mercedes,mercedes,Valtteri,Bottas,https://www.formula1.com/content/dam/fom-website/drivers/V/VALBOT01_Valtteri_Bottas/valbot01.png.transform/1col/image.png,3.0,3,2.0,,,,0 days 00:00:27.531000,Finished,15.0,50.0,28.8,31.7,76.2,0.3,False
2021,21,Saudi Arabian Grand Prix,Jeddah,R,2021-12-05,31,OCO,ocon,Alpine,alpine,Esteban,Ocon,https://www.formula1.com/content/dam/fom-website/drivers/E/ESTOCO01_Esteban_Ocon/estoco01.png.transform/1col/image.png,4.0,4,9.0,,,,0 days 00:00:27.633000,Finished,12.0,50.0,28.8,31.7,76.2,0.3,False
2021,21,Saudi Arabian Grand Prix,Jeddah,R,2021-12-05,3,RIC,ricciardo,McLaren,mclaren,Daniel,Ricciardo,https://www.formula1.com/content/dam/fom-website/drivers/D/DANRIC01_Daniel_Ricciardo/danric01.png.transform/1col/image.png,5.0,5,11.0,,,,0 days 00:00:40.121000,Finished,10.0,50.0,28.8,31.7,76.2,0.3,False
2021,21,Saudi Arabian Grand Prix,Jeddah,R,2021-12-05,10,GAS,gasly,AlphaTauri,alphatauri,Pierre,Gasly,https://www.formula1.com/content/dam/fom-website/drivers/P/PIEGAS01_Pierre_Gasly/piegas01.png.transform/1col/image.png,6.0,6,6.0,,,,0 days 00:00:41.613000,Finished,8.0,50.0,28.8,31.7,76.2,0.3,False
2021,21,Saudi Arabian Grand Prix,Jeddah,R,2021-12-05,16,LEC,leclerc,Ferrari,ferrari,Charles,Leclerc,https://www.formula1.com/content/dam/fom-website/drivers/C/CHALEC01_Charles_Leclerc/chalec01.png.transform/1col/image.png,7.0,7,4.0,,,,0 days 00:00:44.475000,Finished,6.0,50.0,28.8,31.7,76.2,0.3,False
2021,21,Saudi Arabian Grand Prix,Jeddah,R,2021-12-05,55,SAI,sainz,Ferrari,ferrari,Carlos,Sainz,https://www.formula1.com/content/dam/fom-website/drivers/C/CARSAI01_Carlos_Sainz/carsai01.png.transform/1col/image.png,8.0,8,15.0,,,,0 days 00:00:46.606000,Finished,4.0,50.0,28.8,31.7,76.2,0.3,False
2021,21,Saudi Arabian Grand Prix,Jeddah,R,2021-12-05,99,GIO,giovinazzi,Alfa Romeo Racing,alfa,Antonio,Giovinazzi,https://www.formula1.com/content/dam/fom-website/drivers/A/ANTGIO01_Antonio_Giovinazzi/antgio01.png.transform/1col/image.png,9.0,9,10.0,,,,0 days 00:00:58.505000,Finished,2.0,50.0,28.8,31.7,76.2,0.3,False
2021,21,Saudi Arabian Grand Prix,Jeddah,R,2021-12-05,4,NOR,norris,McLaren,mclaren,Lando,Norris,https://www.formula1.com/content/dam/fom-website/drivers/L/LANNOR01_Lando_Norris/lannor01.png.transform/1col/image.png,10.0,10,7.0,,,,0 days 00:01:01.358000,Finished,1.0,50.0,28.8,31.7,76.2,0.3,False
2021,21,Saudi Arabian Grand Prix,Jeddah,R,2021-12-05,18,STR,stroll,Aston Martin,aston_martin,Lance,Stroll,https://www.formula1.com/content/dam/fom-website/drivers/L/LANSTR01_Lance_Stroll/lanstr01.png.transform/1col/image.png,11.0,11,18.0,,,,0 days 00:01:17.212000,Finished,0.0,50.0,28.8,31.7,76.2,0.3,False
2021,21,Saudi Arabian Grand Prix,Jeddah,R,2021-12-05,6,LAT,latifi,Williams,williams,Nicholas,Latifi,https://www.formula1.com/content/dam/fom-website/drivers/N/NICLAF01_Nicholas_Latifi/niclaf01.png.transform/1col/image.png,12.0,12,16.0,,,,0 days 00:01:23.249000,Finished,0.0,50.0,28.8,31.7,76.2,0.3,False
2021,21,Saudi Arabian Grand Prix,Jeddah,R,2021-12-05,14,ALO,alonso,Alpine,alpine,Fernando,Alonso,https://www.formula1.com/content/dam/fom-website/drivers/F/FERALO01_Fernando_Alonso/feralo01.png.transform/1col/image.png,13.0,13,13.0,,,,,+1 Lap,0.0,49.0,28.8,31.7,76.2,0.3,False
2021,21,Saudi Arabian Grand Prix,Jeddah,R,2021-12-05,22,TSU,tsunoda,AlphaTauri,alphatauri,Yuki,Tsunoda,https://www.formula1.com/content/dam/fom-website/drivers/Y/YUKTSU01_Yuki_Tsunoda/yuktsu01.png.transform/1col/image.png,14.0,14,8.0,,,,,+1 Lap,0.0,49.0,28.8,31.7,76.2,0.3,False
2021,21,Saudi Arabian Grand Prix,Jeddah,R,2021-12-05,7,RAI,raikkonen,Alfa Romeo Racing,alfa,Kimi,Räikkönen,https://www.formula1.com/content/dam/fom-website/drivers/K/KIMRAI01_Kimi_R%C3%A4ikk%C3%B6nen/kimrai01.png.transform/1col/image.png,15.0,15,12.0,,,,,+1 Lap,0.0,49.0,28.8,31.7,76.2,0.3,False
2021,21,Saudi Arabian Grand Prix,Jeddah,R,2021-12-05,5,VET,vettel,Aston Martin,aston_martin,Sebastian,Vettel,https://www.formula1.com/content/dam/fom-website/drivers/S/SEBVET01_Sebastian_Vettel/sebvet01.png.transform/1col/image.png,16.0,R,17.0,,,,,Collision damage,0.0,44.0,28.8,31.7,76.2,0.3,False
2021,21,Saudi Arabian Grand Prix,Jeddah,R,2021-12-05,11,PER,perez,Red Bull Racing,red_bull,Sergio,Perez,https://www.formula1.com/content/dam/fom-website/drivers/S/SERPER01_Sergio_Perez/serper01.png.transform/1col/image.png,17.0,R,5.0,,,,,Collision,0.0,14.0,28.8,31.7,76.2,0.3,False
2021,21,Saudi Arabian Grand Prix,Jeddah,R,2021-12-05,9,MAZ,mazepin,Haas F1 Team,haas,Nikita,Mazepin,https://www.formula1.com/content/dam/fom-website/drivers/N/NIKMAZ01_Nikita_Mazepin/nikmaz01.png.transform/1col/image.png,18.0,R,20.0,,,,,Collision,0.0,14.0,28.8,31.7,76.2,0.3,False
2021,21,Saudi Arabian Grand Prix,Jeddah,R,2021-12-05,63,RUS,russell,Williams,williams,George,Russell,https://www.formula1.com/content/dam/fom-website/drivers/G/GEORUS01_George_Russell/georus01.png.transform/1col/image.png,19.0,R,14.0,,,,,Collision,0.0,14.0,28.8,31.7,76.2,0.3,False
2021,21,Saudi Arabian Grand Prix,Jeddah,R,2021-12-05,47,MSC,mick_schumacher,Haas F1 Team,haas,Mick,Schumacher,https://www.formula1.com/content/dam/fom-website/drivers/M/MICSCH02_Mick_Schumacher/micsch02.png.transform/1col/image.png,20.0,R,19.0,,,,,Accident,0.0,8.0,28.8,31.7,76.2,0.3,False
2021,22,Abu Dhabi Grand Prix,Yas Island,R,2021-12-12,33,VER,max_verstappen,Red Bull Racing,red_bull,Max,Verstappen,https://www.formula1.com/content/dam/fom-website/drivers/M/MAXVER01_Max_Verstappen/maxver01.png.transform/1col/image.png,1.0,1,1.0,,,,0 days 01:30:17.345000,Finished,26.0,58.0,24.5,28.5,59.1,0.4,False
2021,22,Abu Dhabi Grand Prix,Yas Island,R,2021-12-12,44,HAM,hamilton,Mercedes,mercedes,Lewis,Hamilton,https://www.formula1.com/content/dam/fom-website/drivers/L/LEWHAM01_Lewis_Hamilton/lewham01.png.transform/1col/image.png,2.0,2,2.0,,,,0 days 00:00:02.256000,Finished,18.0,58.0,24.5,28.5,59.1,0.4,False
2021,22,Abu Dhabi Grand Prix,Yas Island,R,2021-12-12,55,SAI,sainz,Ferrari,ferrari,Carlos,Sainz,https://www.formula1.com/content/dam/fom-website/drivers/C/CARSAI01_Carlos_Sainz/carsai01.png.transform/1col/image.png,3.0,3,5.0,,,,0 days 00:00:05.173000,Finished,15.0,58.0,24.5,28.5,59.1,0.4,False
2021,22,Abu Dhabi Grand Prix,Yas Island,R,2021-12-12,22,TSU,tsunoda,AlphaTauri,alphatauri,Yuki,Tsunoda,https://www.formula1.com/content/dam/fom-website/drivers/Y/YUKTSU01_Yuki_Tsunoda/yuktsu01.png.transform/1col/image.png,4.0,4,8.0,,,,0 days 00:00:05.692000,Finished,12.0,58.0,24.5,28.5,59.1,0.4,False
2021,22,Abu Dhabi Grand Prix,Yas Island,R,2021-12-12,10,GAS,gasly,AlphaTauri,alphatauri,Pierre,Gasly,https://www.formula1.com/content/dam/fom-website/drivers/P/PIEGAS01_Pierre_Gasly/piegas01.png.transform/1col/image.png,5.0,5,12.0,,,,0 days 00:00:06.531000,Finished,10.0,58.0,24.5,28.5,59.1,0.4,False
2021,22,Abu Dhabi Grand Prix,Yas Island,R,2021-12-12,77,BOT,bottas,Mercedes,mercedes,Valtteri,Bottas,https://www.formula1.com/content/dam/fom-website/drivers/V/VALBOT01_Valtteri_Bottas/valbot01.png.transform/1col/image.png,6.0,6,6.0,,,,0 days 00:00:07.463000,Finished,8.0,58.0,24.5,28.5,59.1,0.4,False
2021,22,Abu Dhabi Grand Prix,Yas Island,R,2021-12-12,4,NOR,norris,McLaren,mclaren,Lando,Norris,https://www.formula1.com/content/dam/fom-website/drivers/L/LANNOR01_Lando_Norris/lannor01.png.transform/1col/image.png,7.0,7,3.0,,,,0 days 00:00:59.200000,Finished,6.0,58.0,24.5,28.5,59.1,0.4,False
2021,22,Abu Dhabi Grand Prix,Yas Island,R,2021-12-12,14,ALO,alonso,Alpine,alpine,Fernando,Alonso,https://www.formula1.com/content/dam/fom-website/drivers/F/FERALO01_Fernando_Alonso/feralo01.png.transform/1col/image.png,8.0,8,11.0,,,,0 days 00:01:01.708000,Finished,4.0,58.0,24.5,28.5,59.1,0.4,False
2021,22,Abu Dhabi Grand Prix,Yas Island,R,2021-12-12,31,OCO,ocon,Alpine,alpine,Esteban,Ocon,https://www.formula1.com/content/dam/fom-website/drivers/E/ESTOCO01_Esteban_Ocon/estoco01.png.transform/1col/image.png,9.0,9,9.0,,,,0 days 00:01:04.026000,Finished,2.0,58.0,24.5,28.5,59.1,0.4,False
2021,22,Abu Dhabi Grand Prix,Yas Island,R,2021-12-12,16,LEC,leclerc,Ferrari,ferrari,Charles,Leclerc,https://www.formula1.com/content/dam/fom-website/drivers/C/CHALEC01_Charles_Leclerc/chalec01.png.transform/1col/image.png,10.0,10,7.0,,,,0 days 00:01:06.057000,Finished,1.0,58.0,24.5,28.5,59.1,0.4,False
2021,22,Abu Dhabi Grand Prix,Yas Island,R,2021-12-12,5,VET,vettel,Aston Martin,aston_martin,Sebastian,Vettel,https://www.formula1.com/content/dam/fom-website/drivers/S/SEBVET01_Sebastian_Vettel/sebvet01.png.transform/1col/image.png,11.0,11,15.0,,,,0 days 00:01:07.527000,Finished,0.0,58.0,24.5,28.5,59.1,0.4,False
2021,22,Abu Dhabi Grand Prix,Yas Island,R,2021-12-12,3,RIC,ricciardo,McLaren,mclaren,Daniel,Ricciardo,https://www.formula1.com/content/dam/fom-website/drivers/D/DANRIC01_Daniel_Ricciardo/danric01.png.transform/1col/image.png,12.0,12,10.0,,,,,+1 Lap,0.0,57.0,24.5,28.5,59.1,0.4,False
2021,22,Abu Dhabi Grand Prix,Yas Island,R,2021-12-12,18,STR,stroll,Aston Martin,aston_martin,Lance,Stroll,https://www.formula1.com/content/dam/fom-website/drivers/L/LANSTR01_Lance_Stroll/lanstr01.png.transform/1col/image.png,13.0,13,13.0,,,,,+1 Lap,0.0,57.0,24.5,28.5,59.1,0.4,False
2021,22,Abu Dhabi Grand Prix,Yas Island,R,2021-12-12,47,MSC,mick_schumacher,Haas F1 Team,haas,Mick,Schumacher,https://www.formula1.com/content/dam/fom-website/drivers/M/MICSCH02_Mick_Schumacher/micsch02.png.transform/1col/image.png,14.0,14,19.0,,,,,+1 Lap,0.0,57.0,24.5,28.5,59.1,0.4,False
2021,22,Abu Dhabi Grand Prix,Yas Island,R,2021-12-12,11,PER,perez,Red Bull Racing,red_bull,Sergio,Perez,https://www.formula1.com/content/dam/fom-website/drivers/S/SERPER01_Sergio_Perez/serper01.png.transform/1col/image.png,15.0,15,4.0,,,,,Engine,0.0,55.0,24.5,28.5,59.1,0.4,False
2021,22,Abu Dhabi Grand Prix,Yas Island,R,2021-12-12,6,LAT,latifi,Williams,williams,Nicholas,Latifi,https://www.formula1.com/content/dam/fom-website/drivers/N/NICLAF01_Nicholas_Latifi/niclaf01.png.transform/1col/image.png,16.0,R,16.0,,,,,Accident,0.0,50.0,24.5,28.5,59.1,0.4,False
2021,22,Abu Dhabi Grand Prix,Yas Island,R,2021-12-12,99,GIO,giovinazzi,Alfa Romeo Racing,alfa,Antonio,Giovinazzi,https://www.formula1.com/content/dam/fom-website/drivers/A/ANTGIO01_Antonio_Giovinazzi/antgio01.png.transform/1col/image.png,17.0,R,14.0,,,,,Gearbox,0.0,33.0,24.5,28.5,59.1,0.4,False
2021,22,Abu Dhabi Grand Prix,Yas Island,R,2021-12-12,63,RUS,russell,Williams,williams,George,Russell,https://www.formula1.com/content/dam/fom-website/drivers/G/GEORUS01_George_Russell/georus01.png.transform/1col/image.png,18.0,R,17.0,,,,,Gearbox,0.0,26.0,24.5,28.5,59.1,0.4,False
2021,22,Abu Dhabi Grand Prix,Yas Island,R,2021-12-12,7,RAI,raikkonen,Alfa Romeo Racing,alfa,Kimi,Räikkönen,https://www.formula1.com/content/dam/fom-website/drivers/K/KIMRAI01_Kimi_R%C3%A4ikk%C3%B6nen/kimrai01.png.transform/1col/image.png,19.0,R,18.0,,,,,Brakes,0.0,25.0,24.5,28.5,59.1,0.4,False
2021,22,Abu Dhabi Grand Prix,Yas Island,R,2021-12-12,9,MAZ,mazepin,Haas F1 Team,haas,Nikita,Mazepin,nan,,W,,,,,,Illness,0.0,0.0,24.5,28.5,59.1,0.4,False
