tree
version=v4
num_class=1
num_tree_per_iteration=1
label_index=0
max_feature_idx=38
objective=regression
feature_names=GridPosition quali_position quali_gap_to_pole best_quali_time fp3_gap fp3_laps fp_avg_gap fp3_vs_quali_delta driver_champ_pos driver_champ_pts constructor_champ_pos constructor_champ_pts driver_form_pos_5 driver_form_pts_5 driver_last_pos driver_last_pts driver_reliability_10 team_form_pos_5 driver_circuit_avg team_circuit_avg teammate_grid grid_champ_delta season_progress AirTemp_mean TrackTemp_mean Humidity_mean WindSpeed_mean Rainfall driver_wet_advantage circuit_wet_rate circuit_dnf_rate driver_momentum driver_vs_teammate_rate is_street_circuit driver_encoded team_encoded circuit_encoded Season Round
feature_infos=[0:20] [1:20] [0:62.296999999999997] [53.377000000000002:141.61099999999999] [0:44.292999999999999] [1:32] [0:20.035] [-38.694999999999993:32.58400000000001] [1:21] [0:504] [1:11] [0:752] [1:20] [0:25.800000000000001] [1:20] [0:26] [0:1] [1.5:18.199999999999999] [1:20] [1.5:19.5] [0:20] [-20:19] [0.0454545454545454:1] [9.5:36.600000000000001] [15.199999999999999:54.5] [7.0999999999999996:96.400000000000006] [0.29999999999999999:5.5] [0:1] [-14:17.5] [0:1] [0.050000000000000003:0.34999999999999998] [-14:13.000000000000002] [0:1] [0:1] [0:43] [0:20] [0:34] [2018:2023] [1:22]
tree_sizes=2317 2499 2756 2932 2702 2770 2685 2857 2912 2829 2857 3013 3023 3134 3112 3019 3300 3197 3017 3344 3263 3445 3273 3458 3292 3219 3456 3104 3389 3374 3235 3285 3359 3376 3291 3361 3305 3266 3221 3134 3368 3403 3288 3341 3460 3555 3372 3547 3468 3367 3567 3549 3303 3579 3181 3571 3564 3410 3292 3482 3724 3475 3453 3415 3495 3422 3317 3291 3339 3416 3578 3509 3564

Tree=0
num_leaves=27
num_cat=0
split_feature=1 17 1 1 1 17 6 17 17 32 17 4 3 35 20 3 17 32 6 17 19 28 35 3 6 31
split_gain=24262 4078.96 2346.15 1495.97 792.896 627.691 450.42 323.369 287.392 166.237 144.397 139.864 137.298 125.013 113.241 105.126 83.3832 82.1437 124.177 80.2607 73.6122 58.4975 40.7106 19.0063 3.18031 2.45357
threshold=7.5000000000000009 12.683333333333335 4.5000000000000009 12.500000000000002 14.500000000000002 8.6500000000000004 0.79600000000000015 6.8500000000000005 8.2500000000000018 0.68333333333333346 8.4500000000000011 1.4260000000000004 80.227500000000006 13.500000000000002 11.500000000000002 78.228500000000011 10.350000000000003 0.5634920634920636 1.2738333333333334 15.450000000000001 11.662500000000001 -0.28388278388278371 10.000000000000002 92.814000000000007 1.7132500000000002 1.0000000180025095e-35
decision_type=8 10 10 8 8 8 10 10 8 2 10 10 10 2 10 10 10 2 10 10 10 2 2 8 10 2
left_child=2 3 7 6 14 -5 -2 9 13 -1 -8 -7 -10 22 25 -9 -14 18 -12 -6 -20 24 -4 -13 -16 -3
right_child=1 4 8 5 19 11 10 15 12 -11 17 23 16 -15 21 -17 -18 -19 20 -21 -22 -23 -24 -25 -26 -27
leaf_value=10.226701437519246 10.351534279945986 10.580217211232442 10.355959168035847 10.463217069767222 10.695289688281759 10.569997349271622 10.434131153984447 10.361829390090611 10.368663925965468 10.131589881892507 10.429040697458975 10.665554122142009 10.499373729836581 10.405412023811902 10.576821146183958 10.251634186755082 10.419918205001361 10.541812001413826 10.482271252363127 10.755995712416629 10.554171601249289 10.674945012822036 10.266719451573326 10.609435737527003 10.625564988304506 10.544596411963946
leaf_weight=204 69 58 53 69 336 98 96 51 81 148 61 135 51 50 59 97 73 85 82 168 53 77 67 76 50 50
leaf_count=204 69 58 53 69 336 98 96 51 81 148 61 135 51 50 59 97 73 85 82 168 53 77 67 76 50 50
internal_value=10.4886 10.6009 10.2809 10.5239 10.6797 10.5953 10.4632 10.2113 10.3756 10.1831 10.485 10.6249 10.4174 10.3283 10.6125 10.285 10.4523 10.5027 10.4852 10.7175 10.5112 10.6367 10.3003 10.6482 10.6036 10.5667
internal_weight=2497 1622 875 824 798 378 446 500 375 352 377 309 205 170 294 148 124 281 196 504 135 186 120 211 109 108
internal_count=2497 1622 875 824 798 378 446 500 375 352 377 309 205 170 294 148 124 281 196 504 135 186 120 211 109 108
is_linear=0
shrinkage=1


Tree=1
num_leaves=28
num_cat=0
split_feature=1 17 1 1 1 17 9 13 21 3 11 11 7 7 4 9 24 12 7 13 24 24 24 7 17 7 12
split_gain=22015.4 3699.19 2122.51 1358.21 713.177 570.141 433.338 412.164 353.667 259.24 173.407 155.365 149.652 138.08 124.571 97.3614 82.293 75.189 157.225 73.2319 63.6005 61.9486 57.1578 53.6495 19.1482 13.6339 11.5456
threshold=7.5000000000000009 12.683333333333335 4.5000000000000009 12.500000000000002 14.500000000000002 8.6500000000000004 82.500000000000014 13.700000000000001 -3.4999999999999996 74.83250000000001 45.500000000000007 49.500000000000007 13.951499999999998 -0.036000000000003543 1.2485000000000002 3.5000000000000004 30.750000000000004 14.708333333333334 -0.39300000000000451 5.9000000000000012 34.050000000000004 30.750000000000004 43.150000000000013 -0.12500000000000419 13.550000000000002 0.35150000000000109 13.900000000000002
decision_type=8 10 10 8 8 8 2 8 8 10 2 2 8 8 10 2 2 10 8 10 2 2 2 8 10 8 8
left_child=2 3 7 6 17 -5 11 9 14 -1 -10 20 16 -12 -4 26 -7 18 -3 21 -2 -13 -18 -22 -20 -15 -6
right_child=1 4 8 5 15 12 -8 -9 10 -11 13 19 -14 25 -16 -17 22 -19 24 -21 23 -23 -24 -25 -26 -27 -28
leaf_value=-0.12385614194159385 0.058585956762663309 0.024266961235014182 -0.078769635413307532 -0.024191531989778289 0.1768111433874674 0.096160090075209689 -0.12944794814774266 -0.32101638145835343 -0.062162331060584976 -0.24620185187091789 -0.096217763350166879 -0.053922854941709189 0.057508415656808844 -0.224592726454653 0.026253941887142741 0.17518986952328619 0.19250644466486588 0.15688534096822093 0.15512990086153067 -0.082709452517614537 -0.028931204737509177 0.014169638212140857 0.10930896787221453 0.0370048404999287 0.097569428317472548 -0.15034125006280491 0.24806438987650334
leaf_weight=70 85 57 51 69 62 79 74 210 68 220 75 50 65 61 50 170 112 97 54 51 58 75 53 53 86 70 272
leaf_count=70 85 57 51 69 62 79 74 210 68 220 75 50 65 61 50 170 112 97 54 51 58 75 53 53 86 70 272
internal_value=-8.28679e-06 0.106941 -0.197909 0.0336634 0.182008 0.101635 -0.0242212 -0.26406 -0.107747 -0.218896 -0.136425 -0.00201965 0.129841 -0.159075 -0.0272749 0.217904 0.14769 0.118236 0.0962558 -0.0352027 0.0276374 -0.013501 0.169249 0.00231218 0.123755 -0.190834 0.237201
internal_weight=2497 1622 875 824 798 378 446 500 375 290 274 372 309 206 101 504 244 294 197 176 196 125 165 111 140 131 334
internal_count=2497 1622 875 824 798 378 446 500 375 290 274 372 309 206 101 504 244 294 197 176 196 125 165 111 140 131 334
is_linear=0
shrinkage=0.0490752


Tree=2
num_leaves=31
num_cat=0
split_feature=17 0 0 0 17 2 0 9 17 9 31 31 9 34 9 2 34 0 35 19 34 17 16 26 20 26 26 20 20 28
split_gain=17436.6 4397.92 1851.26 860.878 569.393 505.793 438.131 430.175 411.622 323.192 277.22 184.915 180.315 175.557 240.428 137.13 110.771 100.205 95.0471 89.2 87.7749 153.939 83.1924 75.1157 62.0978 60.1236 45.1949 27.3845 14.9569 0.441557
threshold=9.1333333333333346 12.500000000000002 6.5000000000000009 7.5000000000000009 14.050000000000002 0.88350000000000517 3.5000000000000004 120.50000000000001 12.725000000000001 14.500000000000002 0.6666666666666653 -0.33333333333333248 230.50000000000003 20.500000000000004 28.500000000000004 1.2974999999999997 13.500000000000002 16.500000000000004 11.500000000000002 10.145833333333334 33.500000000000007 6.8500000000000005 0.47222222222222227 1.0500000000000003 11.500000000000002 2.1500000000000008 1.4500000000000002 14.500000000000002 11.500000000000002 -0.023429273429273947
decision_type=8 2 2 2 10 8 2 2 10 2 2 2 2 2 2 10 2 2 2 10 2 10 10 2 10 2 2 10 10 2
left_child=2 3 6 5 13 11 12 10 15 -7 18 -2 20 27 17 -5 -6 28 -4 -17 21 23 -21 -1 -10 26 -8 -3 -15 -18
right_child=1 4 7 8 16 9 25 -9 24 -11 -12 -13 -14 14 -16 19 29 -19 -20 22 -22 -23 -24 -25 -26 -27 -28 -29 -30 -31
leaf_value=-0.19570190994241451 -0.067408107679471821 0.13203917132973297 -0.044164246671860516 -0.034373038560639328 0.13051086075932369 0.062013970383988558 -0.17258212084063429 -0.17698897949879466 0.067700828322675252 -0.067944558227032936 0.027719609220811275 -0.20189889906335465 -0.3650256587940951 0.06700899646669449 0.022689235975902416 -0.0092642912109015072 0.1873681350723897 0.16787549023471682 -0.13461530279905884 0.088095228415299001 -0.16234271916302906 -0.159714368736046 0.0077034494110836023 -0.31144450900804466 0.13578219367263983 -0.22681322915612454 -0.10509711800149669 0.19814401330544837 0.1135192716392902 0.24358186598868672
leaf_weight=51 55 76 76 96 54 83 109 69 76 94 89 55 54 59 67 68 102 108 50 82 59 52 52 127 95 55 73 102 92 217
leaf_count=51 55 76 76 96 54 83 109 69 76 94 89 55 54 59 67 68 102 108 50 82 59 52 52 127 95 55 73 102 92 217
internal_value=-4.74108e-06 0.0942575 -0.17784 0.00731777 0.168778 -0.0590704 -0.227986 -0.0735398 0.0482014 -0.00670764 -0.037525 -0.139746 -0.265275 0.132506 0.108077 0.012754 0.215759 0.129307 -0.0834327 0.0356197 -0.241805 -0.258898 0.0583679 -0.283513 0.108014 -0.170356 -0.148582 0.173664 0.0978324 0.228267
internal_weight=2497 1633 864 756 877 287 580 284 469 177 215 110 343 504 326 298 373 259 126 202 289 230 134 178 171 237 182 178 151 319
internal_count=2497 1633 864 756 877 287 580 284 469 177 215 110 343 504 326 298 373 259 126 202 289 230 134 178 171 237 182 178 151 319
is_linear=0
shrinkage=0.0490752


Tree=3
num_leaves=33
num_cat=0
split_feature=13 2 2 17 17 17 13 4 6 28 31 10 37 6 18 18 37 25 5 11 11 5 18 18 3 3 32 2 37 2 25 17
split_gain=16029 2406.98 2211.33 910.693 840.472 608.348 405.572 330.418 217.161 183.397 219.349 180.217 164.272 162.832 141.772 127.482 146.681 125.775 135.87 109.688 107.116 105.825 91.9738 91.5594 112.408 87.8688 75.1536 73.9999 73.8662 60.2535 33.1138 31.6341
threshold=4.1000000000000005 0.68149999999999988 1.5339999999999991 12.550000000000002 14.050000000000002 8.2500000000000018 14.300000000000002 0.95050000000000001 1.100416666666667 -0.18906298539919222 -1.0000000180025095e-35 8.5000000000000018 2018.5000000000002 2.1605000000000003 9.1000000000000014 7.7083333333333348 2022.5000000000002 66.950000000000017 12.500000000000002 263.00000000000006 9.5000000000000018 9.5000000000000018 11.816666666666668 13.816666666666668 94.539000000000016 87.880500000000026 0.47222222222222227 1.0985000000000016 2019.5000000000002 1.1964999999999935 45.550000000000004 11.950000000000001
decision_type=10 10 8 10 10 10 10 10 10 2 2 2 2 10 10 8 2 2 10 2 2 10 10 10 10 10 2 10 2 10 2 10
left_child=2 6 3 7 13 9 17 -1 -7 10 -3 20 -6 15 -9 -4 25 18 -2 27 -5 -10 -14 24 -15 31 -20 -11 -27 -16 -8 -17
right_child=1 5 4 11 12 8 30 14 21 19 -12 -13 22 23 29 16 -18 -19 26 -21 -22 -23 -24 -25 -26 28 -28 -29 -30 -31 -32 -33
leaf_value=-0.13735195583825713 -0.24603160094443735 -0.12545156299305113 0.020705220494456892 0.10060801213854516 0.12072367033759916 -0.073234376192464826 -0.21199948479772213 -0.078229148270173562 -0.024776465238531713 -0.16066083199739378 0.010415236335441093 0.14644282657396787 0.14066162915224967 0.15099869697273208 0.054293887874750597 0.13024956965075485 0.17198360085342027 -0.11131613456623 -0.20265164350790243 -0.20788466834766306 0.011108407122800848 0.062204097972146252 0.23105267857033715 0.19479659723970782 0.053263567644196229 0.015047727557776228 -0.10982169421604998 -0.077466344480995583 0.086621242467968873 -0.016987670270917011 -0.31201641597917779 0.079092886909128565
leaf_weight=76 121 58 63 52 75 77 58 51 52 56 51 71 61 78 52 92 57 64 58 58 82 81 253 68 56 73 70 79 70 54 131 99
leaf_count=76 121 58 63 52 75 77 58 51 52 56 51 71 61 78 52 92 57 64 58 58 82 81 253 68 56 73 70 79 70 54 131 99
internal_value=-6.51412e-05 -0.150125 0.102631 0.00980319 0.141308 -0.0742513 -0.22623 -0.0560251 -0.00948888 -0.118421 -0.0633 0.0845039 0.198836 0.106136 -0.0139497 0.0880356 0.0984444 -0.186546 -0.203651 -0.14741 0.0480802 0.0281024 0.21561 0.144113 0.113202 0.0838881 -0.157058 -0.115912 0.0518035 0.0182252 -0.286539 0.106123
internal_weight=2497 1014 1483 438 1045 512 502 233 210 302 109 205 389 656 157 454 391 313 249 193 134 133 314 202 134 334 128 135 143 106 189 191
internal_count=2497 1014 1483 438 1045 512 502 233 210 302 109 205 389 656 157 454 391 313 249 193 134 133 314 202 134 334 128 135 143 106 189 191
is_linear=0
shrinkage=0.0490752


Tree=4
num_leaves=30
num_cat=0
split_feature=13 10 8 21 8 6 19 21 32 21 4 8 6 14 19 23 4 19 23 19 21 31 10 21 38 11 21 19 23
split_gain=14581.3 2162.97 1410.75 964.745 855.279 806.479 461.058 415.25 272.926 245.665 231.589 201.696 195.78 168.073 153.659 136.633 134.721 132.611 132.285 124.948 100.219 99.9882 74.9173 65.8974 84.6908 60.5175 38.8316 28.5765 12.1076
threshold=3.5000000000000004 3.5000000000000004 15.500000000000002 -1.0000000180025095e-35 2.5000000000000004 0.58450000000000013 12.450000000000001 2.5000000000000004 0.64583333333333337 3.5000000000000004 0.98750000000000016 7.5000000000000009 1.5298333333333336 14.500000000000002 8.8166666666666682 22.100000000000005 1.3295000000000001 10.550000000000002 27.150000000000002 8.5416666666666696 -1.0000000180025095e-35 -0.33333333333333304 6.5000000000000009 3.5000000000000004 9.5000000000000018 3.5000000000000004 -4.4999999999999991 13.450000000000001 20.400000000000002
decision_type=10 2 2 8 2 10 10 10 2 10 10 2 10 10 8 2 10 10 2 10 8 2 2 10 2 2 10 10 2
left_child=2 4 3 10 8 -3 19 15 -2 11 -1 -7 26 17 -13 28 -8 -12 -17 -5 -16 -9 -18 24 -21 -14 -4 -19 -6
right_child=1 5 12 6 7 9 16 21 -10 -11 13 14 25 -15 20 18 22 27 -20 23 -22 -23 -24 -25 -26 -27 -28 -29 -30
leaf_value=-0.069343408132900908 -0.18231922694120989 -0.20585317582414539 0.061814883327113962 0.0093403148243262329 -0.14569011827858688 -0.10282416533314021 0.080599496287124567 -0.10285591024072659 -0.30971104767098318 0.051692958302132615 -0.064617941168582757 0.052037798786949641 0.2149591885466349 0.079663298556751846 -0.078263415134940353 -0.24059340442018484 0.11976453274183198 0.0052777679028309437 -0.14193731696317266 0.09419178048392006 0.0048363090245471512 -0.010761561324948821 0.20045022968496432 0.12298869242127647 0.009668874434576178 0.16092539052029994 0.13332821202234743 0.05247765926512378 -0.092069836697846325
leaf_weight=77 94 60 51 81 75 81 60 59 142 91 53 59 176 87 72 109 72 81 88 63 62 56 130 67 54 234 53 50 60
leaf_count=77 94 60 51 81 75 81 60 59 142 91 53 59 176 87 72 109 72 81 88 63 62 56 130 67 54 234 53 50 60
internal_value=-8.24934e-05 -0.132625 0.105687 0.0671932 -0.186527 -0.0449689 0.108822 -0.144093 -0.263006 -0.0164711 0.00349923 -0.0396992 0.170111 0.0250732 -0.0114277 -0.171934 0.154908 -0.00160582 -0.200419 0.0614712 -0.0404176 -0.060268 0.174774 0.0834804 0.057176 0.186066 0.102255 0.0246654 -0.125503
internal_weight=2497 1108 1389 875 683 425 527 447 236 365 348 274 514 271 193 332 262 184 197 265 134 115 202 184 117 410 104 131 135
internal_count=2497 1108 1389 875 683 425 527 447 236 365 348 274 514 271 193 332 262 184 197 265 134 115 202 184 117 410 104 131 135
is_linear=0
shrinkage=0.0490752


Tree=5
num_leaves=31
num_cat=0
split_feature=10 6 8 8 8 20 20 28 6 5 10 8 10 34 34 34 31 20 14 6 5 22 14 28 6 3 22 28 6 3
split_gain=12506.7 2101.08 1633.28 1094.42 691.046 462.375 442.72 305.334 226.344 190.779 184.601 174.675 169.18 134.433 121.613 120.944 120.047 146.16 100.457 99.7604 89.5986 85.4508 82.8641 74.0098 68.7977 64.7046 54.5308 49.1479 42.3004 23.4345
threshold=4.5000000000000009 1.0600833333333337 2.5000000000000004 14.500000000000002 8.5000000000000018 7.5000000000000009 14.500000000000002 -1.0000000180025095e-35 0.61141666666666683 15.500000000000002 3.5000000000000004 18.500000000000004 6.5000000000000009 33.500000000000007 28.500000000000004 37.500000000000007 -1.9999999999999996 5.5000000000000009 8.5000000000000018 1.5298333333333336 3.5000000000000004 0.7633053221288516 13.500000000000002 -0.44354166666666733 1.5598333333333334 86.608000000000018 0.39502164502164505 -0.023429273429273947 1.5135000000000003 97.136500000000026
decision_type=2 10 2 2 2 10 10 2 10 10 2 2 2 2 2 2 2 10 8 10 10 2 10 2 10 10 2 2 10 8
left_child=2 5 7 6 8 -2 9 -1 21 15 13 19 -7 16 -12 22 -10 -18 -8 -5 -21 -4 23 -3 -20 -6 -25 -13 -11 -22
right_child=1 3 4 11 25 12 18 -9 10 28 14 27 -14 -15 -16 -17 17 -19 24 20 29 -23 -24 26 -26 -27 -28 -29 -30 -31
leaf_value=-0.15452897169580726 -0.14067802480664637 0.019378258159136214 -0.18776377562406921 0.084846536313139598 0.04205194734339128 -0.045400129717512124 0.050698257033077072 -0.29104847499072928 -0.20166233402357128 0.054487310053877774 0.0033525009169761066 0.14669146313148967 0.054420199570375798 -0.06822942379870732 -0.094542202397916886 0.079623247112690559 -0.051394518060355922 -0.16539871018904997 0.083336574956570167 0.081681662895211768 0.17443082668359983 -0.099666243304148083 0.041249017843427924 -0.0037045501324277979 0.15511168150208296 -0.027954464931068138 -0.075948195092869 0.2342757241163364 0.12429458406533489 0.11755125374384849
leaf_weight=76 80 81 147 87 58 82 52 161 66 55 61 59 74 96 55 60 63 55 68 53 232 55 93 50 142 61 51 102 55 67
leaf_count=76 80 81 147 87 58 82 52 161 66 55 61 59 74 96 55 60 63 55 68 53 232 55 93 50 142 61 51 102 55 67
internal_value=-9.6264e-05 0.0861767 -0.139466 0.110477 -0.101453 -0.0477992 0.0683842 -0.25072 -0.122821 0.037867 -0.0990551 0.159224 0.00181651 -0.120663 -0.0442341 0.0187747 -0.145752 -0.108566 0.118701 0.139997 0.152398 -0.166384 0.00438398 -0.0146637 0.134065 0.00601958 -0.0421369 0.206753 0.0929172 0.163544
internal_weight=2497 1543 954 1307 717 236 707 237 598 445 396 600 156 280 116 335 184 118 262 439 352 202 275 182 210 119 101 161 110 299
internal_count=2497 1543 954 1307 717 236 707 237 598 445 396 600 156 280 116 335 184 118 262 439 352 202 275 182 210 119 101 161 110 299
is_linear=0
shrinkage=0.0490752


Tree=6
num_leaves=30
num_cat=0
split_feature=1 1 1 13 17 9 17 2 12 3 17 17 6 1 17 20 9 31 19 19 2 17 3 12 3 5 2 1 34
split_gain=14416.5 2436.52 1396.93 719.59 586.692 286.019 250.097 239.915 230.649 308.579 172.192 165.183 101.108 140.93 96.4515 88.8372 81.7658 75.9298 71.4738 61.9265 60.8395 59.3995 73.9025 58.2962 32.1312 30.0575 26.7585 13.9717 9.65145
threshold=7.5000000000000009 12.500000000000002 4.5000000000000009 1.5000000000000002 12.725000000000001 72.500000000000014 8.6500000000000004 1.6325000000000005 5.7000000000000002 76.670000000000016 8.4500000000000011 15.450000000000001 1.1321666666666668 9.5000000000000018 10.350000000000003 9.5000000000000018 14.500000000000002 1.1666666666666672 10.950000000000001 12.050000000000002 1.6325000000000005 11.250000000000002 82.326000000000008 14.100000000000001 90.70650000000002 16.500000000000004 0.054999999999992562 14.500000000000002 31.500000000000004
decision_type=8 8 10 10 10 2 8 10 10 10 10 10 10 10 10 10 2 2 10 10 10 10 10 10 10 8 10 10 2
left_child=2 4 8 11 5 12 -5 10 26 -10 25 15 13 -2 -12 -3 -16 23 20 -20 -14 -8 -23 -6 -11 -4 -1 -17 -29
right_child=1 3 7 6 17 -7 21 -9 9 24 14 -13 18 -15 16 27 -18 -19 19 -21 -22 22 -24 -25 -26 -27 -28 28 -30
leaf_value=-0.290585929317833 -0.086117992772411125 0.089324701757184585 -0.15760474287005632 -0.015295359501512919 0.067453776559445427 -0.097364195557491443 0.12226902603622546 0.010330015909458609 -0.075975325770221896 -0.23267330042181605 -0.0065691816528148841 0.20595223291847228 0.025037774685527585 0.019921604512150529 -0.039468888398714125 0.11878389518678953 -0.12927530773262202 0.039157939847373681 0.078121927958212947 0.01085445978936966 -0.043091607833904685 0.021322817617126334 0.097244180161516217 0.15027869454644618 -0.1534335738767886 -0.093838081178738195 -0.21834432032188292 0.17774298405695485 0.13722280339071771
leaf_weight=96 61 85 106 65 56 86 99 51 68 105 52 179 57 53 53 93 56 63 58 78 61 58 76 52 64 57 167 193 149
leaf_count=96 61 85 106 65 56 86 99 51 68 105 52 179 57 53 53 93 56 63 58 78 61 58 76 52 64 57 167 193 149
internal_value=-9.23454e-05 0.0864498 -0.160241 0.133927 0.0102713 -0.0189129 0.0684777 -0.0870602 -0.213918 -0.171565 -0.10248 0.161218 0.000126041 -0.0373829 -0.0634326 0.144292 -0.088947 0.0867163 0.0174661 0.0412873 -0.0100318 0.0919216 0.066289 0.111662 -0.207133 -0.138344 -0.248801 0.154021 0.161997
internal_weight=2497 1622 875 997 625 454 298 375 500 237 324 699 368 114 161 520 109 171 254 136 118 233 134 108 169 163 263 435 342
internal_count=2497 1622 875 997 625 454 298 375 500 237 324 699 368 114 161 520 109 171 254 136 118 233 134 108 169 163 263 435 342
is_linear=0
shrinkage=0.0490752


Tree=7
num_leaves=32
num_cat=0
split_feature=16 4 35 4 19 9 9 21 19 21 14 19 31 4 4 14 35 19 26 19 31 4 9 35 36 36 38 26 4 19 9
split_gain=8692.01 1723.94 1613.56 695.869 664.846 555.464 472.547 412.47 409.585 340.383 206.58 185.969 151.875 139.126 184.331 132.285 124.977 118.668 151.882 113.909 107.636 105.106 102.694 91.8769 76.1564 47.4134 33.5515 29.7152 23.5254 16.7811 0.350503
threshold=0.64583333333333337 1.3965000000000003 5.5000000000000009 0.64250000000000018 13.450000000000001 14.500000000000002 233.50000000000003 2.5000000000000004 12.450000000000001 -1.0000000180025095e-35 13.500000000000002 8.9500000000000011 -0.33333333333333304 0.21350000000000002 0.45150000000000007 9.5000000000000018 8.5000000000000018 8.3166666666666682 1.1500000000000001 12.683333333333335 -0.33333333333333476 1.0275000000000001 3.5000000000000004 10.000000000000002 18.500000000000004 17.500000000000004 15.500000000000002 1.5500000000000003 2.6235000000000004 12.183333333333335 6.5000000000000009
decision_type=10 10 2 10 10 2 2 10 10 10 8 10 2 10 10 10 2 10 2 10 2 10 2 2 2 2 2 2 10 10 2
left_child=1 3 15 -1 6 11 7 13 10 26 20 -3 -9 24 -15 -2 29 18 -16 27 23 -10 28 -5 -4 -23 -7 -11 -18 -13 -24
right_child=2 5 4 8 -6 9 -8 12 21 19 -12 16 -14 14 17 -17 22 -19 -20 -21 -22 25 30 -25 -26 -27 -28 -29 -30 -31 -32
leaf_value=-0.11482862942954808 -0.01349950726248844 0.048434608137614951 -0.24898724472030592 0.034170516479518534 0.02616631113101733 -0.036303395256860674 -0.2646402883870515 -0.11231415935987249 0.12386585170247902 0.08426970025835373 0.057557506572039806 0.12771423292903181 -0.01569732454268721 -0.066138170726135426 -0.10924974922510286 0.076171559244044243 0.15674508463455139 -0.10497814966211602 -0.21408284096177047 0.14400172359461044 -0.078547632602862641 0.0095555484122868961 0.086686332525796231 -0.05197422836374526 -0.15123417572180253 0.072609596879162019 0.014803186424908073 0.026953753297729015 0.21008082849326645 0.083484707647051501 0.1298957236033994
leaf_weight=94 77 60 72 61 51 59 85 81 80 52 72 81 78 76 67 74 191 98 131 71 83 50 52 51 73 76 56 50 104 105 86
leaf_count=94 77 60 72 61 51 59 85 81 80 52 72 81 78 76 67 74 191 98 131 71 83 50 52 51 73 76 56 50 104 105 86
internal_value=-0.000105695 0.0723615 -0.115417 0.00424885 -0.142713 0.112069 -0.154172 -0.138755 0.0287704 0.0536445 -0.0112395 0.136325 -0.0667467 -0.160134 -0.140384 0.0309471 0.144405 -0.158163 -0.181679 0.0964086 -0.0375266 0.0800998 0.160007 -0.00506432 -0.205411 0.0490169 -0.0113364 0.058688 0.178236 0.105257 0.116822
internal_weight=2497 1534 963 567 812 967 761 676 473 288 267 679 159 517 372 151 619 296 198 173 195 206 433 112 145 126 115 102 295 186 138
internal_count=2497 1534 963 567 812 967 761 676 473 288 267 679 159 517 372 151 619 296 198 173 195 206 433 112 145 126 115 102 295 186 138
is_linear=0
shrinkage=0.0490752


Tree=8
num_leaves=33
num_cat=0
split_feature=1 1 1 19 19 8 38 8 6 35 8 4 35 4 35 23 5 24 4 23 4 24 19 0 35 0 28 5 6 38 0 19
split_gain=12172.8 2058.75 1163.56 436.128 388.549 284.811 245.434 240.051 221.511 211.677 189.054 166.418 116.162 103.955 94.039 88.4357 83.6587 174.724 84.2463 79.6905 74.5812 74.5263 71.5665 114.331 92.208 69.7088 63.4204 46.1403 57.1649 55.2634 37.753 16.8662
threshold=7.5000000000000009 12.500000000000002 4.5000000000000009 8.4500000000000011 8.0500000000000025 2.5000000000000004 17.500000000000004 16.500000000000004 1.0895000000000004 10.000000000000002 10.500000000000002 1.4260000000000004 8.5000000000000018 1.1462500000000002 2.5000000000000004 26.150000000000002 10.500000000000002 38.050000000000004 0.50250000000000006 18.550000000000004 1.0840000000000003 37.70000000000001 10.458333333333334 5.5000000000000009 11.500000000000002 9.5000000000000018 -0.41747014595311821 16.500000000000004 1.9575000000000002 11.500000000000002 15.500000000000002 13.816666666666668
decision_type=8 8 10 8 10 2 2 2 10 2 2 10 2 10 2 2 8 2 10 2 10 2 10 2 2 2 2 10 10 2 2 8
left_child=2 4 5 -3 9 21 16 11 25 -2 22 20 14 -12 -10 19 -7 18 -18 -13 -5 -1 23 -4 -25 -6 -9 28 29 -14 -17 -21
right_child=1 3 10 7 8 6 -8 26 12 -11 13 15 27 -15 -16 30 17 -19 -20 31 -22 -23 -24 24 -26 -27 -28 -29 -30 -31 -32 -33
leaf_value=-0.27786528560031754 0.011885688319606711 0.015303835204112664 -0.035996350227921713 0.10270768345540077 -0.066218494888118429 -0.23615349331780935 -0.061837342338061756 0.12526485011349184 0.048693396393642244 -0.11151464314696115 -0.068800614794824952 0.087917072223814785 0.090327254031774218 0.027478913406422122 -0.026571729759883408 0.05329175033926032 -0.057856085068332543 -0.22157318115252533 -0.15117753367846704 0.13567279589937287 0.034433135152216632 -0.18227496880170074 -0.14073189442052725 -0.059966517832666863 -0.16157206384608441 0.010251460871117004 0.18742554713311396 0.024846920365304455 0.11792106154594616 0.019483674920111139 0.11388202698734 0.18860944185350847
leaf_weight=120 53 85 87 78 58 73 56 105 80 81 50 66 53 50 72 58 53 65 59 126 90 74 86 51 51 50 213 53 66 59 81 95
leaf_count=120 53 85 87 78 58 73 56 105 80 81 50 66 53 50 72 58 53 65 59 126 90 74 86 51 51 50 213 53 66 59 81 95
internal_value=-0.000101032 0.0794206 -0.147262 0.123062 0.00938972 -0.196263 -0.161837 0.132943 0.0297028 -0.063405 -0.0804354 0.112656 0.0471645 -0.0209702 0.0129549 0.129348 -0.182735 -0.155765 -0.110911 0.146211 0.0680472 -0.246009 -0.10128 -0.080564 -0.115357 -0.0312612 0.16884 0.0688696 0.0808839 0.055365 0.0911122 0.161555
internal_weight=2497 1622 875 997 625 500 306 912 491 134 375 594 383 100 152 426 250 177 112 287 168 194 275 189 102 108 318 231 178 112 139 221
internal_count=2497 1622 875 997 625 500 306 912 491 134 375 594 383 100 152 426 250 177 112 287 168 194 275 189 102 108 318 231 178 112 139 221
is_linear=0
shrinkage=0.0490752


Tree=9
num_leaves=32
num_cat=0
split_feature=1 1 1 17 17 17 9 2 28 5 36 17 18 17 7 2 17 1 6 6 7 36 18 3 9 7 36 1 4 5 7
split_gain=11063 1867.53 1056.47 524.651 472.99 251.642 230.726 203.114 154.379 184.903 158.413 134.259 123.692 94.812 87.9515 114.873 98.1899 93.0433 84.9908 90.6076 79.4327 86.63 85.7583 66.9051 63.7676 62.179 53.6256 53.166 38.9576 31.3914 14.4904
threshold=7.5000000000000009 12.500000000000002 4.5000000000000009 8.6500000000000004 12.725000000000001 14.15 82.500000000000014 1.6325000000000005 -0.52795815295815307 19.500000000000004 10.500000000000002 8.4500000000000011 11.450000000000001 10.350000000000003 0.37399999999999817 1.2974999999999997 9.6500000000000004 10.500000000000002 0.58450000000000013 0.94283333333333352 -1.4764999999999973 12.500000000000002 12.100000000000001 72.668000000000021 14.500000000000002 0.15400000000000208 5.5000000000000009 15.500000000000002 1.7075000000000002 16.500000000000004 -0.30400000000000121
decision_type=8 8 10 8 10 8 2 10 2 8 2 10 10 10 8 10 10 10 10 10 10 2 8 10 2 8 2 8 10 8 10
left_child=2 4 8 -3 6 20 14 11 10 18 -1 29 -6 -13 15 -2 -17 -18 -10 -20 22 28 -5 -23 -15 -14 -7 -28 -22 -4 -25
right_child=1 3 7 5 12 26 -8 -9 9 -11 -12 13 25 24 -16 16 17 -19 19 -21 21 23 -24 30 -26 -27 27 -29 -30 -31 -32
leaf_value=-0.057932307402813292 -0.057685331899654892 -0.012025022770513313 -0.14123321145134418 0.030785555556202229 0.018865341515402579 0.11126458306172798 -0.094140707041220947 0.012625980333748666 -0.25896246909237408 -0.12832615479348933 -0.17195121163291574 -0.00052915518249176759 0.14221519588429637 -0.037434906647446434 0.042054636065087039 -0.045011112985933965 0.064622358845878289 -0.012087825870480365 -0.11601827538274238 -0.22449874381444518 0.041804073430887684 0.076485783680426661 0.10648825827927365 0.16733271775620157 -0.1173961594101704 0.05861939651115701 0.11653005484839082 0.18324724738841591 0.10220712379980916 -0.080349523170437684 0.11429422986564688
leaf_weight=50 94 69 106 80 61 89 74 51 153 79 104 52 60 53 83 58 76 69 54 60 57 57 74 114 56 50 72 234 74 57 77
leaf_count=50 94 69 106 80 61 89 74 51 153 79 104 52 60 53 83 58 76 69 54 60 57 57 74 114 56 50 72 234 74 57 77
internal_value=-0.00012816 0.0756808 -0.140422 0.117247 0.0089771 0.126922 -0.0172165 -0.0767317 -0.187117 -0.20721 -0.137615 -0.0909303 0.0776229 -0.0563647 -0.00129514 -0.0139659 0.00675372 0.0284342 -0.228161 -0.179128 0.10307 0.115839 0.0692247 0.133947 -0.0816169 0.107993 0.157646 0.16939 0.0782798 -0.122639 0.148948
internal_weight=2497 1622 875 997 625 928 454 375 500 346 154 324 171 161 380 297 203 145 267 114 533 379 154 248 109 110 395 306 131 163 191
internal_count=2497 1622 875 997 625 928 454 375 500 346 154 324 171 161 380 297 203 145 267 114 533 379 154 248 109 110 395 306 131 163 191
is_linear=0
shrinkage=0.0490752


Tree=10
num_leaves=32
num_cat=0
split_feature=1 1 1 13 11 6 13 36 3 11 7 13 3 31 14 7 20 36 22 25 36 4 11 20 4 24 25 25 6 7 14
split_gain=10049.3 1694.62 958.422 517.555 435.692 212.197 173.855 294.751 198.131 150.527 188.567 141.688 125.966 118.22 114.117 108.132 105.724 102.025 118.064 96.0926 80.1831 64.9676 69.1259 63.21 87.007 72.4398 60.4454 48.8587 30.5029 25.4748 20.8262
threshold=7.5000000000000009 12.500000000000002 4.5000000000000009 1.5000000000000002 50.500000000000007 0.79600000000000015 13.700000000000001 5.5000000000000009 74.83250000000001 46.500000000000007 0.025000000000001653 4.4500000000000011 76.013500000000008 -1.3333333333333324 9.5000000000000018 -0.31650000000000489 9.5000000000000018 10.500000000000002 0.67424242424242431 47.550000000000004 1.5000000000000002 1.3965000000000003 51.500000000000007 8.5000000000000018 1.2915000000000003 33.250000000000007 52.500000000000007 45.550000000000004 2.9298333333333333 -1.0000000180025095e-35 15.125000000000002
decision_type=8 8 10 10 2 10 8 2 10 2 8 10 10 2 10 8 10 2 2 2 2 10 2 10 10 2 2 2 10 10 10
left_child=2 4 6 16 13 -6 7 -1 -9 10 -4 21 -11 19 -15 -16 -3 -14 -19 -2 -18 -5 -23 24 -7 -25 -17 -8 30 -10 -22
right_child=1 3 9 11 5 23 27 8 29 12 -12 -13 17 14 15 26 20 18 -20 -21 28 22 -24 25 -26 -27 -28 -29 -30 -31 -32
leaf_value=-0.041372071254421758 0.025377217068371288 0.080980127354638914 -0.099487762609722682 0.028542072092032064 -0.11786292103424248 -0.030636085080693612 -0.15602007689092562 -0.081793910392500072 -0.15614830662696638 -0.15641521069863287 0.018432934242218573 0.003065595007527371 -0.11945120941347698 -0.035584873957740439 -0.012334695765765388 0.10384970593725243 0.073099400513983406 0.010244900107177178 -0.085767328223281508 0.11633866903666987 0.12170938636767901 0.064383850133793677 0.13917828605288815 -0.075782873680417459 0.056976450463519679 0.00063491309399320371 0.029399606223251145 -0.2379570210743632 0.17958078344898329 -0.22668763089557167 0.1582327062980122
leaf_weight=55 50 99 50 56 58 50 66 56 84 62 79 88 67 57 56 57 51 55 62 75 251 99 55 57 51 56 58 144 128 95 170
leaf_count=55 50 99 50 56 58 50 66 56 84 62 79 88 67 57 56 57 51 55 62 75 251 99 55 57 51 56 58 144 128 95 170
internal_value=-0.000133758 0.0721177 -0.133846 0.111713 0.00857269 -0.037701 -0.178326 -0.148501 -0.172271 -0.0731713 -0.028497 0.0562098 -0.0955816 0.044389 0.0223877 0.0423603 0.134857 -0.0719693 -0.0413631 0.0822252 0.143078 0.0777823 0.0942161 -0.0140092 0.0136126 -0.038746 0.068935 -0.215786 0.148922 -0.197934 0.137905
internal_weight=2497 1622 875 997 625 272 500 290 235 375 129 298 246 353 228 171 699 184 117 125 600 210 154 214 101 113 115 210 549 179 421
internal_count=2497 1622 875 997 625 272 500 290 235 375 129 298 246 353 228 171 699 184 117 125 600 210 154 214 101 113 115 210 549 179 421
is_linear=0
shrinkage=0.0490752


Tree=11
num_leaves=34
num_cat=0
split_feature=1 1 1 13 11 4 2 13 36 3 11 11 35 2 2 21 38 38 4 11 3 3 21 35 25 4 1 35 2 3 2 2 14
split_gain=9127.5 1537.4 868.823 467.824 396.487 182.292 180.113 156.718 267.348 179.251 131.62 102.878 102.288 91.723 113.061 91.0355 85.3065 78.2081 90.0681 75.4931 69.7528 91.8696 61.7717 57.7826 43.1491 37.561 35.9701 33.1988 34.5261 31.5447 29.2856 24.2541 13.8463
threshold=7.5000000000000009 12.500000000000002 4.5000000000000009 1.5000000000000002 50.500000000000007 0.76950000000000018 1.6325000000000005 13.700000000000001 5.5000000000000009 74.83250000000001 84.500000000000014 50.500000000000007 8.5000000000000018 0.98349999999999949 1.2974999999999997 -3.4999999999999996 15.500000000000002 9.5000000000000018 1.3795000000000002 18.500000000000004 89.834000000000017 83.638000000000019 5.5000000000000009 11.500000000000002 45.550000000000004 1.5050000000000001 14.500000000000002 13.500000000000002 2.8424999999999945 82.864000000000019 2.4369999999999981 2.283499999999997 13.500000000000002
decision_type=8 8 10 10 2 10 10 8 2 10 2 2 2 10 10 8 2 2 10 2 10 10 8 2 2 10 8 2 10 10 10 8 10
left_child=2 4 7 12 13 -6 15 8 -1 -10 11 22 26 -2 -15 -4 25 18 -16 27 21 23 29 -17 -9 -7 -3 -14 31 -5 -21 -29 -28
right_child=1 3 6 10 5 16 -8 24 9 -11 -12 -13 19 14 17 20 -18 -19 -20 30 -22 -23 -24 -25 -26 -27 32 28 -30 -31 -32 -33 -34
leaf_value=-0.039477550139301876 0.10157417708073604 0.060452870252682478 -0.032500276501576927 -0.0025124617278867228 -0.11029198996866543 -0.014429897088315616 0.014162950970096776 -0.14879500787759267 -0.078043903268702072 -0.18863848284308271 -0.0010713944510710874 0.12804778626808691 0.18417881346373352 -0.024214462961460823 -0.020949577293127943 -0.060273643135985627 0.019621412003518329 0.080606355560555148 0.055845845007930592 0.12627986272078451 -0.14083615022699308 -0.017824604940454871 0.087542664495455835 -0.13435511235181224 -0.22659047145455175 -0.071423315360532105 0.082866556473819158 0.13110487721843639 0.16051646382446091 0.050280345864575901 0.065386602211899958 0.069570586685234734 0.13020056692346954
leaf_weight=55 51 71 75 51 58 66 51 66 56 179 77 58 126 66 62 67 96 95 79 64 71 50 62 61 144 52 72 60 113 50 57 51 85
leaf_count=55 51 71 75 51 58 66 51 66 56 179 77 58 126 66 62 67 96 95 79 64 71 50 62 61 144 52 72 60 113 50 57 51 85
internal_value=-0.000157041 0.0687001 -0.12759 0.106414 0.00817056 -0.0359677 -0.0698076 -0.169944 -0.141571 -0.164213 0.0536261 0.0725875 0.128422 0.0423405 0.0309961 -0.0831869 -0.0139664 0.046786 0.0220861 0.142588 -0.0975144 -0.0772856 0.0499995 -0.0989119 -0.205564 -0.0414474 0.0970183 0.155555 0.13633 0.0240599 0.100958 0.106618 0.111362
internal_weight=2497 1622 875 997 625 272 375 500 290 235 298 221 699 353 302 324 214 236 141 471 249 178 163 128 210 118 228 350 224 101 121 111 157
internal_count=2497 1622 875 997 625 272 375 500 290 235 298 221 699 353 302 324 214 236 141 471 249 178 163 128 210 118 228 350 224 101 121 111 157
is_linear=0
shrinkage=0.0490752


Tree=12
num_leaves=34
num_cat=0
split_feature=0 2 13 8 6 6 0 8 2 9 14 28 13 28 6 6 6 35 8 22 35 14 28 23 9 20 8 16 35 0 9 7 28
split_gain=7140.61 1383.37 947.223 466.09 334.535 306.537 286.967 252.862 185.113 189.827 127.968 124.589 99.6993 99.248 88.7571 229.224 82.7764 217.271 102.972 77.5486 71.1495 97.7937 56.6325 55.5845 69.063 73.151 69.946 38.2652 28.4722 27.2981 24.3174 23.6247 14.4017
threshold=9.5000000000000018 0.68149999999999988 1.5000000000000002 8.5000000000000018 0.71550000000000014 1.1623333333333334 13.500000000000002 2.5000000000000004 1.9515000000000031 34.500000000000007 14.500000000000002 0.69999999999999984 2.3000000000000003 0.41343387795000736 0.89916666666666678 1.2568333333333337 0.58450000000000013 10.000000000000002 4.5000000000000009 0.64171122994652419 8.5000000000000018 13.500000000000002 1.6000000000000008 18.400000000000002 3.5000000000000004 13.500000000000002 11.500000000000002 0.64583333333333337 7.5000000000000009 7.5000000000000009 18.500000000000004 -0.51599999999999968 -0.41747014595311821
decision_type=2 8 10 2 10 10 2 2 10 2 10 2 10 2 10 10 10 2 2 2 2 10 2 2 2 10 2 10 2 2 2 10 2
left_child=1 7 6 11 -4 28 20 13 9 12 19 14 -6 -1 -3 -16 18 -18 -9 29 32 -22 -13 -8 26 -26 -25 30 -5 -7 -10 -27 -2
right_child=2 3 4 5 8 10 23 16 27 -11 -12 22 -14 -15 15 -17 17 -19 -20 -21 21 -23 -24 24 25 31 -28 -29 -30 -31 -32 -33 -34
leaf_value=-0.13260197898899051 0.04544873607820267 -0.099382511510165319 -0.084905972264951696 -0.038887898252292587 -0.0064417696339388762 -0.04557076490627146 0.077864522959837271 -0.093889137381131541 0.10553705062870085 -0.043068454785543955 0.079651595956702598 -0.15996821729705352 0.07527169526220967 -0.22840022669643539 0.050282923491775461 -0.090857439713375385 -0.031249795347936545 -0.14174706557358396 -0.18659439765843294 0.046108667118515315 0.036527157597329017 0.12950163711310145 -0.08551391953104838 0.085825800907786298 0.058930091055113029 0.096292677259291401 0.16087453499132817 0.032721451890185771 -0.096544411449371467 0.0032537088534834559 0.059017838934860622 0.16216974745460869 0.0069899035697936511
leaf_weight=67 51 57 55 54 56 52 71 70 78 97 77 55 89 115 50 53 83 95 85 61 59 59 90 54 71 67 278 60 51 50 87 50 50
leaf_count=67 51 57 55 54 56 52 71 70 78 97 77 55 89 115 50 53 83 95 85 61 59 59 90 54 71 67 278 60 51 50 87 50 50
internal_value=-0.000130106 -0.0887291 0.077357 -0.0406288 0.0254122 -0.00126264 0.110487 -0.148573 0.0391115 0.00879779 0.0291754 -0.0844138 0.0440472 -0.196959 -0.0519568 -0.0225538 -0.119986 -0.092288 -0.148406 0.00371734 0.06043 0.0861031 -0.117574 0.128429 0.134601 0.104689 0.149965 0.0707872 -0.0698259 -0.0219414 0.0832506 0.129222 0.0278576
internal_weight=2497 1165 1332 650 522 345 810 515 467 242 240 305 145 182 160 103 333 178 155 163 219 118 145 591 520 188 332 225 105 102 165 117 101
internal_count=2497 1165 1332 650 522 345 810 515 467 242 240 305 145 182 160 103 333 178 155 163 219 118 145 591 520 188 332 225 105 102 165 117 101
is_linear=0
shrinkage=0.0490752


Tree=13
num_leaves=35
num_cat=0
split_feature=13 13 19 6 6 13 6 7 3 7 6 35 35 28 25 35 13 25 28 37 35 37 7 3 14 28 19 28 24 35 28 7 7 6
split_gain=6366.39 891.385 617.683 449.294 254.366 236.33 213.523 184.549 256.261 172.009 175.395 250.57 169.465 156.881 159.324 142.261 137.888 122.523 114.843 111.37 110.776 103.996 90.0738 77.7559 75.1492 67.5455 59.4262 114.561 45.8668 70.8197 42.3009 29.2309 24.5663 18.6764
threshold=3.5000000000000004 9.2250000000000014 12.450000000000001 0.66933333333333345 1.404916666666667 21.500000000000004 2.2520000000000007 -0.50100000000000178 86.853000000000023 -0.30400000000000121 1.870916666666667 5.5000000000000009 10.000000000000002 0.39999999999999952 45.800000000000004 2.5000000000000004 1.2666666666666668 59.000000000000007 -0.52795815295815307 2018.5000000000002 8.5000000000000018 2019.5000000000002 -1.0000000180025095e-35 90.411500000000018 12.500000000000002 -0.34168755221386865 8.4500000000000011 0.23627819548872162 40.95000000000001 3.5000000000000004 -1.0000000180025095e-35 -1.0000000180025095e-35 -0.013500000000000697 0.60283333333333344
decision_type=10 10 10 10 10 10 10 10 8 8 10 2 2 2 2 2 10 2 2 2 2 2 8 10 10 2 10 2 2 2 2 10 10 10
left_child=2 3 4 31 15 7 16 8 -3 26 11 -11 28 17 -15 -1 20 -9 -13 -8 25 -22 -17 -14 -18 -4 -5 -28 29 -6 -23 -2 -21 -16
right_child=1 5 6 9 12 -7 19 13 -10 10 -12 18 23 14 33 22 24 -19 -20 32 21 30 -24 -25 -26 -27 27 -29 -30 -31 -32 -33 -34 -35
leaf_value=0.044388903694626967 -0.090285863608255773 -0.0010224564497942304 0.079165149989731357 -0.023952014369676131 0.096475041477673912 -0.23183166068564276 0.077932033079279303 -0.13125231717307606 -0.13943715073980334 0.016331526779445871 0.025636218800671368 -0.038506768126692945 0.041621390640858125 -0.093235585832417339 -0.23313053937714137 -0.0026547805645154412 0.064563264120216179 -0.037892696900419978 -0.12991945507004135 0.16260596544211756 0.059006645841476441 0.08120192950942394 -0.079652940669054859 -0.030778923501072992 -0.012231490863080575 0.0084436617334307015 -0.0064233485596226448 0.088216636435067053 0.11950128265788545 0.02409693674720326 0.14711624746499313 -0.15632218669236181 0.10022039111982885 -0.15290278240082489
leaf_weight=68 64 70 79 56 72 55 92 97 57 62 62 58 86 60 70 79 58 60 99 163 88 56 67 55 57 58 67 51 65 67 128 60 51 60
leaf_count=68 64 70 79 56 72 55 92 97 57 62 62 58 86 60 70 79 58 60 99 163 88 56 67 55 57 58 67 51 65 67 128 60 51 60
internal_value=-0.000140421 -0.0877268 0.069742 -0.0450563 0.0294453 -0.133659 0.096555 -0.120346 -0.0658503 -0.021869 -0.0454222 -0.065858 0.0553182 -0.139186 -0.170544 -0.0122855 0.076228 -0.0976824 -0.0982263 0.129792 0.089577 0.108002 -0.0394839 0.0129709 0.0269415 0.0506484 0.0160547 0.0356059 0.0835495 0.0635598 0.129442 -0.126457 0.150047 -0.202062
internal_weight=2497 1108 1389 579 559 529 830 474 127 455 281 219 345 347 190 214 524 157 157 306 409 272 146 141 115 137 174 118 204 139 184 124 214 130
internal_count=2497 1108 1389 579 559 529 830 474 127 455 281 219 345 347 190 214 524 157 157 306 409 272 146 141 115 137 174 118 204 139 184 124 214 130
is_linear=0
shrinkage=0.0490752


Tree=14
num_leaves=35
num_cat=0
split_feature=13 2 2 17 17 17 8 18 24 12 24 20 8 22 8 17 2 17 34 34 20 35 18 35 16 6 6 8 18 6 17 24 20 6
split_gain=5788.13 1138.44 770.989 437.634 324.317 294.043 196.512 191.376 192.522 184.526 178.419 164.455 115.413 95.6313 89.8606 121.548 108.42 95.8066 85.6818 101.449 87.5018 78.3872 77.1241 75.5278 76.49 67.367 103.028 65.8689 51.0196 81.0584 56.3085 24.4728 21.1417 17.12
threshold=3.5000000000000004 0.68149999999999988 1.5339999999999991 12.550000000000002 8.2500000000000018 15.450000000000001 2.5000000000000004 10.100000000000001 32.500000000000007 11.450000000000001 37.70000000000001 6.5000000000000009 18.500000000000004 0.25541125541125542 4.5000000000000009 5.1500000000000012 1.6835000000000024 6.4500000000000011 20.500000000000004 13.500000000000002 14.500000000000002 5.5000000000000009 6.8285714285714292 2.5000000000000004 0.23611111111111113 1.1321666666666668 1.5841666666666667 13.500000000000002 14.708333333333334 2.2203333333333339 11.550000000000002 38.650000000000006 12.500000000000002 1.7995000000000003
decision_type=10 10 8 10 10 10 2 10 2 8 2 10 2 2 2 10 10 10 2 2 10 2 10 2 8 10 10 2 8 10 8 2 10 10
left_child=2 6 3 9 14 12 10 8 -8 -1 -2 -6 18 -13 15 -3 17 -16 19 20 -4 -11 -10 33 -25 -15 -27 -5 29 30 -26 -29 -21 -20
right_child=1 4 5 27 11 -7 7 -9 22 21 -12 13 -14 25 16 -17 -18 -19 23 32 -22 -23 -24 24 28 26 -28 31 -30 -31 -32 -33 -34 -35
leaf_value=0.0081372138117586489 -0.21971465758286415 -0.042022150972320538 0.010651638980453999 0.023411984285306622 -0.068060802692652633 0.14654022579254003 -0.026329219697405523 -0.17669316864825482 -0.081487716843165026 -0.038653602010705328 -0.11006966994053839 0.077045273618595631 0.13046622452879941 -0.037954576657444276 -0.11812405961170279 -0.14488018935134794 0.011581332940762941 -0.03248081623113655 0.060320377645489393 0.080508450249843586 0.08989981650558776 -0.1286750505103941 -0.16251746853954363 -0.0086224140167976381 0.087272908656960468 0.074572828534450075 -0.015956954707777891 0.052081420574321038 0.094848062015678927 -0.012002486035907528 0.025452628083266614 0.10712404097880245 0.13535673275992802 0.11017641988024519
leaf_weight=84 113 53 62 89 62 180 89 81 86 51 76 50 87 61 56 72 51 80 62 58 77 53 63 60 73 50 65 59 52 53 80 55 97 57
leaf_count=84 113 53 62 89 62 180 89 81 86 51 76 50 87 61 56 72 51 80 62 58 77 53 63 60 73 50 65 59 52 53 80 55 97 57
internal_value=-0.000160991 -0.0836758 0.0664714 0.00780464 -0.0374022 0.0892856 -0.137524 -0.110894 -0.0857822 -0.0455098 -0.179031 9.23994e-05 0.0759843 0.0198502 -0.0717379 -0.10427 -0.0480297 -0.0704327 0.0687678 0.0898741 0.0561656 -0.0880113 -0.119378 0.0537796 0.0401404 0.00199538 0.0241565 0.0573442 0.0516279 0.0389065 0.0567144 0.0817487 0.11765 0.0873698
internal_weight=2497 1108 1389 391 600 998 508 319 238 188 189 288 818 226 312 125 187 136 731 294 139 104 149 437 318 176 115 203 258 206 153 114 155 119
internal_count=2497 1108 1389 391 600 998 508 319 238 188 189 288 818 226 312 125 187 136 731 294 139 104 149 437 318 176 115 203 258 206 153 114 155 119
is_linear=0
shrinkage=0.0490752


Tree=15
num_leaves=34
num_cat=0
split_feature=1 1 1 13 9 12 9 22 1 26 21 14 7 12 13 28 7 4 7 13 21 24 20 28 23 22 7 7 23 26 7 7 12
split_gain=6489.87 1118.97 625.023 310.822 248.091 142.46 135.059 342.988 120.529 112.847 107.904 104.123 112.672 79.8673 109.103 80.3748 73.5952 184.762 86.9292 67.1733 78.0978 60.5657 58.8679 46.2706 45.2078 43.9115 34.1871 32.7287 22.3672 17.6438 32.1372 9.72585 0.665822
threshold=7.5000000000000009 12.500000000000002 4.5000000000000009 4.1000000000000005 82.500000000000014 14.450000000000001 253.75000000000003 0.7633053221288516 18.500000000000004 0.75000000000000011 -4.4999999999999991 13.500000000000002 -0.24749999999999903 5.1000000000000005 8.5000000000000018 -0.49082602339181308 -0.23300000000000129 1.627 -0.39300000000000451 1.5000000000000002 5.5000000000000009 33.050000000000004 9.5000000000000018 -0.49082602339181308 23.150000000000002 0.62770562770562777 -0.94750000000000001 -1.1104999999999976 25.600000000000005 2.0500000000000003 -0.097000000000006595 -0.47549999999999776 14.633333333333335
decision_type=8 8 10 10 2 10 2 2 10 2 8 10 10 10 10 2 10 10 8 8 8 2 10 2 2 2 10 10 2 2 10 10 8
left_child=2 4 6 8 5 11 7 9 19 -1 -4 16 -13 -12 15 -15 18 -18 24 22 25 -17 -3 -10 -2 -21 28 -5 -24 30 31 -28 -25
right_child=1 3 10 27 -6 -7 -8 -9 23 -11 13 12 -14 14 -16 21 17 -19 -20 20 -22 -23 26 32 -26 -27 29 -29 -30 -31 -32 -33 -34
leaf_value=-0.081598110678565247 -0.044618279869013337 0.05358276414049315 -0.0065216352920263385 -0.019284151573249982 -0.075662016925312658 0.076779752814467098 -0.22169166841305349 -0.041991759960206529 0.086398772213557601 -0.16629518350387906 -0.017282906045942563 -0.0047877978580973882 0.086360327064926856 -0.1017087411930279 -0.14361091668442033 0.0055460458498589205 -0.074947698686126246 0.03411416128776943 0.050653198289228228 0.0069747823460804825 0.10462386508723794 -0.06583105719859092 0.09704153554506996 0.11299914173738779 0.014538036561969577 0.065268109488472378 0.110367796290971 0.034349401054957207 0.04856872026725808 0.077475261992066016 0.087620811530406642 0.16799165173586725 0.163656886333191
leaf_weight=60 56 80 79 50 74 80 55 88 68 297 57 58 67 74 57 50 91 58 81 69 60 58 92 59 60 58 65 51 56 52 69 68 100
leaf_count=60 56 80 79 50 74 80 55 88 68 297 57 58 67 74 57 50 91 58 81 69 60 58 92 59 60 58 65 51 56 52 69 68 100
internal_value=-0.000158799 0.0579 -0.107616 0.090075 0.00625328 0.0178029 -0.143546 -0.131915 0.0992428 -0.153244 -0.0585849 0.0071275 0.0448321 -0.0720473 -0.0844128 -0.0629553 -0.00670485 -0.0323867 0.0127284 0.0874155 0.0593908 -0.0333142 0.0976165 0.131798 -0.014137 0.0351373 0.105652 0.00760129 0.0807614 0.118508 0.127146 0.144178 0.148351
internal_weight=2497 1622 875 997 625 551 500 445 896 357 375 471 125 296 239 182 346 149 197 669 187 108 482 227 116 127 402 101 148 254 202 133 159
internal_count=2497 1622 875 997 625 551 500 445 896 357 375 471 125 296 239 182 346 149 197 669 187 108 482 227 116 127 402 101 148 254 202 133 159
is_linear=0
shrinkage=0.0490752


Tree=16
num_leaves=37
num_cat=0
split_feature=13 10 19 6 9 21 18 9 21 6 21 38 13 22 21 19 11 22 38 28 37 6 18 31 18 31 10 37 28 28 28 28 28 28 37 18
split_gain=4773.12 727.492 488.396 366.842 249.412 248.753 233.112 183.838 200.267 173.674 216.268 167.375 162.283 151.088 122.852 121.438 114.258 112.383 108.694 93.0652 91.7331 87.2151 83.7688 113.321 76.4591 71.4513 70.4825 60.4098 60.9711 53.7744 72.405 62.1548 49.8152 29.3959 5.57857 0.979089
threshold=3.5000000000000004 3.5000000000000004 12.450000000000001 0.58450000000000013 233.50000000000003 2.5000000000000004 7.7083333333333348 13.500000000000002 -1.4999999999999998 2.2520000000000007 -3.4999999999999996 11.500000000000002 1.2666666666666668 0.7633053221288516 7.5000000000000009 9.8375000000000021 266.50000000000006 0.76871657754010703 7.5000000000000009 0.28398617511520824 2018.5000000000002 1.535666666666667 9.8166666666666682 0.6666666666666653 12.633333333333335 -0.66666666666666674 8.5000000000000018 2020.5000000000002 -1.0000000180025095e-35 0.39999999999999952 -0.87380952380952237 1.8574251835121405 -1.0457875457875454 2.7078900709219869 2021.5000000000002 15.733333333333336
decision_type=10 2 10 10 2 10 10 2 10 10 10 2 10 2 8 8 2 2 2 2 2 10 10 2 8 2 2 2 2 2 2 2 2 2 2 10
left_child=2 4 6 -3 5 13 21 11 -9 10 24 15 27 29 22 -8 18 -10 -7 -17 -11 -1 23 32 -4 -24 -26 -12 -29 30 -2 -31 -5 -33 35 -22
right_child=1 3 9 14 -6 16 7 8 17 20 12 -13 -14 -15 -16 19 -18 -19 -20 -21 34 -23 25 -25 26 -27 -28 28 -30 31 -32 33 -34 -35 -36 -37
leaf_value=-0.070495171306476784 -0.13092109022705706 -0.1335416919730085 -0.021818635459123509 0.0040007817150762796 -0.18671540780434642 -0.055857489873445861 -0.017833505570266941 -0.058247221462612991 0.091800924705176937 0.067342510494950478 0.070590697942874356 0.14104644442949762 0.029448350502578342 -0.053751456450421037 0.052644828212830161 0.098646108658519055 -0.094885368931300729 -0.0038060240450333185 0.042570005367669445 0.016591366958408994 0.10835882564629476 0.010511591795933292 -0.0014967568273639327 0.049063901194382677 0.0052771480617215833 -0.07709031353685343 0.084213700748550141 0.089741983776938622 0.16181523203241374 -0.17625218988935962 -0.054332610969171635 -0.070006902326275572 -0.062847760919194764 -0.13805528018012955 0.10245698251364251 0.16149609606459969
leaf_weight=67 76 60 63 50 85 50 52 72 55 92 97 56 92 94 66 87 52 57 50 58 52 55 50 71 58 78 51 86 77 108 67 50 50 51 76 86
leaf_count=67 76 60 63 50 85 50 52 72 55 92 97 56 92 94 66 87 52 57 50 58 52 55 50 71 58 78 51 86 77 108 67 50 50 51 76 86
internal_value=-0.000111807 -0.0759533 0.060395 -0.0250664 -0.10722 -0.0946899 0.0245674 0.0413015 0.00349564 0.0842352 0.065937 0.0681291 0.0878467 -0.113178 -0.00586457 0.044795 -0.0386356 0.0442438 -0.00642136 0.0674634 0.114173 -0.0343985 -0.0194596 0.00287301 0.0198544 -0.0488625 0.044298 0.107575 0.127102 -0.128138 -0.0977935 -0.146473 -0.0300653 -0.108734 0.132497 0.145387
internal_weight=2497 1108 1389 425 683 598 559 437 184 830 524 253 352 446 365 197 152 112 100 145 306 122 299 171 172 128 109 260 163 352 143 209 100 101 214 138
internal_count=2497 1108 1389 425 683 598 559 437 184 830 524 253 352 446 365 197 152 112 100 145 306 122 299 171 172 128 109 260 163 352 143 209 100 101 214 138
is_linear=0
shrinkage=0.0490752


Tree=17
num_leaves=36
num_cat=0
split_feature=17 17 2 2 17 21 35 31 24 2 10 35 24 7 5 5 5 2 2 31 31 27 2 17 21 24 2 35 35 16 2 26 2 22 22
split_gain=4382.91 815.363 481.459 446.542 155.431 171.279 150.249 195.823 142.435 145.334 134.464 134.481 117.209 115.694 115.495 108.856 123.727 100.138 106.793 97.3726 87.427 104.909 84.6888 80.6859 63.8653 58.3688 49.9217 34.779 61.2893 30.5782 26.7686 38.778 38.4903 16.9736 7.92516
threshold=9.1333333333333346 12.683333333333335 1.563500000000005 0.96250000000000568 9.8375000000000021 1.5000000000000002 11.500000000000002 -1.2499999999999998 26.550000000000001 0.068000000000004918 6.5000000000000009 8.5000000000000018 40.20000000000001 0.06500000000000096 13.500000000000002 10.500000000000002 12.500000000000002 3.8660000000000001 1.9515000000000031 2.5833333333333335 -2.1666666666666665 1.0000000180025095e-35 1.7004999999999983 15.550000000000002 -3.4999999999999996 43.350000000000009 1.1585000000000039 10.000000000000002 19.500000000000004 0.29285714285714287 2.7485000000000004 1.8500000000000003 2.2274999999999996 0.44155844155844154 0.41042780748663105
decision_type=8 10 10 10 8 10 2 2 2 8 2 2 2 8 8 8 8 10 10 2 2 2 10 10 8 2 8 2 2 10 10 2 10 2 2
left_child=3 2 4 8 -2 20 14 -8 -1 12 13 24 -10 -3 -5 -11 -17 18 22 25 -6 26 -4 27 -12 -18 -22 -13 -29 -30 31 32 -20 -25 -26
right_child=1 10 17 6 5 -7 7 -9 9 15 11 23 -14 -15 -16 16 19 -19 30 -21 21 -23 -24 33 34 -27 -28 28 29 -31 -32 -33 -34 -35 -36
leaf_value=-0.037186579394781406 0.03751822778204681 0.069634662292092683 0.063448228464456566 -0.050517942800371481 -0.015179903971626919 0.027777183543455285 -0.14887921869692183 -0.029699068578116293 -0.20326724884321754 -0.15266833500611213 0.010467820562826129 0.11210532701284111 -0.09410655501706762 -0.018145242129669049 0.034933120692625726 -0.013979632661764453 -0.13739994377966688 -0.015373313675982761 0.043695295792144116 -0.037823793720912997 -0.080506833202155612 -0.1400559319004844 -0.015803826182271639 0.15878236252371339 0.046612573788983709 -0.064450326326604454 -0.014852024429862271 0.039534648691272871 0.05433587234768926 0.11312265776730555 0.10982850425467011 0.031777209682158337 0.10860436823759412 0.10575619194604269 0.082883863994403603
leaf_weight=58 63 86 52 65 70 59 50 97 89 92 64 110 50 57 81 50 128 52 52 53 67 51 73 74 52 51 53 98 50 86 51 74 60 93 86
leaf_count=58 63 86 52 65 70 59 50 97 89 92 64 110 50 57 81 50 128 52 52 53 67 51 73 74 52 51 53 98 50 86 51 74 60 93 86
internal_value=-0.000105958 0.0471437 0.0105755 -0.0892753 -0.0304244 -0.0451562 -0.0390437 -0.0733934 -0.114521 -0.122818 0.080079 0.0888579 -0.168025 0.0347619 -0.00310934 -0.104309 -0.0864715 0.0465905 0.0556958 -0.101391 -0.0633723 -0.0820316 0.0177147 0.102505 0.0527928 -0.118722 -0.0533022 0.0863862 0.0724314 0.0940022 0.0749057 0.0629893 0.0814043 0.132662 0.0712384
internal_weight=2497 1633 777 864 363 300 293 147 571 513 856 713 139 143 146 374 282 414 362 232 241 171 125 511 202 179 120 344 234 136 237 186 112 167 138
internal_count=2497 1633 777 864 363 300 293 147 571 513 856 713 139 143 146 374 282 414 362 232 241 171 125 511 202 179 120 344 234 136 237 186 112 167 138
is_linear=0
shrinkage=0.0490752


Tree=18
num_leaves=34
num_cat=0
split_feature=13 8 8 21 21 8 24 9 21 13 24 21 3 3 5 34 24 15 3 26 5 9 25 21 34 29 32 5 5 34 8 21 32
split_gain=3973.59 677.271 435.125 384.42 277.206 303.973 251.711 137.057 129.566 113.343 121.277 111.043 99.0548 99.1861 97.2421 125.4 167.148 95.4582 89.3318 81.2108 121.533 77.6089 72.6344 58.3581 46.7583 46.0585 43.3488 42.4748 71.4556 37.6953 29.1215 28.0524 0.471912
threshold=3.5000000000000004 2.5000000000000004 15.500000000000002 -1.0000000180025095e-35 3.5000000000000004 8.5000000000000018 36.95000000000001 59.500000000000007 5.5000000000000009 1.5000000000000002 31.950000000000006 -6.4999999999999991 71.647500000000022 96.741500000000016 17.500000000000004 31.500000000000004 35.350000000000009 7.2500000000000009 89.758500000000012 1.1500000000000001 13.500000000000002 92.500000000000014 65.250000000000014 -6.4999999999999991 29.500000000000004 1.0000000180025095e-35 0.47222222222222227 13.500000000000002 11.500000000000002 14.500000000000002 13.500000000000002 -1.4999999999999998 0.58571428571428574
decision_type=10 2 2 8 10 2 2 2 10 8 2 10 10 10 8 2 2 10 10 2 8 2 2 10 2 2 2 10 8 2 2 10 2
left_child=2 6 3 12 5 14 32 -6 9 10 -5 -7 -1 19 15 22 -17 -16 25 -14 -21 -19 31 -4 29 -11 -13 28 -26 -25 -12 -3 -2
right_child=1 4 23 8 7 11 -8 -9 -10 18 30 26 13 -15 17 16 -18 21 -20 20 -22 -23 -24 24 27 -27 -28 -29 -30 -31 -32 -33 -34
leaf_value=-0.066785064376674211 -0.13849555594673826 -0.17726794730875833 0.051033670356192821 0.022626986513101993 0.043487921357964913 -0.064013362619188746 -0.077485454275437932 -0.038176523159292347 0.1124191654783421 -0.029650668685407174 0.066365673726782828 0.047133222811967988 -0.02695365492442597 -0.048336996875176695 -0.0026991176999223558 0 -0.11524152375206306 -0.11817246416321206 0.0630338558639119 -0.0017013799476152734 0.079127469532506864 -0.030570328262559895 -0.063117638484446972 0.077577622515400249 0.094033467010106522 0.02508949286874702 -0.0081774679320590106 0.10922279972938771 0.015805840340766281 0.13011532208241375 0.12368068561843554 -0.11270333698185213 -0.20538259251203173
leaf_weight=51 50 58 93 81 97 60 99 93 93 69 63 53 62 62 64 62 55 55 76 92 81 51 50 79 53 71 80 63 63 163 74 94 87
leaf_count=51 50 58 93 81 97 60 99 93 93 69 63 53 62 62 64 62 55 55 76 92 81 51 50 79 53 71 80 63 63 163 74 94 87
internal_value=-0.000101267 -0.0693015 0.055104 0.0337141 -0.0488454 -0.0633794 -0.142635 0.00329758 0.0600006 0.0477444 0.0725565 -0.0106414 -0.00617942 0.00480244 -0.0838425 -0.100182 -0.0560714 -0.0513219 0.0216265 0.0195949 0.0367846 -0.0790808 -0.123929 0.0908877 0.0990203 -0.00162019 0.014226 0.0755589 0.0538752 0.114684 0.100268 -0.141515 -0.185879
internal_weight=2497 1108 1389 875 872 682 236 190 527 434 218 193 348 297 489 319 117 170 216 235 173 106 202 514 421 140 133 179 116 242 137 152 137
internal_count=2497 1108 1389 875 872 682 236 190 527 434 218 193 348 297 489 319 117 170 216 235 173 106 202 514 421 140 133 179 116 242 137 152 137
is_linear=0
shrinkage=0.0490752


Tree=19
num_leaves=38
num_cat=0
split_feature=1 1 1 17 17 8 22 9 3 19 8 3 3 3 12 3 34 31 17 0 34 3 28 16 9 22 28 19 17 3 1 28 19 22 17 9 19
split_gain=4658.26 797.676 457.943 231.302 223.424 117.198 273.195 113.509 118.164 134.577 103.784 95.899 131.948 117.519 76.9087 115.667 69.8241 68.1862 63.4371 58.6859 55.4475 60.8264 52.7534 45.5421 34.2335 85.7119 32.9687 32.4074 71.3767 44.2294 37.8789 25.8915 19.9669 17.3909 12.1003 8.85627 3.91907
threshold=7.5000000000000009 12.500000000000002 4.5000000000000009 8.6500000000000004 12.725000000000001 2.5000000000000004 0.74458874458874469 34.500000000000007 95.012500000000017 8.1833333333333353 18.500000000000004 80.227500000000006 89.758500000000012 95.59350000000002 6.9000000000000012 80.463500000000025 28.500000000000004 1.1666666666666672 12.15 9.5000000000000018 14.500000000000002 94.539000000000016 -1.0000000180025095e-35 0.35416666666666669 224.00000000000003 0.42016806722689076 0.33333333333333354 11.275000000000002 13.275000000000002 85.165500000000023 16.500000000000004 -1.8333333333333333 12.725000000000001 0.34313725490196084 13.450000000000001 2.5000000000000004 8.6125000000000025
decision_type=8 8 10 8 10 2 2 2 10 10 2 10 10 10 8 10 2 2 8 2 2 8 2 8 2 2 2 10 10 8 10 2 10 2 10 2 10
left_child=2 4 5 -3 7 24 14 18 9 -9 16 26 -13 -14 15 -7 20 23 19 -2 31 32 -12 -6 25 -1 -4 29 30 -18 -29 -5 -22 -21 -33 -30 -16
right_child=1 3 11 10 17 6 -8 8 -10 -11 22 12 13 -15 36 -17 27 -19 -20 33 21 -23 -24 -25 -26 -27 -28 28 35 -31 -32 34 -34 -35 -36 -37 -38
leaf_value=-0.162905867088488 -0.0047873205034275994 -0.009325299098029264 -0.049181418193649705 0.087159431011208641 0.10793892125601942 -0.033697195157249553 -0.024135298233785719 -0.11457717439979087 0.022920101284090697 -0.021347107779781029 0.070841609067170463 0.01435075388430126 -0.10298623267895572 -0.0081273815485357389 -0.18190554784564145 -0.13996088225234121 0.11091010255144458 0.010195231720279613 -0.035269231462595946 0.069147704830202328 0.079667921784098164 0.053125927911953627 0.14535765475087969 0.03873032668473908 -0.1925872284605934 -0.070620205794957883 -0.10234181722256012 -0.004067901937575503 0.048015958431780491 0.04216861717039988 0.047833831655403627 0.061963295861897832 0.13350815627505691 0.023785381077332777 0.023216573837904927 0.086132687060988963 -0.11859833129090276
leaf_weight=75 90 69 71 80 53 52 87 61 53 97 51 98 67 60 63 53 57 63 53 50 53 55 95 55 66 53 79 73 55 53 56 50 128 50 51 71 51
leaf_count=75 90 69 71 80 53 52 87 61 53 97 51 98 67 60 63 53 57 63 53 50 53 55 95 55 66 53 79 73 55 53 56 50 128 50 51 71 51
internal_value=-0.000118452 0.0490669 -0.0911612 0.0762333 0.00544628 -0.121919 -0.0998267 -0.0125249 -0.0385716 -0.0595589 0.0826604 -0.0491785 -0.0277925 -0.0601419 -0.128716 -0.0909121 0.0746386 0.0526479 0.0101469 0.0235294 0.0890013 0.105784 0.122204 0.07574 -0.153834 -0.12832 -0.0794038 0.0573203 0.0459131 0.0808274 0.0188426 0.065064 0.120044 0.0487037 0.0444755 0.0718358 -0.158914
internal_weight=2497 1622 875 997 625 500 306 454 211 158 928 375 225 127 219 105 782 171 243 190 417 236 146 108 194 128 150 365 255 110 129 181 181 100 101 126 114
internal_count=2497 1622 875 997 625 500 306 454 211 158 928 375 225 127 219 105 782 171 243 190 417 236 146 108 194 128 150 365 255 110 129 181 181 100 101 126 114
is_linear=0
shrinkage=0.0490752


Tree=20
num_leaves=37
num_cat=0
split_feature=0 17 13 0 6 0 24 5 16 5 18 34 6 17 2 24 7 24 26 34 34 5 26 17 7 2 17 13 26 26 34 5 7 3 16 5
split_gain=3600.04 702.163 436.83 238.585 232.009 215.339 181.908 138.339 129.011 116.342 154.213 103.373 84.1675 83.3785 79.7198 79.2112 75.2231 70.9157 70.1247 65.1682 62.7805 62.8995 60.7979 58.2592 47.3017 71.1945 41.1565 43.594 42.5885 35.7495 32.1736 35.0209 31.8955 26.591 10.6305 10.0722
threshold=9.5000000000000018 9.1333333333333346 4.4500000000000011 14.500000000000002 1.100416666666667 3.5000000000000004 33.350000000000001 18.500000000000004 0.78888888888888908 12.500000000000002 9.2916666666666696 31.500000000000004 0.82933333333333337 15.050000000000002 1.7334999999999996 38.050000000000004 0.20249999999999699 26.550000000000001 0.95000000000000007 23.500000000000004 20.500000000000004 12.500000000000002 1.4500000000000002 7.0500000000000007 -0.5899999999999942 2.1609999999999947 11.850000000000003 0.90000000000000013 1.4500000000000002 1.8500000000000003 37.500000000000007 15.500000000000002 -0.28349999999999642 93.115500000000011 0.15476190476190474 11.500000000000002
decision_type=2 10 10 2 10 2 2 8 10 8 10 2 8 10 10 2 8 2 2 2 2 8 2 10 10 10 8 8 2 2 2 8 10 10 10 10
left_child=1 5 3 13 16 7 12 11 14 29 -11 18 -7 20 -4 -12 32 -5 -1 -8 21 -2 -23 -21 25 -19 28 -28 -22 -6 31 35 -3 34 -26 -27
right_child=2 4 8 17 9 6 19 -9 -10 10 15 -13 -14 -15 -16 -17 -18 24 -20 23 26 22 -24 -25 33 30 27 -29 -30 -31 -32 -33 -34 -35 -36 -37
leaf_value=-0.095025870210804983 0.016882087720759976 -0.050419610165571241 -0.017343951823279941 0.036620372373755282 -0.055894051076009768 0.019516194725127129 -0.04472597317244522 -0.062774720045476823 -0.053107277977153693 -0.025989240679608953 0.029922215961055154 -0.069013433344136996 -0.052090169855692744 0.095701696570697478 0.067028243239848878 0.11257623881166245 -0.015838272039627954 0.036986128034894622 -0.17530529858812252 -0.13762941631818382 0.062430087625037489 0.034573483540443636 0.11339948581734845 -0.066046811077099421 0.083378890563343175 0.095420938892294943 0.023258188607247047 -0.033082229505920192 0.0061940109707256073 0 0.048940193188175468 0.13323418122455055 -0.11526305740518421 0.066959867103071918 0.13230551420123418 0.054674976823396976
leaf_weight=56 73 50 50 73 52 61 58 88 94 62 71 53 97 55 50 50 62 90 150 93 63 52 54 61 51 73 63 61 69 51 52 69 50 50 133 57
leaf_count=56 73 50 50 73 52 61 58 88 94 62 71 53 97 55 50 50 62 90 150 93 63 52 54 61 51 73 63 61 69 51 52 69 50 50 133 57
internal_value=-0.000117431 -0.0630323 0.0548962 0.0664734 -0.014512 -0.0930355 -0.0654947 -0.121195 -0.0127378 0.0119767 0.0353121 -0.139618 -0.0243381 0.0399457 0.0253101 0.0669464 -0.0607466 0.0860944 -0.155911 -0.0949352 0.0319874 0.0541286 0.0778055 -0.111944 0.0919981 0.0777005 0.01573 -0.00423763 0.034429 -0.0287956 0.0913081 0.10097 -0.0864583 0.110993 0.121041 0.080059
internal_weight=2497 1165 1332 1138 448 717 370 347 194 286 183 259 158 490 100 121 162 648 206 212 435 179 106 154 575 341 256 124 132 103 251 199 100 234 184 130
internal_count=2497 1165 1332 1138 448 717 370 347 194 286 183 259 158 490 100 121 162 648 206 212 435 179 106 154 575 341 256 124 132 103 251 199 100 234 184 130
is_linear=0
shrinkage=0.0490752


Tree=21
num_leaves=39
num_cat=0
split_feature=17 13 4 2 20 2 17 2 23 23 18 22 17 2 11 22 12 18 2 11 26 17 12 20 7 4 7 13 17 37 12 4 17 7 23 13 7 15
split_gain=3022.25 620.897 319.722 317.015 190.626 145.045 282.992 150.82 144.954 130.583 120.247 131.24 142.331 114.165 91.7199 169.871 84.2077 83.5784 80.0576 77.8946 106.031 102.48 98.758 76.8625 74.1325 69.5798 59.2599 58.4652 111.19 104.605 44.4839 41.6409 36.6329 52.6957 45.6716 21.8257 20.1432 16.0881
threshold=9.1333333333333346 1.5000000000000002 0.64250000000000018 0.96250000000000568 10.500000000000002 1.5524999999999951 9.9500000000000011 4.503000000000001 26.650000000000002 19.950000000000006 2.9000000000000004 0.90692640692640702 3.6500000000000008 1.2544999999999935 266.50000000000006 0.44155844155844154 12.450000000000001 8.7083333333333339 1.5174999999999914 52.500000000000007 2.2500000000000004 5.0500000000000007 5.7000000000000002 10.500000000000002 -0.16349999999999845 1.0755000000000001 -0.57699999999999685 0.63333333333333341 13.225000000000001 2018.5000000000002 7.1000000000000005 0.24850000000000003 14.350000000000003 -0.23300000000000129 27.150000000000002 3.5000000000000004 -0.46549999999999886 1.0000000180025095e-35
decision_type=8 8 10 10 10 8 8 8 2 2 10 2 10 8 2 2 10 10 10 2 2 10 10 10 8 10 10 10 10 2 10 10 10 8 2 10 10 8
left_child=3 4 -3 10 9 6 -4 16 25 -2 31 12 -12 -11 15 18 23 -6 -5 -14 21 -21 -23 -7 -15 -8 -17 28 -19 -30 -24 -1 33 -31 -34 37 -29 -25
right_child=1 2 5 14 17 7 8 -9 -10 13 11 -13 19 24 -16 26 -18 27 -20 20 -22 22 30 35 -26 -27 -28 36 29 32 -32 -33 34 -35 -36 -37 -38 -39
leaf_value=-0.16808971137338535 0.094381074578476554 -0.09665510287799467 0.087239300137949088 -0.094606143151173064 0.025359231766274717 0.018415173359860294 -0.017586951946669236 -0.041057423929846015 0.023302126055981431 -0.04859305962373528 -0.16493920901901887 -0.0056014864198056123 -0.017443562393911153 0 -0.082670368088302054 0.058060603495629165 -0.0064083666710477048 0.023161582535119345 -0.011986583197956207 -0.033937504587165365 -0.019737522034349704 -0.17410144208141076 -0.04503206519264135 0.06257025273230199 0.0703212170102442 -0.087972293251166317 -0.01041732275546825 0.085783247555727665 0.026661470504063929 0.10136614002206625 -0.11265225944713543 -0.096215010862990058 0.1213647643993717 0.028446227220732052 0.063774449057210428 0.045007050049920637 0.14719236843399464 0.11294595381441065
leaf_weight=70 51 65 51 61 72 81 58 50 64 56 54 51 50 81 63 59 54 88 55 50 51 56 50 58 62 95 55 61 67 50 73 66 185 55 64 54 52 59
leaf_count=70 51 65 51 61 72 81 58 50 64 56 54 51 50 81 63 59 54 88 55 50 51 56 50 58 62 95 55 61 67 50 73 66 185 55 64 54 52 59
internal_value=-9.039e-05 0.0391421 0.00359343 -0.0741394 0.0649132 0.0146559 -0.0123846 0.0350619 -0.0371608 0.0272863 -0.0954122 -0.0811023 -0.0908438 0.00834852 -0.0318003 -0.016497 0.0480229 0.0781662 -0.0575261 -0.076767 -0.0867975 -0.100934 -0.118243 0.0597984 0.0316885 -0.0627167 0.0253611 0.0840019 0.0754008 0.0858879 -0.0878054 -0.137256 0.0965425 0.0660347 0.107982 0.0782622 0.118474 0.0912353
internal_weight=2497 1633 689 864 944 624 268 356 217 250 571 435 384 199 293 230 306 694 116 330 280 229 179 252 143 153 114 622 509 421 123 136 354 105 249 171 113 117
internal_count=2497 1633 689 864 944 624 268 356 217 250 571 435 384 199 293 230 306 694 116 330 280 229 179 252 143 153 114 622 509 421 123 136 354 105 249 171 113 117
is_linear=0
shrinkage=0.0490752


Tree=22
num_leaves=37
num_cat=0
split_feature=0 17 17 6 6 0 24 35 2 21 0 35 34 26 17 20 0 14 17 34 7 34 4 34 7 17 7 21 34 2 4 2 2 6 20 24
split_gain=3022.71 571.447 363.353 225.514 201.584 181.491 161.575 159.875 147.52 146.772 220.964 113.411 92.3283 149.736 91.2161 85.7066 81.0189 75.8083 71.0269 68.6896 66.7022 66.3189 62.0774 61.1814 60.5666 52.7951 49.0024 67.8983 48.8584 40.7424 39.0159 28.1215 48.1024 18.2986 17.2008 7.7025
threshold=9.5000000000000018 9.1333333333333346 12.683333333333335 0.71550000000000014 1.100416666666667 3.5000000000000004 33.350000000000001 10.000000000000002 1.9515000000000031 -9.4999999999999982 7.5000000000000009 8.5000000000000018 33.500000000000007 0.75000000000000011 5.9500000000000011 7.5000000000000009 14.500000000000002 7.5000000000000009 11.15 14.500000000000002 -0.7039999999999903 27.500000000000004 1.3795000000000002 23.500000000000004 -0.26999999999999869 7.0500000000000007 0.79850000000000365 2.5000000000000004 37.500000000000007 2.2710000000000012 1.4945000000000002 2.8424999999999945 2.4369999999999981 1.4890000000000001 2.5000000000000004 35.95000000000001
decision_type=2 10 10 10 10 2 2 2 10 8 2 2 2 2 10 8 2 8 8 2 8 2 10 2 8 10 8 8 2 8 10 10 10 10 10 2
left_child=1 5 3 -2 15 12 7 -7 24 -6 30 16 13 -1 34 -3 35 -10 -19 -13 -20 -9 -12 -8 -5 -25 27 -26 31 -18 -11 32 33 -21 -15 -4
right_child=2 4 11 8 9 6 23 21 17 10 22 19 -14 14 -16 -17 29 18 20 28 -22 -23 -24 25 26 -27 -28 -29 -30 -31 -32 -33 -34 -35 -36 -37
leaf_value=-0.041216951352010499 -0.069034441525419876 -0.098360039048856929 0.021903466937874181 -0.026539076435649237 0.08383653696631263 0.047830707640195501 -0.039116614683622264 -0.093092983212160613 0.0072683060890969863 -0.022298627520939952 0.079362979657387131 0.045037068442980617 -0.050956361574383796 -0.1253965878971634 -0.081095179833078873 -0.024659077115616726 0.099500852782814481 0.10398796639092105 0.00075875666273036275 0.064526342444066298 0.071512425860679352 -0.014695296124097203 0.008318935675621952 -0.12799006872879803 0.0061129577806792136 -0.060253931935581817 -0.0094969950325416597 0.081911437810603019 0.046889826877278357 0.034700591931049705 -0.082455686383182902 0.12606868242490146 0.040516538363817162 0.11294290870233265 -0.18504979411166531 -0.0039188098068547667
leaf_weight=51 55 67 50 89 50 51 58 51 63 58 50 94 63 81 66 95 56 88 54 53 81 56 72 93 65 61 71 50 57 54 56 124 52 126 86 50
leaf_count=51 55 67 50 89 50 51 58 51 63 58 50 94 63 81 66 95 56 88 54 53 81 56 72 93 65 61 71 50 57 54 56 124 52 126 86 50
internal_value=-9.74044e-05 -0.0577489 0.0503107 0.0223523 -0.0139541 -0.0848186 -0.0595264 -0.0207958 0.0318184 0.0107309 -0.00567523 0.0740417 -0.110675 -0.122872 -0.139553 -0.0570504 0.0420416 0.056266 0.0695243 0.0867978 0.0443906 -0.0544875 0.0394 -0.0872566 0.00578015 -0.103646 0.0217342 0.0411063 0.09569 0.0704243 -0.0540363 0.102787 0.0881734 0.100577 -0.159965 0.00885904
internal_weight=2497 1165 1332 616 448 717 370 158 561 286 236 716 347 284 233 162 210 286 223 506 135 107 122 212 275 154 186 115 412 110 114 355 231 179 167 100
internal_count=2497 1165 1332 616 448 717 370 158 561 286 236 716 347 284 233 162 210 286 223 506 135 107 122 212 275 154 186 115 412 110 114 355 231 179 167 100
is_linear=0
shrinkage=0.0490752


Tree=23
num_leaves=39
num_cat=0
split_feature=1 1 1 18 5 8 12 10 34 5 18 15 2 34 7 19 10 8 12 25 7 7 19 12 34 18 19 12 1 35 19 3 5 3 34 18 34 26
split_gain=3283.62 575.192 338.714 251.871 133.861 142.678 254.511 125.169 106.661 141.157 99.0221 171.294 94.9277 108.859 114.113 105.775 80.0464 78.6869 146.261 62.3701 50.1041 47.7482 51.8902 73.5976 69.0894 48.0211 47.2089 45.2713 44.5613 43.9437 108.867 32.6507 23.6091 19.7622 29.4378 14.0391 13.4672 11.407
threshold=7.5000000000000009 12.500000000000002 4.5000000000000009 13.816666666666668 10.500000000000002 2.5000000000000004 8.6750000000000025 9.5000000000000018 20.500000000000004 10.500000000000002 8.9000000000000021 12.250000000000002 1.6325000000000005 35.500000000000007 0.35150000000000109 8.8166666666666682 4.5000000000000009 7.5000000000000009 11.100000000000001 53.050000000000004 -0.26999999999999869 -1.4764999999999973 11.112500000000002 12.100000000000001 29.500000000000004 14.633333333333335 11.662500000000001 11.550000000000002 17.500000000000004 13.500000000000002 8.4500000000000011 79.440000000000012 15.500000000000002 94.151500000000013 17.500000000000004 4.8166666666666673 24.500000000000004 1.9500000000000002
decision_type=8 8 10 10 8 2 8 2 2 10 10 10 10 2 8 8 2 2 8 2 10 10 10 8 2 8 10 10 10 2 10 10 8 10 2 10 2 2
left_child=2 3 4 8 35 36 10 16 9 -2 11 -7 13 14 29 -16 19 -10 20 -3 -19 25 23 -23 33 28 -20 -11 -18 30 -4 -26 -5 34 -24 -1 -6 -9
right_child=1 7 12 32 5 6 -8 37 17 27 -12 -13 -14 -15 15 -17 21 18 26 -21 -22 22 24 -25 31 -27 -28 -29 -30 -31 -32 -33 -34 -35 -36 -37 -38 -39
leaf_value=-0.16583199210358393 -0.039734715785435401 0.052232497843664231 -0.15838540909068879 0.084469193003953835 -0.096675950946322031 -0.054880342982002804 -0.13603484567827256 0.1147199795762114 -0.067048560194136589 0.016850672766469375 -0.075549141634117425 0.065972191992957827 0.019865671967172219 0.013248406913609574 0.027623479769418657 -0.068167217229242696 -0.0033325530833587602 0.061786520146798793 -0.078235047453095841 -0.020009439935539865 -0.0043291541147076297 0.13956633737974264 0.058452882070645862 0.050632039095496857 0.00089878039254396192 0.070905560489977953 -0.016349883612174529 0.079653691805422866 0.053679496652241719 -0.047445160749583055 -0.053774687372723902 0.049042330418867658 0.03638381586367434 0.04074362169124307 0.10314859963867799 -0.10826926816156844 -0.15235367475725481 0.072706877141226214
leaf_weight=81 62 51 50 69 71 53 67 116 89 60 52 52 51 52 52 51 78 52 60 56 51 57 99 50 56 71 65 57 51 61 58 92 60 50 105 66 58 65
leaf_count=81 62 51 50 69 71 53 67 116 89 60 52 52 51 52 52 51 78 52 60 56 51 57 99 50 56 71 65 57 51 61 58 92 60 50 105 66 58 65
internal_value=-9.63093e-05 0.0411958 -0.0765376 0.00414567 -0.102987 -0.0844447 -0.0586149 0.0642647 -0.0117624 0.0181018 -0.0227461 0.00473935 -0.040437 -0.0502042 -0.0625296 -0.0201103 0.0554358 -0.0287947 -0.0127637 0.0146118 0.0296359 0.0614127 0.0696848 0.101729 0.0601288 0.0391782 -0.0479213 0.0494542 0.0197598 -0.0870496 -0.106519 0.0316465 0.0642173 0.0757962 0.0832149 -0.143818 -0.125857 0.101771
internal_weight=2497 1622 875 625 500 353 224 997 496 179 157 105 375 324 272 103 816 317 228 107 103 709 509 107 402 200 125 117 129 169 108 148 129 254 204 147 129 181
internal_count=2497 1622 875 625 500 353 224 997 496 179 157 105 375 324 272 103 816 317 228 107 103 709 509 107 402 200 125 117 129 169 108 148 129 254 204 147 129 181
is_linear=0
shrinkage=0.0490752


Tree=24
num_leaves=37
num_cat=0
split_feature=1 1 1 9 36 22 7 14 36 3 14 4 9 9 7 7 7 7 32 32 14 14 36 4 4 7 36 7 9 4 5 22 22 38 32 7
split_gain=2987.84 522.86 307.845 134.451 129.073 118.803 106.732 95.4365 89.9168 82.5385 79.3891 72.8113 70.7628 84.5372 158.303 70.3662 70.2183 67.2975 65.3806 78.3195 146.576 70.0819 62.9796 62.8786 116.519 48.032 56.2516 40.1538 32.1731 17.4537 27.3715 15.9117 32.5374 71.229 9.34235 6.60885
threshold=7.5000000000000009 12.500000000000002 4.5000000000000009 82.500000000000014 5.5000000000000009 0.89355742296918772 0.13799999999999843 13.500000000000002 6.5000000000000009 76.013500000000008 13.500000000000002 0.71650000000000003 14.500000000000002 56.500000000000007 -0.056499999999996046 -0.87249999999999939 -0.16900000000000906 0.21300000000000088 0.38750000000000007 0.5634920634920636 9.5000000000000018 7.5000000000000009 9.5000000000000018 1.4260000000000004 1.0840000000000003 -2.8704999999999967 24.500000000000004 -0.15699999999999492 111.50000000000001 2.4440000000000004 13.500000000000002 0.13961038961038957 0.42016806722689076 11.500000000000002 0.58571428571428574 -0.68899999999999151
decision_type=8 8 10 2 2 2 8 8 2 10 10 8 2 2 10 10 10 8 2 2 10 10 2 10 8 10 2 8 2 10 10 2 2 2 2 10
left_child=2 3 4 10 6 11 -1 8 15 -4 18 17 -11 16 -15 -3 -14 28 -2 20 -20 -21 -12 24 -10 26 -9 -24 -6 30 -25 -27 34 -34 -33 -35
right_child=1 7 9 -5 5 -7 -8 25 23 12 22 -13 13 14 -16 -17 -18 -19 19 21 -22 -23 27 29 -26 31 -28 -29 -30 -31 -32 32 33 35 -36 -37
leaf_value=-0.0945305847591799 0.034994132840501867 0.041452980256772347 -0.077580355617464153 -0.056310564341586655 -0.089012487137736879 -0.045299362010484838 0.00041274635842552453 0.0055894512358803869 0.071643226696651907 0.019217823006229907 0.078607661319259725 -0.16058062492769423 -0.10826087102059168 0.04712602367778379 -0.066158721578010657 -0.032784536510280897 -0.025047174869865959 -0.050292964851437826 -0.075124410160155447 0.054808315602667981 0.021622559998244993 -0.015074340560759477 -0.015454518584364927 0.039553323779087414 -0.018633119204810516 0.050453203240605114 0.075129124430202379 0.040229995970320322 -0.14696408608445527 0.10248392159749797 0.084499161176612644 0.12410059518132656 0.01827441963876536 0.06213390159145555 0.075878271957612889 0.09784716081679018
leaf_weight=53 90 60 95 74 87 64 55 54 66 65 60 107 51 58 53 55 53 57 89 56 60 77 50 92 64 57 60 69 77 50 73 88 50 61 50 117
leaf_count=53 90 60 95 74 87 64 55 54 66 65 60 107 51 58 53 55 53 57 89 56 60 77 50 92 64 57 60 69 77 50 73 88 50 61 50 117
internal_value=-9.80668e-05 0.0392895 -0.0730161 0.00396097 -0.0982347 -0.111496 -0.0474279 0.0612841 0.043942 -0.038589 0.012487 -0.123573 -0.0242924 -0.0377811 -0.00694986 0.00562368 -0.0687748 -0.102935 -0.000394698 -0.0121883 -0.0362904 0.0147207 0.0389588 0.0563656 0.0275912 0.0756198 0.0438955 0.0166868 -0.119327 0.0727286 0.0612384 0.0835697 0.0880012 0.0730934 0.109569 0.0874912
internal_weight=2497 1622 875 625 500 392 108 997 460 375 551 328 280 215 111 115 104 221 372 282 149 133 179 345 130 537 114 119 164 215 165 423 366 228 138 178
internal_count=2497 1622 875 625 500 392 108 997 460 375 551 328 280 215 111 115 104 221 372 282 149 133 179 345 130 537 114 119 164 215 165 423 366 228 138 178
is_linear=0
shrinkage=0.0490752


Tree=25
num_leaves=36
num_cat=0
split_feature=1 1 1 18 13 11 5 8 22 13 31 31 3 5 34 1 34 3 31 28 37 11 26 18 22 28 28 28 1 28 31 22 3 28 31
split_gain=2717.55 475.461 279.51 222.352 136.495 122.118 117.438 130.452 312.828 123.226 87.3458 80.8453 74.7337 74.5559 87.3237 72.8899 70.4567 113.982 105.668 103.18 54.7957 46.3001 45.3154 67.8485 42.3105 53.9515 110.944 72.205 69.8235 67.9013 23.2224 19.1886 17.8409 16.6546 9.06995
threshold=7.5000000000000009 12.500000000000002 4.5000000000000009 13.816666666666668 4.1000000000000005 50.500000000000007 10.500000000000002 2.5000000000000004 0.74458874458874469 11.450000000000001 -1.0000000180025095e-35 -0.33333333333333476 76.013500000000008 13.500000000000002 28.500000000000004 18.500000000000004 20.500000000000004 89.834000000000017 -1.5833333333333328 1.2540909090909091 2019.5000000000002 3.5000000000000004 1.9500000000000002 9.6333333333333346 0.13961038961038957 -0.060034324942790797 -0.79999999999999971 0.46812894649385145 14.500000000000002 1.0397860962566852 0.33333333333333315 0.64171122994652419 90.218000000000004 0.8538175270108036 -0.66666666666666619
decision_type=8 8 10 10 10 2 8 2 2 10 2 2 10 8 2 10 2 10 2 2 2 2 2 10 2 2 2 2 10 2 2 2 10 2 2
left_child=2 3 6 5 15 13 30 33 9 -9 -6 -5 -4 20 -15 24 17 -14 -18 -20 -2 -17 23 -7 -3 26 28 -27 -26 -29 -1 -23 -31 -8 -30
right_child=1 4 12 11 10 22 7 8 -10 -11 -12 -13 16 14 -16 21 18 -19 19 -21 -22 31 -24 -25 25 27 -28 29 34 32 -32 -33 -34 -35 -36
leaf_value=-0.15194800211896847 0.012789425508531431 0.019081448270677592 -0.073924809878459646 0.10364334555692349 -0.039510138978053236 -0.021105745163912771 -0.087610131730354313 -0.11618065031775175 0.040592855168237636 -0.022771298924860451 0.048334113599005905 0.023726573959055721 -0.0014636706198208171 0.06553347887836293 -0.0082513245787484875 0.11095834654040879 -0.056005868667845557 -0.10491369146661297 0.061827226590500127 -0.026676410212296466 -0.052265855409417368 0.082419670035739648 -0.00079020294540157608 -0.085718429436856258 0.018154185241940408 0.1097372703396528 -0.0039763344145473797 0.018363281803468613 0.10628643839331951 0.090252046330466532 -0.09143678350309016 0.033758489785885221 0.044548672748387648 -0.14268722667505113 0.063739585659081263
leaf_weight=90 63 77 95 55 51 95 72 109 61 54 50 74 51 85 65 124 59 50 66 54 54 50 63 71 62 99 84 81 50 94 57 53 50 57 72
leaf_count=90 63 77 95 55 51 95 72 109 61 54 50 74 51 85 65 124 59 50 66 54 54 50 63 71 62 99 84 81 50 94 57 53 50 57 72
internal_value=-8.21135e-05 0.0374808 -0.0696248 0.0037876 0.0584549 -0.0111537 -0.0936581 -0.0763506 -0.0517893 -0.0867994 0.00368933 0.060234 -0.0368092 0.0112137 0.0338474 0.0645303 -0.023191 -0.0551642 -0.00408055 0.0220211 -0.0175535 0.0894734 -0.0371928 -0.0503791 0.0555188 0.0600178 0.0421808 0.073937 0.0631562 0.0563508 -0.131813 0.0600095 0.0763264 -0.115828 0.0843501
internal_weight=2497 1622 875 625 997 496 500 353 224 163 101 129 375 267 150 896 280 101 179 120 117 227 229 166 669 592 268 324 184 225 147 103 144 129 122
internal_count=2497 1622 875 625 997 496 500 353 224 163 101 129 375 267 150 896 280 101 179 120 117 227 229 166 669 592 268 324 184 225 147 103 144 129 122
is_linear=0
shrinkage=0.0490752


Tree=26
num_leaves=39
num_cat=0
split_feature=17 17 8 24 24 28 19 10 34 19 8 18 28 14 28 25 19 14 14 34 34 34 18 8 31 10 30 14 36 34 12 36 24 8 25 17 24 19
split_gain=1939.97 352.383 251.908 197.516 127.84 215.813 138.717 144.957 123.12 113.787 107.926 105.28 97.4713 164.178 91.9641 86.6648 79.6755 76.9058 89.1715 81.8945 71.3967 66.9795 62.7674 60.6463 59.6576 56.4292 51.9615 41.7735 40.5535 33.444 33.3991 29.9707 22.5676 16.7409 31.0831 20.9071 4.28558 0.313251
threshold=9.1333333333333346 12.683333333333335 2.5000000000000004 36.95000000000001 40.650000000000013 0.82909908831567869 4.1125000000000007 3.5000000000000004 35.500000000000007 8.8166666666666682 15.500000000000002 10.550000000000002 1.6124419279907081 5.5000000000000009 0.09556835637480747 50.800000000000004 7.791666666666667 15.125000000000002 10.500000000000002 27.500000000000004 30.500000000000004 27.500000000000004 16.550000000000004 12.500000000000002 -1.6666666666666663 4.5000000000000009 0.22499999999999998 14.500000000000002 17.500000000000004 30.500000000000004 11.675000000000002 21.500000000000004 35.350000000000009 18.500000000000004 59.250000000000007 14.450000000000001 37.100000000000009 3.6125000000000003
decision_type=10 10 2 2 2 2 8 2 2 8 2 8 2 8 2 2 10 10 8 2 2 2 10 2 2 2 2 10 2 2 8 2 2 2 2 10 2 10
left_child=2 10 3 37 5 6 -4 16 28 -9 15 21 13 -6 22 17 -8 18 19 -2 24 -3 26 -16 -17 -22 33 31 -7 32 -27 -26 -25 34 35 36 -13 -1
right_child=1 11 4 -5 12 8 7 9 -10 -11 -12 14 -14 -15 23 20 -18 -19 -20 -21 25 -23 -24 29 27 30 -28 -29 -30 -31 -32 -33 -34 -35 -36 -37 -38 -39
leaf_value=-0.10379450087914049 0.055970974639661476 0.043196099040733675 0.063635079714584014 -0.04566227993485588 -0.14319647054146195 -0.050682118351795327 -0.099688378828929183 0.064052077614314362 -0.0021725130601463268 -0.030915540873516983 0.066413095416828868 0.07543186485140442 -0.017316029094635529 -0.032601744261913299 0.031926172839077289 0.0043709454965161322 -0.014815470154151135 -0.027874104902902739 0.077169582376376986 -0.01884397363460346 -0.02836128044832863 -0.01880130860456769 0.004479537135527227 0.13145534741045031 -0.082897471380407289 0.058129122461661499 0.10145635830936318 -0.0072177856116353153 -0.11434401017022447 0.061485385936822672 0.003392853968325811 -0.027832996119803277 0.078819405462144373 0.072283700926437017 0.0051964765473216951 0.023755834306501061 0.042468142440846623 -0.15550307040347366
leaf_weight=50 55 96 60 99 77 53 52 61 52 53 64 55 55 61 53 85 57 53 77 83 50 68 75 81 66 55 50 53 82 78 54 50 72 52 57 68 51 84
leaf_count=50 55 96 60 99 77 53 52 61 52 53 64 55 55 61 53 85 57 53 77 83 50 68 75 81 66 55 50 53 82 78 54 50 72 52 57 68 51 84
internal_value=-7.97075e-05 0.032241 -0.0577743 -0.101601 -0.0417886 -0.0274168 -3.98664e-05 -0.0181974 -0.0677335 0.0199249 0.00741595 0.0536564 -0.0752873 -0.0969215 0.0620409 0.00144902 -0.0578087 0.0230583 0.0361148 0.0113527 -0.0125406 0.0173584 0.0460535 0.0838924 -0.0285763 0.012845 0.0551087 -0.0451543 -0.0918533 0.0948695 0.0325139 -0.0612692 0.109602 0.0454665 0.038108 0.0482582 0.0621124 -0.140085
internal_weight=2497 1601 896 233 663 470 283 223 187 114 745 856 193 138 692 681 109 268 215 138 413 164 408 284 254 159 333 169 135 231 109 116 153 283 231 174 106 134
internal_count=2497 1601 896 233 663 470 283 223 187 114 745 856 193 138 692 681 109 268 215 138 413 164 408 284 254 159 333 169 135 231 109 116 153 283 231 174 106 134
is_linear=0
shrinkage=0.0490752


Tree=27
num_leaves=35
num_cat=0
split_feature=1 1 1 17 17 36 9 38 7 3 34 24 24 7 7 7 7 14 7 34 9 3 34 7 36 17 3 1 17 3 36 17 24 7
split_gain=2313.15 407.432 237.817 129.422 120.383 117.213 95.9103 78.2117 77.4528 117.362 111.929 132.083 74.5614 105.626 69.454 65.4436 113.621 80.743 63.0335 60.744 55.7298 52.8458 42.4749 40.2905 44.2167 32.6747 48.1304 26.5423 29.459 26.0224 22.1273 18.8546 11.0325 10.2805
threshold=7.5000000000000009 12.500000000000002 4.5000000000000009 8.6500000000000004 12.725000000000001 5.5000000000000009 77.500000000000014 3.5000000000000004 0.34400000000000558 76.013500000000008 24.500000000000004 32.250000000000007 43.350000000000009 -1.0000000180025095e-35 -0.40000000000000108 -0.7364999999999966 -0.48899999999999511 13.500000000000002 0.3304999999999958 28.500000000000004 33.500000000000007 79.066500000000019 14.500000000000002 -8.3165000000000031 8.5000000000000018 13.750000000000002 81.88000000000001 16.500000000000004 13.275000000000002 93.984000000000023 22.500000000000004 14.050000000000002 34.550000000000004 0.013000000000002251
decision_type=8 8 10 8 10 2 2 2 10 10 2 2 2 8 10 8 8 10 8 2 2 10 2 10 2 10 10 10 10 8 2 10 2 8
left_child=2 4 5 -3 7 6 -1 -2 9 -4 -11 -12 13 30 -6 -9 -17 18 20 22 -18 -15 25 -21 -25 26 -5 28 -26 33 -7 -16 -29 -24
right_child=1 3 8 19 14 12 -8 15 -10 10 11 -13 -14 21 31 16 17 -19 -20 23 -22 -23 29 24 27 -27 -28 32 -30 -31 -32 -33 -34 -35
leaf_value=-0.08559415520481399 0.037531463446184202 -0.0097331385600731134 -0.099611485784916839 0.026298432626149355 0 -0.085711471898433436 0.0042864964633565032 -0.065306555214445616 0.0056621748053198931 -0.068625718935848123 0.06032064099255556 -0.037711344305774115 -0.045165115272632492 -0.078971973235118564 0.085716987330675495 0.055013424357856923 -0.021560597682144564 0.025728891784484596 0.0012422791747734754 0.012630931099733041 -0.084148065250313445 -0.14470254260803428 0.10228583624917052 0.019095247199724125 0.019793613681146946 0.023722207039044534 0.092974101966960612 0.055960029960860302 0.070512946410548991 0.053447260124764029 -0.034292799849888762 0.035948769848788427 0.098149887622535875 0.065855201413486331
leaf_weight=50 67 69 71 51 71 54 58 57 88 87 52 77 64 62 50 51 74 62 71 87 72 161 154 85 72 81 69 63 51 85 51 50 60 70
leaf_count=50 67 69 71 51 71 54 58 57 88 87 52 77 64 62 50 51 74 62 71 87 72 161 154 85 72 81 69 63 51 85 51 50 60 70
internal_value=-7.05668e-05 0.0345834 -0.0642321 0.0539993 0.00338834 -0.0864056 -0.0384337 -0.00977714 -0.0339459 -0.0461722 -0.0269114 0.00205154 -0.0989834 -0.108675 0.0380567 -0.0183896 -0.00946266 -0.0220253 -0.0361082 0.058812 -0.0541557 -0.128335 0.0705661 0.0438286 0.0516361 0.050455 0.066773 0.062204 0.0427491 0.08269 -0.0633345 0.063615 0.0793384 0.0924537
internal_weight=2497 1622 875 997 625 500 108 454 375 287 216 129 392 328 171 387 330 279 217 928 146 223 510 418 331 201 120 246 123 309 105 100 123 224
internal_count=2497 1622 875 997 625 500 108 454 375 287 216 129 392 328 171 387 330 279 217 928 146 223 510 418 331 201 120 246 123 309 105 100 123 224
is_linear=0
shrinkage=0.0490752


Tree=28
num_leaves=39
num_cat=0
split_feature=1 1 1 18 30 18 18 6 35 5 1 10 2 35 25 23 31 5 3 18 31 14 6 23 38 38 2 2 25 5 2 2 2 6 2 3 23 5
split_gain=2102.93 370.093 216.041 188.73 118.574 140.196 167.99 116.908 229.479 98.4969 137.146 93.719 80.5551 80.2361 121.726 73.5891 72.8787 67.1278 94.0551 92.8825 70.4854 67.1025 59.9413 57.7953 47.5633 79.0477 63.6797 53.7987 33.4339 26.3419 26.3036 53.3659 20.5924 17.5397 47.3859 16.8485 8.63049 1.4852
threshold=7.5000000000000009 12.500000000000002 4.5000000000000009 13.816666666666668 0.12750000000000003 10.100000000000001 8.0833333333333339 1.1321666666666668 7.5000000000000009 19.500000000000004 10.500000000000002 9.5000000000000018 1.6325000000000005 10.000000000000002 45.800000000000004 18.400000000000002 -0.33333333333333476 16.500000000000004 85.744500000000002 8.6333333333333346 -1.0000000180025095e-35 11.250000000000002 2.5444166666666672 25.350000000000005 2.5000000000000004 8.5000000000000018 2.4789999999999925 2.3325000000000036 61.800000000000004 13.500000000000002 2.0029999999999935 1.6205000000000001 1.9804999999999995 2.4293333333333336 3.5129999999999986 89.64200000000001 23.350000000000005 12.500000000000002
decision_type=8 8 10 10 2 8 10 10 2 8 10 2 10 2 2 2 2 10 10 8 2 10 10 2 2 2 8 10 2 8 10 10 8 10 8 10 2 10
left_child=2 3 4 7 -1 6 13 8 -2 10 21 15 17 -6 -15 28 -5 18 20 -20 -4 36 24 -24 -17 27 30 32 -3 -28 31 -27 -26 -13 -35 -12 -9 -16
right_child=1 11 12 16 5 -7 -8 9 -10 -11 35 33 -14 14 37 22 -18 -19 19 -21 -22 -23 23 -25 25 26 29 -29 -30 -31 -32 -33 -34 34 -36 -37 -38 -39
leaf_value=-0.019823042486799294 0.0084961918769517909 -0.02032903805628266 -0.041742581931503125 0.096435581784818619 -0.045964726700676001 -0.14614196370912866 0 0.036903939689392644 -0.10784190011196752 -0.042303490287824957 -0.0022261443999582551 0.10655202535969859 0.022977308323050154 -0.046785700026811525 -0.15057203102559652 0.0028747333948675666 0.020703371372564262 0 -0.061559282567238631 0.02075910935036189 -0.11948515161281617 0.091328410170930269 0.10858471564448076 0.035077862062137685 0.070730205988411787 0.05891491641494425 0.023420302392210966 0.11495528702707573 0.031382548076134144 -0.022347265322906443 0.070011172660567375 0 0.024266002212677367 0.029310208384838148 0.097688778615228497 -0.041470039103632637 0.0064856900551161578 -0.1001561758929754
leaf_weight=68 87 54 65 55 82 93 60 50 71 75 58 72 51 63 82 68 74 73 63 61 62 55 74 50 62 79 63 56 58 51 85 65 51 56 53 50 50 52
leaf_count=68 87 54 65 55 82 93 60 50 71 75 58 72 51 63 82 68 74 73 63 61 62 55 74 50 62 79 63 56 58 51 85 65 51 56 53 50 50 52
internal_value=-5.04595e-05 0.0329903 -0.061228 0.00325489 -0.0823649 -0.091828 -0.0752749 -0.0105027 -0.0448307 0.00573181 0.0200374 0.0514954 -0.0323515 -0.0910923 -0.10836 0.0438866 0.0552658 -0.0413826 -0.0532637 -0.0212868 -0.0825274 0.0492149 0.0497476 0.0813248 0.0424086 0.0475016 0.0330659 0.075093 0.00618142 0.00246464 0.0477884 0.0328211 0.0517066 0.0838645 0.0652449 -0.0216559 0.0229922 -0.134787
internal_weight=2497 1622 875 625 500 432 339 496 158 338 263 997 375 279 197 816 129 324 251 124 127 155 704 124 580 512 343 169 112 114 229 144 113 181 109 108 100 134
internal_count=2497 1622 875 625 500 432 339 496 158 338 263 997 375 279 197 816 129 324 251 124 127 155 704 124 580 512 343 169 112 114 229 144 113 181 109 108 100 134
is_linear=0
shrinkage=0.0490752


Tree=29
num_leaves=38
num_cat=0
split_feature=11 20 21 11 12 22 15 28 5 5 9 22 30 12 31 37 18 31 18 5 36 31 35 35 9 11 28 37 28 28 28 31 18 18 5 9 5
split_gain=1217.66 312.73 258.306 286.818 181.427 158.103 125.743 123.922 121.39 109.403 90.9126 90.3582 87.729 76.7852 73.979 65.321 60.5951 101.966 97.3342 59.8728 77.6922 68.0285 63.1009 61.5566 58.6228 99.6171 62.9909 56.1316 55.848 60.2758 47.9133 45.4711 28.8594 27.298 20.1335 13.7208 1.8248
threshold=50.500000000000007 9.5000000000000018 2.5000000000000004 266.50000000000006 6.4500000000000011 0.41042780748663105 9.5000000000000018 0.76621122747883252 22.500000000000004 17.500000000000004 13.500000000000002 0.82085561497326209 0.19166666666666662 14.708333333333334 0.6666666666666653 2020.5000000000002 8.2250000000000014 3.3333333333333335 10.100000000000001 13.500000000000002 19.500000000000004 -1.0000000180025095e-35 10.000000000000002 8.5000000000000018 98.500000000000014 299.00000000000006 0.90201827152461467 2021.5000000000002 0.1088693598143519 -1.6600000000000004 -0.18906298539919222 1.0000000180025095e-35 12.633333333333335 15.733333333333336 11.500000000000002 8.5000000000000018 5.5000000000000009
decision_type=2 10 10 2 10 2 8 2 8 10 2 2 2 10 2 2 10 2 10 10 2 2 2 2 2 2 2 2 2 2 2 2 8 10 10 2 10
left_child=1 6 4 5 9 -4 7 10 12 24 30 15 16 19 -9 -7 -6 18 -18 20 21 -3 36 27 -2 -26 -27 -21 29 -15 -1 -10 -23 -30 -31 -25 -22
right_child=2 13 3 -5 8 11 -8 14 31 -11 -12 -13 -14 28 -16 -17 17 -19 -20 23 22 32 -24 35 25 26 -28 -29 33 34 -32 -33 -34 -35 -36 -37 -38
leaf_value=0.022183851741918833 -0.12910853808087014 0.033279470999805098 -0.041565764190807548 -0.080030472896017751 -0.091348225635939584 0.10806520996281663 -0.062907673610361675 -0.074894645994570463 0.045646672017655737 -0.018502527963129681 -0.025411555544015571 -0.00073127886119287225 -0.0021697039763508563 0.086054837728570421 0.004524527485424674 0.031575966071179754 0.03338043001294564 -0.098508712559238362 -0.048626752785593655 0.00064117144871265314 0.083775803946968458 -0.045923936729257826 0.010805922287239285 0.095261324261824501 -0.026722341116151068 -0.057822293832383735 -0.13953715736216582 0.059458181400058173 0.053650942359638062 0.040498913407141082 0.078788133895061702 -0.017607937778033746 0.00099843284864088375 0.10465837062684229 0 0.052976248164690369 0.050912109618829762
leaf_weight=92 87 87 56 76 93 62 73 52 51 61 52 55 89 50 54 57 52 50 88 82 50 59 80 67 73 56 57 74 62 57 65 50 59 95 56 66 52
leaf_count=92 87 87 56 76 93 62 73 52 51 61 52 55 89 50 54 57 52 50 88 82 50 59 80 67 73 56 57 74 62 57 65 50 59 95 56 66 52
internal_value=-3.40224e-05 0.0306408 -0.0381954 6.22653e-05 -0.0526927 0.0276413 -0.00658256 0.00693231 -0.0325302 -0.0803874 0.0288278 0.0506195 -0.0454144 0.0451596 -0.0352761 0.0740164 -0.0586257 -0.0408231 -0.0177444 0.0352548 0.0220521 0.000951398 0.04503 0.0522315 -0.0935768 -0.0743623 -0.102778 0.0296279 0.0652474 0.0427972 0.0472813 0.0143776 -0.0227847 0.0866296 0.0209787 0.0767674 0.0700057
internal_weight=2497 1384 1113 306 807 230 388 315 473 334 209 174 372 996 106 119 283 190 140 676 387 205 182 289 273 186 113 156 320 163 157 101 118 157 113 133 102
internal_count=2497 1384 1113 306 807 230 388 315 473 334 209 174 372 996 106 119 283 190 140 676 387 205 182 289 273 186 113 156 320 163 157 101 118 157 113 133 102
is_linear=0
shrinkage=0.0490752


Tree=30
num_leaves=36
num_cat=0
split_feature=17 4 28 34 13 21 30 2 28 28 21 23 7 23 4 23 7 35 17 21 7 9 23 34 16 7 17 7 17 7 4 9 30 7 9
split_gain=1354.24 404.334 246.477 208.485 168.281 221.113 156.035 142.976 134.654 196.464 111.08 104.822 99.0474 87.7521 86.6584 85.748 111.563 62.4698 58.6176 55.3703 50.7351 49.6362 45.6213 46.4836 57.8592 44.0852 41.1933 37.3212 26.2132 40.8186 26.0653 25.4366 19.1601 18.2944 31.8691
threshold=8.7500000000000018 0.64250000000000018 0.061785490451888407 35.500000000000007 1.5000000000000002 3.5000000000000004 0.12750000000000003 1.1964999999999935 -1.0000000180025095e-35 2.2506038647343001 -3.4999999999999996 21.150000000000002 -0.041499999999999489 21.550000000000004 1.3795000000000002 26.150000000000002 -0.42849999999999655 5.5000000000000009 10.450000000000001 1.0000000180025095e-35 -0.14749999999999838 27.500000000000004 18.400000000000002 29.500000000000004 0.10555555555555557 0.37399999999999817 13.275000000000002 -0.97849999999999826 14.225000000000001 -0.41550000000000026 1.8680000000000001 36.500000000000007 0.16458333333333333 -0.48899999999999511 5.5000000000000009
decision_type=10 10 2 2 10 8 2 10 2 2 10 2 10 2 10 2 10 2 10 10 10 2 2 2 10 10 10 10 10 8 10 2 2 10 2
left_child=2 21 6 12 10 8 -1 13 17 18 14 -7 15 -8 26 16 -4 -6 -10 -9 -15 -2 -12 24 -24 -14 -3 -16 29 -25 -29 -19 -13 34 -26
right_child=1 4 3 -5 5 11 7 19 9 -11 22 32 25 20 27 -17 -18 31 -20 -21 -22 -23 23 28 33 -27 -28 30 -30 -31 -32 -33 -34 -35 -36
leaf_value=0.057851123763921881 -0.026681918143694743 -0.043423911738319207 -0.12087153570585266 -0.0014946869440617576 -0.0035403567448851845 0.00080334202210511935 -0.0099582928646132999 0.04930645802041795 0.091140945215406693 -0.054401075686864163 0.020078093821890831 0.057413856316775674 -0.13225526121428022 -0.1129277902556703 0.0069850336567712935 -0.017095051827476129 -0.023896675676270043 -0.033445649572847451 0.025232290608010754 -0.018291724048400734 -0.047978726828229755 -0.095802019576863268 0.027755642134112347 0.058896472776105539 0.08531739857960001 -0.07333360936673769 0.014449503061680805 0.075350346492572523 0.065453145138242269 0.0046300067753813953 0.026496381337504461 -0.083529713191075272 0.10655968086059987 0.10477379262089764 0.03479205003477065
leaf_weight=50 56 53 77 83 96 58 73 50 52 56 78 73 126 58 60 75 50 70 96 59 83 54 61 56 113 72 57 70 81 82 57 51 53 101 57
leaf_count=50 56 53 77 83 96 58 73 50 52 56 78 73 126 58 60 75 50 70 96 59 83 54 61 56 113 72 57 70 81 82 57 51 53 101 57
internal_value=-2.60093e-05 0.0260444 -0.0499521 -0.073014 0.0326336 0.012281 -0.0195069 -0.0321859 -0.00730938 0.020965 0.0457694 0.05658 -0.0875727 -0.0552041 0.0204011 -0.060798 -0.0849383 -0.0340129 0.0504782 0.0129188 -0.0773809 -0.0631875 0.0574681 0.0624919 0.0745465 -0.112924 -0.0135399 0.0404921 0.043001 0.028023 0.0552585 -0.0569201 0.081072 0.0843503 0.0698328
internal_weight=2497 1641 856 483 1531 605 373 323 421 204 926 184 400 214 297 202 127 217 148 109 141 110 629 551 332 198 110 187 219 138 127 121 126 271 170
internal_count=2497 1641 856 483 1531 605 373 323 421 204 926 184 400 214 297 202 127 217 148 109 141 110 629 551 332 198 110 187 219 138 127 121 126 271 170
is_linear=0
shrinkage=0.0490752


Tree=31
num_leaves=37
num_cat=0
split_feature=1 1 1 18 36 13 6 34 19 0 13 13 2 26 1 9 1 23 24 25 24 34 23 6 0 25 23 36 36 19 13 19 18 34 23 0
split_gain=1638.54 289.864 172.343 163.191 108.31 135.333 97.5776 140.374 88.6613 111.641 103.317 83.2365 223.126 82.6628 80.8452 76.2394 72.4258 91.6404 85.6346 84.8226 63.585 91.2648 62.3208 76.6159 94.7846 63.7198 58.27 46.0129 44.9896 33.444 60.3714 29.4757 18.9807 11.6851 10.8595 6.73523
threshold=7.5000000000000009 12.500000000000002 4.5000000000000009 13.816666666666668 5.5000000000000009 13.500000000000002 1.1321666666666668 13.500000000000002 9.5500000000000025 5.5000000000000009 3.6333333333333337 4.1000000000000005 2.2515000000000005 0.45000000000000007 6.5000000000000009 41.500000000000007 10.500000000000002 26.950000000000003 30.550000000000004 45.95000000000001 43.000000000000007 31.500000000000004 18.400000000000002 2.5444166666666672 16.500000000000004 61.800000000000004 27.150000000000002 6.5000000000000009 15.000000000000002 11.450000000000001 1.5000000000000002 14.316666666666668 13.366666666666669 33.500000000000007 22.550000000000001 3.5000000000000004
decision_type=8 8 10 10 2 10 10 2 10 2 10 10 8 2 10 2 10 2 2 2 2 2 2 10 2 2 2 2 2 8 8 10 10 2 2 2
left_child=2 3 4 6 5 -1 7 -2 9 -4 -10 22 -13 -6 -11 -9 17 18 -8 -18 21 35 25 24 29 -3 34 -25 -5 -24 31 32 -31 -29 -26 -15
right_child=1 11 8 28 13 -7 16 15 10 14 -12 12 -14 20 -16 -17 19 -19 -20 -21 -22 -23 23 27 26 -27 -28 33 -30 30 -32 -33 -34 -35 -36 -37
leaf_value=0.02616112563557842 0.022882624022152381 -0.020317278302673891 0.033217125734256746 0.080937860489970703 -0.023784902031175927 -0.079942313343709451 0.045713624055745423 -0.025448354034518745 -0.015616785737481678 -0.070209267298709868 -0.094557510425838862 0.072599421950321402 -0.067875799053368213 -0.12844330898703823 0.0087339482601140137 -0.11154894690953537 -0.070160298542275262 0.078942314250255954 -0.028577783511012474 0.0064102151381987731 -0.040450520220988329 -0.048503877620799642 0.056786250448737169 0.035900460113958255 0.063200481704988848 0.04967912564518779 0.03009086469780994 0.10915750245463691 0.020841295368047269 0.034448392990475252 -0.017634509966753517 0.054735303348324986 -0.0040424739765603235 0.065038157162314994 0.10306964998536428 -0.08476047263694278
leaf_weight=54 52 57 91 61 52 54 62 51 85 70 78 51 50 161 51 55 50 50 82 94 56 68 78 51 70 60 71 97 68 58 72 87 56 55 84 55
leaf_count=54 52 57 91 61 52 54 62 51 85 70 78 51 50 161 51 55 50 50 82 94 56 68 78 51 70 60 71 97 68 58 72 87 56 55 84 55
internal_value=-2.07192e-05 0.0291422 -0.0540248 0.00281731 -0.0729055 -0.0273973 -0.00996876 -0.0413301 -0.0282238 -0.00675761 -0.0550286 0.0455195 0.00264995 -0.0849212 -0.0373155 -0.0729701 0.00485461 0.0243344 0.00344134 -0.0210048 -0.0937483 -0.103389 0.0502643 0.0552997 0.0453905 0.01562 0.0702848 0.0817778 0.0511877 0.0286901 0.0197903 0.0335182 0.0156195 0.0955577 0.0872898 -0.119264
internal_weight=2497 1622 875 625 500 108 496 158 375 212 163 997 101 392 121 106 338 194 144 144 340 284 896 779 576 117 225 203 129 351 273 201 114 152 154 216
internal_count=2497 1622 875 625 500 108 496 158 375 212 163 997 101 392 121 106 338 194 144 144 340 284 896 779 576 117 225 203 129 351 273 201 114 152 154 216
is_linear=0
shrinkage=0.0490752


Tree=32
num_leaves=38
num_cat=0
split_feature=0 17 10 6 3 23 30 9 19 0 3 10 7 7 23 3 23 6 4 34 34 29 6 19 10 0 23 4 23 9 7 23 7 9 3 38 23
split_gain=1258.81 242.328 219.887 131.411 124.216 117.384 106.975 112.922 91.7262 88.6189 80.2061 75.9796 75.3365 127.36 114.476 62.4118 59.1025 49.9904 98.8157 73.901 48.607 48.0851 46.6682 44.2824 53.1809 41.1505 38.8016 27.8411 25.003 22.6382 40.7817 21.7738 30.1297 53.0161 12.1679 12.0316 9.7471
threshold=9.5000000000000018 7.0500000000000007 4.5000000000000009 1.1321666666666668 87.880500000000026 17.950000000000003 0.17678571428571427 22.500000000000004 11.225000000000001 14.500000000000002 85.886500000000012 6.5000000000000009 -1.0000000180025095e-35 -0.12500000000000419 26.150000000000002 71.215000000000018 18.400000000000002 2.7528333333333337 2.0795000000000008 33.500000000000007 28.500000000000004 0.30952380952380959 1.3880000000000001 10.775000000000002 7.5000000000000009 16.500000000000004 24.850000000000005 1.4260000000000004 27.150000000000002 37.500000000000007 -0.041499999999999489 27.850000000000005 0.11400000000000102 92.500000000000014 79.066500000000019 10.500000000000002 24.400000000000002
decision_type=2 10 2 10 10 2 2 2 10 2 8 2 8 10 2 10 2 10 8 2 2 2 10 10 2 2 2 10 2 2 10 2 10 2 10 2 2
left_child=1 5 8 6 20 -1 29 -8 10 17 -2 26 13 14 -7 -14 -11 18 19 21 -5 22 -4 -18 25 -25 -6 -21 34 -3 -31 32 -17 -34 -26 -24 -36
right_child=2 3 9 4 11 12 7 -9 -10 16 -12 -13 15 -15 -16 31 23 -19 -20 27 -22 -23 35 24 28 -27 -28 -29 -30 30 -32 -33 33 -35 36 -37 -38
leaf_value=0.0072331414207778286 0.0052225041998230186 -0.036822776825803961 -0.0012107337445726536 0.056079863386941958 -0.074099711706335863 -0.10559515434410302 -0.052388665127980419 0.042158049185426483 0.041083715544981851 0.013356474837038107 -0.063109134535983893 0.017393231897129924 -0.033344391336343052 0.020403340792941611 -0.0091203639993690834 -0.13533714627165799 0.09828202137520882 0.068576053587436264 -0.035232180601770302 0.030618126699394132 0.0017669598612106111 -0.018427396841813756 0.066157752638310349 0 0.054130036325679275 0.049227003178788982 -0.013626710560141159 0.085163811919700336 0.039214825928298287 -0.040569969896064061 -0.10707950186776853 -0.059978793975047975 -0.11289863982619606 -0.040981411446658865 0.06572619861325843 0.027040224901119618 0.10741622009366313
leaf_weight=52 74 69 77 97 60 74 54 60 52 84 85 63 57 53 51 68 66 53 65 52 69 75 50 71 95 95 50 58 93 52 57 61 64 54 79 53 55
leaf_count=52 74 69 77 97 60 74 54 60 52 84 85 63 57 53 51 68 66 53 65 52 69 75 50 71 95 95 50 58 93 52 57 61 64 54 79 53 55
internal_value=-1.06734e-05 -0.037222 0.0325121 -0.016363 0.00431817 -0.0614776 -0.0402773 -0.00246333 -0.013069 0.0411512 -0.0316476 -0.0243518 -0.0689904 -0.0416047 -0.0680985 -0.0841273 0.0532356 0.0247857 0.0187005 0.0287125 0.034359 0.0135415 0.0272394 0.0590568 0.0529062 0.0287699 -0.0484676 0.0617632 0.0646994 -0.063646 -0.0783109 -0.0949418 -0.104665 -0.0827811 0.0739983 0.0482296 0.0857766
internal_weight=2497 1165 1332 631 339 534 292 114 211 1121 159 173 482 178 125 304 638 483 430 365 166 255 180 554 488 166 110 110 322 178 109 247 186 118 229 103 134
internal_count=2497 1165 1332 631 339 534 292 114 211 1121 159 173 482 178 125 304 638 483 430 365 166 255 180 554 488 166 110 110 322 178 109 247 186 118 229 103 134
is_linear=0
shrinkage=0.0490752


Tree=33
num_leaves=38
num_cat=0
split_feature=0 11 17 21 23 23 0 21 0 14 7 14 11 14 7 7 26 14 19 19 23 25 17 24 18 25 18 19 25 19 18 7 11 7 7 21 18
split_gain=1146.31 261.317 220.283 122.877 106.959 106.328 99.3586 85.2189 85.1294 135.467 136.209 115.877 102.014 71.8234 69.3257 143.962 110.423 65.7926 70.9234 181.848 87.5718 68.2339 64.5551 62.2342 58.5702 43.8929 39.372 31.7389 33.6082 28.6908 49.5565 26.5677 20.1579 13.5831 12.1559 9.38464 5.30778
threshold=9.5000000000000018 84.500000000000014 7.0500000000000007 -9.4999999999999982 17.950000000000003 22.750000000000004 13.500000000000002 5.5000000000000009 6.5000000000000009 10.500000000000002 0.24150000000000438 14.500000000000002 90.500000000000014 13.500000000000002 -0.036000000000003543 -0.15699999999999492 1.4500000000000002 7.5000000000000009 12.050000000000002 13.050000000000002 22.750000000000004 56.300000000000004 13.225000000000001 43.350000000000009 10.550000000000002 51.500000000000007 11.450000000000001 13.725000000000001 49.100000000000009 3.5500000000000003 8.5357142857142865 -0.56050000000000055 11.500000000000002 -0.013500000000000697 0.14899999999999994 1.0000000180025095e-35 15.633333333333335
decision_type=2 2 10 8 2 2 2 10 2 10 8 10 2 8 8 10 2 10 8 10 2 2 8 2 10 2 10 10 2 10 10 10 2 8 8 8 10
left_child=2 6 4 -4 -1 -3 17 13 9 10 -5 12 24 22 15 16 -6 -2 21 -20 -21 -19 25 29 -10 -8 -9 28 -15 -16 -31 -7 33 36 -11 -24 -29
right_child=1 5 3 8 14 31 7 26 11 34 -12 -13 -14 27 23 -17 -18 18 19 20 -22 -23 35 -25 -26 -27 -28 32 -30 30 -32 -33 -34 -35 -36 -37 -38
leaf_value=0.0069031966096737059 -0.024696761411554267 -0.060008448017370743 0.051212756600279553 -0.055164016509193219 -0.11616692984809707 0.036018296204619021 0.025503415752177794 0.11897672273238523 -0.066705066412743638 -0.057825383877491657 0.028855880293549175 0.048470633158873011 0.030826481137874805 0.041315281790220822 -0.060738208176839809 0.029339737647268362 -0.017743637167543656 0.086252999480973244 -0.05917820703454027 0.07694228388943461 0 0.010443099139899163 0.06093544865981624 -0.034898009000706914 -0.0066551264153240069 -0.032206961850543801 0.053245704751044544 0.03980055091874575 0.091777683189178227 -0.12319054410377422 -0.055574466001745419 -0.011586916614962731 0.012439357811924101 0.027613294582250592 -0.10694530014416684 0.027901364881287277 0.072674111855701162
leaf_weight=52 64 88 56 93 54 51 56 58 92 50 85 72 61 69 84 50 58 73 60 71 69 50 57 71 71 63 58 50 98 114 51 53 52 65 51 63 64
leaf_count=52 64 88 56 93 54 51 56 58 92 50 85 72 61 69 84 50 58 73 60 71 69 50 57 71 71 63 58 50 98 114 51 53 52 65 51 63 64
internal_value=-9.28594e-06 0.0310253 -0.0355198 -0.015627 -0.0586475 -0.0214256 0.0399456 0.0503604 -0.0225262 -0.0417955 -0.0150153 -0.00388859 -0.021482 0.0426768 -0.0658195 -0.0376484 -0.0679599 0.0192515 0.0283032 0.00958601 0.0402128 0.057106 0.0205951 -0.079297 -0.0416187 -0.0047011 0.0893532 0.0554821 0.0726504 -0.0910206 -0.104368 0.0117641 0.0418495 0.0496714 -0.0861848 0.0454298 0.0604866
internal_weight=2497 1332 1165 631 534 192 1140 753 575 279 178 296 224 637 482 162 112 387 323 200 140 123 239 320 163 119 116 398 167 249 165 104 231 179 101 120 114
internal_count=2497 1332 1165 631 534 192 1140 753 575 279 178 296 224 637 482 162 112 387 323 200 140 123 239 320 163 119 116 398 167 249 165 104 231 179 101 120 114
is_linear=0
shrinkage=0.0490752


Tree=34
num_leaves=37
num_cat=0
split_feature=1 1 1 18 30 18 18 16 7 3 5 28 10 22 7 16 23 16 23 20 7 7 23 32 22 5 5 8 20 28 28 5 7 10 3 22
split_gain=1262.51 218.752 144.066 135.94 104.589 141.798 205.589 83.9701 67.0064 104.723 79.6305 77.7116 65.5231 63.9279 84.7092 52.5436 64.1563 82.5825 58.7758 55.8448 77.2266 54.7593 47.4071 46.7449 42.3229 40.9788 39.0281 66.8899 35.0431 29.905 27.0491 25.4884 22.8668 20.6938 15.4447 14.4365
threshold=7.5000000000000009 12.500000000000002 4.5000000000000009 13.816666666666668 0.12250000000000001 10.100000000000001 8.0833333333333339 0.81666666666666676 0.34400000000000558 76.013500000000008 8.5000000000000018 1.5298573975044569 9.5000000000000018 0.17914438502673799 -0.7364999999999966 0.78888888888888908 18.550000000000004 0.5277777777777779 27.150000000000002 13.500000000000002 -0.025499999999997695 -1.1104999999999976 26.950000000000003 0.41428571428571431 0.65686274509803932 14.500000000000002 10.500000000000002 2.5000000000000004 14.500000000000002 0.1088693598143519 0.14285714285714277 13.500000000000002 0.15400000000000208 6.5000000000000009 79.57950000000001 0.52661064425770321
decision_type=8 8 10 10 2 8 10 8 10 10 10 2 2 2 8 10 2 8 2 10 8 10 2 2 2 8 8 2 10 2 2 8 8 2 10 2
left_child=2 3 4 7 -1 6 26 13 9 -4 -11 35 15 -2 -15 16 28 18 19 24 34 -19 23 -16 25 -18 -6 -28 -3 -14 -25 -24 -5 -20 -21 -12
right_child=1 12 8 32 5 -7 -8 -9 -10 10 11 -13 29 14 22 -17 17 21 33 20 -22 -23 31 30 -26 -27 27 -29 -30 -31 -32 -33 -34 -35 -36 -37
leaf_value=0.00029446812992842798 0.044400297147544933 0.028844196109900327 -0.085530163745792434 0.064825035588684382 -0.10181784434431007 -0.12451650736429309 0.021608591292879308 -0.06294449037441445 0.012789236284886683 0.026632295983086418 -0.08073208109130188 0.011999301651386579 0.043264996153632634 -0.064758260288226677 -0.037681024656702394 -0.0068591621873329732 0.0072395517356365754 0.034162257675449677 -0.016631457953227225 0.050866074260845939 0.0099308112865471934 0.10431798840206975 0.0014221483407577712 -0.010110107011692607 -0.011000382065088035 0.070110065069924773 -0.086795812893005572 -0.026940880857425107 -0.024840303482855184 0.088302234867857307 0.0339627852055467 0.051027652755428893 0.019915465097045143 0.020390851763190318 0.094388743417590598 -0.035956792113032036
leaf_weight=52 59 55 71 73 93 98 64 57 88 65 50 50 93 52 94 68 52 52 52 56 55 77 50 83 58 50 97 96 54 88 50 51 56 97 90 51
leaf_count=52 59 55 71 73 93 98 64 57 88 65 50 50 93 52 94 68 52 52 52 56 55 77 50 83 58 50 97 96 54 88 50 51 56 97 90 51
internal_value=0 0.0256007 -0.0474023 0.00271824 -0.0646557 -0.0722405 -0.0562398 -0.00894505 -0.0238342 -0.0352544 -0.0172672 -0.0366795 0.0398287 -0.00132448 -0.00893537 0.0334836 0.0372334 0.04314 0.0336282 0.0442674 0.0614815 0.0782611 0.000430163 -0.0118538 0.0213828 0.0399863 -0.0738874 -0.0584093 0.00187289 0.066844 0.00659939 0.0279165 0.0468693 0.00705222 0.0798006 -0.0607932
internal_weight=2497 1622 875 625 500 448 350 496 375 287 216 151 997 439 380 816 748 639 510 361 201 129 328 227 160 102 286 193 109 181 133 101 129 149 146 101
internal_count=2497 1622 875 625 500 448 350 496 375 287 216 151 997 439 380 816 748 639 510 361 201 129 328 227 160 102 286 193 109 181 133 101 129 149 146 101
is_linear=0
shrinkage=0.0490752


Tree=35
num_leaves=38
num_cat=0
split_feature=1 1 10 9 18 16 18 18 9 11 3 24 24 16 34 18 12 34 15 29 26 11 1 32 32 8 12 19 34 3 8 32 34 1 32 3 3
split_gain=1147.6 202.04 134.768 104.539 98.9053 107.545 90.3565 215.372 116.024 82.1247 74.4663 70.0192 81.6659 60.4638 84.9133 58.0516 105.494 74.3203 52.17 47.1095 43.2366 42.4321 42.0764 40.7373 39.4305 35.3618 35.2523 43.4706 32.9281 48.0859 30.3918 39.5785 28.1711 77.3261 12.8446 10.6988 10.6486
threshold=7.5000000000000009 14.500000000000002 6.5000000000000009 251.50000000000003 12.550000000000002 0.81666666666666676 10.100000000000001 9.1000000000000014 180.00000000000003 88.500000000000014 99.498500000000021 47.350000000000009 41.650000000000013 0.68333333333333346 31.500000000000004 9.8166666666666682 11.900000000000002 23.500000000000004 1.5000000000000002 0.18333333333333332 2.0500000000000003 44.500000000000007 4.5000000000000009 0.5634920634920636 0.2678571428571429 18.500000000000004 12.900000000000002 12.950000000000001 24.500000000000004 83.01100000000001 15.500000000000002 0.38750000000000007 20.500000000000004 16.500000000000004 0.58571428571428574 89.521500000000017 79.57950000000001
decision_type=8 8 2 2 10 8 10 10 2 2 10 2 2 10 2 10 10 2 10 2 2 2 10 2 2 2 10 10 2 10 2 2 2 10 2 8 10
left_child=2 4 3 6 5 10 7 8 11 24 15 12 13 -1 28 16 18 -17 -2 22 23 -19 -8 30 35 26 32 -28 29 -15 31 -6 -26 -34 -29 -3 -20
right_child=1 9 -4 -5 20 -7 19 -9 -10 -11 -12 -13 -14 14 -16 17 -18 21 36 -21 -22 -23 -24 -25 25 -27 27 34 -30 -31 -32 -33 33 -35 -36 -37 -38
leaf_value=-0.0059032409525104305 0.088426326075260422 0.087227273785369999 0.024546193918346594 -0.11107068915100278 0.036644011192065722 -0.05779326101617363 -0.12151834747713375 0.056213466505126326 0.0035289650371165206 -0.015868861767354699 -0.04538856813106365 -0.10915562001617442 0.008773547445996956 -0.094918992071812425 -0.0087765055070212917 0.026869009673834501 -0.018343555279322143 -0.0021114408702823276 0.0087197905306524888 -0.037969623213448767 -0.0017235442846074451 -0.065567058308274681 -0.058235025096916616 0.068714765557678512 0.074614655613270228 0.06959835671604328 -0.010471148289577339 0.01986725115214771 -0.11220854209894136 -0.029413806855570063 0.051850835288565426 -0.020554260028427446 -0.0081585941882646729 0.06194208682311244 0.048665563296653315 0.047606023598541818 0.041277852893182691
leaf_weight=50 53 75 59 62 54 74 61 54 97 50 59 51 52 55 51 74 79 50 50 79 77 52 73 78 74 92 70 98 66 65 59 54 59 93 82 55 61
leaf_count=50 53 75 59 62 54 74 61 54 97 50 59 51 52 55 51 74 79 50 50 79 77 52 73 78 74 92 70 98 66 65 59 54 59 93 82 55 61
internal_value=0 0.0244196 -0.045182 -0.0503776 0.00826198 -0.00428869 -0.04477 -0.0335141 -0.0439354 0.043091 0.0042972 -0.055783 -0.046447 -0.0566049 -0.0668251 0.011768 0.0271892 -0.0093789 0.049332 -0.0720028 0.0297203 -0.0361631 -0.0900507 0.0396715 0.0474502 0.0411171 0.034983 0.0213966 -0.0819695 -0.0618995 0.0245458 0.00788774 0.0491732 0.0348975 0.0340166 0.0727275 0.0278433
internal_weight=2497 1622 875 816 874 552 754 541 487 748 478 390 339 287 237 419 243 176 164 213 322 102 134 245 698 568 476 250 186 120 167 108 226 152 180 130 111
internal_count=2497 1622 875 816 874 552 754 541 487 748 478 390 339 287 237 419 243 176 164 213 322 102 134 245 698 568 476 250 186 120 167 108 226 152 180 130 111
is_linear=0
shrinkage=0.0490752


Tree=36
num_leaves=37
num_cat=0
split_feature=13 13 6 6 7 9 21 26 13 21 35 35 35 35 13 9 7 9 5 13 32 9 33 13 9 26 27 23 23 6 6 21 23 32 6 22
split_gain=770.246 169.395 125.28 111.565 167.909 141.372 121.87 88.1194 94.1949 74.2688 82.5735 87.0608 178.373 152.641 77.8256 69.3558 69.1097 88.0866 100.566 64.8089 80.4703 61.1632 54.1908 52.3838 49.0601 46.8298 46.574 42.0883 39.6545 38.5192 34.7052 50.0288 27.7924 23.7767 28.8538 22.9275
threshold=3.2250000000000005 21.500000000000004 1.0600833333333337 0.58450000000000013 -0.54150000000000098 125.50000000000001 7.5000000000000009 1.6500000000000001 8.5000000000000018 5.5000000000000009 19.500000000000004 10.000000000000002 8.5000000000000018 2.5000000000000004 2.3000000000000003 165.50000000000003 1.8085000000000018 56.500000000000007 13.500000000000002 11.700000000000001 0.68333333333333346 13.500000000000002 1.0000000180025095e-35 8.1000000000000014 10.500000000000002 2.0500000000000003 1.0000000180025095e-35 22.100000000000005 27.150000000000002 1.5225000000000002 2.0265000000000004 -1.4999999999999998 23.150000000000002 0.61250000000000016 2.6496666666666671 0.55844155844155852
decision_type=10 10 10 10 10 2 8 2 10 10 2 2 2 2 10 2 8 2 10 10 2 2 2 10 2 2 2 2 2 10 10 10 2 2 10 2
left_child=2 3 21 4 -2 6 7 16 25 10 11 12 13 24 22 -7 17 18 -5 23 -21 -1 27 -6 30 -9 32 -13 33 -15 31 -4 -14 34 -12 -29
right_child=1 -3 9 5 19 15 -8 8 -10 -11 28 14 26 29 -16 -17 -18 -19 -20 20 -22 -23 -24 -25 -26 -27 -28 35 -30 -31 -32 -33 -34 -35 -36 -37
leaf_value=0.0081617890510296987 0.010746967768935989 -0.11148445415650786 -0.024260778541283903 -0.052679740377659309 -0.052489931645353823 -0.096439324391712905 0.048636140283423474 -0.046632062518349053 -0.08800737220851762 0.073583154235153506 0.10603756164230502 -0.026905894196120664 0.10754314308962393 -0.065289772511997399 0.046893542859988445 -0.026766821311234538 -0.038183474735773083 0.05928137519239024 0.03071756798412523 -0.0070880265517428553 -0.080445533084078313 -0.053014722880463098 -0.049727598469191552 -0.12888150166509182 0.068163981326743187 0.0054964462964666415 0.023267562915044133 -0.0032775525749175962 0.01610973561100177 -0.0092108601205511467 0.048742094767145007 0.033332815593543771 0.057134074508875345 0.033710428675553683 0.047806540028606299 0.040275683716177929
leaf_weight=95 84 55 69 57 51 59 88 65 57 86 53 75 64 50 60 92 62 78 77 75 70 61 68 59 64 99 52 51 60 74 59 68 89 56 58 57
leaf_count=95 84 55 69 57 51 59 88 65 57 86 53 75 64 50 60 92 62 78 77 75 70 61 68 59 64 99 52 51 60 74 59 68 89 56 58 57
internal_value=0 -0.029984 0.0246965 -0.0253678 -0.0485725 -0.0143815 -0.00319594 -0.0128209 -0.0356205 0.0300279 0.0264157 0.0195003 0.0305343 0.01041 -0.00136097 -0.0560696 0.00563554 0.0191421 -0.00489172 -0.0681696 -0.0440252 -0.0161687 -0.0136362 -0.0969385 0.0317378 -0.0154804 0.0670868 0.000277019 0.0528188 -0.033524 0.0184872 0.00410873 0.0807066 0.0650434 0.0787233 0.0198774
internal_weight=2497 1128 1369 1073 339 734 583 495 221 1213 1127 900 589 384 311 151 274 212 134 255 145 156 251 110 260 164 205 183 227 124 196 137 153 167 111 108
internal_count=2497 1128 1369 1073 339 734 583 495 221 1213 1127 900 589 384 311 151 274 212 134 255 145 156 251 110 260 164 205 183 227 124 196 137 153 167 111 108
is_linear=0
shrinkage=0.0490752


Tree=37
num_leaves=37
num_cat=0
split_feature=0 11 2 35 9 5 24 0 35 8 0 24 11 11 18 2 2 14 11 7 5 11 2 18 11 7 35 2 13 35 16 13 5 7 24 11
split_gain=797.739 197.75 186.071 104.854 85.3108 120.863 77.5356 71.0122 61.4821 61.0637 72.6129 83.8629 73.9836 82.8772 71.0492 143.33 172.756 59.0631 87.1635 55.7409 64.8149 54.9771 53.4008 48.8501 47.0367 40.2084 53.0122 50.4338 40.9862 40.7948 45.737 40.362 32.2352 26.9964 18.9288 9.2828
threshold=9.5000000000000018 84.500000000000014 0.36100000000000426 2.5000000000000004 230.50000000000003 18.500000000000004 33.250000000000007 13.500000000000002 18.500000000000004 13.500000000000002 3.5000000000000004 36.550000000000004 96.500000000000014 216.25000000000003 10.450000000000001 1.1469999999999987 0.78750000000000153 7.5000000000000009 7.5000000000000009 -0.26349999999999768 13.500000000000002 221.50000000000003 0.22449999999999901 12.550000000000002 260.00000000000006 0.24899999999999484 13.500000000000002 2.7485000000000004 0.22500000000000003 8.5000000000000018 0.58571428571428574 1.0000000180025095e-35 19.500000000000004 -0.94750000000000001 41.250000000000007 7.5000000000000009
decision_type=2 2 8 2 2 8 2 2 2 2 2 2 2 2 10 10 10 10 2 10 8 2 10 10 2 10 2 8 8 2 10 8 8 8 2 2
left_child=2 7 4 -4 5 22 -3 8 17 10 21 14 34 -14 15 16 -12 -2 -19 20 -20 -5 24 -16 -1 26 29 28 -28 30 32 -31 35 -29 -13 -9
right_child=1 6 3 9 -6 -7 -8 25 -10 -11 11 12 13 -15 23 -17 -18 18 19 -21 -22 -23 -24 -25 -26 -27 27 33 -30 31 -32 -33 -34 -35 -36 -37
leaf_value=-0.10659490083677152 -0.039120416794904092 -0.050716009529597331 0.033074588340531882 -0.090611065531823437 -0.11542102833996985 0.010809370843036511 0.010357655050083198 0.015902988757067749 0.060277495074556937 0.01534532744272451 0.033829941758262705 -0.086106011502922158 0.028282076701331486 -0.055109734569834812 -0.061471965873375771 0.064797556667164621 -0.081997168308787977 -0.032993553334326617 -0.029607014067299823 0.062551145283404427 0.038091494955259299 -0.021554366740708795 -0.024044168116021572 0 -0.042768916943944871 0.076959110165498876 0.025896656665510626 0.012186352824410343 -0.026480161942910242 0.041930973972162972 0.068403418411458999 0.094045411499134549 -0.0092711890647227263 0.058645474916252043 -0.040970142843400954 0.048199927117334868
leaf_weight=83 51 94 85 68 57 62 98 50 60 84 64 67 57 50 62 78 53 62 53 81 80 54 60 62 58 76 67 55 69 92 66 80 57 82 61 59
leaf_count=83 51 94 85 68 57 62 98 50 60 84 64 67 57 50 62 78 53 62 53 81 80 54 60 62 58 76 67 55 69 92 66 80 57 82 61 59
internal_value=0 0.025887 -0.0296261 -0.0173246 -0.0613513 -0.0479162 -0.0197102 0.0336511 0.0161272 -0.0231676 -0.028087 -0.0201296 -0.042135 -0.0108153 -0.00344945 0.0147733 -0.0191937 0.00725555 0.0164315 0.031315 0.0106781 -0.0620683 -0.0661306 -0.0320638 -0.0825582 0.0424614 0.038093 0.0206303 -0.000321872 0.0494589 0.0345861 0.068015 0.0195753 0.0412066 -0.0668369 0.0348939
internal_weight=2497 1332 1165 845 320 263 192 1140 387 760 676 554 235 107 319 195 117 327 276 214 133 122 201 124 141 753 677 273 136 404 232 172 166 137 128 109
internal_count=2497 1332 1165 845 320 263 192 1140 387 760 676 554 235 107 319 195 117 327 276 214 133 122 201 124 141 753 677 273 136 404 232 172 166 137 128 109
is_linear=0
shrinkage=0.0490752


Tree=38
num_leaves=36
num_cat=0
split_feature=1 1 31 31 5 21 21 19 20 20 11 1 5 23 18 32 19 23 8 18 13 31 21 21 32 8 32 31 23 19 18 18 19 0 38
split_gain=895.263 196.228 129.94 136.29 119.162 139.591 88.9325 94.9023 87.8893 78.2084 86.1761 91.9967 85.8627 70.1403 67.9291 59.2851 70.3374 61.6444 53.7982 88.0103 50.5173 72.8209 65.534 75.5235 57.1753 56.6431 55.5669 41.2686 53.5832 40.8534 38.5586 32.7549 31.9916 30.3784 18.8702
threshold=6.5000000000000009 12.500000000000002 -5.8333333333333313 -4.5833333333333321 17.500000000000004 1.5000000000000002 1.0000000180025095e-35 8.3166666666666682 4.5000000000000009 5.5000000000000009 50.500000000000007 10.500000000000002 15.500000000000002 28.650000000000002 2.9000000000000004 0.5634920634920636 12.050000000000002 22.750000000000004 10.500000000000002 5.1000000000000005 4.1000000000000005 -1.0000000180025095e-35 5.5000000000000009 4.5000000000000009 0.2678571428571429 18.500000000000004 0.5634920634920636 1.9999999999999996 26.650000000000002 14.275000000000002 12.816666666666668 10.816666666666668 13.775000000000002 3.5000000000000004 9.5000000000000018
decision_type=8 8 2 2 8 10 10 10 8 10 2 10 8 2 10 2 10 2 2 10 10 2 10 10 2 2 2 2 2 8 8 10 10 2 2
left_child=2 8 -1 -4 5 14 7 -6 -2 -10 13 12 -12 15 -5 17 -17 -11 19 -16 22 -22 23 24 32 26 29 28 -28 30 31 -26 -3 -21 -31
right_child=1 20 3 4 6 -7 -8 -9 9 10 11 -13 -14 -15 18 16 -18 -19 -20 33 21 -23 -24 -25 25 -27 27 -29 -30 34 -32 -33 -34 -35 -36
leaf_value=0.025151352946231633 -0.043390861776329837 0.089687837458196362 -0.1225675437141453 -0.10842343752684432 -0.020185845542527732 0.014053382296839776 -0.064980556589861987 0.060153166492660955 0.06273163514538041 0.015451136121615409 0.029713547347761372 -0.062077964987879236 -0.040016722453462952 0.065011068686313137 -0.016401882479498864 0.070190511141748554 -0.0028530823802999064 -0.040638960457620069 -0.014271258507700101 -0.1103415773761445 -0.039268186392738116 0.040995572850808647 0.075248020627993156 -0.022608956691324504 -0.012673088158532063 0.063037982495836128 0.078967993195720038 0.0072895297442805672 0.014531840324698276 0.053779896994069834 -0.027461604069786365 0.039181212865942248 0.036680548510540811 -0.060750155931787897 0.011091685358136478
leaf_weight=56 93 67 56 82 95 55 50 51 51 97 98 81 69 57 67 58 62 84 66 75 51 50 97 53 51 99 89 63 53 50 91 58 67 97 58
leaf_count=56 93 67 56 82 95 55 50 51 51 97 98 81 69 57 67 58 62 84 66 75 51 50 97 53 51 99 89 63 53 50 91 58 67 97 58
internal_value=-6.36043e-06 0.019226 -0.0447366 -0.0505569 -0.0434453 -0.057502 -0.0109906 0.00839277 0.000179573 0.00664376 0.00146762 -0.0204925 0.00035588 0.016874 -0.0678367 0.00687385 0.0331633 -0.0106244 -0.0555207 -0.0662922 0.0334474 4.38341e-05 0.0371413 0.0321068 0.0361583 0.0293097 0.0222741 0.0418948 0.0562982 0.00869237 -0.00429817 0.0148871 0.0653478 -0.0846429 0.0324935
internal_weight=2497 1747 750 694 638 442 196 146 750 657 606 248 167 358 387 301 120 181 305 239 997 101 896 799 746 612 513 205 142 308 200 109 134 172 108
internal_count=2497 1747 750 694 638 442 196 146 750 657 606 248 167 358 387 301 120 181 305 239 997 101 896 799 746 612 513 205 142 308 200 109 134 172 108
is_linear=0
shrinkage=0.0490752


Tree=39
num_leaves=35
num_cat=0
split_feature=1 1 31 31 5 28 25 17 5 11 18 7 16 31 19 19 36 6 22 25 22 7 7 30 5 18 16 16 28 6 19 19 31 7
split_gain=814.339 178.334 118.305 124.092 108.264 107.238 182.293 91.1585 183.008 86.3605 79.6395 95.3138 98.1399 84.6807 64.4672 85.8738 60.8635 82.57 72.9433 69.3963 63.706 78.8003 78.7832 58.6098 66.0106 82.0991 52.3831 51.4857 64.5643 41.4117 36.4466 29.9563 21.5258 13.7941
threshold=6.5000000000000009 12.500000000000002 -5.8333333333333313 -4.5833333333333321 17.500000000000004 0.39999999999999952 60.20000000000001 8.4500000000000011 21.500000000000004 159.00000000000003 13.816666666666668 0.40349999999999647 0.88194444444444453 -1.3333333333333333 9.0500000000000025 7.9500000000000011 5.5000000000000009 3.0565000000000002 0.13961038961038957 68.200000000000003 0.42016806722689076 -0.68899999999999151 -0.30400000000000121 0.22083333333333327 18.500000000000004 11.100000000000001 0.88194444444444453 0.5277777777777779 1.0000000180025095e-35 2.2922500000000006 12.683333333333335 13.275000000000002 0.99999999999999878 -0.45699999999999924
decision_type=8 8 2 2 8 2 2 10 8 2 10 10 10 2 8 10 2 10 2 2 2 8 8 2 8 10 10 8 2 10 10 10 2 10
left_child=2 10 -1 -4 5 6 26 8 -6 -7 11 12 14 -12 15 -2 19 18 -18 29 22 30 -20 24 25 -16 -5 28 -23 -3 -22 -30 -11 -19
right_child=1 16 3 4 7 9 -8 -9 -10 32 13 -13 -14 -15 23 -17 17 33 20 -21 21 27 -24 -25 -26 -27 -28 -29 31 -31 -32 -33 -34 -35
leaf_value=0.023998238947753818 -0.009849981119825468 0.043992715026260357 -0.11694818539059093 -0.080132298867809648 0.031396002438754497 -0.039255212218763498 0.040850950300626659 0.041492382821453073 -0.078126112213947385 -0.076911438762659476 0.08078570624682091 0.044458329879532806 -0.071079838091225769 0.0036418127759747202 0.04128927933853891 0.066123999679088469 -0.0083863831451138886 0.091006949444710203 0.095083466405935929 -0.036676839812495865 -0.031095935476683618 -0.0040664561863068462 0.0208698779547511 -0.064848305597852055 -0.041591966606881338 -0.023193270558363042 -0.018701617118053904 0.08079703191824289 0.020468052883222697 -0.0060472363627729559 0.018882985004615355 0.071235531947425323 -0.13129027872862647 0.048956565258732695
leaf_weight=56 87 99 56 91 61 96 61 54 81 77 51 70 62 96 88 55 95 70 85 56 61 84 64 52 95 94 60 61 57 61 72 71 57 61
leaf_count=56 87 99 56 91 61 96 61 54 81 77 51 70 62 96 88 55 95 70 85 56 61 84 64 52 95 94 60 61 57 61 72 71 57 61
internal_value=0 0.0183419 -0.0426614 -0.0482161 -0.0414251 -0.0548249 -0.0284837 -0.0104755 -0.0311629 -0.0780044 0.000181441 -0.00768737 -0.0149038 0.0321439 -0.00687652 0.0202302 0.0318994 0.038272 0.0306357 0.00836067 0.0374154 0.0266853 0.0648888 -0.0188252 -0.00922106 0.00793431 -0.0571381 0.0416147 0.0288427 0.0249276 -0.00391492 0.0502892 -0.103492 0.0737944
internal_weight=2497 1747 750 694 638 442 212 196 142 230 750 603 533 147 471 142 997 781 650 216 555 406 149 329 277 182 151 273 212 160 133 128 134 131
internal_count=2497 1747 750 694 638 442 212 196 142 230 750 603 533 147 471 142 997 781 650 216 555 406 149 329 277 182 151 273 212 160 133 128 134 131
is_linear=0
shrinkage=0.0490752


Tree=40
num_leaves=38
num_cat=0
split_feature=10 31 6 31 11 2 36 25 6 2 4 4 4 31 24 24 24 5 5 24 6 4 36 5 8 4 5 6 6 25 8 2 2 5 11 34 6
split_gain=558.335 186.528 183.653 139.07 119.607 118.97 184.458 123.855 100.448 90.4025 80.0903 138.539 104.137 84.0952 89.1401 79.8326 73.9283 73.3248 72.2034 71.8214 74.6966 71.3243 71.1913 64.4801 79.0269 61.4322 48.0454 47.759 45.2198 47.8928 56.561 42.0353 39.2008 31.764 25.2343 24.9889 23.2339
threshold=4.5000000000000009 6.4166666666666679 0.58450000000000013 1.9999999999999989 169.50000000000003 1.0510000000000022 9.5000000000000018 57.250000000000007 3.0356666666666672 3.9460000000000055 1.3865000000000001 1.2395000000000003 1.4945000000000002 -0.58333333333333204 34.050000000000004 26.900000000000002 30.650000000000002 21.500000000000004 15.500000000000002 43.350000000000009 0.29633333333333339 1.5752500000000003 6.5000000000000009 13.500000000000002 12.500000000000002 0.45150000000000007 8.5000000000000018 1.0513333333333332 1.8085000000000002 48.350000000000009 15.500000000000002 0.60950000000000426 1.563500000000005 15.500000000000002 11.500000000000002 33.500000000000007 1.8791666666666671
decision_type=2 2 10 2 2 10 2 2 10 10 10 10 10 2 2 2 2 8 8 2 10 10 2 10 2 10 10 10 10 2 2 8 8 8 2 2 10
left_child=1 3 -2 5 -5 15 -7 -8 9 10 11 13 -12 27 16 -1 -15 21 -6 20 -17 -14 -10 28 -25 -22 -27 -4 -23 -30 -31 -28 -13 -16 -26 -24 -19
right_child=2 -3 8 4 18 6 7 -9 22 -11 12 32 17 14 33 19 -18 36 -20 -21 25 23 35 24 34 26 31 -29 29 30 -32 -33 -34 -35 -36 -37 -38
leaf_value=0.00786294109372105 -0.069868208800936943 -0.11223463947849989 0.0095386999954280068 0.055066261436971305 -0.052625550125694052 -0.067525504458879573 0.061069526105847649 -0.022587371740685036 0.0053310478985713946 -0.035310865583573672 0.07789775123380667 -0.072393653620505399 -0.019815611559946836 -0.011365281802894185 -0.058830789500335157 -0.10177603596346671 0.068550527548077167 -0.037372204783997887 0.022459600168020215 -0.012384499482520576 -0.0021434710472834255 -0.0081017362367437271 0.088973477391355416 0.01573971320085555 0.055304451134505571 -0.022653334870082038 -0.10795492415872804 0.067152321187831779 0.0024222131911473131 0.081950570389377336 0.016240516821040701 -0.040965240883022037 -0.01218274357642609 -0.0050752419969326713 0.11156620504237402 0.040880255596604805 0.0064406856792551094
leaf_weight=51 51 58 60 85 66 75 90 74 57 73 91 54 59 51 52 100 53 50 51 79 55 87 86 71 64 57 63 92 81 66 66 50 55 56 50 60 58
leaf_count=51 51 58 60 85 66 75 90 74 57 73 91 54 59 51 52 100 53 50 51 79 55 87 86 71 64 57 63 92 81 66 66 50 55 56 50 60 58
internal_value=0 -0.0294585 0.0182172 -0.0235771 0.0119012 -0.0339832 -0.0055739 0.0233842 0.0214373 0.0162263 0.0194647 0.00351327 0.0294814 0.0181742 -0.0016934 -0.0486224 0.0299206 0.0222211 -0.0198232 -0.0558809 -0.0660287 0.0295519 0.0533484 0.0357697 0.0585043 -0.0484464 -0.0627551 0.0455426 0.0210107 0.0330601 0.0508823 -0.0811159 -0.0439346 -0.0325586 0.0833037 0.0711328 -0.0140045
internal_weight=2497 954 1543 896 202 694 239 164 1492 1289 1216 473 743 364 212 455 104 652 117 404 325 544 203 485 185 225 170 152 300 213 132 113 109 108 114 146 108
internal_count=2497 954 1543 896 202 694 239 164 1492 1289 1216 473 743 364 212 455 104 652 117 404 325 544 203 485 185 225 170 152 300 213 132 113 109 108 114 146 108
is_linear=0
shrinkage=0.0490752


Tree=41
num_leaves=38
num_cat=0
split_feature=13 2 4 24 28 2 4 19 2 2 23 16 28 23 14 14 24 34 14 23 19 31 25 4 25 37 2 28 4 34 13 25 14 25 12 25 12
split_gain=484.812 136.931 133.593 83.0692 80.3684 131.215 121.485 78.2655 127.612 85.0426 79.585 75.9575 136.492 90.9533 86.7993 116.082 73.7813 72.5441 68.7232 70.907 79.643 88.5747 61.291 59.0842 52.5415 51.3377 48.7178 43.5195 40.1834 36.7614 36.2016 28.3242 27.9943 32.9336 19.7283 12.5338 7.2007
threshold=3.1000000000000005 0.68149999999999988 0.72900000000000009 26.550000000000001 -1.8333333333333333 0.068000000000004918 0.45150000000000007 12.450000000000001 1.3960000000000081 0.96250000000000568 27.150000000000002 0.78888888888888908 2.0043925137104659 19.600000000000005 4.5000000000000009 11.250000000000002 41.250000000000007 24.500000000000004 9.5000000000000018 22.100000000000005 11.725000000000001 0.99999999999999944 54.600000000000009 0.21350000000000002 55.150000000000006 2019.5000000000002 1.5339999999999991 -1.0902380952380952 1.8265000000000002 23.500000000000004 1.0000000180025095e-35 55.600000000000001 12.500000000000002 61.800000000000004 8.9000000000000021 50.800000000000004 14.266666666666667
decision_type=10 10 10 2 2 8 10 10 8 10 2 10 2 2 10 10 2 2 8 2 10 2 2 10 2 2 10 2 10 2 10 2 8 2 10 2 10
left_child=2 3 -1 -2 -5 35 23 8 22 -9 25 13 16 -3 -15 26 17 -13 -10 -20 21 -21 -4 -7 -8 28 34 -12 -11 -30 -29 36 -33 -34 -16 -6 -27
right_child=1 11 7 4 5 6 24 9 18 10 27 12 -14 14 15 -17 -18 -19 19 20 -22 -23 -24 -25 -26 31 -28 30 29 -31 -32 32 33 -35 -36 -37 -38
leaf_value=-0.045770161398811682 0.011988178082579674 -0.036520154504052917 0.0010304864822408518 -0.0067493757260982529 -0.070918825265343363 -0.031450637780203725 -0.09530489332595414 0.08944543734380847 0.067193019360139147 -0.0087584740712786172 -0.034721519032688351 -0.031787607507797182 -0.098390463104848544 0.073536138114220176 -0.057189881801061902 0.053513848565250065 -0.055014463327853258 0.036636865493391221 -0.020384110868794436 0.01418910288770802 -0.018059952677361053 0.096817357001741919 -0.063657017085580178 0.035339863489980958 -0.027788051915910671 0.088064654496898251 0.013705409584419508 -0.0086556761388420379 0.058959541307714018 0.00701558534667428 0.040586832761641642 0.006185080243029069 0.017624218103936159 0.067076379088872221 -0.012512984846709117 -0.12326602156218801 0.050478322093459566
leaf_weight=66 58 92 67 91 50 70 79 58 67 78 54 59 50 52 54 80 58 87 98 75 54 54 67 52 52 54 73 68 68 67 67 55 60 90 51 61 61
leaf_count=66 58 92 67 91 50 70 79 58 67 78 54 59 50 52 54 80 58 87 98 75 54 54 67 52 52 54 73 68 68 67 67 55 60 90 51 61 61
internal_value=-2.98538e-06 -0.0230296 0.0202378 -0.0419485 -0.0489753 -0.0592123 -0.0383637 0.0238607 0.00808638 0.0334558 0.0284287 -0.00799785 -0.0288184 0.00518808 0.0180263 0.00571148 -0.0099869 0.00854822 0.0237892 0.0124806 0.0304027 0.0509943 -0.0318509 -0.00237587 -0.0704648 0.0380713 -0.0161959 0.000757439 0.0185382 0.0344656 0.0158866 0.0505369 0.0377687 0.0485739 -0.0371806 -0.103357 0.0708765
internal_weight=2497 1169 1328 513 455 364 253 1262 482 780 722 656 254 402 310 258 204 146 348 281 183 129 134 122 131 533 178 189 213 135 135 320 205 150 105 111 115
internal_count=2497 1169 1328 513 455 364 253 1262 482 780 722 656 254 402 310 258 204 146 348 281 183 129 134 122 131 533 178 189 213 135 135 320 205 150 105 111 115
is_linear=0
shrinkage=0.0490752


Tree=42
num_leaves=37
num_cat=0
split_feature=17 4 9 8 23 4 2 14 18 18 35 37 17 17 18 29 13 19 37 35 4 19 19 9 13 17 5 4 18 37 19 22 22 30 2 18
split_gain=464.003 151.271 135.714 103.149 202.428 111.254 160.772 92.1677 76.0013 75.5344 69.8027 63.7088 60.498 124.119 92.1636 59.1297 92.9303 55.4071 67.6096 74.7267 52.8256 52.7768 50.0382 44.5715 74.1147 64.0238 51.2318 44.6591 44.643 54.8974 64.0816 42.5597 33.2107 30.4426 17.1076 12.8668
threshold=8.1125000000000025 0.64250000000000018 73.500000000000014 2.5000000000000004 18.150000000000002 0.34850000000000003 1.6625000000000016 13.500000000000002 7.1000000000000005 6.5500000000000007 13.500000000000002 2021.5000000000002 11.850000000000003 12.683333333333335 10.816666666666668 0.30952380952380959 17.450000000000003 13.725000000000001 2019.5000000000002 19.500000000000004 1.5480000000000003 8.2750000000000021 12.683333333333335 13.500000000000002 2.3000000000000003 10.050000000000002 13.500000000000002 2.5895000000000006 11.29166666666667 2021.5000000000002 13.225000000000001 0.34313725490196084 0.65686274509803932 0.16833333333333328 2.4140000000000019 6.4500000000000011
decision_type=10 10 2 2 2 10 8 10 8 8 2 2 10 10 10 2 10 10 2 2 10 8 10 2 10 10 10 10 8 2 10 2 2 2 8 10
left_child=3 11 7 15 -5 9 10 8 31 -6 21 -2 14 -14 -9 16 -1 20 19 -19 -15 35 -22 24 27 -25 32 28 -10 30 -30 -3 -27 34 -20 -7
right_child=1 2 -4 4 5 6 -8 12 23 -11 -12 -13 13 17 -16 -17 -18 18 33 -21 22 -23 -24 25 -26 26 -28 -29 29 -31 -32 -33 -34 -35 -36 -37
leaf_value=-0.10721998642056077 -0.067093166879028554 0.0048689010519934193 -0.042661522320268062 0.068213684112127859 0.054678196552432085 -0.10520817738619907 0.025027355612209205 0.11365281584279137 0.039719123548408022 -0.024162244553171317 -0.014765866194607777 0 -0.032149413395347749 0.087490799098624672 0.027228310582818504 -0.011779357927154087 -0.033314047570133253 -0.050394051048687029 0.033402495827292281 0.030051065800626862 -0.00020156057190463946 -0.033773833389724693 0.061169635436652457 0.036505883590083443 0.077962801949991639 -0.061296275247138647 0.016043065105411432 0.058326285473331296 -0.062042989173975847 0.026444086389666062 0.0092075928357797324 -0.054519500200908934 -0.01003841240827295 0.01253360153187516 0.074518317612395454 -0.064553421355563939
leaf_weight=89 68 51 79 53 52 75 68 52 78 57 79 65 70 78 75 54 87 51 76 52 56 80 66 89 56 50 89 51 54 82 60 58 81 80 54 82
leaf_count=89 68 51 79 53 52 75 68 52 78 57 79 65 70 78 75 54 87 51 76 52 56 80 66 89 56 50 89 51 54 82 60 58 81 80 54 82
internal_value=-3.22626e-06 0.0141799 0.0184301 -0.0314341 -0.0194408 -0.0294298 -0.0417877 0.0217638 0.0101655 0.0136089 -0.056451 -0.0352765 0.0346187 0.0274465 0.0653482 -0.058887 -0.0724915 0.0358571 0.0222475 -0.00970931 0.0560724 -0.0696724 0.0334834 0.0162433 0.0273991 0.00215868 -0.0119142 0.0177065 0.00924832 -0.00317535 -0.0250705 -0.0270958 -0.0311873 0.0380421 0.0525405 -0.0863827
internal_weight=2497 1721 1588 776 546 493 384 1509 799 109 316 133 710 583 127 230 176 513 313 103 200 237 122 690 381 309 220 325 274 196 114 109 131 210 130 157
internal_count=2497 1721 1588 776 546 493 384 1509 799 109 316 133 710 583 127 230 176 513 313 103 200 237 122 690 381 309 220 325 274 196 114 109 131 210 130 157
is_linear=0
shrinkage=0.0490752


Tree=43
num_leaves=38
num_cat=0
split_feature=1 1 19 31 10 22 4 18 18 22 31 3 0 19 4 31 4 3 18 4 3 17 6 14 24 31 10 22 4 14 24 18 31 3 19 9 3
split_gain=588.759 111.52 90.8649 86.9684 103.918 81.2151 98.5614 76.803 129.5 110.968 93.991 75.3547 74.1356 110.089 69.6231 69.3634 58.544 85.091 53.9334 54.8381 71.7261 58.441 45.8646 45.276 114.975 90.8773 82.0142 51.2144 63.1707 44.1397 43.7318 41.9994 35.4847 42.215 32.713 30.1534 23.5198
threshold=7.5000000000000009 15.500000000000002 10.145833333333334 -6.8333333333333313 6.5000000000000009 0.79112554112554123 1.4805000000000004 10.100000000000001 9.1000000000000014 0.90692640692640702 -1.3333333333333333 94.332000000000008 2.5000000000000004 4.1625000000000005 0.51400000000000012 0.66666666666666674 0.82350000000000001 82.104000000000013 6.5500000000000007 1.7325000000000002 91.030500000000004 14.15 0.96450000000000002 13.500000000000002 37.300000000000004 -0.91666666666666596 7.5000000000000009 0.74458874458874469 1.5255000000000003 3.5000000000000004 41.250000000000007 12.100000000000001 -1.6666666666666663 78.742000000000004 10.366666666666669 3.5000000000000004 91.381500000000017
decision_type=8 8 10 2 2 2 8 10 10 2 2 10 2 8 10 2 10 10 10 10 8 10 10 10 2 2 2 2 10 10 2 10 2 10 10 2 10
left_child=3 2 5 -1 7 6 16 8 9 10 29 12 13 -12 -14 34 -2 -18 -3 20 21 -20 -16 25 26 31 -25 28 -27 -5 32 -4 -21 -34 -9 -35 -8
right_child=1 18 23 4 -6 -7 36 15 -10 -11 11 -13 14 -15 22 -17 17 -19 19 30 -22 -23 -24 24 -26 27 -28 -29 -30 -31 -32 -33 33 35 -36 -37 -38
leaf_value=0.028228277541899393 -0.018202833971806578 0.081768002926015507 0.0089095766943534747 -0.10676279376890828 0.02577954681302835 -0.063710945516250894 -0.059736628975253912 -0.056254822217450297 0.039223322264515394 0.01864969351952404 -0.019289986084744162 0.019818187885535264 0.023252515392693907 -0.12313388138664318 -0.07425620128907981 -0.033677588915471818 0.078253862905652852 -0.0049513419348155034 0 0.059121556418881005 -0.039036353371962935 0.062130839339493871 -0.0076594186669566031 0.0920294192475586 -0.0071749586838720835 -0.061529891420792564 0.019651199384797324 0.018696256125406898 0.0012792408678076886 -0.044654318045747148 0.070145417771958485 0.056235665147492932 -0.018310733578285773 0.047572376519759034 -0.12172096602537581 0.0029878930078914051 -0.012365389762847921
leaf_weight=50 56 50 98 76 57 59 54 50 53 67 50 53 54 51 52 94 62 51 90 71 53 58 50 83 99 73 75 73 74 62 89 88 52 97 56 62 55
leaf_count=50 56 50 98 76 57 59 54 50 53 67 50 53 54 51 52 94 62 51 90 71 53 58 50 83 99 73 75 73 74 62 89 88 52 97 56 62 55
internal_value=0 0.0174794 0.00721576 -0.0323737 -0.0362228 -0.0133487 -0.00174389 -0.0409966 -0.0312439 -0.0388338 -0.0476275 -0.0316831 -0.042632 -0.0748523 -0.020132 -0.0673129 0.0213857 0.0413786 0.0337523 0.0289384 0.00777715 0.025444 -0.0435763 0.0177597 0.0337776 0.00727255 0.0592922 -0.0138313 -0.0303775 -0.081222 0.0400692 0.0322626 0.0295683 0.0184922 -0.0944143 0.0309829 -0.0375365
internal_weight=2497 1622 1000 875 825 337 278 768 568 515 448 310 257 101 156 200 169 113 622 572 201 148 102 663 257 406 158 220 147 138 371 186 282 211 106 159 109
internal_count=2497 1622 1000 875 825 337 278 768 568 515 448 310 257 101 156 200 169 113 622 572 201 148 102 663 257 406 158 220 147 138 371 186 282 211 106 159 109
is_linear=0
shrinkage=0.0490752


Tree=44
num_leaves=39
num_cat=0
split_feature=0 11 9 31 31 31 5 5 36 32 23 36 31 32 4 0 32 4 4 17 36 21 5 36 31 18 0 15 23 32 36 17 9 31 21 23 4 18
split_gain=442.587 129.999 119.397 110.326 123.528 194.087 143.529 126.795 116.134 98.4186 90.9089 84.6572 66.5702 58.2712 53.0216 52.9123 47.7737 56.1268 97.0844 84.4928 68.742 45.3939 45.3142 27.3445 37.8774 23.977 22.6381 74.59 34.3235 21.932 35.2592 53.8623 24.1056 21.6891 22.9982 10.9314 4.59864 3.01019
threshold=9.5000000000000018 84.500000000000014 233.50000000000003 6.4166666666666679 0.33333333333333343 0.99999999999999878 17.500000000000004 13.500000000000002 15.000000000000002 0.47222222222222227 22.750000000000004 15.000000000000002 -1.5833333333333328 0.47222222222222227 1.2915000000000003 4.5000000000000009 0.2678571428571429 1.0927500000000003 1.3455000000000001 11.65 22.500000000000004 -2.4999999999999996 1.5000000000000002 1.5000000000000002 3.7500000000000013 13.708333333333334 3.5000000000000004 11.500000000000002 23.350000000000005 0.5634920634920636 24.500000000000004 12.450000000000001 2.5000000000000004 -0.66666666666666619 1.0000000180025095e-35 25.450000000000003 2.1605000000000003 14.550000000000002
decision_type=2 2 2 2 2 2 10 8 2 2 2 2 2 2 10 2 2 8 10 8 2 10 10 2 2 8 2 8 2 2 2 10 2 2 10 2 10 8
left_child=2 16 3 4 7 -6 9 26 21 15 -3 -11 13 -10 -12 -7 33 19 20 -18 -19 -9 25 -24 29 -20 -1 28 -28 30 31 -25 -31 -2 -35 -34 -32 -33
right_child=1 10 -4 -5 5 6 -8 8 12 11 14 -13 -14 -15 -16 -17 17 18 22 -21 -22 -23 23 24 -26 -27 27 -29 -30 32 36 37 35 34 -36 -37 -38 -39
leaf_value=-0.071647283837311865 0.075332396023520376 -0.053370113324610599 -0.079493021331372107 -0.078910169976912803 0.090067286037920261 -0.021583680211003368 0.058287197309419468 0.064830033281524271 -0.040938632342621219 -0.0039046231454912535 -0.020163634051818032 -0.074544709659208591 -0.059378922297974743 0.026962966418180315 0.047250335052686721 0.04392647973609172 0.09705434260753458 -0.056327858841788113 -0.029159142868566218 0.01741852144667708 0.014031126919161141 0.0050471841437043936 -0.0046088290897364128 0.0057932605981651786 -0.0078534602707930716 0.01650490045996568 -0.031407505176559908 0.0030262485489136394 -0.084443876725465827 0.028219698375407255 0.012363781465517891 0.071159239598470217 0.082294379200460469 0.05419996918945278 0.010465463789772459 0.040731688513659159 -0.0076356082456328737 0.041204830896552004
leaf_weight=92 55 88 78 63 55 51 63 50 51 73 53 95 90 64 51 60 52 66 52 85 60 77 52 78 50 50 70 66 67 98 50 60 55 66 59 50 51 51
leaf_count=92 55 88 78 63 55 51 63 50 51 73 53 95 90 64 51 60 52 66 52 85 60 77 52 78 50 50 70 66 67 98 50 60 55 66 59 50 51 51
internal_value=-1.11382e-06 0.0192753 -0.0220736 -0.0176358 -0.0135298 0.00775237 -0.00621857 -0.0270474 -0.00592748 -0.021568 -0.0176537 -0.0449302 -0.0286948 -0.00309421 0.0129567 0.0136903 0.0255775 0.0209777 0.0158945 0.0498647 -0.023035 0.0302038 0.0230923 0.028262 0.0315106 -0.00652817 -0.0502597 -0.039148 -0.0593317 0.0356327 0.0259738 0.038288 0.0484351 0.0488661 0.034891 0.0651459 0.00188773 0.0597111
internal_weight=2497 1332 1165 1087 1024 397 342 627 332 279 192 168 205 115 104 111 1140 960 823 137 126 127 697 595 543 102 295 203 137 493 290 189 203 180 125 105 101 111
internal_count=2497 1332 1165 1087 1024 397 342 627 332 279 192 168 205 115 104 111 1140 960 823 137 126 127 697 595 543 102 295 203 137 493 290 189 203 180 125 105 101 111
is_linear=0
shrinkage=0.0490752


Tree=45
num_leaves=40
num_cat=0
split_feature=2 11 38 22 2 2 2 11 11 19 13 22 31 2 35 19 13 34 20 36 30 2 20 34 31 33 2 19 31 24 19 24 11 13 2 8 8 34 13
split_gain=345.806 138.65 111.642 103.616 97.6572 142.229 90.308 125.207 82.4917 217.689 117.461 87.8079 85.6889 88.6143 81.3468 77.8241 78.0569 77.2915 71.1943 70.6156 68.2663 58.6256 54.0874 53.3578 64.5983 61.2102 63.6038 70.3473 61.3468 41.3579 87.6522 81.445 57.9295 57.3568 46.9965 42.1111 34.3506 29.0605 28.2687
threshold=1.5339999999999991 55.500000000000007 8.5000000000000018 0.41042780748663105 1.3255000000000055 1.1685000000000019 6.3344999999999922 34.500000000000007 344.00000000000006 4.8166666666666673 4.7000000000000002 0.86038961038961048 -2.8333333333333326 0.68149999999999988 10.000000000000002 9.1833333333333353 3.6333333333333337 4.5000000000000009 9.5000000000000018 15.000000000000002 0.18095238095238092 0.23600000000000068 15.500000000000002 29.500000000000004 3.3333333333333335 1.0000000180025095e-35 1.7334999999999996 11.550000000000002 -1.9999999999999991 37.300000000000004 13.950000000000001 32.250000000000007 18.500000000000004 1.9000000000000001 2.3504999999999936 15.500000000000002 14.500000000000002 24.500000000000004 2.5000000000000004
decision_type=10 2 2 2 8 10 10 2 2 10 8 2 2 10 2 8 8 2 10 2 2 10 10 2 2 2 10 8 2 2 8 2 2 8 10 2 2 2 10
left_child=1 2 15 14 5 8 17 -8 10 11 -5 -10 -12 21 -3 20 19 -2 -4 -17 -1 -14 -20 24 29 26 -25 38 -29 31 32 33 -31 35 -33 -19 -30 -16 -28
right_child=6 3 18 4 -6 -7 7 -9 9 -11 12 -13 13 -15 37 16 -18 23 22 -21 -22 -23 -24 25 -26 -27 27 28 36 30 -32 34 -34 -35 -36 -37 -38 -39 -40
leaf_value=0.056889670257635812 -0.024198839487835033 -0.012576178843576239 -0.014820047957924415 -0.060239858910616707 -0.080397531330011235 0.060962686364350441 0.031405307818656421 -0.069084543686045455 -0.043066621366924095 -0.1085461728943336 0.063979474940680278 0.043921242854261557 0.0072943964110142581 0.035535173031983877 -0.052707268121319206 0.022068229133880585 -0.071956649224484789 -0.033589371388202234 0.078468205534275276 -0.045280620092426192 -0.019668736732876373 -0.06099091880504965 0.013715968618018701 -0.043621461798101044 0.078880059136514913 0.046915766838987565 0.069134705118062106 0.04063462295907614 -0.048009584425953794 0.016034384361578731 0.047407048408621512 0.10744211443216639 -0.051575826300889194 0.055740725582599647 0.039002870909510788 0.023750539389416011 -0.000572471168355982 -0.1104698777244187 0.01537704169614032
leaf_weight=52 74 56 52 71 56 51 52 60 54 77 51 50 50 73 57 75 73 50 73 67 52 66 59 53 74 100 53 51 58 60 89 52 54 64 61 68 96 63 50
leaf_count=52 74 56 52 71 56 51 52 60 54 77 51 50 50 73 57 75 73 50 73 67 52 66 59 53 74 100 53 51 58 60 89 52 54 64 61 68 96 63 50
internal_value=0 -0.0178105 0.00216591 -0.0307845 -0.0206823 -0.0138985 0.0186678 -0.0225219 -0.0221809 -0.048189 -0.00647397 -0.00071198 0.00994624 -0.00538812 -0.0636858 -0.0152489 -0.0320027 0.0229447 0.0323068 -0.00973599 0.0188335 -0.0318743 0.051126 0.0264486 0.0364897 0.0136799 0.00393072 0.0127194 -0.00382154 0.0295223 0.0118051 0.0412326 -0.016227 0.0198124 0.0734795 -0.000442132 -0.0195032 -0.0859802 0.045029
internal_weight=2497 1278 503 775 599 543 1219 112 492 181 311 104 240 189 176 319 215 1107 184 142 104 116 132 1033 572 461 361 308 205 498 203 295 114 182 113 118 154 120 103
internal_count=2497 1278 503 775 599 543 1219 112 492 181 311 104 240 189 176 319 215 1107 184 142 104 116 132 1033 572 461 361 308 205 498 203 295 114 182 113 118 154 120 103
is_linear=0
shrinkage=0.0490752


Tree=46
num_leaves=38
num_cat=0
split_feature=1 1 13 13 30 24 0 14 3 12 13 24 9 24 14 12 24 12 12 14 8 3 21 21 6 29 6 8 9 1 12 0 9 3 12 13 24
split_gain=462.684 109.711 69.4361 81.2838 67.6586 95.4382 108.105 115.256 93.4152 53.0287 54.2993 48.1669 61.5008 55.7926 47.0233 67.771 36.7925 34.2048 92.2184 31.0073 29.7871 74.2698 66.3965 63.6083 35.695 39.8071 62.3628 38.9211 27.5467 27.5007 20.6102 29.1418 24.2755 19.7368 15.8234 12.6162 10.7976
threshold=6.5000000000000009 12.500000000000002 21.500000000000004 18.300000000000001 0.14499999999999999 32.250000000000007 2.5000000000000004 4.5000000000000009 78.057500000000019 6.1000000000000005 7.1000000000000005 37.550000000000004 17.500000000000004 32.800000000000004 13.500000000000002 11.100000000000001 41.850000000000009 5.9000000000000012 7.9000000000000012 9.5000000000000018 18.500000000000004 109.081 5.5000000000000009 4.5000000000000009 2.6100000000000003 0.30952380952380959 1.6726666666666667 12.500000000000002 31.500000000000004 15.500000000000002 12.900000000000002 14.500000000000002 2.5000000000000004 92.814000000000007 16.266666666666669 14.300000000000002 28.300000000000001
decision_type=8 8 8 10 2 2 2 10 10 10 10 2 2 2 10 10 2 10 10 10 2 8 10 10 10 2 10 2 2 10 10 2 2 10 10 10 2
left_child=2 9 3 4 8 6 -6 -8 -1 -2 11 13 16 14 15 -11 -13 35 -19 -14 21 22 23 24 25 27 -27 -3 -15 -24 -29 -32 -33 -26 -22 -7 -9
right_child=1 20 -4 -5 5 17 7 36 -10 10 -12 12 19 28 -16 -17 -18 18 -20 -21 34 -23 29 -25 33 26 -28 30 -30 -31 31 32 -34 -35 -36 -37 -38
leaf_value=0.048882250565583478 -0.041377896288431984 -0.0017760565867837009 -0.084150112905080884 0.029371422215299203 -0.069415977721198008 -0.10029736640831348 0.063708670616567001 -0.0054414741085670321 -0.032846026626022262 0.010515335350390658 0.042917986812974956 -0.022650368863027348 -0.017840682025713376 0.014916997425858123 0.024763722878351557 -0.050902151433330461 0.029620225257625542 -0.00078291130735017088 -0.072912002716230287 -0.071976024881175743 0.058321731264360181 -0.031072250662619642 0.024067292235525409 -0.030589352554774067 0.062507356520265192 0.024130044502111397 -0.044658721832601014 0.053408232085023231 0.062515210137049179 0.0711276696956291 -0.0057143286858742353 0.060419049392955025 0.011817843408171037 0.019260721831649848 0.021365821321320567 -0.055918201489312327 -0.038129261449757999
leaf_weight=51 65 97 55 52 59 56 52 53 83 86 72 56 61 78 86 79 66 76 98 50 89 58 58 56 71 63 56 89 51 90 55 51 55 52 57 63 52
leaf_count=51 65 97 55 52 59 56 52 53 83 86 72 56 61 78 86 79 66 76 98 50 89 58 58 56 71 63 56 89 51 90 55 51 55 52 57 63 52
internal_value=0 0.0138415 -0.0321411 -0.0275032 -0.0323299 -0.0404443 -0.0149922 0.00635325 -0.00087486 -0.000283526 0.00375887 -0.00100555 -0.0184709 0.00965475 -0.0037273 -0.0191004 0.00527766 -0.0585933 -0.0423999 -0.0442876 0.0244757 0.0206767 0.0246585 0.0175363 0.0223681 0.0157516 -0.00823413 0.0241179 0.0354019 0.0541128 0.0342305 0.0223069 0.0369782 0.0457789 0.0451639 -0.0797506 -0.0228765
internal_weight=2497 1747 750 695 643 509 216 157 134 750 685 613 233 380 251 165 122 293 174 111 997 851 793 645 589 466 119 347 129 148 250 161 106 123 146 119 105
internal_count=2497 1747 750 695 643 509 216 157 134 750 685 613 233 380 251 165 122 293 174 111 997 851 793 645 589 466 119 347 129 148 250 161 106 123 146 119 105
is_linear=0
shrinkage=0.0490752


Tree=47
num_leaves=40
num_cat=0
split_feature=0 9 6 6 9 23 6 18 0 32 7 38 7 0 25 19 25 19 4 4 23 10 23 6 7 32 18 0 8 9 18 6 6 12 12 7 19 38 23
split_gain=340.344 102.847 91.9451 88.5967 77.4968 93.2903 113.968 84.2273 88.3324 82.1161 70.3791 101.25 85.6551 57.7321 63.2074 49.811 68.2637 48.7903 49.0218 92.8121 56.2236 48.2773 45.7961 59.7234 54.4262 43.2007 43.369 42.8708 41.97 41.7731 44.1047 38.421 49.7231 34.6798 29.1542 31.4474 14.3904 14.337 7.57628
threshold=9.5000000000000018 233.50000000000003 2.302 0.65316666666666678 180.00000000000003 18.150000000000002 0.95383333333333342 3.9000000000000004 6.5000000000000009 0.77500000000000013 -0.19150000000000428 9.5000000000000018 0.19199999999999903 1.5000000000000002 63.850000000000001 7.791666666666667 55.600000000000001 9.2750000000000021 1.4045000000000003 1.0927500000000003 26.150000000000002 9.5000000000000018 18.400000000000002 2.2922500000000006 0.033499999999998205 0.29285714285714287 15.225000000000001 12.500000000000002 11.500000000000002 16.500000000000004 7.6333333333333337 1.9969166666666669 2.5041666666666669 3.7000000000000006 13.900000000000002 -0.62150000000000505 12.775000000000002 13.500000000000002 24.250000000000004
decision_type=2 2 10 10 2 2 10 10 2 2 8 2 10 2 2 10 2 10 10 10 2 2 2 10 10 2 8 2 2 2 10 10 10 8 10 10 10 2 2
left_child=1 2 4 -2 5 6 -1 33 9 13 11 -10 38 -9 29 16 -5 -17 19 27 22 31 23 -20 25 -24 28 -19 -27 -15 -31 36 -33 -7 35 -21 -22 -30 -12
right_child=3 -3 -4 15 -6 7 -8 8 10 -11 12 -13 -14 14 -16 17 -18 18 20 34 21 -23 24 -25 -26 26 -28 -29 37 30 -32 32 -34 -35 -36 -37 -38 -39 -40
leaf_value=0.070074089797874634 -0.041332913990251172 -0.072617395148929079 0.033143428696780067 0.020482454525935632 0.021392857861256075 -0.033376473053759854 -0.02938659338199855 0.0013416473968457575 -0.013681304190464342 0.013592004881677333 -0.028457372801509988 0.078024340058852143 0.024005703020415964 -0.027524727726266435 -0.0040659338695915297 0.060866820843752618 -0.051203241686652488 -0.0014377139198816251 0.04610273906291032 -0.0069074978579709671 0.00020147903513305653 0.047846726073063388 0.095732555632961486 -0.021794183172874605 0.010179688989143426 0.063239740413082959 0.07208032149515238 0.053701209459902643 0.028133710074685826 -0.041464088022264194 -0.096612169330163977 -0.052014451827658847 0.012134332382041153 -0.091444314607687635 0.0061311340551374058 -0.061379771118561924 0.035997797371461804 -0.0056916249182494966 -0.062316249463832622
leaf_weight=50 56 78 83 72 97 55 53 51 59 63 50 50 60 66 53 74 51 53 52 51 60 54 51 66 94 50 86 82 50 70 110 59 50 65 54 55 50 62 52
leaf_count=50 56 78 83 72 97 55 53 51 59 63 50 50 60 66 53 74 51 53 52 51 60 54 51 66 94 50 86 82 50 70 110 59 50 65 54 55 50 62 52
internal_value=0 -0.0193409 -0.015224 0.0169189 -0.0193855 -0.0238744 0.0192377 -0.0295255 -0.0225084 -0.0366877 -0.000503788 0.0292042 -0.0210087 -0.0459279 -0.0540659 0.0196334 -0.00951963 0.0228078 0.01994 0.00265127 0.0263369 0.00796676 0.0359192 0.00824536 0.0439397 0.0541199 0.0440023 0.0322727 0.027441 -0.0644069 -0.0767824 -0.00231779 -0.0227555 -0.0671363 -0.0222161 -0.0368076 0.017588 0.0094269 -0.0478611
internal_weight=2497 1165 1087 1332 1004 907 103 804 684 413 271 109 162 350 299 1276 123 1153 1079 295 784 273 511 118 393 299 248 135 162 246 180 219 109 120 160 106 110 112 102
internal_count=2497 1165 1087 1332 1004 907 103 804 684 413 271 109 162 350 299 1276 123 1153 1079 295 784 273 511 118 393 299 248 135 162 246 180 219 109 120 160 106 110 112 102
is_linear=0
shrinkage=0.0490752


Tree=48
num_leaves=39
num_cat=0
split_feature=0 6 6 34 6 23 7 17 5 0 6 7 22 36 17 17 17 16 23 20 17 20 36 22 23 34 7 24 0 7 34 0 37 20 22 7 17 17
split_gain=309.605 83.5767 80.6929 60.6875 116.768 314.443 123.651 87.3942 74.0821 107.879 117.727 72.7283 94.7512 66.3477 93.8479 64.9807 60.2192 54.3618 57.0363 82.8785 62.8859 69.048 51.2828 70.7258 50.3991 64.727 52.7689 50.0098 53.8498 55.6524 47.9925 43.5044 43.1491 37.2178 34.7499 27.7076 20.2344 8.96414
threshold=9.5000000000000018 2.302 0.65316666666666678 30.500000000000004 0.84891666666666687 22.100000000000005 -0.23300000000000129 9.3500000000000032 18.500000000000004 7.5000000000000009 1.1944166666666669 -0.067500000000001142 0.58957219251336912 21.500000000000004 7.0500000000000007 5.1500000000000012 9.8375000000000021 0.88194444444444453 18.550000000000004 10.500000000000002 9.4500000000000011 10.500000000000002 25.500000000000004 0.37229437229437229 20.750000000000004 28.500000000000004 0.38999999999999341 37.300000000000004 12.500000000000002 0.033499999999998205 38.500000000000007 2.5000000000000004 2020.5000000000002 15.500000000000002 0.60497835497835506 -0.52100000000000224 14.633333333333335 7.8500000000000005
decision_type=2 10 10 2 10 2 8 10 8 2 10 10 2 2 8 8 10 10 2 10 8 10 2 2 2 2 10 2 2 8 2 2 2 10 2 10 10 8
left_child=1 3 -2 8 5 -5 -6 -8 9 13 -11 12 -10 14 31 -15 -16 18 19 -4 -20 22 23 -22 25 -23 27 30 -29 33 32 -1 35 -30 -21 -26 -35 -17
right_child=2 -3 17 4 6 -7 7 -9 11 10 -12 -13 -14 15 16 37 -18 -19 20 34 21 24 -24 -25 26 -27 -28 28 29 -31 -32 -33 -34 36 -36 -37 -38 -39
leaf_value=-0.083417612721212675 -0.03943792346520298 0.027257151413814046 0.043555161582103527 0.1216954771454011 0.033015384654400598 -0.02834150102883061 -0.095229436410351156 -0.012459426672048753 -0.063768340215472188 -0.047723363947236301 0.051369801347728491 0.040748832618426087 0.013442940248284583 -0.028247051270105759 0.041337477018735892 -0.062443734394357159 -0.029002741801107804 -0.025681093473441767 0.067153813572003965 -0.050332952480085916 0.016362191884614897 0.090430533156645468 0.031224761964935628 -0.047314966645681411 0.042975810593179301 0.014599240667739271 0.068638757082017735 -0.034413296005621416 0.055029979411715592 -0.024237932926153227 -0.0074483683900544214 -0.026031588708681976 0.067276589104341103 0.03009550535033562 0.0011305259610658008 -0.0050066839467951697 -0.010680388634715999 -0.10389671822877744
leaf_weight=71 56 85 54 51 50 83 62 63 67 50 58 58 79 71 50 57 60 59 78 66 76 64 74 84 58 51 53 63 73 60 51 70 100 53 54 50 55 80
leaf_count=71 56 85 54 51 50 83 62 63 67 50 58 58 79 71 50 57 60 59 78 66 76 64 74 84 58 51 53 63 73 60 51 70 100 53 54 50 55 80
internal_value=0 -0.0184409 0.0161427 -0.022169 -0.00354894 0.030251 -0.0298019 -0.0555525 -0.0295119 -0.0385932 0.00498777 -0.0037808 -0.0224059 -0.0489092 -0.0307927 -0.0695586 0.00286138 0.0187345 0.0210041 -0.00467897 0.0253373 0.0216469 -0.00134739 -0.0171015 0.0290424 0.0588144 0.0230661 0.0182414 0.00443643 0.015184 0.0339479 -0.0567515 0.0442804 0.0287568 -0.0274773 0.0209273 0.00924473 -0.0892292
internal_weight=2497 1165 1332 1080 309 134 175 125 771 567 108 204 146 459 251 208 110 1276 1217 174 1043 965 234 160 731 115 616 563 304 241 259 141 208 181 120 108 108 137
internal_count=2497 1165 1332 1080 309 134 175 125 771 567 108 204 146 459 251 208 110 1276 1217 174 1043 965 234 160 731 115 616 563 304 241 259 141 208 181 120 108 108 137
is_linear=0
shrinkage=0.0490752


Tree=49
num_leaves=38
num_cat=0
split_feature=1 31 31 31 7 36 7 1 18 18 9 7 4 18 18 7 19 17 36 24 1 7 17 9 19 25 15 4 4 10 24 24 36 7 9 4 19
split_gain=356.96 94.0277 108.615 91.6285 98.4804 117.593 124.681 84.0691 73.7223 71.8163 54.7896 53.5469 63.8386 50.4158 50.2826 82.4583 117.146 63.8843 54.5383 66.2113 53.0642 73.3832 70.7313 77.7594 64.688 47.817 48.9361 47.4419 56.4537 68.3314 44.1226 39.2914 46.6502 36.0505 33.4935 31.3587 17.6417
threshold=6.5000000000000009 -5.8333333333333313 -4.5833333333333321 6.1666666666666687 -0.14749999999999838 5.5000000000000009 -1.0000000180025095e-35 15.500000000000002 3.6333333333333337 6.366666666666668 101.50000000000001 0.38999999999999341 2.2670000000000003 6.5500000000000007 12.550000000000002 -0.23300000000000129 12.112500000000002 12.683333333333335 11.500000000000002 36.800000000000004 9.5000000000000018 -0.64099999999999768 11.550000000000002 34.500000000000007 11.85416666666667 58.000000000000007 9.5000000000000018 1.7325000000000002 1.5165000000000002 7.5000000000000009 32.95000000000001 41.250000000000007 5.5000000000000009 -0.32899999999999729 30.500000000000004 2.6235000000000004 14.225000000000001
decision_type=8 2 2 2 8 2 10 8 10 10 2 10 10 10 10 8 8 10 2 2 10 10 8 2 10 2 10 10 8 2 2 2 2 10 2 10 8
left_child=1 -1 -3 4 33 9 10 8 -2 -6 -7 14 -13 -9 18 16 -16 -17 19 -10 21 -20 23 -22 -24 26 -8 28 29 -15 -18 32 -29 -4 -23 36 -34
right_child=7 2 3 -5 5 6 25 13 11 -11 -12 12 -14 27 15 17 30 -19 20 -21 22 34 24 -25 -26 -27 -28 31 -30 -31 -32 -33 35 -35 -36 -37 -38
leaf_value=0.030883856389514974 -0.045030120963967343 -0.097042988138980144 -0.033630831368447633 -0.087500313824079176 -0.0046117825950660312 -0.018058894795340431 -0.022771671788741631 0.072709638899719847 -0.056632086094099955 0.075060438967576859 0.048510260622499655 0.077900269113957546 0.0047523278154225062 -0.012433523138780217 0.097117524919860032 -0.037450252456556601 0.046739708010219032 0.02008973474046909 -0.063206521184706058 0.0025084977382238052 0.078592610973475793 -0.020820388289832126 -0.048868637097438571 0.0030167549377307298 0.021935981376532868 -0.012572107168634109 -0.081304519347215456 -0.010335150642884457 -0.030737833967596308 0.057119166549308105 -0.010076380715926144 0.060625533006137114 0 -0.090908320083550848 0.032496001530594655 0.056867887685684265 0.036419418632787429
leaf_weight=56 65 56 76 52 52 50 64 50 90 50 62 50 66 65 56 81 51 98 52 85 66 52 51 65 67 89 93 73 73 63 77 89 68 50 53 85 56
leaf_count=56 65 56 76 52 52 50 64 50 90 50 62 50 66 65 56 81 51 98 52 85 66 52 51 65 67 89 93 73 73 63 77 89 68 50 53 85 56
internal_value=0 -0.0282271 -0.0332151 -0.0269741 -0.0209707 -0.0100884 -0.0234054 0.0121617 0.00407311 0.0353179 0.0187631 0.00728624 0.0382172 0.0265947 0.00329022 0.0175526 0.0402991 -0.00592435 -0.00559465 -0.0282088 0.00421011 -0.01771 0.0182868 0.0426425 -0.00885229 -0.0427946 -0.0588929 0.0220079 0.00245356 0.0221097 0.0129078 0.0323333 0.0225188 -0.0588084 0.00584116 0.0342046 0.01701
internal_weight=2497 750 694 638 586 460 358 1747 1125 102 112 1060 116 622 944 363 184 179 581 175 406 157 249 131 118 246 157 572 201 128 128 371 282 126 105 209 124
internal_count=2497 750 694 638 586 460 358 1747 1125 102 112 1060 116 622 944 363 184 179 581 175 406 157 249 131 118 246 157 572 201 128 128 371 282 126 105 209 124
is_linear=0
shrinkage=0.0490752


Tree=50
num_leaves=40
num_cat=0
split_feature=0 31 4 4 31 31 34 4 24 4 38 17 31 23 16 16 23 19 16 3 19 4 22 34 34 23 4 17 31 34 20 3 0 30 24 4 19 24 3
split_gain=253.762 80.3991 94.8795 132.26 113.819 143.257 79.8764 92.073 71.9999 67.7542 66.5269 63.5218 106.613 103.88 74.8235 57.5047 62.3587 136.121 50.197 63.2002 66.8675 59.0007 68.8795 62.9862 52.1081 45.7273 38.0032 67.7602 36.9493 36.1573 29.6462 55.6189 28.5289 27.7181 26.23 25.1042 23.8599 21.0865 10.7726
threshold=9.5000000000000018 6.4166666666666679 0.27500000000000008 0.39450000000000007 0.33333333333333343 1.1666666666666672 34.500000000000007 1.4875000000000003 43.000000000000007 0.64250000000000018 12.500000000000002 8.1833333333333353 -0.33333333333333476 21.850000000000005 0.43650793650793651 0.88194444444444453 18.400000000000002 11.725000000000001 0.5634920634920636 92.082000000000008 12.183333333333335 2.5895000000000006 0.42016806722689076 26.500000000000004 13.500000000000002 21.950000000000003 1.1165000000000003 13.450000000000001 -0.33333333333333248 36.500000000000007 4.5000000000000009 84.509500000000017 15.500000000000002 0.15625000000000003 37.45000000000001 1.8972500000000003 5.5500000000000007 37.70000000000001 87.259000000000015
decision_type=2 2 10 10 2 2 2 10 2 10 2 10 2 2 10 10 2 10 10 10 8 10 2 2 2 2 10 10 2 2 10 10 2 2 2 10 8 2 10
left_child=1 2 8 -4 11 -6 7 10 30 -2 -7 25 13 -13 -15 16 17 -11 21 20 -20 22 26 24 -24 36 -18 35 -23 37 31 -1 -19 -27 -26 -28 -5 -25 -29
right_child=9 -3 3 4 5 6 -8 -9 -10 15 -12 12 -14 14 -16 -17 18 32 19 -21 -22 28 23 29 34 33 27 38 -30 -31 -32 -33 -34 -35 -36 -37 -38 -39 -40
leaf_value=-0.071114167027970021 -0.030015992535371291 -0.069185356749841526 0.063902026981171964 0.0065842740027495456 0.07265632341704574 -0.0099780596310935239 0.045431013318207709 0.031746651803870339 0.0067393136840787644 -0.065650796723115856 -0.080659879119809041 -0.032355821477701378 -0.061520606621842062 -0.0029405410201799216 0.072671890795000277 -0.030351877766222654 0.067799248273271218 0.048056187564884431 0.086533973076197326 0.0021053146257878044 0.0151434809890863 0.076386078703892121 -0.018486464509759871 -0.016205195645041647 0.054562455490044862 -0.039825774995325122 -0.016870222983172683 0.066954151276976487 0.024740204838766624 0.0022900681774020524 -0.083408981711406233 -0.003396414635796562 -0.0010831507330878181 -0.089661215008356554 0.0097190561483384182 0.025088790867322869 -0.039141714644267585 -0.061979867012041438 0.028615049283534876
leaf_weight=57 73 63 57 50 69 73 52 52 56 59 58 81 64 56 64 54 50 55 95 60 52 57 61 57 71 85 90 52 97 84 63 60 51 54 63 50 51 51 50
leaf_count=57 73 63 57 50 69 73 52 52 56 59 58 81 64 56 64 54 50 55 95 60 52 57 61 57 71 85 90 52 97 84 63 60 51 54 63 50 51 51 50
internal_value=0 -0.0166918 -0.0134102 -0.00574927 -0.0110035 0.0125129 -0.0058474 -0.021333 -0.04076 0.0146179 -0.0430802 -0.0252441 -0.00824088 0.00934044 0.0380172 0.0173306 0.0196002 -0.00804529 0.0240474 0.0457107 0.0626622 0.0184151 0.0119501 -0.00154272 0.0177897 -0.0433797 0.0297816 0.0207651 0.0455979 -0.0213917 -0.0556334 -0.0380378 0.0247742 -0.0614705 0.0347173 -0.00126551 -0.0166383 -0.0396833 0.0503904
internal_weight=2497 1165 1102 866 809 304 235 183 236 1332 131 505 265 201 120 1259 1205 165 1040 207 147 833 679 387 195 240 292 242 154 192 180 117 106 139 134 140 101 108 102
internal_count=2497 1165 1102 866 809 304 235 183 236 1332 131 505 265 201 120 1259 1205 165 1040 207 147 833 679 387 195 240 292 242 154 192 180 117 106 139 134 140 101 108 102
is_linear=0
shrinkage=0.0490752


Tree=51
num_leaves=40
num_cat=0
split_feature=1 31 31 31 7 36 2 13 34 34 1 2 28 19 28 31 28 15 36 20 18 28 18 20 7 2 13 7 19 31 8 18 36 2 16 31 17 7 31
split_gain=300.466 86.0282 98.7152 78.5373 89.1013 105.715 140.008 111.751 126.241 73.4676 72.3673 95.6331 73.9273 116.715 67.2105 116.817 97.6177 107.62 100.693 65.5478 64.59 58.7565 47.257 45.9236 45.0613 59.7485 43.6299 32.9133 31.6646 48.1568 34.8775 30.6497 24.8708 31.6323 42.6355 26.7224 34.439 22.5806 16.5919
threshold=6.5000000000000009 -5.8333333333333313 -4.5833333333333321 6.1666666666666687 -0.14749999999999838 5.5000000000000009 0.054999999999992562 10.900000000000002 23.500000000000004 27.500000000000004 15.500000000000002 6.3344999999999922 1.9061147186147187 12.050000000000002 0.14285714285714277 4.7500000000000009 -1.3985294117647056 9.5000000000000018 9.5000000000000018 5.5000000000000009 6.366666666666668 0.46812894649385145 6.5500000000000007 9.5000000000000018 0.056499999999996157 1.7575000000000076 3.1000000000000005 -0.32899999999999729 10.550000000000002 0.66666666666666752 13.500000000000002 12.100000000000001 25.500000000000004 3.6890000000000076 0.10555555555555557 0.6666666666666653 14.15 -0.14749999999999838 1.0000000180025095e-35
decision_type=8 2 2 2 8 2 10 10 2 2 8 10 2 8 2 2 2 8 2 10 10 2 10 10 8 10 10 10 8 2 2 10 2 10 10 2 8 8 2
left_child=1 -1 -3 4 27 20 -7 9 -9 -8 11 12 14 -14 15 16 18 28 -2 -16 -6 -21 -12 -23 25 -20 32 -4 -18 30 -30 -25 33 34 -24 37 -37 -36 -34
right_child=10 2 3 -5 5 6 7 8 -10 -11 22 -13 13 -15 19 -17 17 -19 24 21 -22 23 26 31 -26 -27 -28 -29 29 -31 -32 -33 38 -35 35 36 -38 -39 -40
leaf_value=0.030603144679449294 0.063482027379393985 -0.091501209982106688 -0.031140522843719813 -0.080776012386220314 -0.0036440551349956143 -0.072666109759242425 0.0054563904507583961 -0.022482355416409892 0.077552848932443824 -0.061324135434069081 0.069150014290091238 -0.060043815978219603 -0.059407677315623249 0.03101136376025649 0.073011422627263595 0.065864181304138722 -0.034660202186715908 -0.086264656508054122 -0.056833443845858783 0.058235424945672659 0.071901803909652715 -0.027643189893390204 -0.027553994850416808 -0.0062644736129357772 0.029062600270607572 0.011888498672560898 -0.021887371225852149 -0.085782137798624508 0.045633764884550218 -0.030659671753872568 -0.0065895269216859481 0.042031758883472228 0.023361499360913481 0.050106453853430946 0.047215932056062122 -0.027551963249839891 0.02620463768001079 0.0056262092033197673 0.057616312434566073
leaf_weight=56 76 56 76 52 52 91 71 52 63 81 50 50 88 51 65 59 79 50 54 61 50 67 55 51 64 60 50 50 60 65 55 70 89 54 88 52 55 54 75
leaf_count=56 76 56 76 52 52 91 71 52 63 81 50 50 88 51 65 59 79 50 54 61 50 67 55 51 64 60 50 50 60 65 55 70 89 54 88 52 55 54 75
internal_value=0 -0.0258968 -0.0306736 -0.0247285 -0.0191647 -0.00881713 -0.0214547 -0.00301516 0.0326592 -0.0304652 0.0111584 0.00365092 0.00686778 -0.0259471 0.0118818 0.00239733 -0.00457857 -0.0230427 0.0177014 0.0302516 0.0342206 0.0179303 0.0245498 0.00366802 -0.00252656 -0.0210577 0.0201188 -0.0551483 -0.00953952 0.00172423 0.0208524 0.0217255 0.0243701 0.0165743 0.00989242 0.0186593 0 0.0323173 0.0403054
internal_weight=2497 750 694 638 586 460 358 267 115 152 1747 1125 1075 139 936 622 563 309 254 314 102 249 622 188 178 114 572 126 259 180 115 121 522 358 304 249 107 142 164
internal_count=2497 750 694 638 586 460 358 267 115 152 1747 1125 1075 139 936 622 563 309 254 314 102 249 622 188 178 114 572 126 259 180 115 121 522 358 304 249 107 142 164
is_linear=0
shrinkage=0.0490752


Tree=52
num_leaves=37
num_cat=0
split_feature=0 18 9 18 38 9 18 7 28 3 7 18 0 3 7 7 21 9 21 7 16 18 16 21 17 17 17 19 7 3 36 19 3 20 19 19
split_gain=214.117 104.841 70.4034 108.148 130.416 87.4266 77.6189 87.7257 70.5825 68.4464 148.788 66.7893 74.9064 130.577 191.447 64.3665 57.2858 53.1382 64.6086 48.8272 53.2441 101.127 43.5031 45.5564 41.9941 41.1802 40.0889 62.5625 52.637 38.13 35.7934 34.4206 27.6979 23.5634 22.2866 15.9641
threshold=11.500000000000002 3.6333333333333337 14.500000000000002 10.366666666666669 17.500000000000004 122.25000000000001 11.366666666666669 -0.34150000000000375 1.8877171215880895 83.961000000000013 -0.041499999999999489 9.4500000000000011 2.5000000000000004 80.559000000000012 -0.33399999999999902 -0.13849999999999504 -1.4999999999999998 64.500000000000014 5.5000000000000009 -0.31650000000000489 0.58571428571428574 13.100000000000001 0.10555555555555557 4.5000000000000009 14.350000000000003 4.2500000000000009 11.950000000000001 12.950000000000001 -0.51599999999999968 81.08150000000002 23.500000000000004 14.612500000000002 83.216500000000011 14.500000000000002 15.450000000000001 12.450000000000001
decision_type=2 10 2 10 2 2 10 8 2 8 10 10 2 10 10 10 10 2 10 8 10 10 8 10 10 10 10 10 10 10 2 10 10 10 10 10
left_child=1 9 8 4 11 6 -5 -8 19 25 -11 12 -4 15 -15 -14 -9 18 22 -3 21 -21 30 24 26 -1 28 29 -24 -28 -2 -26 -6 -29 -33 -20
right_child=17 2 3 5 32 -7 7 16 -10 10 -12 -13 13 14 -16 -17 -18 -19 35 20 -22 -23 23 -25 31 -27 27 33 -30 -31 -32 34 -34 -35 -36 -37
leaf_value=-0.028370797810283985 -0.034931240740480783 -0.0096226131466089215 -0.060350805129025631 -0.066456123073141721 0.072565958173621423 -0.092537386771564673 0.040728672328252426 0.00095149005278026045 -0.038460263137164823 0.042697323360455022 -0.065710631794213811 0.034917855458974412 0.071256306969619154 -0.094261504415295794 0.013062551199811803 -0.0017379587564753148 -0.062529355595589947 -0.023146430770585601 0.032728363604301348 0.085096608162972473 -0.00040239676044542008 0.0020814948187145013 0.0056418536255323825 -0.021796703000126063 0.065251310472127608 -0.090224881616252472 -0.047976830920596403 0 0.061500157902940895 0.0046821304522030238 0.01717656337404351 -2.7320780565498711e-05 0.018554494237536672 0.036847868427427224 0.037920488692819554 0.070492008345654555
leaf_weight=51 70 86 84 71 52 53 59 69 53 55 59 56 50 70 84 60 61 72 89 81 73 63 90 58 79 73 67 72 75 58 51 56 50 96 94 57
leaf_count=51 70 86 84 71 52 53 59 69 53 55 59 56 50 70 84 60 61 72 89 81 73 63 90 58 79 73 67 72 75 58 51 56 50 96 94 57
internal_value=0 -0.0125683 -0.00643762 -0.0143649 -0.000185385 -0.0368446 -0.0240922 -0.00688924 0.0116201 -0.042033 -0.0133116 -0.0128783 -0.0210148 -0.00761079 -0.0365443 0.0323262 -0.0294314 0.0163787 0.0193182 0.0209223 0.0332065 0.0501343 0.014012 0.0184645 0.0220399 -0.0668287 0.0131065 0.00192227 0.0321667 -0.0237646 -0.0127248 0.0391708 0.0482312 0.021428 0.0237952 0.0492666
internal_weight=2497 1413 1175 819 506 313 260 189 356 238 114 404 348 264 154 110 130 1084 1012 303 217 144 866 745 687 124 458 293 165 125 121 229 102 168 150 146
internal_count=2497 1413 1175 819 506 313 260 189 356 238 114 404 348 264 154 110 130 1084 1012 303 217 144 866 745 687 124 458 293 165 125 121 229 102 168 150 146
is_linear=0
shrinkage=0.0490752


Tree=53
num_leaves=40
num_cat=0
split_feature=0 9 31 31 23 18 9 17 18 22 23 19 18 16 21 2 7 21 2 21 21 2 31 16 2 19 31 17 23 23 17 17 7 9 24 17 19 0 37
split_gain=194.688 98.3398 86.4834 101.364 82.1704 90.4691 152.403 57.7874 90.845 175.019 101.563 89.9044 65.1809 64.4688 70.886 81.8342 65.0124 57.188 53.276 50.4112 54.513 44.3302 40.8559 39.3717 68.3706 36.1702 73.8107 35.7787 52.2132 50.4013 37.0119 54.5385 32.8358 55.112 31.6687 27.9603 20.9 12.9456 5.42221
threshold=11.500000000000002 233.50000000000003 -5.8333333333333313 -4.5833333333333321 17.950000000000003 3.6333333333333337 138.25000000000003 12.725000000000001 10.100000000000001 0.81385281385281394 27.550000000000001 14.050000000000002 12.100000000000001 0.5277777777777779 -1.0000000180025095e-35 0.47200000000000136 0.039000000000006106 -2.4999999999999996 7.1565000000000021 5.5000000000000009 4.5000000000000009 1.2379999999999998 0.33333333333333376 0.10555555555555557 3.0040000000000053 12.450000000000001 -0.33333333333333476 15.450000000000001 18.150000000000002 25.200000000000006 11.250000000000002 13.050000000000002 -0.64650000000000318 7.5000000000000009 34.050000000000004 12.850000000000003 8.0500000000000025 15.500000000000002 2019.5000000000002
decision_type=2 2 2 2 2 10 2 8 10 2 2 10 10 10 8 10 10 10 8 10 10 10 2 8 10 10 2 10 2 2 10 10 10 2 2 8 10 2 2
left_child=1 2 -1 -4 21 6 38 8 9 13 17 12 -9 -7 16 -16 -15 22 19 20 23 -5 -10 24 -2 26 -21 28 -25 30 -30 -32 33 -31 -19 -34 -17 -33 -6
right_child=18 -3 3 4 5 7 -8 11 10 -11 -12 -13 -14 14 15 36 -18 34 -20 25 -22 -23 -24 27 -26 -27 -28 -29 29 32 31 37 35 -35 -36 -37 -38 -39 -40
leaf_value=0.035435246756994464 -0.044392340050706532 -0.063305222096981487 -0.064365019997541059 0.055110194044008867 -0.056567157235815027 0.029270642317830397 0.021271237298136056 0.0072172384096350645 -0.034270735985638227 0.067190411788210544 0.014658457004277944 -0.032162198857183966 0.083415115836817558 -0.087006418958959206 0.047054659060735436 -0.047851955200570513 -0.010313679023635228 0.00076536712423572694 -0.021632132377607381 -0.011248090054725178 -0.028979250807530506 -0.00021091262885284258 -0.098746429023380114 -0.026010310525541518 0.030763756190204463 0.073592519052435801 0.062772490503962622 0.048495631907222989 0.071144638848101557 0.016106409709771584 -0.0067902436388603583 0.025476645241140707 0.04711645001340839 -0.050288931343486859 -0.049122049685703079 -0.0010307531388092646 -0.0028153667635516491 0.059543630968089747 -0.096775681090105869
leaf_weight=95 59 81 80 65 51 64 50 59 50 77 78 51 50 59 50 52 51 62 81 63 63 67 65 58 50 58 59 100 55 62 78 72 53 51 53 55 50 67 53
leaf_count=95 59 81 80 65 51 64 50 59 50 77 78 51 50 59 50 52 51 62 81 63 63 67 65 58 50 58 59 100 55 62 78 72 53 51 53 55 50 67 53
internal_value=0 -0.0119844 -0.008649 -0.0121762 -0.00831879 -0.013064 -0.0473034 -0.00676798 -0.0128091 0.00244509 -0.032705 0.0194388 0.0442989 -0.0133183 -0.0241868 -0.00186339 -0.0534691 -0.0489545 0.015618 0.0187481 0.0133894 0.0274761 -0.0731935 0.0170976 -0.00961003 0.0421688 0.0250018 0.0216756 0.0164092 0.0216658 0.035679 0.0253575 0.00387638 -0.0141232 -0.0226779 0.0229839 -0.0271671 0.0434319 -0.0803015
internal_weight=2497 1413 1332 1237 1157 1025 154 871 711 403 308 160 109 326 262 152 110 230 1084 1003 823 132 115 760 109 180 122 651 551 493 272 217 221 113 115 108 102 139 104
internal_count=2497 1413 1332 1237 1157 1025 154 871 711 403 308 160 109 326 262 152 110 230 1084 1003 823 132 115 760 109 180 122 651 551 493 272 217 221 113 115 108 102 139 104
is_linear=0
shrinkage=0.0490752


Tree=54
num_leaves=36
num_cat=0
split_feature=0 9 21 32 35 22 17 17 26 32 24 30 32 7 26 18 26 13 2 2 2 21 21 7 7 2 2 10 9 2 13 9 7 18 26
split_gain=177.196 89.2805 67.0823 53.6518 56.2716 109.686 153.393 130.41 100.216 88.2742 116.898 112.158 84.1119 62.076 89.5606 72.5384 66.472 54.312 72.7207 48.462 46.0358 45.8816 49.611 33.6943 43.8071 30.7712 70.5867 56.4334 44.245 49.1318 48.8535 33.3731 27.6789 23.2317 16.6168
threshold=11.500000000000002 233.50000000000003 -9.4999999999999982 0.81666666666666676 10.000000000000002 0.41042780748663105 10.350000000000003 5.3500000000000005 0.55000000000000016 0.5634920634920636 40.000000000000007 0.15625000000000003 0.61250000000000016 -0.041499999999999489 1.9500000000000002 10.100000000000001 1.8500000000000003 14.100000000000001 0.6395000000000054 7.1565000000000021 1.2254999999999898 5.5000000000000009 4.5000000000000009 -0.041499999999999489 -0.87249999999999939 2.8424999999999945 2.4570000000000012 9.5000000000000018 8.5000000000000018 1.8114999999999954 1.2666666666666668 2.5000000000000004 -0.29300000000000009 13.366666666666669 1.6500000000000001
decision_type=2 2 8 2 2 2 10 8 2 2 2 2 2 10 2 8 2 8 10 8 10 10 10 8 10 10 10 2 2 10 10 2 8 8 2
left_child=1 2 -1 4 8 6 17 -7 -4 10 11 20 -11 14 15 -9 -15 18 -6 21 -10 22 25 24 -23 26 27 28 29 33 -30 34 -31 -2 -27
right_child=19 -3 3 -5 5 7 -8 13 9 12 -12 -13 -14 16 -16 -17 -18 -19 -20 -21 -22 23 -24 -25 -26 31 -28 -29 30 32 -32 -33 -34 -35 -36
leaf_value=0.041521132026017031 -0.00143683057293732 -0.060342718100479774 -0.044419255652733809 0.030387581206392587 0 0.046572804748866617 0.012515972920160963 0.0037998198218062475 -0.042039304130010627 0.070976705120736158 -0.053130174570489568 0.063920527874261682 0 -0.012135374239330631 0.040045750645930168 -0.066933672966066421 -0.085741342265720347 -0.10298712368355599 -0.075516316882338355 -0.020619810518521221 0.018923719656657637 0.055409991685235943 -0.027640855689936402 0.068407992866842543 -0.0033831049982699975 0.026753607002860971 -0.027593764607689898 0.064498175671369645 0.063501665867559037 0.037256112038304201 0.0075617742062493902 0.0046884222235802917 -0.0080846147298078222 -0.045275639920294895 0.064953780233206637
leaf_weight=58 60 81 99 68 51 85 75 78 62 83 87 66 75 66 70 57 55 72 75 81 50 50 63 64 66 73 95 52 63 76 94 75 50 58 64
leaf_count=58 60 81 99 68 51 85 75 78 62 83 87 66 75 66 70 57 55 72 75 81 50 50 63 64 66 73 95 52 63 76 94 75 50 58 64
internal_value=0 -0.0114382 -0.00825806 -0.010684 -0.0131321 -0.0223543 -0.0462604 -0.00606751 -0.000877011 0.00951435 -0.00767117 0.0149464 0.0381276 -0.0203348 -0.0033887 -0.0267625 -0.0476373 -0.068578 -0.0460076 0.014895 -0.0146804 0.0178816 0.0127654 0.040231 0.0225361 0.0163048 0.00990355 0.0180454 0.0113304 -0.00162715 0.0313212 0.03214 0.0191849 -0.0241564 0.0462667
internal_weight=2497 1413 1332 1274 1206 684 273 411 522 423 265 178 158 326 205 135 121 198 126 1084 112 1003 823 180 116 760 548 453 401 244 157 212 126 118 137
internal_count=2497 1413 1332 1274 1206 684 273 411 522 423 265 178 158 326 205 135 121 198 126 1084 112 1003 823 180 116 760 548 453 401 244 157 212 126 118 137
is_linear=0
shrinkage=0.0490752


Tree=55
num_leaves=40
num_cat=0
split_feature=0 21 31 31 31 23 6 20 20 6 23 17 6 16 23 20 17 20 23 21 14 6 17 28 16 17 16 17 28 28 23 25 10 37 31 17 14 31 6
split_gain=161.552 76.1395 66.0235 84.8381 66.6472 67.5079 146.985 90.2197 112.26 61.1728 56.9408 40.3165 99.552 39.4646 42.313 74.2025 60.0995 54.5659 43.5999 38.27 44.8801 41.2282 50.3046 54.2997 37.9092 90.1921 50.4578 63.054 36.9964 71.3649 84.6769 35.3248 38.7351 31.2471 27.0152 26.2701 17.1946 14.5557 9.46189
threshold=9.5000000000000018 -9.4999999999999982 6.4166666666666679 4.7500000000000009 -5.8333333333333313 18.400000000000002 1.1043333333333336 10.500000000000002 14.500000000000002 0.65316666666666678 25.000000000000004 4.5500000000000007 0.49250000000000005 0.88194444444444453 18.550000000000004 10.500000000000002 9.4500000000000011 10.500000000000002 20.750000000000004 5.5000000000000009 14.500000000000002 2.6100000000000003 12.612500000000002 0.87456293706293675 0.5634920634920636 11.050000000000002 0.88194444444444453 5.7250000000000005 1.1159795321637429 1.0000000180025095e-35 24.150000000000002 42.100000000000001 8.5000000000000018 2020.5000000000002 -0.66666666666666619 9.3500000000000032 14.500000000000002 -1.0000000180025095e-35 0.64133333333333342
decision_type=2 8 2 2 2 2 8 8 10 10 2 10 10 10 2 10 8 10 2 8 8 10 10 2 8 10 10 10 2 2 2 2 2 2 2 10 8 2 10
left_child=1 -1 3 4 -3 6 -6 11 10 -2 -9 12 -7 14 15 -11 -16 28 36 21 -21 22 33 31 25 -13 35 -28 29 30 -18 -24 -33 -20 -23 38 -19 -17 -26
right_child=9 2 -4 -5 5 7 -8 8 -10 13 -12 24 -14 -15 16 37 17 18 19 20 -22 34 23 -25 26 -27 27 -29 -30 -31 -32 32 -34 -35 -36 -37 -38 -39 -40
leaf_value=0.040003326847999031 -0.036688578108284915 0.0251678201748902 -0.06536315285254661 0.038958793127410178 0.067670598403411941 -0.047225607789721166 -0.040468307876215331 0.00062537663799138203 -0.038782379275287882 0.039446925849666435 0.070340645805532467 0.018956990009003 0.032907114249346718 -0.023848058100849428 0.060323224240506332 -0.0069177190858714785 -0.06004594042279552 0.027721805932407879 -0.044131286935021642 0.071356148436777775 0.0070222148533669402 0.061812822211750496 -0.029624727181052083 0.058970856025824886 -0.058085894147203672 -0.059843767673911898 -0.058889326415708196 0.0072732494431613573 -0.033357772339635154 0.04933623303795806 0.025275012785704123 -0.0055414362128851612 0.042689956880341696 0.0028611627080715823 0.013881417636315254 -0.035573954957722129 0.070374454367320746 -0.042723936936114017 -0.098223612344758807
leaf_weight=57 56 79 59 66 57 80 56 60 84 54 52 69 63 59 78 54 50 60 66 58 50 51 52 51 65 63 66 65 70 60 54 87 67 62 72 59 55 66 65
leaf_count=57 56 79 59 66 57 80 56 60 84 54 52 69 63 59 78 54 50 60 66 58 50 51 52 51 65 63 66 65 70 60 54 87 67 62 72 59 55 66 65
internal_value=0 -0.0133194 -0.016239 -0.0131948 -0.0168881 -0.020711 0.0141004 -0.0257913 0.0028229 0.0116623 0.0347099 -0.0352561 -0.0116511 0.0139293 0.0158722 -0.00620087 0.0196112 0.0160375 0.0226219 0.0171088 0.0433089 0.0111517 0.00298251 0.0155514 -0.0424505 -0.0189346 -0.0516501 -0.0264419 -0.00435862 0.00821802 -0.0159829 0.00366137 0.015672 -0.0215903 0.0354466 -0.0679694 0.0501922 -0.0277417 -0.0808237
internal_weight=2497 1165 1108 1049 983 904 113 791 196 1332 112 595 143 1276 1217 174 1043 965 731 616 108 508 385 257 452 132 320 131 234 164 104 206 154 128 123 189 115 120 130
internal_count=2497 1165 1108 1049 983 904 113 791 196 1332 112 595 143 1276 1217 174 1043 965 731 616 108 508 385 257 452 132 320 131 234 164 104 206 154 128 123 189 115 120 130
is_linear=0
shrinkage=0.0490752


Tree=56
num_leaves=40
num_cat=0
split_feature=1 18 18 24 25 23 7 24 1 18 7 31 16 24 16 16 23 7 18 23 7 37 18 7 25 18 31 1 30 17 25 23 38 5 24 37 30 17 17
split_gain=205.388 76.6677 200.832 119.865 61.2872 50.0617 133.263 97.1818 48.1795 55.7544 45.4675 55.5459 47.447 47.6971 66.887 63.3067 75.2223 53.0073 51.0488 46.4667 45.3556 59.6243 42.445 40.657 40.6165 40.3661 40.1261 39.8986 36.3894 72.2983 26.613 38.3769 25.8874 25.0928 22.8131 21.1061 13.6469 17.3411 26.8494
threshold=6.5000000000000009 10.100000000000001 8.0833333333333339 33.050000000000004 61.350000000000001 27.150000000000002 -0.02200000000000325 41.850000000000009 15.500000000000002 3.6333333333333337 0.38999999999999341 0.6666666666666653 0.88194444444444453 29.050000000000004 0.58571428571428574 0.58571428571428574 20.400000000000002 -0.44949999999999796 9.2250000000000014 20.750000000000004 -0.2284999999999949 2020.5000000000002 6.8285714285714292 -0.4375000000000086 50.100000000000009 9.7750000000000021 -1.0000000000000002 4.5000000000000009 0.19999999999999998 5.0500000000000007 68.200000000000003 19.000000000000004 13.500000000000002 6.5000000000000009 38.050000000000004 2018.5000000000002 0.13166666666666668 12.950000000000001 14.850000000000003
decision_type=8 8 10 2 2 2 10 2 8 10 10 2 10 2 10 10 2 10 10 2 8 2 10 10 2 10 2 10 2 8 2 2 2 10 2 2 2 10 10
left_child=1 2 5 -4 27 7 -7 26 9 -2 12 -12 13 15 18 16 -11 25 34 -20 23 -22 -10 24 -21 -16 -1 -3 29 -28 31 -24 -32 -33 -15 -35 -37 -38 -39
right_child=8 4 3 -5 -6 6 -8 -9 22 10 11 -13 -14 14 17 -17 -18 -19 19 20 21 -23 30 -25 -26 -27 28 -29 -30 -31 32 33 -34 35 -36 36 37 38 -40
leaf_value=-0.072849539527387333 -0.039595970286663555 -0.088010333056272386 0.1001477831145671 -0.0018273455371978678 -0.0024399724385439875 0.053777251779680457 -0.050111573540092644 0.023892084061095081 0.061065901252347524 0.049266849149260231 0.0032123500788074555 0.07138866814326221 -0.033649430078594632 -0.0022603833516671155 0.082216902547368284 -0.050642435411479995 -0.031485343188640831 0.0044390993743576006 0.04946155866913042 -0.027955157700626829 -0.047261520562474194 0.011894860471614083 -0.015229389151758914 0.054370742744968205 0.03039758019483146 0.023246300028529149 -0.0066574856918090158 -0.032886639265592793 0.0011028682576838592 -0.081033399003069287 -0.030681569557242386 0.0023112004264615807 0.016995221780568785 0.0058647300026072957 -0.048276927214160791 0.014775761937020831 0.066862654080599493 0.0037000705350757031 0.049390328443453015
leaf_weight=97 65 76 50 55 57 56 55 52 53 50 66 50 77 50 61 73 53 90 56 51 74 82 58 52 56 62 63 71 54 64 50 89 51 64 57 57 64 53 83
leaf_count=97 65 76 50 55 57 56 55 52 53 50 66 50 77 50 61 73 53 90 56 51 74 82 58 52 56 62 63 71 54 64 50 89 51 64 57 57 64 53 83
internal_value=0 -0.0214037 -0.0115286 0.0481468 -0.0468771 -0.0261486 0.00191861 -0.0356483 0.00923278 0.0030968 0.00589814 0.0343906 0.00221644 0.0055963 0.0114473 -0.0168489 0.00762481 0.034055 0.00107463 0.00981646 0.00208947 -0.0163315 0.0201626 0.0204234 0.00213506 0.0545257 -0.0471386 -0.0632673 -0.0318337 -0.0458264 0.0158725 0.0207977 -0.00640325 0.0261099 -0.0280629 0.0324484 0.0386909 0.0448474 0.0325429
internal_weight=2497 750 546 105 204 441 111 330 1747 1125 1060 116 944 867 691 176 103 213 478 371 315 156 622 159 107 123 278 147 181 127 569 468 101 410 107 321 257 200 136
internal_count=2497 750 546 105 204 441 111 330 1747 1125 1060 116 944 867 691 176 103 213 478 371 315 156 622 159 107 123 278 147 181 127 569 468 101 410 107 321 257 200 136
is_linear=0
shrinkage=0.0490752


Tree=57
num_leaves=38
num_cat=0
split_feature=6 9 6 22 19 11 11 11 19 21 4 14 28 22 20 14 6 9 19 36 9 11 28 25 32 6 14 6 6 8 20 28 21 6 4 36 25
split_gain=139.021 122.832 114.444 104.131 99.6814 89.927 152.628 109.448 84.3387 58.1327 84.7032 70.8653 62.1106 75.1801 66.6215 68.894 61.7176 59.7548 62.564 82.4451 51.1322 94.2352 41.7432 39.7188 38.5564 70.3319 35.6786 75.3305 42.0744 35.3985 34.8646 29.1471 25.9412 47.0881 64.8119 18.7059 16.6055
threshold=0.58450000000000013 118.50000000000001 0.69641666666666679 0.42016806722689076 3.7750000000000004 344.00000000000006 222.50000000000003 461.00000000000006 5.7750000000000012 5.5000000000000009 1.0462500000000003 13.500000000000002 2.0323776051301032 0.71008403361344552 8.5000000000000018 10.500000000000002 1.4701666666666668 13.500000000000002 10.458333333333334 20.500000000000004 165.50000000000003 436.50000000000006 -0.44354166666666733 54.600000000000009 0.31666666666666671 1.2445000000000002 17.500000000000004 2.0265000000000004 1.6790833333333335 16.500000000000004 15.500000000000002 0.18562717770034798 1.5000000000000002 1.4701666666666668 1.7952500000000002 25.500000000000004 54.850000000000001
decision_type=10 2 10 2 10 2 2 2 8 8 10 10 2 2 10 10 10 2 10 2 2 2 2 2 2 10 10 10 10 2 10 2 10 10 10 2 2
left_child=3 2 -2 8 -4 6 -5 -7 -1 11 -11 12 13 17 -15 35 -12 24 19 -19 -3 -22 32 -14 -6 -26 28 -28 -24 -30 -27 -18 33 -13 -35 -16 -20
right_child=1 20 4 5 9 7 -8 -9 -10 10 16 22 23 14 15 -17 31 18 36 -21 21 -23 26 -25 25 30 27 -29 29 -31 -32 -33 -34 34 -36 -37 -38
leaf_value=-0.018709288208253343 0.078734688419058813 -0.063266912093680225 -0.04866512667457458 -0.037570443954833818 -0.027516009098552542 -0.08795595861706354 0.065977256271043352 0.007615060019851785 -0.089475911819521151 0.085885855950848272 -0.028971543606253088 -0.039844981946930487 -0.0042712905670072862 0.064229822226136449 0.052890221290961596 -0.028205477794026951 0.012610378144572686 0.029906148860053043 -0.07372734436011838 -0.044373507627780764 0.036595259762966799 -0.054195363550750657 0.062372895856181984 -0.064788324092780042 0.063112766909479881 0.017602946091336519 -0.019664643726038555 0.043435040420823051 -0.0026010567907665803 0.04166868090977574 -0.028183724421078537 0.058955072099094293 0.03025751916875891 0.050324326170334423 -0.020540888825279255 0.0092959866100411192 -0.030327372543337922
leaf_weight=85 51 75 71 56 58 50 76 59 83 50 51 67 50 66 51 73 88 75 53 62 50 52 100 57 53 98 98 78 78 88 62 55 51 51 67 51 58
leaf_count=85 51 75 71 56 58 50 76 59 83 50 51 67 50 66 51 73 88 75 53 62 50 52 100 57 53 98 98 78 78 88 62 55 51 51 67 51 58
internal_value=4.19594e-06 0.00516049 0.00882379 -0.0259979 0.00671791 -0.00487318 0.0218696 -0.0373284 -0.0552083 0.00904559 0.031156 0.00545147 -0.00379576 0.00114264 0.0236309 0.00696582 0.0153713 -0.00930503 -0.0265591 -0.00366056 -0.0334485 -0.0095191 0.0173024 -0.0381107 0.00645979 0.0162707 0.0261373 0.00836495 0.0374199 0.0209994 -8.97314e-05 0.0318745 0.000392355 -0.00803939 0.0103198 0.0327158 -0.0532972
internal_weight=2497 2088 1911 409 1860 241 132 109 168 1789 244 1545 867 760 241 175 194 519 248 137 177 102 678 107 271 213 442 176 266 166 160 143 236 185 118 102 111
internal_count=2497 2088 1911 409 1860 241 132 109 168 1789 244 1545 867 760 241 175 194 519 248 137 177 102 678 107 271 213 442 176 266 166 160 143 236 185 118 102 111
is_linear=0
shrinkage=0.0490752


Tree=58
num_leaves=37
num_cat=0
split_feature=1 0 11 26 0 26 2 34 32 12 34 4 34 32 32 25 2 25 12 26 11 16 2 12 26 23 4 16 23 11 25 25 34 6 4 2
split_gain=176.909 87.4706 95.4235 80.7459 70.2426 76.2292 54.7345 90.6544 53.5298 91.5905 57.3966 52.5202 57.3796 86.7903 68.1222 59.6399 56.3613 50.4233 48.3406 41.0653 40.2327 40.3386 40.371 29.2729 28.6605 39.0637 32.674 48.2863 27.1944 26.6719 43.2201 32.608 15.21 41.5868 34.8381 6.95908
threshold=4.5000000000000009 4.5000000000000009 266.50000000000006 0.45000000000000007 11.500000000000002 0.35000000000000003 0.76299999999999824 31.500000000000004 0.58571428571428574 4.7000000000000002 23.500000000000004 2.2457500000000006 16.000000000000004 0.58571428571428574 0.68333333333333346 53.750000000000007 1.4979999999999978 55.150000000000006 7.1000000000000005 1.9500000000000002 89.500000000000014 0.10555555555555557 3.0580000000000003 9.6750000000000025 0.55000000000000016 17.650000000000002 1.6955000000000002 0.58571428571428574 22.250000000000004 14.500000000000002 45.95000000000001 52.500000000000007 29.500000000000004 2.0810000000000004 2.3050000000000002 2.5245000000000037
decision_type=8 2 2 2 2 2 10 2 2 10 2 10 2 2 2 2 10 2 10 2 2 10 8 10 2 2 10 10 2 2 2 2 2 10 10 10
left_child=3 -2 4 -1 5 -3 7 8 10 -10 -5 12 13 -7 16 -16 17 23 -6 -18 21 22 -20 -14 -23 -26 27 29 -19 30 -27 -31 34 -34 35 -28
right_child=1 2 -4 6 18 11 -8 -9 9 -11 -12 -13 14 -15 15 -17 19 28 20 -21 -22 24 -24 -25 25 26 32 -29 -30 31 -32 -33 33 -35 -36 -37
leaf_value=0.027641119995414239 0.057938418697772873 -0.058842248218208056 -0.044259785914887342 -0.027483864030947002 0.056526812879968399 -0.0032496184968063223 -0.072320153479290925 0.018660021557597429 -0.049185165201297461 0.022354073751316268 -0.097934881464160142 -0.036672086725038119 -0.014968583392014333 0.066162488299712899 -0.072003266065642307 0 0.0081588472937001097 -0.056507772003869756 -0.032587429915266433 0.064447337439638958 -0.021367219709024474 0.0448045982995815 0.019719287586710557 0.031381839578051025 -0.018406054302177417 -0.019694101533283666 0.074597041606504655 0.040225541464291484 -0.0077927079649498226 0.0043347760633263392 0.037087250732565566 -0.048108256273898489 -0.01622185711861196 0.038248377163832045 0.014359814817521318 0.038642447448405795
leaf_weight=56 73 53 88 65 61 90 70 85 97 71 56 79 50 77 54 54 81 51 75 51 74 94 60 78 68 54 50 78 64 55 68 51 52 80 82 52
leaf_count=56 73 53 88 65 61 90 70 85 97 71 56 79 50 77 54 54 81 51 75 51 74 94 60 78 68 54 50 78 64 55 68 51 52 80 82 52
internal_value=9.79764e-07 0.00656577 0.00447651 -0.0259671 0.0069291 -0.00415573 -0.0330224 -0.024859 -0.0379059 -0.0188452 -0.0625457 4.80026e-05 0.00478053 0.0292542 -0.00374849 -0.0374224 0.00610794 -0.00777269 0.0151848 0.0315079 0.0123821 0.0152328 -0.00908522 0.0129962 0.0195073 0.015755 0.0196608 0.00785799 -0.0309685 -0.00349812 0.0117333 -0.0212692 0.0306983 0.0165795 0.0400043 0.0588532
internal_weight=2497 1997 1924 500 1836 782 444 374 289 168 121 729 650 167 483 108 375 243 1054 132 993 919 135 128 784 690 622 306 115 228 122 106 316 132 184 102
internal_count=2497 1997 1924 500 1836 782 444 374 289 168 121 729 650 167 483 108 375 243 1054 132 993 919 135 128 784 690 622 306 115 228 122 106 316 132 184 102
is_linear=0
shrinkage=0.0490752


Tree=59
num_leaves=39
num_cat=0
split_feature=17 28 23 5 4 28 17 0 35 17 23 12 35 29 26 36 24 28 28 23 23 17 24 36 5 15 0 17 35 24 16 4 4 15 17 17 22 22
split_gain=114.659 136.259 100.001 152.65 66.3318 62.4817 84.3701 73.6792 79.4856 71.9098 77.9701 179.323 61.3333 67.3879 60.5609 122.739 68.7072 60.2255 84.0012 86.7908 57.4002 58.7889 56.3736 56.2244 50.2446 49.0714 46.1625 37.236 43.836 37.0186 35.8996 17.6212 17.3508 15.7606 14.2207 34.9538 22.1518 7.89204
threshold=8.1833333333333353 0.061785490451888407 21.550000000000004 13.500000000000002 0.64250000000000018 0.1088693598143519 9.8375000000000021 10.500000000000002 2.5000000000000004 13.450000000000001 20.950000000000003 13.100000000000001 11.500000000000002 0.13333333333333333 1.0500000000000003 18.500000000000004 40.20000000000001 -0.79999999999999971 -1.0000000180025095e-35 23.550000000000004 24.400000000000002 6.2500000000000009 36.350000000000001 22.500000000000004 10.500000000000002 4.5000000000000009 17.500000000000004 12.337500000000002 18.500000000000004 41.650000000000013 0.38750000000000007 1.6365000000000001 1.6145000000000003 12.250000000000002 14.750000000000002 15.550000000000002 0.60497835497835506 0.55844155844155852
decision_type=10 2 2 10 10 2 10 2 2 10 2 10 2 2 2 2 2 2 2 2 2 8 2 2 10 10 2 10 2 2 10 10 10 10 10 10 2 2
left_child=1 2 3 -1 25 7 -7 8 -6 10 -8 24 13 -3 -14 33 -17 26 19 -19 -4 -22 23 -10 -12 -2 27 -9 31 -24 -20 -29 -26 -16 36 -36 -11 -37
right_child=4 12 20 -5 5 6 9 17 22 34 11 -13 14 -15 15 16 -18 18 30 -21 21 -23 29 -25 32 -27 -28 28 -30 -31 -32 -33 -34 -35 35 37 -38 -39
leaf_value=-0.003869086060974994 -0.050151276987946629 -0.03233419112597484 -0.045916621054976937 0.10546743058900514 0.025600043583823198 0.068290053479321017 -0.037856248104641686 0.062482535328008515 -0.017244642409127393 0.067448674287197904 0.0009529298232270315 -0.05855245900541392 -0.0010187026892105014 0.038017154864313119 -0.060826213079337985 -0.048827037245330988 0.018823498195027332 -0.068526265980295403 -0.0010777553678493596 0.0065441054561440745 0.034290786058954116 -0.028117238950377595 0.025023631519462391 -0.082734126887200138 0.071669071563380524 0.0084387321088879551 -0.0055958664201161898 -0.017349988266867077 0.057554664778267935 -0.032373919296694399 0.053626319129853779 0.019967775336154577 0.028581019952137115 -0.11262586874347741 -0.0047086081324731743 0.021971409379945118 0.020901922144800321 0.054335260252735537
leaf_weight=69 77 77 73 50 72 77 94 82 65 58 63 58 65 51 50 92 54 70 57 71 78 61 50 68 71 56 84 50 50 50 51 65 51 62 67 52 56 50
leaf_count=69 77 77 73 50 72 77 94 82 65 58 63 58 65 51 50 92 54 70 57 71 78 61 50 68 71 56 84 50 50 50 51 65 51 62 67 52 56 50
internal_value=0 -0.0155109 0.00823811 0.0435787 0.00711647 0.00995393 0.0209039 0.00122013 -0.0181049 0.0145454 -0.000677035 0.0138802 -0.0329696 -0.00363139 -0.044261 -0.0547878 -0.0236397 0.0115205 -0.00650969 -0.031235 -0.0118045 0.00653799 -0.0320197 -0.0525062 0.0375978 -0.025589 0.0251482 0.0357239 0.0209858 -0.00334014 0.0252932 0.00329078 0.0555072 -0.0927814 0.0326045 0.0221236 0.0464649 0.0397333
internal_weight=2497 782 331 119 1715 1582 697 885 305 620 337 243 451 128 323 258 146 580 249 141 212 139 233 133 185 133 331 247 165 100 108 115 122 112 283 169 114 102
internal_count=2497 782 331 119 1715 1582 697 885 305 620 337 243 451 128 323 258 146 580 249 141 212 139 233 133 185 133 331 247 165 100 108 115 122 112 283 169 114 102
is_linear=0
shrinkage=0.0490752


Tree=60
num_leaves=42
num_cat=0
split_feature=10 9 13 13 25 4 37 25 20 20 35 4 25 9 21 18 0 25 3 18 0 13 25 4 21 37 4 18 3 3 18 4 18 18 18 18 37 18 22 15 11
split_gain=109.439 53.6269 90.02 122.073 143.438 76.9866 100.802 95.1582 115.385 102.125 74.4225 77.5276 72.9329 51.5454 51.1823 59.2169 73.4405 56.2201 44.5438 40.9198 134.636 103.208 40.1283 33.1865 92.0316 115.071 60.5783 40.3044 35.6091 38.8408 32.2406 57.3662 36.22 36.7253 31.2048 29.3111 23.8241 23.0295 18.204 16.9968 8.31075
threshold=4.5000000000000009 251.50000000000003 11.300000000000002 12.500000000000002 45.95000000000001 0.74350000000000016 2022.5000000000002 50.600000000000009 6.5000000000000009 6.5000000000000009 15.500000000000002 0.47750000000000004 59.250000000000007 92.500000000000014 5.5000000000000009 8.0833333333333339 8.5000000000000018 81.700000000000017 86.220000000000013 10.100000000000001 9.5000000000000018 3.1000000000000005 57.550000000000004 1.3795000000000002 -1.4999999999999998 2022.5000000000002 1.4945000000000002 13.816666666666668 75.833500000000015 78.360000000000014 13.100000000000001 2.5340000000000003 14.900000000000002 16.550000000000004 6.5500000000000007 9.2250000000000014 2019.5000000000002 11.450000000000001 0.65686274509803932 3.5000000000000004 83.500000000000014
decision_type=2 2 10 10 2 10 2 2 10 10 2 10 2 2 10 10 2 2 10 10 2 10 2 10 10 2 10 10 8 10 10 10 10 10 8 10 2 10 2 10 2
left_child=1 2 5 -4 -5 6 13 9 18 -7 11 -6 -10 40 15 16 34 19 -9 20 -17 23 -18 24 25 27 -25 -21 -28 -30 36 32 -32 -34 -2 -22 -31 -16 -33 -23 -1
right_child=14 -3 3 4 10 7 -8 8 12 -11 -12 -13 -14 -15 37 17 22 -19 -20 21 35 39 -24 26 -26 -27 28 -29 29 30 31 38 33 -35 -36 -37 -38 -39 -40 -41 -42
leaf_value=-0.021691881502948193 -0.07345578617396728 -0.054278889239413146 0.06702591224845085 0.04652937063892925 0.031825832262584869 -0.091074824281420871 0.013459621322099914 0.07993768112348805 0.024788930756533854 -0.0030823870204280176 -0.074753410955822316 -0.04808294718450138 -0.04860633282550781 -0.10321004583212434 0.060641032708287114 0.092469834656407554 -0.014295538291039156 -0.03600944031767242 0.014775455600075578 -0.079994417825344458 -0.02521047888992373 -0.014086623420070771 0.035018370439993382 0.066212278442806069 0.038113629400908074 0.032593350585580355 0.044675915237535765 -0.01747769359461564 -0.02837453834571662 0.057810785340663258 -0.043435531436523879 0.01238841753485753 0.026515779031141804 -0.02668278455378013 -0.016535832891254786 0.02594366022481542 0.011075632857930985 0.014636839208570821 0.052774572665411523 -0.056134750714442044 -0.05464626136517528
leaf_weight=50 51 67 69 82 57 52 51 51 50 77 57 52 78 53 57 58 95 56 55 55 50 53 62 60 91 56 80 52 53 58 55 66 68 51 50 50 55 58 52 51 53
leaf_count=50 51 67 69 82 57 52 51 51 50 77 57 52 78 53 57 58 95 56 55 55 50 53 62 60 91 56 80 52 53 58 55 66 68 51 50 50 55 58 52 51 53
internal_value=3.48098e-06 -0.0130121 -0.00961326 0.0111606 -0.00499263 -0.0212496 -0.0448877 -0.00729819 0.0112064 -0.0405724 -0.0312225 -0.00620695 -0.0196786 -0.0641327 0.00809526 0.00546249 -0.0155851 0.0101825 0.0483181 0.0126675 0.0356139 0.00869303 0.00525318 0.0144049 -0.000275991 -0.0223976 0.0206835 -0.0517579 0.0150701 0.00945487 0.0147518 0.00574511 -0.0119062 0.00319075 -0.0474276 0 0.0366257 0.0391079 0.0317211 -0.0364606 -0.0404997
internal_weight=2497 954 887 317 248 570 207 363 234 129 166 109 128 156 1543 1428 258 1170 106 1114 158 956 157 852 254 163 598 107 538 458 405 292 174 119 101 100 113 115 118 104 103
internal_count=2497 954 887 317 248 570 207 363 234 129 166 109 128 156 1543 1428 258 1170 106 1114 158 956 157 852 254 163 598 107 538 458 405 292 174 119 101 100 113 115 118 104 103
is_linear=0
shrinkage=0.0490752


Tree=61
num_leaves=39
num_cat=0
split_feature=6 9 24 36 6 9 3 18 21 24 21 6 3 8 21 36 7 2 3 18 35 3 35 9 35 24 8 24 6 35 6 3 7 35 9 18 0 10
split_gain=105.455 97.4319 131.547 106.156 96.8045 116.135 84.7028 71.7738 45.3197 34.1477 45.8207 33.6201 55.583 89.7599 66.6021 50.3217 35.7863 42.8858 51.3713 33.9305 33.562 39.8129 46.9598 75.6866 66.1604 56.165 84.9825 56.5209 81.4122 62.3207 43.9897 43.793 29.8308 25.1713 37.8997 24.0655 21.8613 15.2483
threshold=0.58450000000000013 91.000000000000014 43.350000000000009 25.500000000000004 0.64133333333333342 125.50000000000001 83.01100000000001 3.5500000000000003 5.5000000000000009 38.050000000000004 -1.0000000180025095e-35 1.870916666666667 98.689500000000024 15.500000000000002 -3.4999999999999996 21.500000000000004 -1.1429999999999965 2.8139999999999934 83.216500000000011 11.550000000000002 19.500000000000004 64.996500000000012 11.500000000000002 54.500000000000007 16.500000000000004 30.850000000000005 9.5000000000000018 33.250000000000007 1.0895000000000004 8.5000000000000018 1.4003333333333334 83.961000000000013 -0.38249999999999845 13.500000000000002 28.500000000000004 10.775000000000002 9.5000000000000018 1.5000000000000002
decision_type=10 2 2 2 10 2 10 8 10 2 10 10 10 2 8 2 10 10 10 8 2 10 2 2 2 2 2 2 10 2 10 10 10 2 2 10 2 2
left_child=1 9 3 37 -2 7 -7 -6 11 10 -1 20 14 -14 36 16 -16 18 -18 -17 21 -9 25 24 -24 26 -23 -27 35 30 -30 -28 -21 34 -10 -29 -13 -3
right_child=4 2 -4 -5 5 6 -8 8 33 -11 -12 12 13 -15 15 19 17 -19 -20 32 -22 22 23 -25 -26 27 31 28 29 -31 -32 -33 -34 -35 -36 -37 -38 -39
leaf_value=-0.06036271057979202 0.069420146358579654 -0.0085597947578472475 0.059820125652015874 -0.065413028159449479 -0.04500855735007276 -0.084206215732494774 -0.0074807868138901962 -0.040902052376069531 0.045368669324831953 -0.075708369012328691 0.0037198241097027001 0.077295952189923689 -0.052506687182165029 0.024639698348043644 -0.034698007969013234 0.064025341109676684 0.015758533480490573 0.038795478206539953 -0.045145027687622984 0.035953763359951665 0.033332897624766433 0.034572884960649149 -0.066382526205705492 0.026008892312939954 -0.0051087029405625234 0.052473773717359749 -0.072110793516343086 -0.048401747564939167 0.030406108299331699 0.05290482820336697 -0.017227367066392101 -0.0117075241223279 -0.011716093732155281 0.059884994443837068 -0.0081636766614882877 -0.0022174225816197707 0.028400365209588017 0.0277117119728554
leaf_weight=50 50 51 58 76 60 56 88 58 57 73 50 53 68 69 58 52 80 67 51 71 62 50 82 62 89 79 51 57 81 96 99 70 50 51 62 54 55 51
leaf_count=50 50 51 58 76 60 56 88 58 57 73 50 53 68 69 58 52 80 67 51 71 62 50 82 62 89 79 51 57 81 96 99 70 50 51 62 54 55 51
internal_value=0 -0.022648 -0.00175999 -0.022958 0.00448944 0.00274132 -0.0391008 0.00602316 0.00781249 -0.0501897 -0.0289214 0.00527163 0.0136937 -0.0136998 0.0208224 0.0117559 -0.00194391 0.0078967 -0.00821291 0.0318987 -0.000444148 -0.0028852 -0.000121212 -0.0188435 -0.0356073 0.00672382 -0.0169353 0.0155798 0.00746902 0.0217788 0.00413192 -0.0390337 0.0161127 0.0317163 0.0177095 -0.0272095 0.0547134 0.00946691
internal_weight=2497 409 236 178 2088 2038 144 1894 1834 173 100 1664 674 137 537 429 256 198 131 173 990 928 870 233 171 637 171 466 387 276 180 121 121 170 119 111 108 102
internal_count=2497 409 236 178 2088 2038 144 1894 1834 173 100 1664 674 137 537 429 256 198 131 173 990 928 870 233 171 637 171 466 387 276 180 121 121 170 119 111 108 102
is_linear=0
shrinkage=0.0490752


Tree=62
num_leaves=39
num_cat=0
split_feature=1 0 11 36 4 1 15 36 0 7 22 7 4 2 14 11 7 7 32 4 32 6 11 11 14 12 7 4 7 36 12 6 19 2 2 2 25 19
split_gain=132.985 79.8068 75.972 75.8815 93.3753 59.891 99.6741 77.6284 52.3054 57.4126 95.416 100.536 76.732 78.811 40.682 45.6321 54.1027 48.2976 48.1342 67.7393 42.9968 35.9219 42.3623 89.0042 35.9198 46.3367 33.1334 32.559 31.4224 29.3843 29.2662 29.048 28.5802 23.1007 10.8728 22.1801 7.69857 3.35199
threshold=4.5000000000000009 4.5000000000000009 266.50000000000006 4.5000000000000009 0.81650000000000011 1.5000000000000002 12.250000000000002 22.500000000000004 9.5000000000000018 -1.5290000000000001 0.39502164502164505 -0.18549999999999525 1.6195000000000002 0.90549999999999653 4.5000000000000009 84.500000000000014 -0.96749999999999414 0.38999999999999341 0.2678571428571429 1.0927500000000003 0.70714285714285718 1.5225000000000002 56.500000000000007 34.500000000000007 11.250000000000002 7.1000000000000005 -0.44399999999999989 2.9650000000000003 0.10249999999999972 21.500000000000004 13.100000000000001 1.0090000000000001 12.183333333333335 2.2145000000000015 2.302 2.9444999999999983 53.050000000000004 14.225000000000001
decision_type=8 2 2 2 8 10 10 2 2 10 2 10 10 10 8 2 10 10 2 8 2 8 2 2 10 8 8 10 8 2 10 8 10 8 10 10 2 10
left_child=3 -2 8 -1 5 -5 36 -8 9 -3 24 -12 13 -13 -10 17 -17 18 33 30 21 26 23 28 25 -11 -21 -19 32 -22 -20 -6 -23 -16 -34 -36 -7 -35
right_child=1 2 -4 4 31 6 7 -9 14 10 11 12 -14 -15 15 16 -18 27 19 20 29 22 -24 -25 -26 -27 -28 -29 -30 -31 -32 -33 34 37 35 -37 -38 -39
leaf_value=0.01586163941013119 0.054753320370177876 -0.043347921845554464 -0.039785527294059979 -0.050631361289674132 -0.096530683797908121 -0.051989429968128352 -0.014054575146808752 0.064797533585989428 0.053271257166550713 -0.046150056915791118 0.059578847119178061 0.015031763022076202 0.045099002045780136 -0.06390862496676232 0.0060731144876602439 0.01808298337312229 -0.045074249446792995 0.071330872916022567 0.055217047275492578 -0.055035032021029689 0.00090773397177958289 0.045029415075607752 0.040831718058856617 -0.057661391660783379 -0.05580821535963449 0.0095803343949231665 -0.0078607970600111567 0.014597051535852671 -0.021498229911069512 0.05063682650033971 0.0072280877870985073 -0.037907231466072666 0.020259753974006943 0.058052614299367332 -0.027319199067369286 0.011801844163306985 -0.020025469454074244 0.031528748646131116
leaf_weight=96 73 83 88 87 54 50 53 60 50 52 93 56 50 58 57 53 72 50 76 59 62 50 50 62 59 95 94 54 79 53 56 50 66 51 53 85 50 58
leaf_count=96 73 83 88 87 54 50 53 60 50 52 93 56 50 58 57 53 72 50 76 59 62 50 50 62 59 95 94 54 79 53 56 50 66 51 53 85 50 58
internal_value=0 0.00569001 0.0036947 -0.0225165 -0.0318221 -0.0172561 -0.0027241 0.0281652 0.00588632 -0.00675563 9.16468e-06 0.0199285 -0.00313346 -0.0255067 0.0112795 0.00938314 -0.0181791 0.0125703 0.00913671 0.00425542 -0.00172243 -0.00710497 0 -0.00550474 -0.0245143 -0.0104977 -0.027292 0.0439391 0.0046209 0.0251598 0.036021 -0.0712174 0.0131402 0.0330188 0.0043814 -0.00321703 -0.0378478 0.0459691
internal_weight=2497 1997 1924 500 404 300 213 113 1836 546 463 257 164 114 1290 1240 125 1115 1011 845 713 598 445 395 206 147 153 104 333 115 132 104 254 166 204 138 100 109
internal_count=2497 1997 1924 500 404 300 213 113 1836 546 463 257 164 114 1290 1240 125 1115 1011 845 713 598 445 395 206 147 153 104 333 115 132 104 254 166 204 138 100 109
is_linear=0
shrinkage=0.0490752


Tree=63
num_leaves=38
num_cat=0
split_feature=1 30 4 4 6 3 4 2 12 2 16 4 2 12 12 11 6 36 24 13 19 19 16 2 19 13 3 23 3 35 6 35 11 19 13 6 12
split_gain=121.305 84.0734 90.7124 183.836 84.369 63.9087 56.5924 66.52 69.9701 63.8553 77.2564 72.5896 96.5439 76.1616 64.9455 72.0008 52.8591 50.7494 44.6637 42.7789 34.582 78.0231 40.579 43.8922 41.8824 53.6652 53.6494 40.8979 32.3961 50.6482 26.959 42.6241 36.6173 51.8398 23.1303 20.9079 15.331
threshold=4.5000000000000009 0.12250000000000001 0.45150000000000007 0.27500000000000008 0.22016666666666668 76.308000000000021 0.72900000000000009 0.90549999999999653 7.7000000000000002 0.85100000000000631 0.68333333333333346 0.84400000000000008 1.5339999999999991 8.9000000000000021 11.450000000000001 33.500000000000007 1.3115833333333335 18.500000000000004 36.350000000000001 7.1000000000000005 6.2250000000000005 8.1125000000000025 0.10555555555555557 3.2015000000000033 9.2750000000000021 3.5000000000000004 92.313500000000019 26.050000000000004 91.178500000000014 8.5000000000000018 1.9969166666666669 15.500000000000002 46.500000000000007 13.225000000000001 12.250000000000002 0.62650000000000017 13.775000000000002
decision_type=8 2 8 10 10 10 10 10 10 8 10 10 10 10 10 2 10 2 2 10 10 10 10 10 10 10 10 2 10 2 10 2 2 10 10 10 10
left_child=1 -1 3 4 18 -4 7 35 -9 10 -8 -11 13 19 16 17 -15 -16 -3 -13 -14 -22 23 -23 -24 27 -27 30 29 -29 32 36 33 -26 -7 -2 -32
right_child=6 2 5 -5 -6 34 9 8 -10 11 -12 12 20 14 15 -17 -18 -19 -20 -21 21 22 24 -25 25 26 -28 28 -30 -31 31 -33 -34 -35 -36 -37 -38
leaf_value=0.035280141151969251 -0.019175593337959422 -0.030196529023044066 -0.0033040656436578654 0.071478121454548224 -0.065381334943855174 -0.083751529126896943 0.0018009266546225365 0.047346788952648454 -0.022664066315893478 0.057451472927076364 0.075388677865383419 -0.079870411457751783 0.04539479522288023 -0.0089601009491173285 -0.028343976455286933 -0.062545589749289754 0.057198325254652627 0.026594729596210429 0.030757514438312254 -0.017011396308742325 -0.048472385518528352 -0.030543145865051972 0.055733475745779533 0.023186445229746232 -0.025360020405913699 -0.054116820181950333 0.014668615080847524 -0.017843556343492328 -0.021432956958708671 0.037522690515093958 0.034768835652590063 0.011296398111556572 0.047899782939311068 0.027760131453476444 -0.03807959915160513 -0.065256247146591839 0.072795521058386284
leaf_weight=52 54 56 51 51 85 94 68 55 78 59 69 55 64 51 77 61 58 77 52 56 50 97 57 53 82 50 51 63 89 93 73 95 52 87 59 55 68
leaf_count=52 54 56 51 51 85 94 68 55 78 59 69 55 64 51 77 61 58 77 52 56 50 97 57 53 82 50 51 63 89 93 73 95 52 87 59 55 68
internal_value=8.60829e-07 -0.021499 -0.0284489 -0.0077763 -0.0299814 -0.0523215 0.00544031 -0.0165616 0.00645735 0.00853255 0.0402855 0.00572215 0.00359291 -0.0158993 -0.00351509 -0.019199 0.0265747 -0.000584243 -0.000358134 -0.0502582 0.0112095 0.00893859 0.0120068 -0.0111307 0.0161319 0.0130011 -0.0196676 0.0178547 0.00141556 0.0149663 0.0264734 0.0380452 0.0134467 0.00171017 -0.0678529 -0.0443304 0.0549296
internal_weight=2497 500 448 244 193 204 1997 242 133 1755 137 1618 1559 435 324 215 109 154 108 111 1124 1060 1010 150 860 803 101 702 245 156 457 236 221 169 153 109 141
internal_count=2497 500 448 244 193 204 1997 242 133 1755 137 1618 1559 435 324 215 109 154 108 111 1124 1060 1010 150 860 803 101 702 245 156 457 236 221 169 153 109 141
is_linear=0
shrinkage=0.0490752


Tree=64
num_leaves=39
num_cat=0
split_feature=6 6 11 30 13 5 19 32 20 15 13 25 11 2 34 2 6 34 32 23 19 23 4 20 4 5 19 5 21 2 30 5 25 6 35 21 13 2
split_gain=88.967 90.5598 151.501 87.3644 107.067 72.0503 64.9599 48.7472 79.5261 74.181 83.5784 121.67 76.2398 64.4876 49.2377 81.2669 86.8046 70.6082 108.584 57.5271 43.956 39.4766 50.8708 82.476 51.1142 52.5143 40.7834 39.3106 39.2475 37.9553 37.4324 35.4718 46.5752 32.0165 45.158 22.3262 6.79113 5.00592
threshold=0.58450000000000013 0.64133333333333342 366.50000000000006 0.19166666666666662 11.300000000000002 17.500000000000004 4.4500000000000011 0.2678571428571429 6.5000000000000009 17.000000000000004 9.1000000000000014 54.150000000000013 147.00000000000003 2.2145000000000015 27.500000000000004 1.0025000000000051 1.6790833333333335 13.500000000000002 0.58571428571428574 24.150000000000002 13.162500000000001 18.400000000000002 1.2305000000000004 7.5000000000000009 2.4085000000000005 13.500000000000002 12.112500000000002 16.500000000000004 -2.4999999999999996 0.097500000000003653 0.15625000000000003 12.500000000000002 54.600000000000009 1.9969166666666669 17.500000000000004 1.0000000180025095e-35 0.55000000000000016 1.5455000000000043
decision_type=10 10 2 2 10 8 10 2 10 10 10 2 2 8 2 8 10 2 2 2 10 2 10 10 10 10 8 8 10 10 2 8 2 10 2 10 10 10
left_child=3 -2 7 4 27 29 -5 8 -3 10 12 -12 14 37 15 -9 17 18 -17 33 -21 -16 23 -23 25 31 -27 -1 -19 -6 -25 32 -24 -18 36 -15 -35 -10
right_child=1 2 -4 6 5 -7 -8 9 13 -11 11 -13 -14 35 21 16 19 28 -20 20 -22 22 24 30 -26 26 -28 -29 -30 -31 -32 -33 -34 34 -36 -37 -38 -39
leaf_value=-0.068160674725533804 0.066931893083278154 0.064279597919927892 -0.066004276503787693 -0.0089930629299904211 -0.033338477513811235 0.062631603525135054 -0.082664017872416382 0.05861888236500052 -0.031320646882748555 0.057847217292729659 -0.086823072997118028 0.0096311287211101378 -0.040719234105372627 0.051952368349679659 -0.03355430699563719 -0.084304240560148472 0.0049142268631947802 -0.016822093840620434 0.0033381623748690121 0.030686049341661453 -0.02100953474918995 -0.02423814825975918 -0.045809885124785885 0.01501709671308425 0.022966411744908648 0.030377683478500259 -0.01930777428481054 -0.009646224853197485 0.034591082060527245 0.021528399788582765 0.071151963642648156 -0.0608602882687981 0.014217180305637799 0.047978110760775072 0.01488386390457855 0.0074558723034737632 0.087479859363861615 -0.0073666016235702245
leaf_weight=59 50 79 71 50 52 56 74 86 51 51 59 60 86 60 87 60 51 60 70 65 89 57 58 60 95 72 79 56 76 62 62 71 58 50 60 55 50 50
leaf_count=59 50 79 71 50 52 56 74 86 51 51 59 60 86 60 87 60 51 60 70 65 89 57 58 60 95 72 79 56 76 62 62 71 58 50 60 55 50 50
internal_value=3.87545e-06 0.0041327 0.00244157 -0.0207931 -0.00539741 0.019023 -0.0545361 0.00506429 0.0233315 0.00176458 -0.000105642 -0.0390405 0.00304047 0.00724699 0.00583862 0.0148515 0.00848171 -0.0126133 -0.038035 0.0239592 0.000719168 -0.00336764 0.00103088 0.0228217 -0.00798914 -0.0169984 0.00423521 -0.0413457 0.0117215 -0.00335836 0.0452707 -0.0341359 -0.0159045 0.0403673 0.0509772 0.0320387 0.0707727 -0.0206545
internal_weight=2497 2088 2038 409 285 170 124 1967 295 1672 1621 119 1502 216 1416 717 631 266 130 365 154 699 612 179 433 338 151 115 136 114 122 187 116 211 160 115 100 101
internal_count=2497 2088 2038 409 285 170 124 1967 295 1672 1621 119 1502 216 1416 717 631 266 130 365 154 699 612 179 433 338 151 115 136 114 122 187 116 211 160 115 100 101
is_linear=0
shrinkage=0.0490752


Tree=65
num_leaves=38
num_cat=0
split_feature=31 13 13 8 6 6 13 15 7 4 4 7 26 4 34 31 4 28 13 29 28 12 12 6 4 13 28 28 29 12 6 4 31 26 7 4 26
split_gain=88.6476 84.6751 75.7682 86.7763 51.0705 43.0648 105.926 90.4809 66.4093 40.4929 104.252 61.6867 64.9932 47.8892 45.7847 44.1301 84.7315 76.153 72.32 64.039 42.4898 44.8655 101.27 54.263 40.8616 50.2749 41.85 39.5843 38.7871 44.5777 33.6011 31.1864 30.2651 25.251 20.7913 16.738 12.9599
threshold=6.4166666666666679 21.500000000000004 18.500000000000004 2.5000000000000004 0.46016666666666667 0.58450000000000013 11.300000000000002 15.500000000000002 0.35150000000000109 1.3865000000000001 1.4945000000000002 0.3304999999999958 1.3500000000000003 1.5820000000000001 28.500000000000004 0.6666666666666653 2.3050000000000002 0.83790040040040126 3.2250000000000005 1.0000000180025095e-35 -2.806746031746032 8.4500000000000011 10.100000000000001 0.97366666666666679 2.5895000000000006 0.29166666666666669 -0.49082602339181308 0.39999999999999952 1.0000000180025095e-35 12.266666666666667 1.5028333333333335 3.5145000000000004 -1.3333333333333324 1.9500000000000002 -0.62150000000000505 1.0135000000000003 1.5500000000000003
decision_type=2 10 10 2 10 10 10 10 8 10 10 8 2 10 2 2 10 2 10 2 2 8 8 10 10 10 2 2 2 8 10 10 2 2 10 10 2
left_child=1 2 3 4 -1 6 8 9 -5 11 30 20 14 -12 -13 18 17 19 24 34 -7 23 -23 -22 25 27 -27 -15 29 -24 -11 -18 -30 -26 -17 -34 -28
right_child=-2 -3 -4 5 -6 7 -8 -9 -10 10 13 12 -14 15 -16 16 31 -19 -20 -21 21 22 28 -25 33 26 36 -29 32 -31 -32 -33 35 -35 -36 -37 -38
leaf_value=-0.0037236766121012746 -0.044566435879466092 -0.056112820818014594 0.06040058921701244 -0.062677071868927278 -0.064788993167209055 -0.045453678380270701 0.028443850862433093 0.069602602320190846 0.0051326768924159884 0.025675963511806482 -0.026380789228652436 0.028817270804790164 0.056011377524249499 -0.042990310201083376 -0.032841531289389339 0.017941467504049569 -0.025596310606575724 0.087664122662319433 -0.036409805707244787 -0.01962598772343006 0.0022411161184186334 0.063193624555098096 -0.056384191772929852 -0.05300665588738919 0.047319634686612475 0.050064088832234656 -0.015552164663630229 0.0099382716251019514 0.039480803829150445 -0.0019666930403259173 0.084501866509981843 0.021111929257190562 0.013332907461493333 0.0055417543343135017 0.063870988911210569 -0.025116545024473934 0.016683632989672233
leaf_weight=66 99 55 51 98 67 73 81 50 50 55 95 52 72 85 56 52 84 59 99 54 78 54 60 86 83 55 62 51 50 89 51 52 50 65 57 50 51
leaf_count=66 99 55 51 98 67 73 81 50 50 55 95 52 72 85 56 52 84 59 99 54 78 54 60 86 83 55 62 51 50 89 51 52 50 65 57 50 51
internal_value=8.5249e-06 0.00193945 0.00341517 0.00202414 -0.0358258 0.00443965 -0.0154454 0.00685124 -0.0399051 0.00501396 0.0110083 -0.00357553 0.0211869 0.0059604 -0.0027441 0.00949375 0.0228108 0.0412766 0.000651829 0.0225167 -0.0113037 -0.00607953 0.00369309 -0.027001 0.00912214 -0.00109437 0.0165289 -0.0230689 -0.00757271 -0.0250909 0.0564431 -0.00729325 0.00970534 0.0299158 0.0437876 -0.00564091 -0.000509608
internal_weight=2497 2398 2343 2292 133 2159 229 1930 148 1880 1110 770 180 1004 108 909 358 222 551 163 590 517 353 164 452 304 168 136 299 149 106 136 150 148 109 100 113
internal_count=2497 2398 2343 2292 133 2159 229 1930 148 1880 1110 770 180 1004 108 909 358 222 551 163 590 517 353 164 452 304 168 136 299 149 106 136 150 148 109 100 113
is_linear=0
shrinkage=0.0490752


Tree=66
num_leaves=37
num_cat=0
split_feature=1 30 0 12 8 28 2 28 2 2 1 30 20 2 2 23 2 2 25 34 2 13 28 28 28 23 30 34 25 25 8 21 2 23 13 34
split_gain=99.9118 75.0972 69.1693 59.8238 53.4659 63.1444 42.771 79.9555 54.6641 54.605 123.144 80.2739 58.6356 42.1748 39.7021 36.3392 91.4558 74.5583 68.7317 31.3848 39.921 45.3938 27.2875 26.9616 49.8073 45.3538 53.8203 48.806 65.9871 54.9292 30.6804 25.8801 52.9733 17.3208 14.7417 7.65577
threshold=4.5000000000000009 0.12750000000000003 4.5000000000000009 9.9000000000000021 5.5000000000000009 2.3011437908496739 1.5339999999999991 2.0499361430395919 1.610500000000002 1.4219999999999973 13.500000000000002 0.12250000000000001 4.5000000000000009 0.16849999999999452 1.7334999999999996 22.550000000000001 1.1250000000000002 1.1099999999999997 52.500000000000007 4.5000000000000009 7.1565000000000021 4.9000000000000012 3.0013477088948792 -0.30376954526570227 -0.84163132337574431 26.050000000000004 0.23750000000000002 29.500000000000004 59.000000000000007 58.400000000000013 15.500000000000002 2.5000000000000004 2.4789999999999925 23.150000000000002 1.7000000000000004 24.500000000000004
decision_type=8 2 2 8 2 2 10 2 10 8 10 2 8 10 10 2 10 10 2 2 10 10 2 2 2 2 2 2 2 2 2 8 10 2 10 2
left_child=1 -1 -2 4 5 13 7 9 -8 10 11 -4 -13 33 -10 16 -14 18 -17 -16 21 23 -9 24 31 26 27 28 -25 -29 -27 32 -21 -3 -11 -15
right_child=2 3 6 -5 -6 -7 8 22 14 34 -12 12 15 35 19 17 -18 -19 -20 20 -22 -23 -24 25 -26 30 -28 29 -30 -31 -32 -33 -34 -35 -36 -37
leaf_value=0.026967143103489126 0.050637642091358633 -0.035203525176776898 -0.051956238614235088 -0.073159583410953744 0.020090529706570021 0.013629933218840351 0.052580926448963193 -0.065884579661457943 -0.022559552800825246 -0.010618644112585259 0.074556493809688817 -0.031531287682191669 0.0036537537711341822 -0.039365380605186566 -0.023764893280431413 -0.0042508398614220302 0.084579328687911584 -0.029158181445224314 0.067890510027977441 0.047187411798422105 -0.021219592390483006 0.052594041238735033 -0.014311345259429981 0.088081567524606511 -0.035169842344638595 -0.020193296525412539 -0.012115831800974787 -0.0092938842422258753 0.013627448850579246 0.051659446902102661 0.020978878807059717 -0.011084797100623271 -0.0097044050369395462 0.00041439969785292722 -0.050055477600418133 -0.073106765810383723
leaf_weight=68 73 60 61 56 64 66 62 59 99 51 54 76 94 59 60 70 50 98 52 86 77 67 50 76 71 96 59 79 50 58 73 80 66 62 50 65
leaf_count=68 73 60 61 56 64 66 62 59 99 51 54 76 94 59 60 70 50 98 52 86 77 67 50 76 71 96 59 79 50 58 73 80 66 62 50 65
internal_value=2.52288e-05 -0.019485 0.00496354 -0.0270878 -0.0194083 -0.0278163 0.00310498 -0.00584415 0.00905406 0.000644239 0.0068117 -0.000917663 0.00644569 -0.0391729 0.00636972 0.0147619 0.0335916 0.00184236 0.0272692 0.00936616 0.0116284 0.0147064 -0.0439893 0.0112034 -0.000163273 0.0182629 0.0289716 0.0384165 0.0602258 0.0168846 -0.0020509 0.0107497 0.0225474 -0.0172648 -0.0317589 -0.0591458
internal_weight=2497 500 1997 432 376 312 1924 765 1159 656 555 501 440 246 1097 364 144 220 122 998 938 861 109 794 303 491 322 263 126 137 169 232 152 122 101 124
internal_count=2497 500 1997 432 376 312 1924 765 1159 656 555 501 440 246 1097 364 144 220 122 998 938 861 109 794 303 491 322 263 126 137 169 232 152 122 101 124
is_linear=0
shrinkage=0.0490752


Tree=67
num_leaves=37
num_cat=0
split_feature=9 0 32 32 5 4 4 2 32 23 20 23 23 9 2 18 2 34 18 4 34 23 20 3 2 5 32 34 3 9 23 18 5 3 9 23
split_gain=69.9791 44.2528 42.263 49.4516 77.143 104.867 81.5733 72.2227 79.9187 91.9429 73.115 64.9979 82.3007 62.0355 55.2133 39.2818 35.5555 37.589 62.129 61.1085 53.0609 50.318 42.0078 59.2516 34.4261 38.8064 31.5583 23.7261 57.7314 48.4902 28.1019 23.2883 22.206 20.8651 18.0103 8.71106
threshold=251.50000000000003 11.500000000000002 0.81666666666666676 0.68333333333333346 17.500000000000004 0.84400000000000008 0.99700000000000011 1.7334999999999996 0.58571428571428574 23.150000000000002 2.5000000000000004 23.350000000000005 28.750000000000004 36.500000000000007 1.1784999999999999 6.8285714285714292 7.1565000000000021 17.500000000000004 6.4500000000000011 1.2740000000000002 29.500000000000004 26.150000000000002 15.500000000000002 79.066500000000019 1.9875000000000045 14.500000000000002 0.38750000000000007 36.500000000000007 82.546500000000023 14.500000000000002 23.700000000000006 13.100000000000001 17.500000000000004 77.403500000000022 88.500000000000014 21.950000000000003
decision_type=2 2 2 2 8 10 10 8 2 2 10 2 2 2 10 8 8 2 8 10 2 2 8 10 10 8 2 2 10 2 2 10 8 10 2 2
left_child=1 2 3 7 6 -6 34 8 10 -10 15 13 26 14 -12 -1 17 19 -19 -3 22 35 23 -20 -9 -26 -13 28 -22 30 -29 -25 -24 -15 -5 -21
right_child=-2 16 -4 4 5 -7 -8 24 9 -11 11 12 -14 33 -16 -17 -18 18 20 21 27 -23 32 31 25 -27 -28 29 -30 -31 -32 -33 -34 -35 -36 -37
leaf_value=0.038742332083678187 -0.048005256522071209 -0.043619273822296481 0.031518398890084412 -0.089231086434741008 0.057768892142157184 -0.038002097193601522 -0.0032447328368263263 0.055479624955937494 -0.017448523752034959 0.054959156412864411 -0.013244544298366568 -0.031469599212187456 -0.00071923987077355189 -0.010428363935734123 0.049156128929512273 -0.011699418083041348 -0.021550912296233033 0.065644625667605733 0.083315618421692161 0.013422860251824844 -0.044272820497029144 -0.024539142646857311 -0.0078673068251974426 0 -0.0078733666922933456 0.041651328587470234 -0.080804601535567774 -0.022861481729269904 0.012815449722477053 0.050935585534740223 0.016381572757905017 0.043173334184926436 0.031693867172287407 -0.055546956410907219 -0.041666414233967192 0.041659825116978536
leaf_weight=72 67 67 70 57 51 51 80 57 74 88 70 62 76 54 59 68 81 55 57 69 75 64 87 59 96 57 98 79 88 51 89 55 50 52 55 57
leaf_count=72 67 67 70 57 51 51 80 57 74 88 70 62 76 54 59 68 81 55 57 69 75 64 87 59 96 57 98 79 88 51 89 55 50 52 55 57
internal_value=2.01521e-05 0.00144019 -0.00446893 -0.00657105 -0.0240949 0.00978579 -0.0421804 -0.00120465 -0.00819983 0.0219582 -0.0163656 -0.0256124 -0.0436303 -0.00689008 0.0155358 0.0142501 0.00882468 0.0114041 0.0169781 -0.00457746 0.0126768 0.00954258 0.0276958 0.0437018 0.0239904 0.0108457 -0.0632048 0.000280273 -0.013582 0.0108768 -0.0018863 0.0213536 0.00670395 -0.0342089 -0.0685101 0.0274528
internal_weight=2497 2430 1347 1277 294 102 192 983 773 162 611 471 236 235 129 140 1083 1002 745 257 690 190 308 171 210 153 160 382 163 219 168 114 137 106 112 126
internal_count=2497 2430 1347 1277 294 102 192 983 773 162 611 471 236 235 129 140 1083 1002 745 257 690 190 308 171 210 153 160 382 163 219 168 114 137 106 112 126
is_linear=0
shrinkage=0.0490752


Tree=68
num_leaves=37
num_cat=0
split_feature=1 30 4 7 32 4 7 4 12 31 7 8 15 4 4 4 32 31 7 4 11 4 25 4 1 21 10 4 12 21 21 15 38 4 31 38
split_gain=85.1157 68.6293 62.1828 112.952 72.5116 41.7491 58.8018 55.7737 45.938 44.8119 33.5872 70.9219 54.1005 60.2696 80.252 58.9234 54.9311 43.42 40.8392 39.8804 52.7743 47.9881 47.4309 44.9696 80.5972 53.9438 53.4556 42.8742 37.2229 36.134 26.2848 23.2145 39.0804 23.005 16.2898 25.3438
threshold=4.5000000000000009 0.12750000000000003 0.45150000000000007 0.20249999999999699 0.64583333333333337 0.72900000000000009 -0.64650000000000318 0.84400000000000008 8.1000000000000014 -0.33333333333333365 -7.1300000000000052 7.5000000000000009 12.250000000000002 1.3795000000000002 1.4945000000000002 1.2395000000000003 0.58571428571428574 -0.33333333333333476 -0.27700000000000463 1.5752500000000003 91.500000000000014 4.0590000000000002 34.20000000000001 2.0585000000000004 14.500000000000002 -3.4999999999999996 8.5000000000000018 1.7325000000000002 13.100000000000001 -1.0000000180025095e-35 -1.0000000180025095e-35 17.000000000000004 12.500000000000002 1.5315000000000001 -0.91666666666666596 8.5000000000000018
decision_type=8 2 8 8 2 10 10 10 10 2 10 2 8 10 10 10 2 2 10 10 2 10 2 10 10 10 2 10 8 10 8 10 2 10 2 2
left_child=1 -1 3 4 -3 6 8 -7 -2 -8 11 -9 13 15 -15 16 17 -12 -18 -16 21 22 -21 25 -25 -24 27 -27 33 -17 -30 32 -4 -13 -26 -36
right_child=5 2 31 -5 -6 7 9 10 -10 -11 12 28 -14 14 19 29 18 -19 -20 20 -22 -23 23 24 34 26 -28 -29 30 -31 -32 -33 -34 -35 35 -37
leaf_value=0.026396052126688167 0.044311450306487532 0.0025519913681651641 -0.077865705013843364 0.052574732362643414 -0.058062568673518396 0.044532784311903169 -0.06356391997416351 -0.06063242828926857 -0.016706163793388237 -0.0056632033063719828 0.010654999491098133 0.044874954537761823 0.048506704569278067 0.053968242289758529 -0.026784619031343201 -0.065689182222730805 -0.0010139869770279348 -0.036312571352911549 0.055883909897079719 0.04490365425522385 -0.033655311928973336 0.059286525551027126 0.060924146058352543 -0.045484564248659286 0.028702341843667097 -0.0056182389310165774 -0.030393087617902537 0.045951559785050659 0.0024071821857445564 -0.0074756298959169024 -0.040748454332987391 -0.014584943946134717 -0.023336853460155405 0.0013764324040173039 0.023733690347003188 -0.020913514726719314
leaf_weight=68 51 97 81 53 86 88 66 50 60 65 83 50 73 99 69 57 57 99 57 82 54 51 56 90 67 66 59 83 73 50 56 52 63 70 51 65
leaf_count=68 51 97 81 53 86 88 66 50 60 65 83 50 73 99 69 57 57 99 57 82 54 51 56 90 67 66 59 83 73 50 56 52 63 70 51 65
internal_value=1.95525e-05 -0.0179867 -0.0252615 -0.00780322 -0.0262936 0.00457908 -0.0143092 0.00723789 0.0114583 -0.036205 0.00513915 -0.00959578 0.008414 0.00597559 0.0130979 -0.00964184 0.00160991 -0.0148564 0.0279341 0.00769186 0.0111726 0.0150346 0.0109573 0.00539295 -0.00839615 0.0197499 0.00750463 0.0232302 0.00124301 -0.0401636 -0.0166091 -0.0454677 -0.0556005 0.0207497 0.0101549 -0.000738081
internal_weight=2497 500 432 236 183 1997 242 1755 111 131 1667 299 1368 1295 892 403 296 182 114 793 724 670 619 537 273 264 208 149 249 107 129 196 144 120 183 116
internal_count=2497 500 432 236 183 1997 242 1755 111 131 1667 299 1368 1295 892 403 296 182 114 793 724 670 619 537 273 264 208 149 249 107 129 196 144 120 183 116
is_linear=0
shrinkage=0.0490752


Tree=69
num_leaves=38
num_cat=0
split_feature=9 15 22 9 22 19 9 9 21 28 0 28 19 18 32 17 9 22 22 9 19 19 8 2 18 20 21 19 17 19 20 2 2 2 18 20 2
split_gain=62.7398 47.8675 227.208 100.149 226.432 97.3462 77.9583 58.8052 61.3926 46.1915 99.1642 64.7324 47.4351 37.6458 35.9851 64.9188 55.5964 58.7601 73.195 63.9031 46.2534 36.4653 79.6696 53.9493 44.7779 35.002 33.3413 31.6092 29.3671 45.8643 29.548 29.2561 22.2331 35.6692 30.1888 20.8717 13.8413
threshold=251.50000000000003 18.500000000000004 0.39502164502164505 113.50000000000001 0.7633053221288516 4.9642857142857153 94.500000000000014 59.500000000000007 5.5000000000000009 2.0499361430395919 9.5000000000000018 1.6420168067226888 12.550000000000002 6.5500000000000007 0.77500000000000013 13.550000000000002 17.500000000000004 0.64171122994652419 0.90692640692640702 39.500000000000007 10.458333333333334 12.183333333333335 14.500000000000002 4.842500000000002 11.550000000000002 11.500000000000002 -1.4999999999999998 10.725000000000001 13.450000000000001 13.725000000000001 12.500000000000002 0.36100000000000426 1.7470000000000001 2.4940000000000002 15.733333333333336 12.500000000000002 1.0625000000000002
decision_type=2 10 2 2 2 10 2 2 10 2 2 2 10 10 2 10 2 2 2 2 10 8 2 8 10 10 10 10 8 8 10 10 10 10 8 10 10
left_child=1 3 -3 6 31 -6 7 8 9 11 -11 14 -12 -9 16 -16 21 20 19 -19 36 22 24 28 26 -10 -1 -15 30 -30 -23 -5 -31 -34 -35 -24 -18
right_child=-2 2 -4 4 5 -7 -8 13 25 10 12 -13 -14 27 15 -17 17 18 -20 -21 -22 23 35 -25 -26 -27 -28 -29 29 32 -32 -33 33 34 -36 -37 -38
leaf_value=-0.0045444469654242082 -0.045454476801586319 -0.038311026492476391 0.10046843427312976 -0.10460218292982287 0.065947938411553414 -0.017518910493763206 0.04899490119926677 -0.059071165933416811 0.061982017635269046 -0.057615548410563482 -0.022469285794094126 0.047970027507413651 0.040003775121285931 0.011736418448452336 0.06071935013142115 -0.0025045836555248435 0.0029513084189590226 -0.0061987948668368095 -0.044209707646025838 0.062201299450578083 -0.063269445485889822 -0.042860399366867752 0.07634769062986263 0.043581342313107653 -0.032990818989853982 0.012473013739750518 0.040630206319160818 -0.037363611312162523 0.041235374538817079 -0.030136248200849539 -0.0023590574983796916 -0.049514562277883672 0.026297220590151479 -0.042690539350752628 0.0052574079799841879 0.027666170942746728 -0.029695931100010405
leaf_weight=83 67 52 54 51 52 80 83 52 60 90 51 74 58 69 63 90 56 72 50 54 79 85 50 53 60 87 67 51 55 67 91 76 81 50 71 54 59
leaf_count=83 67 52 54 51 52 80 83 52 60 90 51 74 58 69 63 90 56 72 50 54 79 85 50 53 60 87 67 51 55 67 91 76 81 50 71 54 59
internal_value=1.79758e-05 0.00136361 0.0330071 -0.000111962 -0.0286605 0.0159584 0.00349267 0.00146885 0.00411687 0.00136267 -0.0205435 0.00442112 0.0105727 -0.0255844 0.00193818 0.0240861 -0.000829299 -0.016689 0.00361196 0.023734 -0.0350606 0.00592728 0.0191836 -0.00159379 0.00130485 0.0340987 0.0158371 -0.00925803 -0.00678374 0.00188294 -0.022704 -0.0744967 -0.0064619 0.00157769 -0.0148831 0.0534616 -0.0138127
internal_weight=2497 2430 106 2324 259 132 2065 1982 1810 1663 199 1464 109 172 1390 153 1237 370 176 126 194 867 314 553 210 147 150 120 500 324 176 127 269 202 121 104 115
internal_count=2497 2430 106 2324 259 132 2065 1982 1810 1663 199 1464 109 172 1390 153 1237 370 176 126 194 867 314 553 210 147 150 120 500 324 176 127 269 202 121 104 115
is_linear=0
shrinkage=0.0490752


Tree=70
num_leaves=40
num_cat=0
split_feature=1 26 22 9 36 14 13 11 21 18 18 36 26 18 5 6 5 14 9 18 1 18 18 8 22 1 1 22 21 21 35 1 20 9 26 6 6 21 26
split_gain=71.8794 67.2254 71.1338 134.627 66.038 55.1399 28.8439 90.9882 31.8705 35.248 89.4517 51.9396 37.7488 66.7805 64.2683 69.182 36.1527 101.373 99.2579 90.2997 51.9309 50.8591 47.3862 44.1147 40.1878 33.4804 44.3617 32.2548 29.8491 60.708 43.9608 31.2361 27.8797 26.3459 21.5197 20.3573 12.1703 11.6651 9.62197
threshold=4.5000000000000009 0.45000000000000007 0.74458874458874469 195.00000000000003 4.5000000000000009 1.5000000000000002 13.850000000000003 260.00000000000006 5.5000000000000009 9.1000000000000014 9.8166666666666682 2.5000000000000004 1.3500000000000003 7.4500000000000011 14.500000000000002 1.4279999999999999 12.500000000000002 9.5000000000000018 21.500000000000004 12.550000000000002 10.500000000000002 13.225000000000001 11.708333333333334 14.500000000000002 0.79112554112554123 13.500000000000002 16.500000000000004 0.42016806722689076 1.0000000180025095e-35 -3.4999999999999996 10.000000000000002 11.500000000000002 11.500000000000002 110.50000000000001 1.8500000000000003 1.9046666666666667 1.3206666666666669 -1.4999999999999998 1.3500000000000003
decision_type=8 2 2 2 2 8 10 2 10 8 8 2 2 10 8 10 10 8 2 8 10 10 10 2 2 8 10 2 10 10 2 10 10 2 2 10 10 10 2
left_child=1 -1 4 -4 -3 -6 7 8 9 11 -11 -2 13 -13 15 -14 19 32 21 20 36 22 -19 -23 28 -10 -27 -25 29 31 -31 -21 -18 34 -7 -22 -12 -26 -29
right_child=6 2 3 -5 5 33 -8 -9 25 10 16 12 14 -15 -16 -17 17 18 -20 24 35 23 -24 27 37 26 -28 38 -30 30 -32 -33 -34 -35 -36 -37 -38 -39 -40
leaf_value=0.032227445824858779 -0.051011164818708696 0.0057331041676564401 0.067746871706031261 -0.034123358982150853 -0.0014904978996506896 -0.05955344710183566 0.038115144125550934 -0.04617192869212295 -0.0068958713275249182 0.066414245863215662 -0.031020814132587157 0.0079120126300968856 -0.049376025254474466 -0.055381633356937382 0.042954083594164465 0.024442796432067555 0.071891221024626389 0.001437939552807588 -0.057046316919849224 -0.040770635999845282 0.013817926589251364 -0.034934105693696087 0.059388703125392031 0.035879295917254646 0.04991560619712903 0.069809514616705606 0.01200494558178497 0.01006392989300643 -0.021789041377886471 0.065637809825688856 0.0022713907129295738 0.011140601264288799 0.020565401282997331 -0.08859014537057007 -0.017586466959232848 -0.027044837381774673 -0.071763667998694256 0.015037716311773376 -0.016550977973374122
leaf_weight=56 57 72 50 70 54 87 55 82 55 55 50 88 56 67 87 58 71 62 55 53 58 67 77 70 56 55 80 53 97 54 52 50 50 55 56 51 52 54 70
leaf_count=56 57 72 50 70 54 87 55 82 55 55 50 88 56 67 87 58 71 62 55 53 58 67 77 70 56 55 80 53 97 54 52 50 50 55 56 51 52 54 70
internal_value=1.75242e-05 -0.0165279 -0.0230169 0.00872962 -0.0348888 -0.0465972 0.00420915 0.00314826 0.00544212 0.00321303 0.00731834 -0.00911459 -0.00178411 -0.0198321 0.0120067 -0.0118394 0.00436508 0.0132295 0.00232207 -0.00371787 -0.0296234 0.0111062 0.0346378 -0.00161684 0.00945908 0.0243167 0.0372227 0.0101667 3.29911e-05 0.0106084 0.0361973 -0.0156283 0.0523952 -0.0583856 -0.0443673 -0.00514143 -0.054155 0.0343394 -0.00473793
internal_weight=2497 500 444 120 324 252 1997 1942 1860 1670 1257 413 356 155 201 114 1202 575 454 627 211 399 139 260 416 190 135 193 306 209 106 103 121 198 143 109 102 110 123
internal_count=2497 500 444 120 324 252 1997 1942 1860 1670 1257 413 356 155 201 114 1202 575 454 627 211 399 139 260 416 190 135 193 306 209 106 103 121 198 143 109 102 110 123
is_linear=0
shrinkage=0.0490752


Tree=71
num_leaves=39
num_cat=0
split_feature=31 13 13 8 17 17 31 31 2 31 37 1 20 31 31 3 3 34 11 17 13 8 13 31 34 17 37 21 2 15 21 17 13 31 34 17 3 13
split_gain=74.8594 67.3655 71.8034 60.6491 94.9682 90.0669 63.5195 69.822 56.4064 59.8692 55.6973 39.601 61.4914 69.875 77.4381 67.0861 69.6446 59.9885 52.7669 41.4122 60.6044 58.9853 52.6678 63.9801 38.4375 34.2238 31.7773 38.674 36.9692 26.8943 23.46 20.7799 34.9344 30.5946 33.0886 18.8104 16.0719 13.5862
threshold=6.4166666666666679 21.500000000000004 18.500000000000004 2.5000000000000004 5.0500000000000007 5.7250000000000005 -6.1666666666666652 -4.5833333333333321 0.054999999999992562 4.7500000000000009 2019.5000000000002 12.500000000000002 4.5000000000000009 -2.1666666666666665 -3.2499999999999991 71.58150000000002 76.308000000000021 27.500000000000004 58.500000000000007 9.8375000000000021 3.1000000000000005 8.5000000000000018 0.22500000000000003 0.99999999999999944 26.500000000000004 11.250000000000002 2020.5000000000002 4.5000000000000009 2.8424999999999945 1.0000000180025095e-35 -1.0000000180025095e-35 15.65 1.0000000180025095e-35 2.0833333333333353 31.500000000000004 14.450000000000001 85.313000000000017 7.7000000000000002
decision_type=2 10 10 2 8 8 2 2 10 2 2 10 8 2 2 10 10 2 2 10 10 2 8 2 2 8 2 10 10 10 8 10 10 2 2 10 10 10
left_child=1 2 3 10 -5 -6 -7 24 -9 11 -1 12 17 14 -14 -15 -17 -10 26 21 22 37 -21 -24 -8 -11 27 28 30 -20 -13 32 36 34 -34 -30 -28 -18
right_child=-2 -3 -4 4 5 6 7 8 9 25 -12 18 13 15 -16 16 19 -19 29 20 -22 -23 23 -25 -26 -27 31 -29 35 -31 -32 -33 33 -35 -36 -37 -38 -39
leaf_value=-0.068767559427117209 -0.040939611746251457 -0.049977219028062479 0.058586290732145989 0.053169466133488996 -0.048146568209398825 0.042289319476094468 -0.066152373405608991 -0.042338748463448747 0.0016999845423084949 0.068780847970401099 -0.0038228100044417246 -0.033511818959667414 -0.0032453564495889685 -0.048472108228990021 0.071653828997973443 0.047922617207059238 -0.027329204265567644 -0.065418012276925855 0.067399295205604504 -0.038355970856261745 -0.05510491125188114 0.050059389448773021 0.049682419626848225 -0.019342095293419667 -0.0051378887071368874 0.012603062169094476 0.0053627415802776131 -0.038996041574634654 0.043552013304591519 0.015084762213740074 0.0035549781116041615 0.03799957733816331 0.054739366158676202 -0.01077760889993346 0.0080108414883137639 0.0050632783485979934 -0.032047825108988008 0.0070279221453461126
leaf_weight=50 99 55 51 86 80 94 50 57 55 50 83 69 65 74 61 61 50 68 51 63 74 59 61 60 51 60 50 61 53 52 88 77 74 50 77 76 51 51
leaf_count=50 99 55 51 86 80 94 50 57 55 50 83 69 65 74 61 61 50 68 51 63 74 59 61 60 51 60 50 61 53 52 88 77 74 50 77 76 51 51
internal_value=2.05967e-05 0.00179658 0.00311486 0.00176057 0.00378313 0.00161351 0.00372672 0.00170829 0.00399578 0.00563327 -0.0298753 0.0031897 -0.00453194 0.00125202 0.0337099 -0.0062412 0.000523373 -0.0358969 0.0107051 -0.00666007 -0.0187914 0.0125825 -0.00307503 0.0155305 -0.0371636 0.0400677 0.00585133 -0.00474931 0.00281598 0.0429792 -0.012851 0.0156347 0.00935493 0.0211454 0.0320394 0.0220701 -0.0135522 -0.00989845
internal_weight=2497 2398 2343 2292 2159 2073 1993 1899 1798 1741 133 1631 802 679 126 553 479 123 829 418 258 160 184 121 101 110 726 347 286 103 157 379 302 201 151 129 101 101
internal_count=2497 2398 2343 2292 2159 2073 1993 1899 1798 1741 133 1631 802 679 126 553 479 123 829 418 258 160 184 121 101 110 726 347 286 103 157 379 302 201 151 129 101 101
is_linear=0
shrinkage=0.0490752


Tree=72
num_leaves=40
num_cat=0
split_feature=35 19 19 6 19 19 8 35 4 35 29 21 23 11 11 8 9 29 34 4 20 16 11 36 6 19 19 6 35 4 4 20 19 36 11 4 36 20 23
split_gain=55.1243 90.9588 117.481 114.922 82.1484 70.4498 62.9204 61.8712 84.6381 67.2967 70.6026 63.3024 61.8798 58.0083 53.0149 52.3775 74.2878 62.4995 55.633 55.7775 49.3673 99.8687 58.4788 49.1085 87.6688 67.9643 45.3082 45.3051 43.4798 44.6634 42.0434 28.7835 61.1326 28.2507 42.5247 27.909 21.9237 17.9556 9.95274
threshold=10.000000000000002 8.4500000000000011 9.3666666666666689 1.100416666666667 12.450000000000001 6.7750000000000012 7.5000000000000009 8.5000000000000018 0.34850000000000003 2.5000000000000004 0.13333333333333333 -1.4999999999999998 18.550000000000004 104.50000000000001 64.500000000000014 1.5000000000000002 85.500000000000014 1.0000000180025095e-35 27.500000000000004 0.51400000000000012 13.500000000000002 0.58571428571428574 12.500000000000002 9.5000000000000018 0.89158333333333339 11.550000000000002 13.275000000000002 0.3145 19.500000000000004 1.5752500000000003 1.9575000000000002 10.500000000000002 13.950000000000001 26.500000000000004 19.500000000000004 2.5895000000000006 21.500000000000004 10.500000000000002 23.550000000000004
decision_type=2 10 10 10 10 10 2 2 8 2 2 8 2 2 2 2 2 2 2 10 10 10 2 2 10 10 8 10 2 10 10 10 10 2 2 10 2 10 2
left_child=7 5 -3 4 -4 15 -7 8 27 20 12 -12 -11 28 -13 -2 17 -17 19 -18 21 26 36 -14 -25 -26 -10 -1 29 37 -30 -9 -33 34 -31 -32 -22 -5 -34
right_child=1 2 3 13 -6 6 -8 31 9 10 11 14 23 -15 -16 16 18 -19 -20 -21 22 -23 -24 24 25 -27 -28 -29 30 33 35 32 38 -35 -36 -37 -38 -39 -40
leaf_value=0.0081117844319528714 -0.045836003522100641 0.060649408014182692 -0.068052769412756495 -0.05654281213401488 0.0071117478118881998 -0.085292910305419023 -0.012114961922103287 0.0030330433701459174 0.027921949121454563 -0.078748831145423928 -0.032396550535724079 0.065196218811164455 0.017649359496478549 0.050628678009663711 -0.00053008149899226044 0.010511156904430148 0.034067797880603441 -0.055041322814882686 0.055247433997462465 -0.03413802405322354 -0.045080291933601836 0.086079061349253208 0.029977370528261851 -0.084760730645844745 0.025073170784090014 -0.048455658690721812 -0.028839901649766131 0.074936504226230577 0.042217691183520444 0.015991392891924101 -0.023619696369528126 0.0762232433468433 0.030799206903122017 0.027906647857650235 -0.036678743267869476 0.018926113036756283 -0.0020186938174669524 -0.013764948508024564 0.00043972203911853315
leaf_weight=50 84 74 93 50 52 68 52 75 86 51 56 50 59 61 62 55 50 83 60 58 64 50 65 50 63 51 50 50 93 71 62 66 50 68 68 81 54 55 57
leaf_count=50 84 74 93 50 52 68 52 75 86 51 56 50 59 61 62 55 50 83 60 58 64 50 65 50 63 51 50 50 93 71 62 66 50 68 68 81 54 55 57
internal_value=2.0078e-05 -0.00673742 0.00326202 -0.00259132 -0.0412915 -0.0229682 -0.0553746 0.00786002 0.00184119 -0.00343006 -0.0163277 0.00838275 -0.03156 0.0067489 0.0296061 -0.0124174 -0.00261815 -0.0290017 0.0189353 -0.002033 0.0118962 0.0294775 -0.00595438 -0.0193699 -0.0330831 -0.00792345 0.00647664 0.0435738 0.00144833 -0.0104262 0.0172658 0.029399 0.0402283 0.0026896 -0.00973132 5.27068e-06 -0.026481 -0.0358972 0.0156613
internal_weight=2497 1338 828 754 145 510 120 1159 911 811 442 168 274 609 112 390 306 138 168 108 369 186 183 223 164 114 136 100 548 312 236 248 173 207 139 143 118 105 107
internal_count=2497 1338 828 754 145 510 120 1159 911 811 442 168 274 609 112 390 306 138 168 108 369 186 183 223 164 114 136 100 548 312 236 248 173 207 139 143 118 105 107
is_linear=0
shrinkage=0.0490752


end of trees

feature_importances:
fp3_vs_quali_delta=137
team_form_pos_5=129
quali_gap_to_pole=127
fp3_gap=120
driver_circuit_avg=114
fp_avg_gap=113
team_circuit_avg=109
quali_position=100
driver_champ_pts=96
driver_momentum=94
AirTemp_mean=91
best_quali_time=85
driver_form_pts_5=85
driver_encoded=81
driver_wet_advantage=80
grid_champ_delta=79
TrackTemp_mean=74
fp3_laps=71
GridPosition=66
constructor_champ_pts=64
team_encoded=64
driver_champ_pos=59
season_progress=56
circuit_encoded=55
teammate_grid=54
Humidity_mean=53
driver_form_pos_5=47
driver_last_pos=47
driver_vs_teammate_rate=43
driver_reliability_10=40
WindSpeed_mean=38
constructor_champ_pos=30
Season=26
circuit_dnf_rate=22
Round=22
driver_last_pts=18
circuit_wet_rate=10
Rainfall=2
is_street_circuit=2

parameters:
[boosting: gbdt]
[objective: regression]
[metric: l2]
[tree_learner: serial]
[device_type: cpu]
[data_sample_strategy: bagging]
[data: ]
[valid: ]
[num_iterations: 1139]
[learning_rate: 0.0490752]
[num_leaves: 64]
[num_threads: 10]
[seed: 42]
[deterministic: 0]
[force_col_wise: 0]
[force_row_wise: 0]
[histogram_pool_size: -1]
[max_depth: -1]
[min_data_in_leaf: 50]
[min_sum_hessian_in_leaf: 0.001]
[bagging_fraction: 0.97952]
[pos_bagging_fraction: 1]
[neg_bagging_fraction: 1]
[bagging_freq: 0]
[bagging_seed: 400]
[bagging_by_query: 0]
[feature_fraction: 0.437366]
[feature_fraction_bynode: 1]
[feature_fraction_seed: 30056]
[extra_trees: 0]
[extra_seed: 12879]
[early_stopping_round: 0]
[early_stopping_min_delta: 0]
[first_metric_only: 0]
[max_delta_step: 0]
[lambda_l1: 1.00483]
[lambda_l2: 3.94309]
[linear_lambda: 0]
[min_gain_to_split: 0]
[drop_rate: 0.1]
[max_drop: 50]
[skip_drop: 0.5]
[xgboost_dart_mode: 0]
[uniform_drop: 0]
[drop_seed: 17869]
[top_rate: 0.2]
[other_rate: 0.1]
[min_data_per_group: 100]
[max_cat_threshold: 32]
[cat_l2: 10]
[cat_smooth: 10]
[max_cat_to_onehot: 4]
[top_k: 20]
[monotone_constraints: ]
[monotone_constraints_method: basic]
[monotone_penalty: 0]
[feature_contri: ]
[forcedsplits_filename: ]
[refit_decay_rate: 0.9]
[cegb_tradeoff: 1]
[cegb_penalty_split: 0]
[cegb_penalty_feature_lazy: ]
[cegb_penalty_feature_coupled: ]
[path_smooth: 0]
[interaction_constraints: ]
[verbosity: -1]
[saved_feature_importance_type: 0]
[use_quantized_grad: 0]
[num_grad_quant_bins: 4]
[quant_train_renew_leaf: 0]
[stochastic_rounding: 1]
[linear_tree: 0]
[max_bin: 255]
[max_bin_by_feature: ]
[min_data_in_bin: 3]
[bin_construct_sample_cnt: 200000]
[data_random_seed: 175]
[is_enable_sparse: 1]
[enable_bundle: 1]
[use_missing: 1]
[zero_as_missing: 0]
[feature_pre_filter: 1]
[pre_partition: 0]
[two_round: 0]
[header: 0]
[label_column: ]
[weight_column: ]
[group_column: ]
[ignore_column: ]
[categorical_feature: ]
[forcedbins_filename: ]
[precise_float_parser: 0]
[parser_config_file: ]
[objective_seed: 16083]
[num_class: 1]
[is_unbalance: 0]
[scale_pos_weight: 1]
[sigmoid: 1]
[boost_from_average: 1]
[reg_sqrt: 0]
[alpha: 0.9]
[fair_c: 1]
[poisson_max_delta_step: 0.7]
[tweedie_variance_power: 1.5]
[lambdarank_truncation_level: 30]
[lambdarank_norm: 1]
[label_gain: ]
[lambdarank_position_bias_regularization: 0]
[eval_at: ]
[multi_error_top_k: 1]
[auc_mu_weights: ]
[num_machines: 1]
[local_listen_port: 12400]
[time_out: 120]
[machine_list_filename: ]
[machines: ]
[gpu_platform_id: -1]
[gpu_device_id: -1]
[gpu_use_dp: 0]
[num_gpu: 1]

end of parameters

pandas_categorical:[]
